source,headline,published,link
Business Daily Africa,Why trio in cannabis trafficking case lost six vehicles to State,"Sun, 19 Jul 2026 18:55:34 GMT",https://www.businessdailyafrica.com/bd/economy/why-trio-in-cannabis-trafficking-case-lost-vehicles-to-state-5531916
Business Daily Africa,Africa contributes over 40pc of Kenya's export earnings in new trade shift,"Sun, 19 Jul 2026 17:48:12 GMT",https://www.businessdailyafrica.com/bd/economy/africa-contributes-over-40pc-of-kenya-s-export-earnings-5531880
Business Daily Africa,SafariLink steps up fleet expansion as tourism boom fuels demand,"Sun, 19 Jul 2026 16:40:16 GMT",https://www.businessdailyafrica.com/bd/corporate/companies/safarilink-steps-up-fleet-expansion-as-tourism-boom-5531842
Business Daily Africa,M-Pesa joint venture in first Sh102m profit,"Sun, 19 Jul 2026 16:23:55 GMT",https://www.businessdailyafrica.com/bd/corporate/companies/m-pesa-joint-venture-in-first-sh102m-profit-5531822
Business Daily Africa,Industrial sugar imports surge on improved product demand,"Sun, 19 Jul 2026 06:18:16 GMT",https://www.businessdailyafrica.com/bd/economy/industrial-sugar-imports-surge-on-improved-product-demand-5531310
Business Daily Africa,"At nearly 50, she's still pushing her body to new limits and it’s paying off","Fri, 17 Jul 2026 20:16:45 GMT",https://www.businessdailyafrica.com/bd/lifestyle/health-fitness/at-nearly-50-she-s-still-pushing-her-body-to-new-limits-5530360
Business Daily Africa,Kenya's new refugee arrivals dip nearly 70pc,"Fri, 17 Jul 2026 10:02:31 GMT",https://www.businessdailyafrica.com/bd/economy/kenya-new-refugee-arrivals-dip-5529820
Business Daily Africa,Gala honours young women driving impact,"Thu, 16 Jul 2026 18:05:54 GMT",https://www.businessdailyafrica.com/bd/news/gala-honours-young-women-driving-impact-5529552
Business Daily Africa,Stanbic taps Safaricom’s top strategy executive as CEO,"Thu, 16 Jul 2026 17:45:07 GMT",https://www.businessdailyafrica.com/bd/corporate/companies/stanbic-taps-safaricom-s-top-strategy-executive-as-ceo-5529534
Business Daily Africa,"Williamson, Kapchorua pay UK parent Sh582m royalties and dividends","Sun, 19 Jul 2026 16:48:30 GMT",https://www.businessdailyafrica.com/bd/corporate/companies/williamson-kapchorua-pay-uk-parent-royalties-and-dividends-5531848
Business Daily Africa,Stanbic Holdings pays Sh1.1bn franchise fee to SA parent firm,"Sun, 19 Jul 2026 16:35:43 GMT",https://www.businessdailyafrica.com/bd/corporate/companies/stanbic-holdings-pays-sh1-1bn-franchise-fee-to-sa-parent-firm-5531836
Business Daily Africa,Heineken beats Sh56m fee claim by its lawyers,"Thu, 16 Jul 2026 17:03:24 GMT",https://www.businessdailyafrica.com/bd/corporate/companies/heineken-beats-sh56m-fee-claim-by-its-lawyers-5529488
Business Daily Africa,Banks to protect disputed funds after payment errors,"Thu, 16 Jul 2026 16:59:09 GMT",https://www.businessdailyafrica.com/bd/corporate/companies/banks-to-protect-disputed-funds-after-payment-errors-5529480
Business Daily Africa,IVF demand surges in Kenya but the high cost locks out many couples,"Thu, 16 Jul 2026 14:35:55 GMT",https://www.businessdailyafrica.com/bd/corporate/health/ivf-demand-surges-in-kenya-but-the-high-cost-locks-out-many-5529278
Business Daily Africa,Rerec to integrate solar into 20 diesel power plants in cost-cutting push,"Thu, 16 Jul 2026 11:32:30 GMT",https://www.businessdailyafrica.com/bd/corporate/industry/rerec-to-integrate-solar-into-diesel-power-plants-5528816
Business Daily Africa,Insurers’ NSE portfolio climbs to four-year high amid rally,"Thu, 16 Jul 2026 15:44:15 GMT",https://www.businessdailyafrica.com/bd/markets/capital-markets/insurers-nse-portfolio-climbs-to-four-year-high-amid-rally-5529374
Business Daily Africa,Insurer MUA Kenya to get extra capital after Sh1.6bn hole,"Thu, 16 Jul 2026 14:29:44 GMT",https://www.businessdailyafrica.com/bd/corporate/companies/insurer-mua-kenya-to-get-extra-capital-after-sh1-6bn-hole-5529258
Business Daily Africa,Court shields KTDA from corruption probe over tea factory loans,"Sun, 19 Jul 2026 19:07:13 GMT",https://www.businessdailyafrica.com/bd/corporate/companies/court-shields-ktda-from-corruption-probe-over-tea-loans-5531926
Business Daily Africa,State ordered to produce key records in Kenya Pipeline sale,"Thu, 16 Jul 2026 16:48:14 GMT",https://www.businessdailyafrica.com/bd/economy/government-ordered-to-produce-records-in-kenya-pipeline-sale-5529468
Business Daily Africa,Billionaire Kirima’s firm locked in rental income tax row,"Thu, 16 Jul 2026 09:24:04 GMT",https://www.businessdailyafrica.com/bd/corporate/companies/billionaire-kirima-s-firm-locked-in-rental-income-tax-row-5528554
Capital FM Kenya,President Ruto’s Website Restored as Government Rules Out Data Breach,"Sun, 19 Jul 2026 13:40:00 +0000",https://capitalfm.africa/president-rutos-website-restored-as-government-rules-out-data-breach/
Capital FM Kenya,"Gachagua Explains Why Ruto Lost Ol Kalou, Says Mt Kenya Revolt Is Just Beginning","Sun, 19 Jul 2026 13:09:51 +0000",https://capitalfm.africa/gachagua-explains-why-ruto-lost-ol-kalou-says-mt-kenya-revolt-is-just-beginning/
Capital FM Kenya,Kindiki: Mt Kenya Remains Firmly in Kenya Kwanza Despite Ol Kalou Setback,"Sun, 19 Jul 2026 12:07:07 +0000",https://capitalfm.africa/kindiki-mt-kenya-remains-firmly-in-kenya-kwanza-despite-ol-kalou-setback/
Capital FM Kenya,"Kindiki drops ‘fireman’ swagger after Ol Kalou loss, preaches humility","Sun, 19 Jul 2026 11:56:51 +0000",https://capitalfm.africa/kindiki-drops-fireman-swagger-after-ol-kalou-loss-preaches-humility/
Capital FM Kenya,Senate Backs Thika’s Elevation to City Status in Major Milestone for Kiambu,"Sun, 19 Jul 2026 10:00:00 +0000",https://capitalfm.africa/senate-backs-thikas-elevation-to-city-status-in-major-milestone-for-kiambu/
Capital FM Kenya,Omollo: Don’t allow politicians to exploit you for violence,"Sun, 19 Jul 2026 09:43:29 +0000",https://capitalfm.africa/omollo-dont-allow-politicians-to-exploit-you-for-violence/
Capital FM Kenya,Linda Mwananchi Steps Up Campaign to Reclaim ODM’s Western Stronghold,"Sun, 19 Jul 2026 09:31:35 +0000",https://capitalfm.africa/linda-mwananchi-steps-up-campaign-to-reclaim-odms-western-stronghold/
Capital FM Kenya,ODM Hands Ottichilo Key Vihiga Role in Fresh Leadership Overhaul,"Sun, 19 Jul 2026 09:02:23 +0000",https://capitalfm.africa/odm-hands-ottichilo-key-vihiga-role-in-fresh-leadership-overhaul/
Capital FM Kenya,Facebook Outage Locks Out Thousands of Users as Platform Reports Temporary Site Issue,"Sun, 19 Jul 2026 08:46:08 +0000",https://capitalfm.africa/facebook-outage-locks-out-thousands-of-users-as-platform-reports-temporary-site-issue/
Capital FM Kenya,Kenya woos diplomats to back pharmaceutical manufacturing drive,"Sun, 19 Jul 2026 08:03:14 +0000",https://capitalfm.africa/kenya-woos-diplomats-to-back-pharmaceutical-manufacturing-drive/
The East African,Africa climate disaster: Warnings have improved but preparedness still lags,"Sun, 19 Jul 2026 06:36:59 GMT",https://www.theeastafrican.co.ke/tea/sustainability/climate/africa-climate-disaster-warnings-and-preparedness-5531316
The East African,Matonya: My trial and tribulations in Kenya,"Sat, 18 Jul 2026 11:29:35 GMT",https://www.theeastafrican.co.ke/tea/magazine/matonya-my-trial-and-tribulations-in-kenya-5530752
The East African,Signs of a steep ‘Mt Kenya’ climb for Ruto emerge after party’s loss in by-election,"Fri, 17 Jul 2026 18:45:38 GMT",https://www.theeastafrican.co.ke/tea/news/east-africa/signs-of-a-steep-mt-kenya-climb-for-ruto-5530480
The East African,Washington’s attacks on ICC pose dilemma for its African partners,"Fri, 17 Jul 2026 22:56:13 GMT",https://www.theeastafrican.co.ke/tea/news/world/washington-attacks-on-icc-pose-dilemma-for-its-african-partners-5530612
The East African,How Africa’s power politics became a high stakes affair,"Fri, 17 Jul 2026 19:58:57 GMT",https://www.theeastafrican.co.ke/tea/news/east-africa/how-africa-s-power-politics-became-a-high-stakes-affair-5530600
The East African,"7 Americans quarantine at Kenya Ebola facility, Aid group says","Fri, 17 Jul 2026 09:05:24 GMT",https://www.theeastafrican.co.ke/tea/sustainability/health/7-americans-quarantine-at-kenya-ebola-facility-5529762
The East African,Macky Sall reaches out for ‘handshake’ with Faye,"Thu, 16 Jul 2026 10:00:22 GMT",https://www.theeastafrican.co.ke/tea/news/west-africa/macky-sall-reaches-out-for-handshake-with-faye-over-un-top-job-5528640
The East African,The problem with Africa’s financial architecture,"Thu, 16 Jul 2026 07:30:31 GMT",https://www.theeastafrican.co.ke/tea/business-tech/the-problem-with-africa-s-financial-architecture-5528374
The East African,Uganda discharges last Ebola patient,"Thu, 16 Jul 2026 14:14:42 GMT",https://www.theeastafrican.co.ke/tea/sustainability/health/uganda-discharges-last-ebola-patient-5529232
The East African,Opinion divided on Rwanda-Aston Villa sponsorship deal,"Thu, 16 Jul 2026 08:49:04 GMT",https://www.theeastafrican.co.ke/tea/business-tech/opinion-divided-on-rwanda-aston-villa-sponsorship-deal-5528512
The East African,"Kenyan court freezes Burundian firm’s $274,000","Tue, 14 Jul 2026 05:16:15 GMT",https://www.theeastafrican.co.ke/tea/news/east-africa/kenyan-court-freezes-burundian-firm-account-money-laundering-5526198
The East African,Congo forms new council in push for war crimes justice,"Wed, 15 Jul 2026 13:21:42 GMT",https://www.theeastafrican.co.ke/tea/news/east-africa/congo-forms-new-council-in-push-for-war-crimes-justice-5527890
The East African,Somalia detains four youth for 'desecrating US flag,"Tue, 14 Jul 2026 07:57:21 GMT",https://www.theeastafrican.co.ke/tea/news/east-africa/somalia-detains-four-youth-for-desecrating-us-flag-5526314
The East African,"Sudan’s RSF leader Hemedti, 15 others sentenced to death by hanging","Mon, 13 Jul 2026 13:55:57 GMT",https://www.theeastafrican.co.ke/tea/news/north-africa/sudan-s-rsf-leader-hemedti-15-others-sentenced-to-death-5525756
The East African,"Uganda still low-income as Kenya, Tanzania hold lower-middle-income status","Sat, 11 Jul 2026 21:30:51 GMT",https://www.theeastafrican.co.ke/tea/business-tech/uganda-still-low-income-kenya-tanzania-lower-middle-income-5524450
The East African,Afreximbank banks on intra-African trade,"Sat, 11 Jul 2026 21:25:22 GMT",https://www.theeastafrican.co.ke/tea/business-tech/afreximbank-banks-on-intra-african-trade-5524444
The East African,OECD pricing reforms to affect multinationals,"Sat, 11 Jul 2026 21:19:33 GMT",https://www.theeastafrican.co.ke/tea/business-tech/oecd-pricing-reforms-to-affect-multinationals-5524448
The East African,Uganda bets on oil city as East Africa’s petrochemical Hub,"Sat, 11 Jul 2026 14:14:28 GMT",https://www.theeastafrican.co.ke/tea/business-tech/uganda-bets-on-oil-city-as-east-africa-s-petrochemical-hub-5524278
The East African,Africa in ‘reverse remittances’ as cost of visa to the West rises,"Fri, 10 Jul 2026 21:58:27 GMT",https://www.theeastafrican.co.ke/tea/business-tech/africa-in-reverse-remittances-cost-of-visa-to-the-west-rises-5524106
The East African,Tanzania ahead of peers in trading under AfCFTA,"Fri, 10 Jul 2026 21:26:10 GMT",https://www.theeastafrican.co.ke/tea/business-tech/tanzania-ahead-of-peers-in-trading-under-afcfta-5524096
Kenyans.co.ke,"Meaning of ETC, MTC, and Other Markings on Nairobi Expressway",2026-07-19T19:32:22+0300,https://www.kenyans.co.ke/news/125417-meaning-etc-mtc-and-other-markings-nairobi-expressway
Kenyans.co.ke,Pressure on Sifuna as Gachagua Team Makes Stand on 2027 Presidential Race,2026-07-19T18:17:12+0300,https://www.kenyans.co.ke/news/125416-njeri-maina-challenges-opposition-co-principals-face-gachagua-presidential-race
Kenyans.co.ke,Immigration Department Makes Major Changes to Passport Application,2026-07-19T17:21:30+0300,https://www.kenyans.co.ke/news/125415-immigration-revises-passport-application-rules-makes-recommending-officer-optional
Kenyans.co.ke,"Bandits Ambush Police, Trigger Fierce Gunfight",2026-07-19T16:18:09+0300,https://www.kenyans.co.ke/news/125414-police-repel-bandit-gun-attack-recover-45-stolen-cattle
Kenyans.co.ke,President's Official Website Restored After Reported Cyberattack,2026-07-19T15:12:03+0300,https://www.kenyans.co.ke/news/125412-presidents-official-website-restored-after-reported-cyberattack
Kenyans.co.ke,CS Ogamba Gives New Orders on School Fees,2026-07-19T14:40:17+0300,https://www.kenyans.co.ke/news/125411-education-cs-ogamba-warns-principals-against-illegal-school-levies
Kenyans.co.ke,Journalist Alleges Death Threats Over Dangote's Lamu Refinery Plan,2026-07-19T14:33:43+0300,https://www.kenyans.co.ke/news/125409-journalist-ferdinand-omondi-reports-death-threats-over-dangote-lamu-refinery
Kenyans.co.ke,Court Deals Blow to Digital Lenders Over Excessive Interest Charges,2026-07-19T14:24:33+0300,https://www.kenyans.co.ke/news/125410-court-bars-digital-lenders-recovering-excessive-interest-unexplained-charges
Kenyans.co.ke,Infotrak Explains Poll That Projected UDA Win in Ol Kalou,2026-07-19T13:36:42+0300,https://www.kenyans.co.ke/news/125408-infotrack-disowns-fake-ol-kalou-election-opinion-poll
Kenyans.co.ke,Lobby Group Demands Audit of IEBC KIEMS After Ol Kalou By-Election,2026-07-19T13:23:14+0300,https://www.kenyans.co.ke/news/125407-elog-raises-security-kiems-concerns-over-ol-kalou-election
Kenyans.co.ke,Kenya Railways Gives Update on Construction of Line Linking Kenya to Tanzania,2026-07-19T12:50:28+0300,https://www.kenyans.co.ke/news/125406-construction-voi-taveta-railway-project-reaches-70-completion-milestone
Kenyans.co.ke,High Court Announces Plan to Destroy Jomo-Moi-Kibaki Era Court Records,2026-07-19T12:38:53+0300,https://www.kenyans.co.ke/news/125405-high-court-destroy-court-records-spanning-35-years
Kenyans.co.ke,Health Experts Raise Alarm Over Rising Cervical Cancer Cases,2026-07-19T12:10:04+0300,https://www.kenyans.co.ke/news/125404-health-experts-raise-alarm-over-rising-cervical-cancer-cases
Kenyans.co.ke,State Gives Update on New Project Aimed at Lowering Cooking Gas Prices,2026-07-19T11:30:39+0300,https://www.kenyans.co.ke/news/125403-govt-says-dongo-kundu-taifa-gas-terminal-nears-completion
Kenyans.co.ke,"U.S. Issues Worldwide Security, Travel Advisory Covering Kenya",2026-07-19T11:16:13+0300,https://www.kenyans.co.ke/news/125401-us-issues-worldwide-security-alert-citizens-including-those-kenya
Kenyans.co.ke,Facebook Hit by Global Outage Affecting Users,2026-07-19T11:08:34+0300,https://www.kenyans.co.ke/news/125402-facebook-hit-outage-affecting-pc-users-kenya
Kenyans.co.ke,KRA Gives Traders New 30-Day Notice on Goods,2026-07-19T10:40:41+0300,https://www.kenyans.co.ke/news/125400-kra-gives-importers-30-days-claim-goods-or-face-auction
Kenyans.co.ke,Murkomen Faces Fresh Resignation Calls Ahead of 2027 General Elections,2026-07-19T09:35:23+0300,https://www.kenyans.co.ke/news/125399-machakos-dg-demands-murkomens-resignation-over-rising-goonism
Kenyans.co.ke,"NLC, KeNHA Issue Notice to Landowners Over Airport, Road Expansion",2026-07-19T09:18:19+0300,https://www.kenyans.co.ke/news/125398-nlc-acquire-land-kabunde-airstrip-expansion-homabay-rongo-road-realignment
Kenyans.co.ke,Court Orders Freeze on Over Ksh 100M Held by Two Kenyans,2026-07-19T08:58:46+0300,https://www.kenyans.co.ke/news/125397-high-court-freezes-ksh105-million-held-two-kenyans-crypto-bank-accounts
K24,Former FIFA World Cup official dismisses favouritism reports,"Sun, 19 Jul 2026 23:38:35 +0000",https://k24.digital/sports/world-cup/former-fifa-world-cup-official-dismisses-favouritism-reports
K24,FIFA World Cup: Life lessons we can learn from football,"Sun, 19 Jul 2026 23:24:27 +0000",https://k24.digital/sports/world-cup/fifa-world-cup-life-lessons-we-can-learn-from-football
K24,"Mbappé wins Golden Boot as Rodri, Simón headline 2026 World Cup individual awards","Sun, 19 Jul 2026 23:03:16 +0000",https://k24.digital/sports/world-cup/mbappe-wins-golden-boot-as-rodri-simon-headline-2026-world-cup-individual-awards
K24,Dozens missing after passenger ferry sinks off coast of Guyana,"Sun, 19 Jul 2026 22:43:58 +0000",https://k24.digital/news/dozens-missing-after-passenger-ferry-sinks-off-coast-of-guyana
K24,Spain crowned 2026 FIFA World Cup champions after edging Argentina in historic New York final,"Sun, 19 Jul 2026 22:22:40 +0000",https://k24.digital/sports/world-cup/spain-crowned-2026-fifa-world-cup-champions-after-edging-argentina-in-historic-new-york-final
K24,Here’s the amount Argentina will receive for reaching 2026 World Cup Final,"Sun, 19 Jul 2026 22:15:52 +0000",https://k24.digital/sports/world-cup/heres-the-amount-argentina-will-receive-for-reaching-2026-world-cup-final
K24,Here’s the amount Spain will receive for winning World Cup 2026,"Sun, 19 Jul 2026 22:08:41 +0000",https://k24.digital/sports/world-cup/heres-the-amount-spain-will-receive-for-winning-world-cup-2026
K24,Lenacapavir: The HIV injection people are dangerously misunderstanding,"Sun, 19 Jul 2026 21:57:26 +0000",https://k24.digital/lifestyle/health-and-fitness/lenacapavir-the-hiv-injection-people-are-dangerously-misunderstanding
K24,Key reasons why some employees actually look forward to Mondays,"Sun, 19 Jul 2026 21:08:05 +0000",https://k24.digital/lifestyle/life-hacks/key-reasons-why-some-employees-actually-look-forward-to-mondays
K24,Five habits that can make your Monday more productive,"Sun, 19 Jul 2026 20:30:05 +0000",https://k24.digital/lifestyle/life-hacks/five-habits-that-can-make-your-monday-more-productive
K24,FIFA World Cup 2026: Follow Spain vs Argentina match live here,"Sun, 19 Jul 2026 20:10:56 +0000",https://k24.digital/sports/world-cup/fifa-world-cup-2026-follow-spain-vs-argentina-match-live-here
K24,How to beat the Monday blues after a long weekend,"Sun, 19 Jul 2026 20:01:21 +0000",https://k24.digital/lifestyle/mental-wellnes/how-to-beat-the-monday-blues-after-a-long-weekend
K24,What makes a World Cup Final so special?,"Sun, 19 Jul 2026 19:21:27 +0000",https://k24.digital/mytake/what-makes-a-world-cup-final-so-special
K24,Spain vs Argentina: Line ups revealed as Yamal and Messi stand eyeball to eyeball for World Cup glory,"Sun, 19 Jul 2026 18:24:38 +0000",https://k24.digital/sports/world-cup/spain-vs-argentina-line-ups-revealed-as-yamal-and-messi-go-eyeball-to-eyeball-for-world-cup-glory
K24,"Who will win World Cup, Spain or Argentina? Supercomputer predicts champion","Sun, 19 Jul 2026 18:13:18 +0000",https://k24.digital/sports/world-cup/who-will-win-world-cup-spain-or-argentina-supercomputer-predicts-champion
K24,Gospel singer Stella Mengele reveals family prepared for mother’s death before cancer miracle,"Sun, 19 Jul 2026 17:47:20 +0000",https://k24.digital/entertainment/celebrity/gospel-singer-stella-mengele-reveals-family-prepared-for-mothers-death-before-cancer-miracle
K24,South America vs Europe rivalry in numbers at the World Cup finals,"Sun, 19 Jul 2026 17:21:10 +0000",https://k24.digital/sports/world-cup/south-america-vs-europe-rivalry-in-numbers-at-the-world-cup-finals
K24,Home sounds that mean something is wrong,"Sun, 19 Jul 2026 17:14:19 +0000",https://k24.digital/lifestyle/home-and-living/home-sounds-that-mean-something-is-wrong
K24,How salt affects athletic performance,"Sun, 19 Jul 2026 17:11:35 +0000",https://k24.digital/lifestyle/health-and-fitness/how-salt-affects-athletic-performance
K24,"Kai Cenat forced to use chopper after Streamer University students sneak out, hold huge party","Sun, 19 Jul 2026 16:21:29 +0000",https://k24.digital/entertainment/celebrity/kai-cenat-forced-to-use-chopper-after-streamer-university-students-sneak-out-hold-huge-party
K24,Kenya Power lists areas facing Monday blackout,"Sun, 19 Jul 2026 16:11:00 +0000",https://k24.digital/news/kenya-power-lists-areas-facing-monday-blackout
K24,Do you know how the World Cup trophy is made? This is how,"Sun, 19 Jul 2026 16:03:42 +0000",https://k24.digital/sports/world-cup/do-you-know-how-the-world-cup-trophy-is-made-this-is-how
K24,What chronic phone checking is doing to attention spans,"Sun, 19 Jul 2026 15:34:16 +0000",https://k24.digital/lifestyle/mental-wellnes/what-chronic-phone-checking-is-doing-to-attention-spans
K24,Lulu Hassan emotional as woman remembers her from school after more than 30 years,"Sun, 19 Jul 2026 15:04:29 +0000",https://k24.digital/entertainment/celebrity/lulu-hassan-emotional-as-woman-remembers-her-from-school-after-more-than-30-years
K24,Makueni Huduma Centre extends working hours from 7am to 7pm,"Sun, 19 Jul 2026 14:34:04 +0000",https://k24.digital/news/makueni-huduma-centre-extends-working-hours-from-7am-to-7pm
K24,"Spain or Argentina, who will win the FIFA World Cup? Owen, Zlatan and John Terry give their predictions","Sun, 19 Jul 2026 13:58:53 +0000",https://k24.digital/sports/world-cup/spain-or-argentina-who-will-win-the-fifa-world-cup-owen-zlatan-and-john-terry-give-their-predictions
K24,Pastor Kanyari recalls questioning his own anointing after woman he prayed for got twins,"Sun, 19 Jul 2026 13:54:31 +0000",https://k24.digital/entertainment/celebrity/pastor-kanyari-recalls-questioning-his-own-anointing-after-woman-he-prayed-for-got-twins
K24,How to spot scammers on Ziidi Trader,"Sun, 19 Jul 2026 13:50:16 +0000",https://k24.digital/lifestyle/money/how-to-spot-scammers-on-ziidi-trader
K24,"Merci, Didier Deschamps! Coach’s historic 14-year reign as France’s tactician ends","Sun, 19 Jul 2026 13:36:46 +0000",https://k24.digital/sports/world-cup/merci-didier-deschamps-coachs-historic-14-year-reign-as-frances-tactician-ends
K24,‘Harusi tunayo’: Anne Waiguru confirms wedding plans after son Don’s Ngurario ceremony,"Sun, 19 Jul 2026 12:43:21 +0000",https://k24.digital/entertainment/events/harusi-tunayo-anne-waiguru-confirms-wedding-plans-after-son-dons-ngurario-ceremony
KBC,Prabowo Subianto: Indonesia becomes first country in world to introduce biodiesel containing 50% palm oil,"Sun, 19 Jul 2026 17:47:52 +0000",https://www.kbc.co.ke/prabowo-subianto-indonesia-becomes-first-country-in-world-to-introduce-biodiesel-containing-50-palm-oil/
KBC,Presidential aspirant Onyango Oloo seeks Mt. Kenya support,"Sun, 19 Jul 2026 14:26:01 +0000",https://www.kbc.co.ke/presidential-aspirant-onyango-oloo-seeks-mt-kenya-support/
KBC,Probe launched into alleged goon activity in Ol Kalou,"Sun, 19 Jul 2026 14:13:00 +0000",https://www.kbc.co.ke/probe-launched-into-alleged-goon-activity-in-ol-kalou/
KBC,First global intergovernmental AI cooperation organization,"Sun, 19 Jul 2026 08:29:53 +0000",https://www.kbc.co.ke/first-global-intergovernmental-ai-cooperation-organization/
KBC,Xi voices firm support for UN in meeting with Guterres,"Sun, 19 Jul 2026 08:25:12 +0000",https://www.kbc.co.ke/xi-voices-firm-support-for-un-in-meeting-with-guterres/
KBC,Enziu River Bridge nears completion as Govt commits more funds,"Sun, 19 Jul 2026 08:22:25 +0000",https://www.kbc.co.ke/enziu-river-bridge-nears-completion-as-govt-commits-more-funds/
KBC,Ol Kalou residents lauded for defending democratic space,"Sun, 19 Jul 2026 08:05:17 +0000",https://www.kbc.co.ke/ol-kalou-residents-lauded-for-defending-democratic-space/
KBC,‎Tharaka Nithi to establish constituency museums to preserve cultural heritage,"Sun, 19 Jul 2026 08:00:31 +0000",https://www.kbc.co.ke/tharaka-nithi-to-establish-constituency-museums-to-preserve-cultural-heritage/
KBC,Fear grips Ruiru as mysterious attacker bites victims in night assaults,"Sun, 19 Jul 2026 07:33:29 +0000",https://www.kbc.co.ke/fear-grips-ruiru-as-mysterious-attacker-bites-victims-in-night-assaults/
KBC,Global leaders back new framework for AI governance at Shanghai Summit,"Sat, 18 Jul 2026 22:42:24 +0000",https://www.kbc.co.ke/global-leaders-back-new-framework-for-ai-governance-at-shanghai-summit/
Kenya News Agency,Koskei calls for shift to high-value crops to transform Mt Elgon economy,"Sun, 19 Jul 2026 13:06:54 +0000",https://www.kenyanews.go.ke/koskei-calls-for-shift-to-high-value-crops-to-transform-mt-elgon-economy/
Kenya News Agency,Uasin Gishu launches football tournament to nurture youth talent,"Sun, 19 Jul 2026 13:04:01 +0000",https://www.kenyanews.go.ke/uasin-gishu-launches-football-tournament-to-nurture-youth-talent/
Kenya News Agency,Over 20 teams set for action-packed Prinsloo Sevens Championship,"Sun, 19 Jul 2026 13:01:58 +0000",https://www.kenyanews.go.ke/over-20-teams-set-for-action-packed-prinsloo-sevens-championship/
Kenya News Agency,Archbishop warns youth against political exploitation and violent gangs,"Sun, 19 Jul 2026 12:59:26 +0000",https://www.kenyanews.go.ke/archbishop-warns-youth-against-political-exploitation-and-violent-gangs/
Standard - Headlines,Political earthquake: The making of tired but defiant voters,"Mon, 20 Jul 2026 08:40:00 +0300",https://www.standardmedia.co.ke/article/2001553223/political-earthquake-the-making-of-tired-but-defiant-voters
Standard - Headlines,Why public servants have less than a month to update pension records,"Sat, 18 Jul 2026 18:33:00 +0300",https://www.standardmedia.co.ke/article/2001553092/why-public-servants-have-less-than-a-month-to-update-pension-records
Standard - Headlines,Inside Kenya's Ebola defences as seven Americans enter quarantine,"Fri, 17 Jul 2026 16:33:43 +0300",https://www.standardmedia.co.ke/article/2001553086/inside-kenya-s-ebola-defences-as-seven-americans-enter-quarantine
Standard - Headlines,MPs push for urgent resolution of higher education funding crisis,"Thu, 16 Jul 2026 18:27:20 +0300",https://www.standardmedia.co.ke/article/2001552991/mps-push-for-urgent-resolution-of-higher-education-funding-crisis
Standard - Headlines,High court suspends President Ruto's executive order placing IPOA under Interior Ministry,"Wed, 15 Jul 2026 20:15:39 +0300",https://www.standardmedia.co.ke/article/2001552906/high-court-suspends-president-ruto-s-executive-order-placing-ipoa-under-interior-ministry
Standard - Headlines,Gachagua accuses IEBC of bias ahead of Ol Kalou by-election,"Tue, 14 Jul 2026 19:33:18 +0300",https://www.standardmedia.co.ke/article/2001552811/gachagua-accuses-iebc-of-bias-ahead-of-ol-kalou-by-election
Standard - Headlines,Wetang'ula risks jail over alleged breach of court orders on political campaigns,"Mon, 13 Jul 2026 16:39:03 +0300",https://www.standardmedia.co.ke/article/2001552695/wetang-ula-risks-jail-over-alleged-breach-of-court-orders-on-political-campaigns
Standard - Headlines,"Oburu declares ODM won't field presidential candidate, endorses Ruto","Sun, 12 Jul 2026 17:51:07 +0300",https://www.standardmedia.co.ke/article/2001552630/oburu-declares-odm-won-t-field-presidential-candidate-endorses-ruto
Standard - Headlines,Why Linda Mwananchi leaders cancelled Ol Kalou tour,"Sat, 11 Jul 2026 20:29:32 +0300",https://www.standardmedia.co.ke/article/2001552582/why-linda-mwananchi-leaders-cancelled-ol-kalou-tour
Standard - Headlines,"Karua condemns convoy attack, blames police lapse","Fri, 10 Jul 2026 20:58:00 +0300",https://www.standardmedia.co.ke/article/2001552520/karua-condemns-convoy-attack-blames-police-lapse
Standard - Headlines,Registrar of Political Parties okays Sifuna's removal as ODM secretary general,"Thu, 09 Jul 2026 20:17:21 +0300",https://www.standardmedia.co.ke/article/2001552431/registrar-of-political-parties-okays-sifuna-s-removal-as-odm-secretary-general
Standard - Headlines,Ndindi Nyoro seeks annulment of Safaricom stake sale,"Wed, 08 Jul 2026 20:11:00 +0300",https://www.standardmedia.co.ke/article/2001552322/ndindi-nyoro-seeks-annulment-of-safaricom-stake-sale
Standard - Headlines,Kalonzo condemns police over their conduct during Saba Saba Day,"Tue, 07 Jul 2026 20:49:00 +0300",https://www.standardmedia.co.ke/article/2001552263/kalonzo-condemns-police-over-their-conduct-during-saba-saba-day
Standard - Headlines,"Kenya Kwanza leaders tell Uhuru to stay out of politics, act like a statesman","Mon, 06 Jul 2026 16:04:17 +0300",https://www.standardmedia.co.ke/article/2001552150/kenya-kwanza-leaders-tell-uhuru-to-stay-out-of-politics-act-like-a-statesman
Standard - Headlines,Opposition warns Kenya is sliding into anarchy amid rising political violence,"Sun, 05 Jul 2026 17:12:57 +0300",https://www.standardmedia.co.ke/article/2001552082/opposition-warns-kenya-is-sliding-into-anarchy-amid-rising-political-violence
Standard - Headlines,Kalonzo: Sale of Safaricom was a national abduction,"Sat, 04 Jul 2026 18:00:40 +0300",https://www.standardmedia.co.ke/article/2001552028/kalonzo-sale-of-safaricom-was-a-national-abduction
Standard - Headlines,Inside NTSA's move to take instant traffic fine payments off eCitizen,"Wed, 01 Jul 2026 15:35:20 +0300",https://www.standardmedia.co.ke/article/2001551780/inside-ntsa-s-move-to-take-instant-traffic-fine-payments-off-ecitizen
Standard - Headlines,Court orders Ruto to reshuffle Cabinet within 120 Days,"Tue, 30 Jun 2026 20:24:04 +0300",https://www.standardmedia.co.ke/article/2001551714/court-orders-ruto-to-reshuffle-cabinet-within-120-days
Standard - Headlines,Russia begins process to compensate kin of Kenyans killed in Ukraine war,"Sun, 28 Jun 2026 15:00:57 +0300",https://www.standardmedia.co.ke/article/2001551509/russia-begins-process-to-compensate-kin-of-kenyans-killed-in-ukraine-war
Standard - Headlines,"Six protesters found dumped, tortured after arrest at Gen Z memorial march","Sat, 27 Jun 2026 18:39:56 +0300",https://www.standardmedia.co.ke/article/2001551456/six-protesters-found-dumped-tortured-after-arrest-at-gen-z-memorial-march
Standard - Headlines,IG Kanja faces jail for contempt over roadblocks during protests,"Fri, 26 Jun 2026 20:14:36 +0300",https://www.standardmedia.co.ke/article/2001551391/ig-kanja-faces-jail-for-contempt-over-roadblocks-during-protests
Standard - Headlines,355 people arrested as Murkomen hails peaceful anniversary protests,"Thu, 25 Jun 2026 19:00:00 +0300",https://www.standardmedia.co.ke/article/2001551303/355-people-arrested-as-murkomen-hails-peaceful-anniversary-protests
Standard - Headlines,"Luo nation will not take part in protests, MPs say","Wed, 24 Jun 2026 20:19:00 +0300",https://www.standardmedia.co.ke/article/2001551221/luo-nation-will-not-take-part-in-protests-mps-say
Standard - Headlines,Duale summoned for contempt sentencing over Ebola quarantine facility,"Mon, 22 Jun 2026 16:36:19 +0300",https://www.standardmedia.co.ke/article/2001550991/duale-summoned-for-contempt-sentencing-over-ebola-quarantine-facility
Standard - Headlines,Why Kalonzo's calm resolve and Sifuna's fire are the winning bet,"Sun, 21 Jun 2026 16:05:00 +0300",https://www.standardmedia.co.ke/article/2001550893/why-kalonzo-s-calm-resolve-and-sifuna-s-fire-are-the-winning-bet
Standard - Headlines,Three nursing gunshot wounds in rally chaos linked to MP,"Fri, 19 Jun 2026 19:35:00 +0300",https://www.standardmedia.co.ke/article/2001550780/three-nursing-gunshot-wounds-in-rally-chaos-linked-to-mp
Standard - Headlines,"Kenya to benefit from G7-backed financial reforms, Ruto says","Wed, 17 Jun 2026 20:15:01 +0300",https://www.standardmedia.co.ke/article/2001550603/kenya-to-benefit-from-g7-backed-financial-reforms-ruto-says
Standard - Headlines,"SHA hasn't paid healthcare centres Sh5.5b since February, say workers","Tue, 16 Jun 2026 08:50:00 +0300",https://www.standardmedia.co.ke/article/2001550507/sha-hasn-t-paid-healthcare-centres-sh5-5b-since-february-say-workers
Standard - Headlines,"Kang'ata attends Linda Mwananchi rally in Thika, criticises Ruto policies","Sun, 14 Jun 2026 18:17:44 +0300",https://www.standardmedia.co.ke/article/2001550328/kang-ata-attends-linda-mwananchi-rally-in-thika-criticises-ruto-policies
Standard - Headlines,Opposition unveils 'People's Budget' ahead of 202627 fiscal plan,"Wed, 10 Jun 2026 19:28:29 +0300",https://www.standardmedia.co.ke/article/2001550016/opposition-unveils-people-s-budget-ahead-of-202627-fiscal-plan
Standard - Kenya News,"Ruai, Kariobangi upgrade expand Nairobi sewer treatment plant","Thu, 16 Jul 2026 21:17:23 +0300",https://www.standardmedia.co.ke/article/2001553017/ruai-kariobangi-upgrade-expand-nairobi-sewer-treatment-plant
Standard - Kenya News,Methu warns against hooded police as Ol Kalou's polls continue,"Thu, 16 Jul 2026 11:36:02 +0300",https://www.standardmedia.co.ke/article/2001552939/methu-warns-against-hooded-police-as-ol-kalou-s-polls-continue
Standard - Kenya News,Ol Kalou by-election: DCP's Sammy Kamau says victory guaranteed,"Thu, 16 Jul 2026 11:26:13 +0300",https://www.standardmedia.co.ke/article/2001552937/ol-kalou-by-election-dcp-s-sammy-kamau-says-victory-guaranteed
Standard - Kenya News,British High Commissioner visits Laikipia County,"Tue, 14 Jul 2026 21:51:39 +0300",https://www.standardmedia.co.ke/article/2001552823/british-high-commissioner-visits-laikipia-county
Standard - Kenya News,PCEA Mai a Ihii Booth High School closed indefinitely after principal's arrest,"Tue, 14 Jul 2026 12:30:37 +0300",https://www.standardmedia.co.ke/article/2001552755/pcea-mai-a-ihii-booth-high-school-closed-indefinitely-after-principal-s-arrest
Standard - Kenya News,DCI told to investigate irregularities in recruiting assistant chiefs in Homa Bay,"Fri, 10 Jul 2026 13:49:14 +0300",https://www.standardmedia.co.ke/article/2001552474/dci-told-to-investigate-irregularities-in-recruiting-assistant-chiefs-in-homa-bay
Standard - Kenya News,Court suspends operations of panel selected to recruit Baringo County Public Service Board,"Fri, 10 Jul 2026 11:29:36 +0300",https://www.standardmedia.co.ke/article/2001552461/court-suspends-operations-of-panel-selected-to-recruit-baringo-county-public-service-board
Standard - Kenya News,Kaptagat residents back forest fencing ahead of launch of second conservation phase,"Fri, 10 Jul 2026 09:36:00 +0300",https://www.standardmedia.co.ke/article/2001552516/kaptagat-residents-back-forest-fencing-ahead-of-launch-of-second-conservation-phase
Standard - Kenya News,Subaru driver in a dramatic high-speed chase after alleged hit-and-run in Nairobi,"Mon, 06 Jul 2026 15:16:10 +0300",https://www.standardmedia.co.ke/article/2001552145/subaru-driver-in-a-dramatic-high-speed-chase-after-alleged-hit-and-run-in-nairobi
Standard - Kenya News,Police probe lawyer's death in Athi River,"Mon, 06 Jul 2026 14:30:18 +0300",https://www.standardmedia.co.ke/article/2001552138/police-probe-lawyer-s-death-in-athi-river
Standard - Kenya News,"Six dead, five injured in Nakuru-Eldoret Highway crash","Fri, 03 Jul 2026 22:29:14 +0300",https://www.standardmedia.co.ke/article/2001551990/six-dead-five-injured-in-nakuru-eldoret-highway-crash
Standard - Kenya News,"Violence erupts at disputed Samburet estate as motorcycles burn, youths injured","Fri, 03 Jul 2026 17:39:00 +0300",https://www.standardmedia.co.ke/article/2001551959/violence-erupts-at-disputed-samburet-estate-as-motorcycles-burn-youths-injured
Standard - Kenya News,"Kilifi sets aside Sh10 million to register widows, orphans to SHA","Thu, 02 Jul 2026 11:30:00 +0300",https://www.standardmedia.co.ke/article/2001551839/kilifi-sets-aside-sh10-million-to-register-widows-orphans-to-sha
Standard - Kenya News,AG now defends registrar's mistake on hospital land,"Thu, 02 Jul 2026 00:00:00 +0300",https://www.standardmedia.co.ke/article/2001551813/ag-now-defends-registrar-s-mistake-on-hospital-land
Standard - Kenya News,'Reggae na Lami': Western Kenya's dangerous and bizarre culture,"Wed, 01 Jul 2026 09:10:00 +0300",https://www.standardmedia.co.ke/article/2001551684/reggae-na-lami-western-kenya-s-dangerous-and-bizarre-culture
Standard - Kenya News,"Giant python terrorises Kapseret village, residents want it relocated","Tue, 30 Jun 2026 18:38:00 +0300",https://www.standardmedia.co.ke/article/2001551676/giant-python-terrorises-kapseret-village-residents-want-it-relocated
Standard - Kenya News,Counties to receive Sh428 billion boost after MPs approve Revenue Bill,"Thu, 25 Jun 2026 22:56:12 +0300",https://www.standardmedia.co.ke/article/2001551319/counties-to-receive-sh428-billion-boost-after-mps-approve-revenue-bill
Standard - Kenya News,Two killed in Gikomba market fire tragedy,"Sun, 21 Jun 2026 16:05:00 +0300",https://www.standardmedia.co.ke/article/2001550901/two-killed-in-gikomba-market-fire-tragedy
Standard - Kenya News,"Senators grill Sakaja over pending bills, procurement gaps","Thu, 18 Jun 2026 23:20:37 +0300",https://www.standardmedia.co.ke/article/2001550710/senators-grill-sakaja-over-pending-bills-procurement-gaps
Standard - Kenya News,"Single gunshot ended Nanyuki teen life, autopsy revealed","Wed, 17 Jun 2026 21:51:09 +0300",https://www.standardmedia.co.ke/article/2001550614/single-gunshot-ended-nanyuki-teen-life-autopsy-revealed
Standard - Kenya News,Counties face solid waste nightmare,"Tue, 02 Jun 2026 17:31:39 +0300",https://www.standardmedia.co.ke/article/2001549350/counties-face-solid-waste-nightmare
Standard - Kenya News,DCI identifies six students linked to Utumishi Girls dorm fire,"Sun, 31 May 2026 11:34:59 +0300",https://www.standardmedia.co.ke/article/2001549135/dci-identifies-six-students-linked-to-utumishi-girls-dorm-fire
Standard - Kenya News,"Father, son among three dead inside septic tank at Makindu Boys High School","Thu, 28 May 2026 23:03:04 +0300",https://www.standardmedia.co.ke/article/2001549000/father-son-among-three-dead-inside-septic-tank-at-makindu-boys-high-school
Standard - Kenya News,EACC warns counties over conflict of interest,"Thu, 21 May 2026 23:25:00 +0300",https://www.standardmedia.co.ke/article/2001548433/eacc-warns-counties-over-conflict-of-interest
Standard - Kenya News,Sh19.3 Billion appeal for drought crisis,"Wed, 20 May 2026 20:27:57 +0300",https://www.standardmedia.co.ke/article/2001548334/sh19-3-billion-appeal-for-drought-crisis
Standard - Kenya News,Concern over management of Nairobi Food Certification Unit,"Mon, 18 May 2026 14:41:24 +0300",https://www.standardmedia.co.ke/article/2001548110/concern-over-management-of-nairobi-food-certification-unit
Standard - Kenya News,Partial closure on Ngong road as KURA finalises Sh3.8 B junction mall viaduct,"Sun, 17 May 2026 11:47:54 +0300",https://www.standardmedia.co.ke/article/2001548033/partial-closure-on-ngong-road-as-kura-finalises-sh3-8-b-junction-mall-viaduct
Standard - Kenya News,Four-month closure of Eldoret Road for Nairobi River Bridge works,"Mon, 11 May 2026 10:58:13 +0300",https://www.standardmedia.co.ke/article/2001547536/four-month-closure-of-eldoret-road-for-nairobi-river-bridge-works
Standard - Kenya News,13 suspects arrested in Trans Nzoia gang crackdown,"Sun, 10 May 2026 13:56:23 +0300",https://www.standardmedia.co.ke/article/2001547468/13-suspects-arrested-in-trans-nzoia-gang-crackdown
Standard - Kenya News,"Detectives arrest 68-year-old woman, seize suspected narcotics in Nairobi","Fri, 08 May 2026 22:38:27 +0300",https://www.standardmedia.co.ke/article/2001547388/detectives-arrest-68-year-old-woman-seize-suspected-narcotics-in-nairobi
Standard - Politics,Oburu's early endorsement of Ruto weakens ODM's bargaining power,"Mon, 20 Jul 2026 08:40:00 +0300",https://www.standardmedia.co.ke/politics/article/2001553196/oburu-s-early-endorsement-of-ruto-weakens-odm-s-bargaining-power
Standard - Politics,The whims and memes from Ol Kalou,"Mon, 20 Jul 2026 08:35:00 +0300",https://www.standardmedia.co.ke/politics/article/2001553239/the-whims-and-memes-from-ol-kalou
Standard - Politics,"Ol Kalou defeat signals Mt Kenya revolt, says Gachagua","Sun, 19 Jul 2026 17:26:56 +0300",https://www.standardmedia.co.ke/politics/article/2001553222/ol-kalou-defeat-signals-mt-kenya-revolt-says-gachagua
Standard - Politics,Kindiki counters Mt Kenya opposition push,"Sun, 19 Jul 2026 17:10:37 +0300",https://www.standardmedia.co.ke/politics/article/2001553219/kindiki-counters-mt-kenya-opposition-push
Standard - Politics,"Khalwale, Savula clash over western Kenya's political direction ahead of 2027 polls","Sun, 19 Jul 2026 15:04:21 +0300",https://www.standardmedia.co.ke/politics/article/2001553210/khalwale-savula-clash-over-western-kenya-s-political-direction-ahead-of-2027-polls
Standard - Politics,Ruto allies urge Ukambani residents to prioritise development over party politics,"Sun, 19 Jul 2026 14:38:41 +0300",https://www.standardmedia.co.ke/politics/article/2001553209/ruto-allies-urge-ukambani-residents-to-prioritise-development-over-party-politics
Standard - Politics,Ex-MP urges IEBC to take action against politicians fanning violence,"Sun, 19 Jul 2026 13:00:00 +0300",https://www.standardmedia.co.ke/politics/article/2001553200/ex-mp-urges-iebc-to-take-action-against-politicians-fanning-violence
Standard - Politics,How rebellious Ol Kalou voters have frustrated previous regimes,"Sun, 19 Jul 2026 10:00:00 +0300",https://www.standardmedia.co.ke/politics/article/2001553166/how-rebellious-ol-kalou-voters-have-frustrated-previous-regimes
Standard - Politics,Bleak future: Why DP Kindiki is now walking on political egg shells,"Sun, 19 Jul 2026 10:00:00 +0300",https://www.standardmedia.co.ke/politics/article/2001553165/bleak-future-why-dp-kindiki-is-now-walking-on-political-egg-shells
Standard - Politics,How UDA lost Ol Kalou,"Sun, 19 Jul 2026 10:00:00 +0300",https://www.standardmedia.co.ke/politics/article/2001553161/how-uda-lost-ol-kalou
Standard - Politics,Ruto forced back to the drawing board after Ol Kalou defeat,"Sun, 19 Jul 2026 10:00:00 +0300",https://www.standardmedia.co.ke/politics/article/2001553156/ruto-forced-back-to-the-drawing-board-after-ol-kalou-defeat
Standard - Politics,Cracks widen in Rift as factions clash over Ruto succession,"Sun, 19 Jul 2026 10:00:00 +0300",https://www.standardmedia.co.ke/politics/article/2001553153/cracks-widen-in-rift-as-factions-clash-over-ruto-succession
Standard - Politics,Inside Wetang'ula and Mudavadi's battle for Western Kenya,"Sun, 19 Jul 2026 10:00:00 +0300",https://www.standardmedia.co.ke/politics/article/2001553141/inside-wetang-ula-and-mudavadi-s-battle-for-western-kenya
Standard - Politics,"ODM, UDA begin joint manifesto talks as leaders rally behind Ruto's re-election bid","Sat, 18 Jul 2026 16:10:07 +0300",https://www.standardmedia.co.ke/politics/article/2001553149/odm-uda-begin-joint-manifesto-talks-as-leaders-rally-behind-ruto-s-re-election-bid
Standard - Politics,"After Ol-Kalou mini-poll setback, Kenya Kwanza MPs urge Ruto to pick Western running mate","Sat, 18 Jul 2026 12:43:56 +0300",https://www.standardmedia.co.ke/politics/article/2001553121/after-ol-kalou-mini-poll-setback-kenya-kwanza-mps-urge-ruto-to-pick-western-running-mate
Standard - Politics,We are allowed by Constitution to campaign; Wetang'ula and Kingi tell court,"Sat, 18 Jul 2026 07:45:00 +0300",https://www.standardmedia.co.ke/politics/article/2001553098/we-are-allowed-by-constitution-to-campaign-wetang-ula-and-kingi-tell-court
Standard - Politics,"Forget Ol kalou loss and focus on development, Ruto tells leaders","Sat, 18 Jul 2026 07:35:00 +0300",https://www.standardmedia.co.ke/politics/article/2001553107/forget-ol-kalou-loss-and-focus-on-development-ruto-tells-leaders
Standard - Politics,"Ol Kalou chronicles: Of Kikuyu songs, Ruto's response and trending headline","Sat, 18 Jul 2026 07:35:00 +0300",https://www.standardmedia.co.ke/politics/article/2001553102/ol-kalou-chronicles-of-kikuyu-songs-ruto-s-response-and-trending-headline
Standard - Politics,Why MCAs boycotted Murkomen's event in Trans Nzoia,"Sat, 18 Jul 2026 07:35:00 +0300",https://www.standardmedia.co.ke/politics/article/2001553073/why-mcas-boycotted-murkomen-s-event-in-trans-nzoia
Standard - Politics,Against all odds: How Ol Kalou guarded the vote,"Sat, 18 Jul 2026 07:30:00 +0300",https://www.standardmedia.co.ke/politics/article/2001553104/against-all-odds-how-ol-kalou-guarded-the-vote
Standard - Politics,Why Ol Kalou's DCP win is a manifestation of what awaits Ruto in 2027,"Sat, 18 Jul 2026 07:30:00 +0300",https://www.standardmedia.co.ke/politics/article/2001553101/why-ol-kalou-s-dcp-win-is-a-manifestation-of-what-awaits-ruto-in-2027
Standard - Politics,Linda Mwananchi vows to strengthen grassroots network,"Sat, 18 Jul 2026 07:30:00 +0300",https://www.standardmedia.co.ke/politics/article/2001553100/linda-mwananchi-vows-to-strengthen-grassroots-network
Standard - Politics,Senate approves conferment of city status to Thika Municipality,"Sat, 18 Jul 2026 00:00:00 +0300",https://www.standardmedia.co.ke/politics/article/2001553095/senate-approves-conferment-of-city-status-to-thika-municipality
Standard - Politics,Petition filed to limit nominated MCAs tenure to one term,"Fri, 17 Jul 2026 16:57:22 +0300",https://www.standardmedia.co.ke/politics/article/2001553089/petition-filed-to-limit-nominated-mcas-tenure-to-one-term
Standard - Politics,Gachagua: DCP to field candidates across 47 counties in 2027,"Fri, 17 Jul 2026 12:53:32 +0300",https://www.standardmedia.co.ke/politics/article/2001553054/gachagua-dcp-to-field-candidates-across-47-counties-in-2027
Standard - Politics,Gachagua claims 68 women raped by police in Ol Kalou chaos,"Fri, 17 Jul 2026 12:40:42 +0300",https://www.standardmedia.co.ke/politics/article/2001553051/gachagua-claims-68-women-raped-by-police-in-ol-kalou-chaos
Standard - Politics,Ruto breaks silence over DCP Ol Kalou landslide,"Fri, 17 Jul 2026 12:20:07 +0300",https://www.standardmedia.co.ke/politics/article/2001553045/ruto-breaks-silence-over-dcp-ol-kalou-landslide
Standard - Politics,"How Ruto met Oburu and Ole Kina at night, ordered Sifuna's removal","Fri, 17 Jul 2026 10:15:00 +0300",https://www.standardmedia.co.ke/politics/article/2001553020/how-ruto-met-oburu-and-ole-kina-at-night-ordered-sifuna-s-removal
Standard - Politics,Whitewashed: Ol Kalou's crushing blow to UDA,"Fri, 17 Jul 2026 08:00:00 +0300",https://www.standardmedia.co.ke/politics/article/2001553018/whitewashed-ol-kalou-s-crushing-blow-to-uda
Standard - Business,Lamu refinery eyes Africa's 86 million tonnes fuel import gap,"Mon, 20 Jul 2026 06:30:00 +0300",https://www.standardmedia.co.ke/business/article/2001553243/lamu-refinery-eyes-africa-s-86-million-tonnes-fuel-import-gap
Standard - Business,Lamu residents demand transparency in proposed Sh2.2 trillion oil refinery,"Sun, 19 Jul 2026 15:37:44 +0300",https://www.standardmedia.co.ke/business/article/2001553212/lamu-residents-demand-transparency-in-proposed-sh2-2-trillion-oil-refinery
Standard - Business,Why Kenya's middle class could be shrinking fast,"Sun, 19 Jul 2026 10:00:00 +0300",https://www.standardmedia.co.ke/business/article/2001553158/why-kenya-s-middle-class-could-be-shrinking-fast
Standard - Business,Why civil society wants Kenya's Sh13 trillion debt discussed at dinner tables,"Sun, 19 Jul 2026 10:00:00 +0300",https://www.standardmedia.co.ke/business/article/2001553162/why-civil-society-wants-kenya-s-sh13-trillion-debt-discussed-at-dinner-tables
Standard - Business,Kenya's economy creates more millionaires,"Sun, 19 Jul 2026 10:00:00 +0300",https://www.standardmedia.co.ke/business/article/2001553164/kenya-s-economy-creates-more-millionaires
Standard - Business,How Treasury diverted Sh30 billion Eurobond money to cover domestic debt,"Sat, 18 Jul 2026 07:40:00 +0300",https://www.standardmedia.co.ke/business/article/2001553093/how-treasury-diverted-sh30-billion-eurobond-money-to-cover-domestic-debt
Standard - Business,"KenGen's ambitious 5,500 MW plan to deal with rising demand for electricity","Sat, 18 Jul 2026 06:00:00 +0300",https://www.standardmedia.co.ke/business/article/2001553075/kengen-s-ambitious-5-500-mw-plan-to-deal-with-rising-demand-for-electricity
Standard - Business,Insurers bundle investments with cover as uptake stalls,"Fri, 17 Jul 2026 12:41:00 +0300",https://www.standardmedia.co.ke/business/article/2001553063/insurers-bundle-investments-with-cover-as-uptake-stalls
Standard - Business,"Asharami to breakground on KPRL, gas terminal in October","Fri, 17 Jul 2026 08:00:00 +0300",https://www.standardmedia.co.ke/business/article/2001552971/asharami-to-breakground-on-kprl-gas-terminal-in-october
Standard - Business,New deal to give KDF home loans,"Fri, 17 Jul 2026 00:00:00 +0300",https://www.standardmedia.co.ke/business/article/2001552975/new-deal-to-give-kdf-home-loans
Standard - Business,20 African nations approve formation of a regional maritime university,"Fri, 17 Jul 2026 00:00:00 +0300",https://www.standardmedia.co.ke/business/article/2001552996/20-african-nations-approve-formation-of-a-regional-maritime-university
Standard - Business,US unveils new 25 per cent tariff on certain imports from Brazil,"Thu, 16 Jul 2026 17:18:03 +0300",https://www.standardmedia.co.ke/business/article/2001552980/us-unveils-new-25-per-cent-tariff-on-certain-imports-from-brazil
Standard - Business,Eviction looms for Athi River squatters as August 15 deadline nears,"Thu, 16 Jul 2026 09:15:00 +0300",https://www.standardmedia.co.ke/business/article/2001552898/eviction-looms-for-athi-river-squatters-as-august-15-deadline-nears
Standard - Business,"State repeating costly errors of secrecy, debts in SGR extension to Malaba","Thu, 16 Jul 2026 07:55:00 +0300",https://www.standardmedia.co.ke/business/article/2001552897/state-repeating-costly-errors-of-secrecy-debts-in-sgr-extension-to-malaba
Standard - Business,Lamu refinery dream faces one major hurdle: Kenya's skills gap,"Thu, 16 Jul 2026 07:55:00 +0300",https://www.standardmedia.co.ke/business/article/2001552895/lamu-refinery-dream-faces-one-major-hurdle-kenya-s-skills-gap
Standard - Business,Why Africa's middle class no longer wants to retire in the village,"Thu, 16 Jul 2026 07:00:00 +0300",https://www.standardmedia.co.ke/business/article/2001552893/why-africa-s-middle-class-no-longer-wants-to-retire-in-the-village
Standard - Business,Alternative building technologies touted as answer to Kenya's housing shortage,"Thu, 16 Jul 2026 06:00:00 +0300",https://www.standardmedia.co.ke/business/article/2001552891/alternative-building-technologies-touted-as-answer-to-kenya-s-housing-shortage
Standard - Business,KAA to modernise airports amid increased cargo and passenger traffic,"Thu, 16 Jul 2026 06:00:00 +0300",https://www.standardmedia.co.ke/business/article/2001552894/kaa-to-modernise-airports-amid-increased-cargo-and-passenger-traffic
Standard - Business,"Safaricom, KPC receipts to push Kenya's forex reserves to 7-month high - CBK","Thu, 16 Jul 2026 00:00:00 +0300",https://www.standardmedia.co.ke/business/article/2001552901/safaricom-kpc-receipts-to-push-kenya-s-forex-reserves-to-7-month-high-cbk
Standard - Business,Biotech sector fast-tracks access to regulatory data with new portal,"Wed, 15 Jul 2026 22:15:50 +0300",https://www.standardmedia.co.ke/business/article/2001552915/biotech-sector-fast-tracks-access-to-regulatory-data-with-new-portal
Standard - Business,Swedish firm bets on Kenya in regional expansion strategy,"Wed, 15 Jul 2026 22:08:20 +0300",https://www.standardmedia.co.ke/business/article/2001552914/swedish-firm-bets-on-kenya-in-regional-expansion-strategy
Standard - Business,New programme mentors students into healthcare technology careers,"Wed, 15 Jul 2026 19:44:00 +0300",https://www.standardmedia.co.ke/business/article/2001552911/new-programme-mentors-students-into-healthcare-technology-careers
Standard - Business,Ombam: Kenya cannot grow exports without marketers,"Wed, 15 Jul 2026 19:25:00 +0300",https://www.standardmedia.co.ke/business/article/2001552921/ombam-kenya-cannot-grow-exports-without-marketers
Standard - Business,How digital innovators are staying afloat in the AI era,"Wed, 15 Jul 2026 13:58:49 +0300",https://www.standardmedia.co.ke/business/article/2001552873/how-digital-innovators-are-staying-afloat-in-the-ai-era
Standard - Business,Paper vs property: Why the high net-worth are abandoning real estate,"Wed, 15 Jul 2026 12:44:00 +0300",https://www.standardmedia.co.ke/business/article/2001552865/paper-vs-property-why-the-high-net-worth-are-abandoning-real-estate
Standard - Business,Regulatory maze slows Kenya's drive for bigger EU exports,"Wed, 15 Jul 2026 12:27:47 +0300",https://www.standardmedia.co.ke/business/article/2001552862/regulatory-maze-slows-kenya-s-drive-for-bigger-eu-exports
Standard - Business,How integrated technology can transform tax compliance in Kenya,"Wed, 15 Jul 2026 11:34:08 +0300",https://www.standardmedia.co.ke/business/article/2001552851/how-integrated-technology-can-transform-tax-compliance-in-kenya
Standard - Business,Why Dangote decided to build mega oil refinery in Lamu,"Wed, 15 Jul 2026 11:32:00 +0300",https://www.standardmedia.co.ke/business/article/2001552825/why-dangote-decided-to-build-mega-oil-refinery-in-lamu
Standard - Business,All in the cards: Woman who seeks life's meaning in tarot,"Wed, 15 Jul 2026 09:53:27 +0300",https://www.standardmedia.co.ke/business/article/2001552838/all-in-the-cards-woman-who-seeks-life-s-meaning-in-tarot
Capital FM Kenya,Kanini Kega Says State Security Withdrawn Days After Alleged Armed Attack,"Mon, 20 Jul 2026 08:15:59 +0000",https://capitalfm.africa/kanini-kega-says-state-security-withdrawn-days-after-alleged-armed-attack/
Capital FM Kenya,CS Ruku: UDA Spent About Sh100 Million on Ol Kalou Campaign,"Mon, 20 Jul 2026 07:04:52 +0000",https://capitalfm.africa/cs-ruku-uda-spent-about-sh100-million-on-ol-kalou-campaign/
Capital FM Kenya,PS Karugu: Kenya’s Borderlands Will Drive Cross-Border Industry and Regional Integration,"Mon, 20 Jul 2026 06:35:18 +0000",https://capitalfm.africa/ps-karugu-kenyas-borderlands-will-drive-cross-border-industry-and-regional-integration/
Capital FM Kenya,"Two Arrested, 220 Litres of Chang’aa Seized in Kibra Crackdown","Mon, 20 Jul 2026 05:55:13 +0000",https://capitalfm.africa/two-arrested-220-litres-of-changaa-seized-in-kibra-crackdown/
Capital FM Kenya,KDF Foils Multiple Terror Plots After Recovering Four IEDs in Lamu,"Mon, 20 Jul 2026 05:27:41 +0000",https://capitalfm.africa/kdf-foils-multiple-terror-plots-after-recovering-four-ieds-in-lamu/
Capital FM Kenya,Makau Mutua Dismisses DCP’s Ol Kalou By-Election Win as ‘Nothingburger’,"Mon, 20 Jul 2026 04:58:56 +0000",https://capitalfm.africa/makau-mutua-dismisses-dcps-ol-kalou-by-election-win-as-nothingburger/
Capital FM Kenya,DCI Launches Investigation Into Violence During Ol Kalou By-Election,"Mon, 20 Jul 2026 04:40:53 +0000",https://capitalfm.africa/dci-launches-investigation-into-violence-during-ol-kalou-by-election/
Capital FM Kenya,Police Investigate Murder After Shallow Grave With Human Remains Found in Machakos,"Mon, 20 Jul 2026 04:34:30 +0000",https://capitalfm.africa/police-investigate-murder-after-shallow-grave-with-human-remains-found-in-machakos/
Capital FM Kenya,"Former Garissa Assembly Speaker Reports Missing Firearm in Nairobi, Police Launch Probe","Mon, 20 Jul 2026 04:20:22 +0000",https://capitalfm.africa/former-garissa-assembly-speaker-reports-missing-firearm-in-nairobi-police-launch-probe/
NTV Kenya,"Kylian Mbappe wins second World Cup Golden Boot, Spain claim other awards","Mon, 20 Jul 2026 07:50:27 +0000",https://ntvkenya.co.ke/sports/kylian-mbappe-wins-second-world-cup-golden-boot-spain-claim-other-awards/
NTV Kenya,Gachagua claims some Kenya Kwanza leaders seeking talks ahead of 2027,"Mon, 20 Jul 2026 07:49:16 +0000",https://ntvkenya.co.ke/news/gachagua-claims-some-kenya-kwanza-leaders-seeking-talks-ahead-of-2027/
NTV Kenya,It’s tattoo time for Spain defender Cucurella says coach De la Fuente,"Mon, 20 Jul 2026 07:00:02 +0000",https://ntvkenya.co.ke/sports/its-tattoo-time-for-spain-defender-cucurella-says-coach-de-la-fuente/
NTV Kenya,Unmasking faces behind Ol Kalou by-election terror and bribery,"Mon, 20 Jul 2026 06:31:53 +0000",https://ntvkenya.co.ke/news/ntv-unmasks-faces-behind-ol-kalou-by-election-terror-and-bribery/
NTV Kenya,How ‘People’s IEBC’ Tracked Ol Kalou By-Election | Daniel Miringa,"Fri, 17 Jul 2026 09:26:23 +0000",https://ntvkenya.co.ke/arts-lifestyle/how-peoples-iebc-tracked-ol-kalou-by-election-daniel-miringa/
NTV Kenya,The art of Botox injections | The Glam,"Fri, 17 Jul 2026 09:20:14 +0000",https://ntvkenya.co.ke/arts-lifestyle/the-art-of-botox-injections-the-glam/
NTV Kenya,DCP’s Sammy Waweru clinches Ol Kalou seat in landslide win,"Fri, 17 Jul 2026 04:20:23 +0000",https://ntvkenya.co.ke/news/dcps-sammy-waweru-clinches-ol-kalou-seat-in-landslide-win/
NTV Kenya,Noma S23 E3,"Thu, 16 Jul 2026 15:21:14 +0000",https://ntvkenya.co.ke/arts-lifestyle/noma-s23-e3/
NTV Kenya,Noma S23 E2,"Thu, 16 Jul 2026 15:16:47 +0000",https://ntvkenya.co.ke/arts-lifestyle/noma-s23-e2/
NTV Kenya,Noma S23 E1,"Thu, 16 Jul 2026 15:15:28 +0000",https://ntvkenya.co.ke/arts-lifestyle/noma-s23-e1/
NTV Kenya,Noma S22 E13,"Thu, 16 Jul 2026 15:07:24 +0000",https://ntvkenya.co.ke/arts-lifestyle/noma-s22-e13/
NTV Kenya,Noma S22 E12,"Thu, 16 Jul 2026 15:06:11 +0000",https://ntvkenya.co.ke/arts-lifestyle/noma-s22-e12/
NTV Kenya,Noma S22 E11,"Thu, 16 Jul 2026 15:01:57 +0000",https://ntvkenya.co.ke/arts-lifestyle/noma-s22-e11/
NTV Kenya,Noma S22 E10,"Thu, 16 Jul 2026 15:00:39 +0000",https://ntvkenya.co.ke/arts-lifestyle/noma-s22-e10/
NTV Kenya,Noma S22 E9,"Thu, 16 Jul 2026 14:54:11 +0000",https://ntvkenya.co.ke/arts-lifestyle/noma-s22-e9/
NTV Kenya,Noma S22 E8,"Thu, 16 Jul 2026 14:50:00 +0000",https://ntvkenya.co.ke/arts-lifestyle/noma-s22-e8/
NTV Kenya,Noma S22 E7,"Thu, 16 Jul 2026 14:48:54 +0000",https://ntvkenya.co.ke/arts-lifestyle/noma-s22-e7/
NTV Kenya,Noma S22 E6,"Thu, 16 Jul 2026 14:47:55 +0000",https://ntvkenya.co.ke/arts-lifestyle/noma-s22-e6/
NTV Kenya,Noma S22 E5,"Thu, 16 Jul 2026 14:46:33 +0000",https://ntvkenya.co.ke/arts-lifestyle/noma-s22-e5/
NTV Kenya,Noma S22 E4,"Thu, 16 Jul 2026 14:45:39 +0000",https://ntvkenya.co.ke/arts-lifestyle/noma-s22-e4/
NTV Kenya,Noma S22 E3,"Thu, 16 Jul 2026 14:44:24 +0000",https://ntvkenya.co.ke/arts-lifestyle/noma-s22-e3/
NTV Kenya,Twende Lake Paradise: We visit Marsabit & discover hidden springs that supply entire town with water,"Thu, 16 Jul 2026 13:34:14 +0000",https://ntvkenya.co.ke/arts-lifestyle/twende-lake-paradise-we-visit-marsabit-discover-hidden-springs-that-supply-entire-town-with-water/
NTV Kenya,NTV LIVE | Top 40 Under 40 Women Awards Dinner 2026,"Wed, 15 Jul 2026 17:13:17 +0000",https://ntvkenya.co.ke/live/ntv-kenya-livestream-3/
NTV Kenya,Trump administration launches effort to dismantle International Criminal Court,"Wed, 15 Jul 2026 08:19:53 +0000",https://ntvkenya.co.ke/news/trump-administration-launches-effort-to-isolate-international-criminal-court/
NTV Kenya,Kylian Mbappe calls France ‘sloppy’ after semifinal loss,"Wed, 15 Jul 2026 08:18:18 +0000",https://ntvkenya.co.ke/sports/kylian-mbappe-calls-france-sloppy-after-semifinal-loss/
NTV Kenya,"Nigeria’s Dangote begins pricing local fuel sales in dollars, citing crude supply constraints","Wed, 15 Jul 2026 07:56:37 +0000",https://ntvkenya.co.ke/news/nigerias-dangote-begins-pricing-local-fuel-sales-in-dollars-citing-crude-supply-constraints/
NTV Kenya,"Ex-KDF Major Peter Mugure sentenced to life for murdering wife, two children","Wed, 15 Jul 2026 07:44:45 +0000",https://ntvkenya.co.ke/news/ex-kdf-major-peter-mugure-sentenced-to-life-for-murdering-wife-two-children/
NTV Kenya,Joy Kanini murder: Suspect detained for 21 days pending DCI probe,"Wed, 15 Jul 2026 07:06:03 +0000",https://ntvkenya.co.ke/news/joy-kanini-murder-suspect-detained-for-21-days-pending-dci-probe/
NTV Kenya,Nairobi International Financial Centre | Business Redefined,"Tue, 14 Jul 2026 16:35:46 +0000",https://ntvkenya.co.ke/business/nairobi-international-financial-centre-business-redefined/
NTV Kenya,IEBC judgment on MP Gikaria voter bribery claims,"Tue, 14 Jul 2026 13:10:49 +0000",https://ntvkenya.co.ke/news/iebc-judgment-on-mp-gikaria-voter-bribery-claims/
NTV Kenya,Govt extends 8pc VAT on fuel for three more months,"Tue, 14 Jul 2026 13:06:22 +0000",https://ntvkenya.co.ke/news/govt-extends-8pc-vat-on-petroleum-products-for-three-more-months/
NTV Kenya,"Over 1,000 officers deployed to secure Ol Kalou by-election","Tue, 14 Jul 2026 11:50:08 +0000",https://ntvkenya.co.ke/news/over-1000-officers-deployed-to-secure-ol-kalou-by-election/
NTV Kenya,"Kenya-Ethiopia power deal to connect over 10,000 new customers","Tue, 14 Jul 2026 10:07:24 +0000",https://ntvkenya.co.ke/news/kenya-ethiopia-power-deal-to-connect-over-10000-new-customers/
NTV Kenya,Police investigating death of South Africa’s Jayden Adams after World Cup,"Tue, 14 Jul 2026 09:07:15 +0000",https://ntvkenya.co.ke/news/police-investigating-death-of-south-africas-jayden-adams-after-world-cup/
NTV Kenya,Nakuru: Students torch school after being served soda instead of promised meat,"Tue, 14 Jul 2026 09:00:13 +0000",https://ntvkenya.co.ke/news/nakuru-students-torch-school-after-being-served-soda-instead-of-promised-meat/
NTV Kenya,‘VARgentina’ reach semi-finals under cloud of complaints,"Tue, 14 Jul 2026 08:18:08 +0000",https://ntvkenya.co.ke/news/vargentina-reach-semi-finals-under-cloud-of-complaints/
NTV Kenya,"US to block citizens in Congo from immediate travel home, citing Ebola","Tue, 14 Jul 2026 07:34:20 +0000",https://ntvkenya.co.ke/news/us-to-block-citizens-in-congo-from-immediate-travel-home-citing-ebola/
NTV Kenya,Wetang’ula accused of defying court order by campaigning for Ruto,"Tue, 14 Jul 2026 06:24:47 +0000",https://ntvkenya.co.ke/news/wetangula-accused-of-defying-court-order-by-campaigning-for-ruto/
NTV Kenya,Trump says the US should control the Strait of Hormuz and get paid for it,"Mon, 13 Jul 2026 13:28:51 +0000",https://ntvkenya.co.ke/news/trump-says-the-us-should-control-the-strait-of-hormuz-and-get-paid-for-it/
NTV Kenya,EU and partners launch $1 billion scheme to help Gaza recover from war,"Mon, 13 Jul 2026 13:10:19 +0000",https://ntvkenya.co.ke/news/eu-and-partners-launch-1-billion-scheme-to-help-gaza-recover-from-war/
NTV Kenya,Court halts construction of 12-storey apartment block near KDF headquarters,"Mon, 13 Jul 2026 12:43:00 +0000",https://ntvkenya.co.ke/news/court-stops-construction-of-apartments-near-kdf-headquarters/
NTV Kenya,Potential World Cup expansion to be discussed after 2026 edition – Infantino,"Mon, 13 Jul 2026 12:15:31 +0000",https://ntvkenya.co.ke/sports/potential-world-cup-expansion-to-be-discussed-after-2026-edition-infantino/
NTV Kenya,"EP9: Kabla ucomment social media, umewahi fikiria vile maneno Yako inaeza affect mtu?","Mon, 13 Jul 2026 10:33:31 +0000",https://ntvkenya.co.ke/podcast/e9-kabla-ucomment-social-media-umewahi-fikiria-vile-maneno-yako-inaeza-affect-mtu/
NTV Kenya,Infotrak: Ruto most popular presidential hopeful at 32%,"Mon, 13 Jul 2026 10:17:07 +0000",https://ntvkenya.co.ke/news/infotrak-ruto-most-preferred-presidential-candidate-at-32/
NTV Kenya,EP8: Kwani Kuna shida kuongea na ex?,"Mon, 13 Jul 2026 09:55:56 +0000",https://ntvkenya.co.ke/podcast/ep8-kwani-kuna-shida-kuongea-na-ex/
NTV Kenya,Historic run earns Wanyonyi multi-million payday,"Mon, 13 Jul 2026 09:24:49 +0000",https://ntvkenya.co.ke/news/historic-run-earns-wanyonyi-multi-million-payday/
NTV Kenya,Maendeleo or Voter Bribery? What’s Happening in Ol Kalou? | Gabriel Muthama,"Mon, 13 Jul 2026 08:54:42 +0000",https://ntvkenya.co.ke/arts-lifestyle/maendeleo-or-voter-bribery-whats-happening-in-ol-kalou-gabriel-muthama/
NTV Kenya,"Cut off from Kinshasa, Congo’s AFC/M23 rebels built their own Ebola response","Mon, 13 Jul 2026 08:54:28 +0000",https://ntvkenya.co.ke/news/cut-off-from-kinshasa-congos-afc-m23-rebels-built-their-own-ebola-response/
NTV Kenya,"Kang’ata, Gachagua, Nyahururu, Ol Kalou | Joe Nyutu Speaks","Mon, 13 Jul 2026 08:51:31 +0000",https://ntvkenya.co.ke/arts-lifestyle/kangata-gachagua-nyahururu-ol-kalou-joe-nyutu-speaks/
NTV Kenya,EP7: The polygamist!,"Mon, 13 Jul 2026 08:38:59 +0000",https://ntvkenya.co.ke/podcast/e7-the-polygamist/
NTV Kenya,DCP accuses IEBC of bias after Wanjiku Muhia fine ahead of Ol Kalou mini poll,"Mon, 13 Jul 2026 07:11:45 +0000",https://ntvkenya.co.ke/politics/dcp-accuses-iebc-of-bias-after-wanjiku-muhia-fine-ahead-of-ol-kalou-mini-poll/
NTV Kenya,"ODM won’t field presidential candidate, will back Ruto, says Oburu","Mon, 13 Jul 2026 06:49:08 +0000",https://ntvkenya.co.ke/news/odm-will-not-field-a-presidential-candidate-in-2027-oburu/
NTV Kenya,FIFA’s embrace of technology backfires in controversy-riven World Cup,"Fri, 10 Jul 2026 12:22:58 +0000",https://ntvkenya.co.ke/news/fifas-embrace-of-technology-backfires-in-controversy-riven-world-cup/
NTV Kenya,Court declines to lift arrest warrant for Bomet governor,"Fri, 10 Jul 2026 11:31:13 +0000",https://ntvkenya.co.ke/news/court-declines-to-lift-arrest-warrant-for-bomet-governor/
NTV Kenya,KENYA’S SKATING CHAMPION KEVIN KIARIE NARRATES HIS JOURNEY TO STARDOM AMID CHALLENGES | SPORT ON,"Fri, 10 Jul 2026 10:25:36 +0000",https://ntvkenya.co.ke/sports/kenyas-skating-champion-kevin-kiarie-narrates-his-journey-to-stardom-amid-challenges-sport-on/
NTV Kenya,"COACH CHARLES AKONNOR STEERS GOR MAHIA TO GLORY, RECOUNTS HIS EXPERIENCE IN KENYA","Fri, 10 Jul 2026 10:18:40 +0000",https://ntvkenya.co.ke/sports/coach-charles-akonnor-steers-gor-mahia-to-glory-recounts-his-experience-in-kenya/
NTV Kenya,PRESSURE MOUNTS ON KENYA TO PERFORM AHEAD OF 2026 RUGBY AFRICA WOMEN’S CUP,"Fri, 10 Jul 2026 10:02:58 +0000",https://ntvkenya.co.ke/sports/pressure-mounts-on-kenya-to-perform-ahead-of-2026-rugby-africa-womens-cup/
NTV Kenya,JOAN CHELIMO| CHAMPION RUNNER AND GBV ADVOCATE,"Fri, 10 Jul 2026 09:50:44 +0000",https://ntvkenya.co.ke/sports/joan-chelimo-champion-runner-and-gbv-advocate/
NTV Kenya,Queen Nozizwe Mulela-Zulu | Royalty With Many Hats!,"Fri, 10 Jul 2026 09:16:30 +0000",https://ntvkenya.co.ke/arts-lifestyle/queen-nozizwe-mulela-zulu-royalty-with-many-hats/
NTV Kenya,Tanzania arrests 130 people as government cracks down on dissent,"Fri, 10 Jul 2026 09:12:08 +0000",https://ntvkenya.co.ke/news/tanzania-arrests-130-people-as-government-cracks-down-on-dissent/
NTV Kenya,South African protesters go door-to-door forcing immigrants from their homes,"Fri, 10 Jul 2026 08:23:35 +0000",https://ntvkenya.co.ke/news/south-african-protesters-go-door-to-door-forcing-immigrants-from-their-homes/
NTV Kenya,Rift Valley succession battle threatens Ruto’s political backyard,"Fri, 10 Jul 2026 07:46:42 +0000",https://ntvkenya.co.ke/news/rift-valley-succession-battle-threatens-rutos-political-backyard/
NTV Kenya,IEBC warns it could postpone Ol Kalou mini-poll over alleged malpractice,"Fri, 10 Jul 2026 07:17:24 +0000",https://ntvkenya.co.ke/news/iebc-warns-it-could-postpone-ol-kalou-mini-poll-over-alleged-malpractice/
NTV Kenya,"Preparing Nigerian cuisine Amala, Gbegiri served with Ewedu | Pishi Bomba","Thu, 09 Jul 2026 14:16:35 +0000",https://ntvkenya.co.ke/arts-lifestyle/preparing-nigerian-cuisine-amala-gbegiri-served-with-ewedu/
NTV Kenya,Zambia election will put Hichilema’s economic record to the test,"Thu, 09 Jul 2026 13:30:33 +0000",https://ntvkenya.co.ke/news/zambia-election-will-put-hichilemas-economic-record-to-the-test/
NTV Kenya,"Twende Marsabit: Where islands float on a desert lake, volcanic mountains rise above plains","Thu, 09 Jul 2026 12:57:33 +0000",https://ntvkenya.co.ke/arts-lifestyle/twende-marsabit-where-islands-float-on-a-desert-lake-volcanic-mountains-rise-above-plains/
NTV Kenya,Tanzania: Chadema demands release of leaders held over Saba Saba protest claims,"Thu, 09 Jul 2026 12:04:59 +0000",https://ntvkenya.co.ke/news/tanzania-chadema-demands-release-of-leaders-held-over-saba-saba-protest-claims/
NTV Kenya,Former EALA legislator Abubakar Zein dies in Nairobi,"Thu, 09 Jul 2026 11:50:46 +0000",https://ntvkenya.co.ke/news/former-eala-legislator-abubakar-zein-dies-in-nairobi/
NTV Kenya,"Popular Kenyan women converge for a wellness, glam, and sisterhood experience | The Glam","Thu, 09 Jul 2026 09:42:04 +0000",https://ntvkenya.co.ke/arts-lifestyle/popular-kenyan-women-converge-for-a-wellness-glam-and-sisterhood-experience-the-glam/
NTV Kenya,FIFA refereeing chief rejects claims of bias in Argentina’s win over Egypt,"Thu, 09 Jul 2026 07:17:29 +0000",https://ntvkenya.co.ke/sports/fifa-refereeing-chief-rejects-claims-of-bias-in-argentinas-win-over-egypt/
NTV Kenya,"For all his records, Cristiano Ronaldo could not crack the World Cup","Thu, 09 Jul 2026 07:12:07 +0000",https://ntvkenya.co.ke/sports/for-all-his-records-ronaldo-could-not-crack-the-world-cup/
NTV Kenya,9000 students opt for non-degree courses despite qualifying for university,"Thu, 09 Jul 2026 07:05:14 +0000",https://ntvkenya.co.ke/news/9000-students-opt-for-non-degree-courses-despite-qualifying-for-university/
NTV Kenya,Oburu links ‘too much democracy’ to slow economic reforms,"Thu, 09 Jul 2026 06:33:21 +0000",https://ntvkenya.co.ke/politics/oburu-links-too-much-democracy-to-slow-economic-reforms/
NTV Kenya,Julius Yego targets gold in final Commonwealth Games appearance,"Thu, 09 Jul 2026 06:19:04 +0000",https://ntvkenya.co.ke/sports/julius-yego-targets-gold-in-final-commonwealth-games-appearance/
NTV Kenya,Justin Bieber to co-headline World Cup final halftime show,"Thu, 09 Jul 2026 06:06:16 +0000",https://ntvkenya.co.ke/entertainment/justin-bieber-to-co-headline-world-cup-final-halftime-show/
NTV Kenya,"Ex-CS Owalo launches presidential bid, promises free education and healthcare","Thu, 09 Jul 2026 05:58:32 +0000",https://ntvkenya.co.ke/news/ex-cs-owalo-launches-presidential-bid-promises-free-education-and-healthcare/
NTV Kenya,Egypt FA criticises VAR after dramatic World Cup defeat by Argentina,"Wed, 08 Jul 2026 12:44:01 +0000",https://ntvkenya.co.ke/news/egypt-fa-criticises-var-after-dramatic-world-cup-defeat-by-argentina/
NTV Kenya,Trump says deal to end war is ‘over’ after Iranian strikes,"Wed, 08 Jul 2026 09:09:36 +0000",https://ntvkenya.co.ke/news/trump-says-deal-to-end-war-is-over-after-iranian-strikes/
NTV Kenya,Keumbu traders count losses as customers shun market after Linda Mwananchi attack,"Wed, 08 Jul 2026 08:50:51 +0000",https://ntvkenya.co.ke/news/keumbu-traders-count-losses-as-customers-shun-market-after-linda-mwananchi-attack/
NTV Kenya,Intellectual Property Rights & How To Avoid Legal Trouble  | Sekou Owino,"Wed, 08 Jul 2026 07:54:29 +0000",https://ntvkenya.co.ke/arts-lifestyle/intellectual-property-rights-how-to-avoid-legal-trouble-sekou-owino/
NTV Kenya,Egypt coach blasts refereeing and turns his back on World Cup,"Wed, 08 Jul 2026 07:03:59 +0000",https://ntvkenya.co.ke/sports-2/egypt-coach-blasts-refereeing-and-turns-his-back-on-world-cup/
NTV Kenya,Zimbabwe’s Mnangagwa signs law extending his presidency to 2030,"Wed, 08 Jul 2026 06:57:00 +0000",https://ntvkenya.co.ke/news/zimbabwes-mnangagwa-signs-law-extending-his-presidency-to-2030/
NTV Kenya,Dangote picks Lamu for landmark Kenya oil refinery project,"Wed, 08 Jul 2026 06:50:19 +0000",https://ntvkenya.co.ke/news/dangote-picks-lamu-for-landmark-kenya-oil-refinery-project/
NTV Kenya,Finance Act 2026: Key Changes & Implications | Business Redefined,"Tue, 07 Jul 2026 16:35:33 +0000",https://ntvkenya.co.ke/business/finance-act-2026-key-changes-implications-business-redefined/
NTV Kenya,Ship hit in Hormuz; Iran says no talks unless Trump halts threats,"Tue, 07 Jul 2026 10:25:31 +0000",https://ntvkenya.co.ke/news/ship-hit-in-hormuz-iran-says-no-talks-unless-trump-halts-threats/
NTV Kenya,"Matatus restricted, but private cars allowed on Thika Road during Saba Saba","Tue, 07 Jul 2026 10:19:15 +0000",https://ntvkenya.co.ke/news/matatus-restricted-but-private-cars-allowed-on-thika-road-during-saba-saba/
NTV Kenya,"Six killed, scores injured after bus collides with truck on Mombasa-Nairobi highway","Tue, 07 Jul 2026 09:46:14 +0000",https://ntvkenya.co.ke/news/six-killed-scores-injured-after-bus-collides-with-truck-on-mombasa-nairobi-highway/
NTV Kenya,Mbappe fires back at Paraguayan senator’s racist attack after France victory,"Tue, 07 Jul 2026 08:06:13 +0000",https://ntvkenya.co.ke/news/mbappe-fires-back-at-paraguayan-senators-racist-attack-after-france-victory/
NTV Kenya,Saba Saba updates,"Tue, 07 Jul 2026 06:19:07 +0000",https://ntvkenya.co.ke/news/saba-saba-updates/
NTV Kenya,"Trump-backed Balogun reprieve sparks FIFA crisis, but Belgium send US out of World Cup","Tue, 07 Jul 2026 04:29:49 +0000",https://ntvkenya.co.ke/news/trump-backed-balogun-reprieve-sparks-fifa-crisis-but-belgium-send-us-out-of-world-cup/
NTV Kenya,Woman accused of tracking President Ruto’s flights freed as court closes case,"Mon, 06 Jul 2026 13:02:24 +0000",https://ntvkenya.co.ke/news/woman-accused-of-tracking-president-rutos-flights-freed-as-court-closes-case/
NTV Kenya,Racist commentary about Black players comes under scrutiny at World Cup,"Mon, 06 Jul 2026 11:30:12 +0000",https://ntvkenya.co.ke/news/racist-commentary-about-black-players-comes-under-scrutiny-at-world-cup/
NTV Kenya,United Opposition at odds over 2027 presidential candidate selection process,"Mon, 06 Jul 2026 10:19:31 +0000",https://ntvkenya.co.ke/news/united-opposition-at-odds-over-2027-candidate-selection-process/
NTV Kenya,"Three sons of Iran’s slain leader Khamenei appear at funeral, not his successor","Mon, 06 Jul 2026 10:03:43 +0000",https://ntvkenya.co.ke/news/three-sons-of-irans-slain-leader-khamenei-appear-at-funeral-not-his-successor/
NTV Kenya,Belgium granted right to appeal FIFA’s Folarin Balogun decision,"Mon, 06 Jul 2026 09:32:15 +0000",https://ntvkenya.co.ke/sports/belgium-granted-right-to-appeal-fifas-folarin-balogun-decision/
NTV Kenya,"Ruto defends National Infrastructure Fund, dismisses opposition criticism","Mon, 06 Jul 2026 09:23:50 +0000",https://ntvkenya.co.ke/politics/ruto-defends-national-infrastructure-fund-dismisses-opposition-criticism/
NTV Kenya,CCTV captures armed robbery at Westlands restaurant,"Mon, 06 Jul 2026 08:50:48 +0000",https://ntvkenya.co.ke/news/cctv-captures-four-armed-men-raiding-westlands-restaurant/
NTV Kenya,Trump intervention sparks World Cup storm as FIFA clears Balogun to face Belgium,"Mon, 06 Jul 2026 07:17:15 +0000",https://ntvkenya.co.ke/news/trump-intervention-sparks-world-cup-storm-as-fifa-clears-balogun-to-face-belgium/
NTV Kenya,Obrigado! Heroes’ welcome for Cape Verde squad on return from World Cup,"Mon, 06 Jul 2026 06:39:36 +0000",https://ntvkenya.co.ke/news/obrigado-heroes-welcome-for-cape-verde-squad-on-return-from-world-cup/
NTV Kenya,Court orders release of woman held over posts on Ruto’s air travel details,"Fri, 03 Jul 2026 12:12:41 +0000",https://ntvkenya.co.ke/news/court-orders-release-of-woman-held-for-posting-rutos-air-travel-details/
Citizen Digital (via Google News),"President Ruto's official State House website hacked, hackers demand Ksh.41 million - Citizen Digital","Sat, 18 Jul 2026 10:05:38 GMT",https://news.google.com/rss/articles/CBMivAFBVV95cUxOSzFrdEdFRTJuVGVBVG5CVFBRb21GSWdDQVU5Z1B0aTZTbHdxVVlDY3FMTVd0QnY3TUNqY1BYaG50ZW1oYlREdUlCQ1YxTEc1TVNUNG9IVjVmdGhvZ1prd0ozQnExLWNyaVhjU0dZZjVncWJQX3FJVXZpbFZfdVlpelQ1V2hRTUxuOUU4eGdfbEtXNUlEQnZVRVhRR3BFbGl6ZmUxSHc0QjFsNEpONDQxWGtTM1psOHM4Mk4yZA?oc=5
Citizen Digital (via Google News),Kindiki warns leaders plotting to divide Mt Kenya to relax - Citizen Digital,"Sun, 19 Jul 2026 11:33:21 GMT",https://news.google.com/rss/articles/CBMinwFBVV95cUxQaWpib2FaU0RQVFdobHk1ZHBrWjhLZGZwbzNUUWhLN1FKTGZJTW5jX0otUTFoWnJ2VjlqR1ptY1puYnMxOVNudkQ2NW90bEthX3NQYW1GWGhfcERyb1Z4QXhrNWt2VFphSTE4dFRYc250WVRvZENQWk5UNjI3QzZGSlFGYzRKYkVnUEY5ZHN5OVpWdFZEMzVEVG5uZ0pKb28?oc=5
Citizen Digital (via Google News),"Venezuela earthquake death toll now at 5,208 - Citizen Digital","Mon, 20 Jul 2026 04:50:04 GMT",https://news.google.com/rss/articles/CBMiiAFBVV95cUxQc1o3NFZPOG9rOENoZXl4Y3cxTFlhWUY0Z3BWNUlkS2RqOGNUTWlRbEMzbVRZbUdqMVM5QWlZaGZzeENBd09ua0hsX2I2eVVLTEJkRnVZMGJpNzBRZThnYUNEYUVhaTlfZzYwOUh6T1B2c1N3aHR1SDl1U3J3LUJZMWtoM29CWUIx?oc=5
Citizen Digital (via Google News),Isiolo export abattoir ready for commissioning after 17 years - Citizen Digital,"Sun, 19 Jul 2026 09:29:35 GMT",https://news.google.com/rss/articles/CBMiowFBVV95cUxOQ2dBdkZlRktsS0EySFI2MXFGRV9fdjNRSlVfMzZjc2t5TkhDcHp4aUlDUUJBSVh0elBoNHRlOHh2c0NxX2ZuNW8yVVhuUF84NUNERm1NTWVMM2ROVHRLUnFiRC01Q3NFcnNMQUMxYXJZNjd3UVBfVjRSNmNXSF83TVNEUE1SWmJKMkliTkhvY09zRDU4dXd5eDg3bHY3OGZEWks4?oc=5
Citizen Digital (via Google News),"CS Ruku pushes for Mt Kenya East autonomy, cites decades of marginalisation - Citizen Digital","Sat, 18 Jul 2026 12:07:02 GMT",https://news.google.com/rss/articles/CBMitAFBVV95cUxPYVB4TlMtVGREVkRDWUZNT2VGcFZQeERUOFJ2NmdicEJsZGx5bHlnaHAtSzJMX0FoemM4VDZ0b3ZPOUc5blVnNFlJaG1CTFdzbGk2b0dHa2U3c3U2VGo1WDhlbDJZb2FRN0Z2UER6LVhlZUdEVzVodFdXTzg0bnViOGZJVThmbWNmVWhNcnZnYU5GbE9BejVWaEExUTk3M2ZaMEZqc0RWUkpwc2lEWFVzRDdNZS0?oc=5
Citizen Digital (via Google News),"President Ruto unveils Ksh.30B projects in Makueni, vows no region will be left behind - Citizen Digital","Fri, 17 Jul 2026 14:14:01 GMT",https://news.google.com/rss/articles/CBMiwgFBVV95cUxQX256RjJKTVdOX3R6eGdkYnhRQXpRMFExWm83aUN6aXJkUGtXMjUxaFNEXzVLQW5FRGZ5SWNRX2lOZ2d2YVJId1lxbFpMMkJ4SW9ENmh3LVdXeDFCSlBSbmFScnNpWm9sOVhfbUt5bVQwS2Q1V3pWbzNMbk5PODc2ZlBZUTlJNzVsTUJyT2hJU3FhWkMwYlZFNUVNb1ptdUtJakd0a0VMQmdfNUk1WU0tUzhjVTRwTXNhUXRuVmJtUGxTQQ?oc=5
Citizen Digital (via Google News),"Ferry capsizes off Guyana, 66 people missing - Citizen Digital","Sun, 19 Jul 2026 18:55:29 GMT",https://news.google.com/rss/articles/CBMiiwFBVV95cUxOUDBqejFjVTFCcnJUR05nNi1VR09sQ3FXVW8ybUY2cjdISGJnMzAtQWtneUppSHFxbHV2VWZ3czNWaEpjWGJJVWhhZjJxTk40UVhkX2F5OFBPR3VVdmJOUGhRanktNW03cU9VaDIyNU1NajhaU2xYbnJXZW5FVzYtSWY2dmRDVHJQZ1Nr?oc=5
Citizen Digital (via Google News),"'Boats, mattresses...' Humiliating lesson for Gov't in Ol Kalou election after a hollow show of force and money - Citizen Digital","Fri, 17 Jul 2026 08:06:13 GMT",https://news.google.com/rss/articles/CBMi3AFBVV95cUxNaWoxUEROTDl5T2dpdGtFQVd5TkF1N0k3R3l2anhaWnZIaG1iN0NMd2JBZW5ncWpQR1ZpLXpqUlhFUUxqSFFSV1JhMHhGTVJQNXFzSU8zcHJibWVJeVR6NlU1UnFsT09VdFprb2Z1cF9hQ0Jjd252WEN4S1V2Qm5PanlxbGV2RHNpX0xoSlUzb1FudkNYT2JucTZXS1RNZzE4czNrNnNsSlZVLVRWaUhDQzZxSmVPWXp5YWF6SEhNd0JzSlRiM3Jrb3lXb2ZNazZIVjNZUTdhTURKOUdk?oc=5
Citizen Digital (via Google News),CS Ruku reaffirms Mt Kenya support for Ruto despite Ol Kalou by-election outcome - Citizen Digital,"Fri, 17 Jul 2026 17:15:48 GMT",https://news.google.com/rss/articles/CBMivAFBVV95cUxNTk5fMFU4aVZWSkRvRFFfaEljUmdRamVxd0NfdkgxUmR2M19ZNGVSNTMzNnRSMEtDakVMaEtfVk50ZzZleFNSN2lCaG03N0VkUGdsTmg1MXFQcEozU2dxcTRtYjdqYWQzdldxYnl4VXhCRzZCTjY4ZVYwOG14Q1BYcUM3YTY0VXpiclU0QVQzenFmYjVqd2pWZEhpdGg3bFU0MEl4UWJZZ1VDS1lqWVhGTkVXa1dMWGNGaFIzSw?oc=5
Citizen Digital (via Google News),Ex-police officer sentenced to 40 years for shooting colleague 10 times - Citizen Digital,"Fri, 17 Jul 2026 07:03:48 GMT",https://news.google.com/rss/articles/CBMisAFBVV95cUxNVkRIRWh3eU43eHBiZGI0M1RrU2xPRDFzdTA0WXhpdFlWVGRiQ0xUVW1rYU5qSnNWQUhlMG12NC16WWRpZnFSUjFzRU5McWZYNFUwWVFxemR5Q2l2aWtfZjF0dFdPQVdpeXdYQk5QeXJUQS1fUXp2MzdLZ1d4V1dWTG1ydGdYMmpGV09MaTBmVU5ZQ1BCVHJiSFBaMlliUG02MHN6bERianJucU5VbUg1YQ?oc=5
Citizen Digital (via Google News),"'Stay away from Kenya,' Gachagua tells tourists, investors over insecurity - Citizen Digital","Sun, 19 Jul 2026 11:23:16 GMT",https://news.google.com/rss/articles/CBMirwFBVV95cUxPaFBfaHZBV204YWhZNGFZTXRkY0pkbm1Qa0JkM3o3R2E2bjcyaGpoMnpCMFBoNFBxYlJ6X1R2cjBtZkwtRFQtWkpnYlhkVkhES2xMRUV6RDV5NVVnSk40aElSVTMwal84cWs4RGNzdzhFLWVHWThuejM0Z2Q1cUt4OVRrdFRfRnZ4bG5rRnd0M3N3X0FiVGVuMHhxOVRBb3RSYlBWa0NtSkUtcjJHRmdv?oc=5
Citizen Digital (via Google News),"""Wajinga waliisha Kenya!"" How Ol Kalou residents offered a masterclass on fearlessly protecting the vote - Citizen Digital","Fri, 17 Jul 2026 12:44:37 GMT",https://news.google.com/rss/articles/CBMi2AFBVV95cUxQUFZncWFlS01TTWI2bmdKVUlZRmx6TldkMmhlSE1GZVJxZVhReDBwcmI5aWNvWHpQbFFGT3JrNFl4MUdRa1lwWnFXTWlRQ2RxWFRqaHY5Z1BsMTQ1R1lDRnV5d2UxNDVTYk52QThGRVpsUFJQNUZ4QzhuZk14VHNVeGJ4bEZqZEt6dUJXUmlKZlF1aDF1LVRmQ3FBYUtCc1NrMm9WUWJmQ3d1U0hGZ216US16dXVqR1lmS2ZvYXAwc18teHktTGI5SEY4MXh3aWU5WUdPcVROS1c?oc=5
Citizen Digital (via Google News),"Four arrested for allegedly stealing toddler in Embakasi, baby rescued - Citizen Digital","Sat, 18 Jul 2026 07:33:01 GMT",https://news.google.com/rss/articles/CBMiqAFBVV95cUxQVktHaUw3b2hoZjRQRkFXT18wSV9sQVZNWVpzLTZPdDJJUWRWQ01oVTZYcHB5cEFlU3ljNHFITkFMZ2EzSk1USjZndVJnZlQyV3RSU3hOLTV5cWJPQ3h5Y3NGblBXdmJHczRSMmRxNUZDdVNQSVVDZk9GSzNWa0JKTVRUYjNTSE9rRU9IQjZPWDlkVWNleGNBS0VHcUhKcHBUY2p1VjdseHU?oc=5
Citizen Digital (via Google News),Gachagua celebrates Sammy Kamau's historic win in Ol Kalou by-election - Citizen Digital,"Fri, 17 Jul 2026 05:31:48 GMT",https://news.google.com/rss/articles/CBMirgFBVV95cUxNV1hIOGpJMFBMVnJ4aGl2MDVSb1RFTU91cW05THpwREVPOUJuemlDUWhCc3BHR3hWeEhDVjFUazVocFV3eDJsNl9vZTJHblFDamJGVjV5alVrSy1CVVkzTFNPLS01bktCdDdJcFk1WFNaOXRWTXA3SlNJbVdPQXVpbUJiWXotaV95UnR1bUo0SHlVMldGSC16ZnNOZV9iSHVkajJNOWNieEgzT21jU3c?oc=5
Citizen Digital (via Google News),DCI probing armed goons captured in Ol Kalou during by-election - Murkomen - Citizen Digital,"Sun, 19 Jul 2026 12:59:36 GMT",https://news.google.com/rss/articles/CBMisgFBVV95cUxPakkzYnMxQkVCTnhiaGZLZ2JyTXNuTERHWnJJNUJQTUVhdUc5R2wtOUViekIwSW9yNzNnalBJeTV4d1RJenk1R3pwOTByRzJSaW9OTEt4Vm05Q2FUTDNWTE5aVGJWZzBsR2x3QzVqV1d4TWluaFlOMkh3cUc2WmNRNC0tWXFTSE14MV9laWV5TzBOYzJvYUYxOW5iSTRLRnd5VjFLdERkQTFpQjZQRXplWlBB?oc=5
Citizen Digital (via Google News),High Court clears construction of 52KM road through Aberdare National Park and Forest - Citizen Digital,"Fri, 17 Jul 2026 12:29:02 GMT",https://news.google.com/rss/articles/CBMiwwFBVV95cUxNWm82MklBMVdNR1hhQmNnR2JMTzBaZzJuYUZfQUtCMXRiQzEtQzZpUGdVSVVKZ3l2M2JFUEhnaUdlb1E1ZmZQZGNHRkJnSXc3Q091WjBTUklGalo0aVNvODR6Vl9uRUZHMHg0N0FVSW9jT2xJWmxiNThJaDRNYnZiaElHYUtHbFc1MFFMaGxwTEh2MkdVNGl5aHJYMmdYZEtQT1Q2elI3TlZvSDNDUDJrcTdwZzlyeF90V29OMl9uVDc3SXc?oc=5
Citizen Digital (via Google News),"Ol Kalou polls: UDA’s Muchina claims vehicle burnt, voter bribery in polling stations - Citizen Digital","Thu, 16 Jul 2026 19:13:17 GMT",https://news.google.com/rss/articles/CBMivwFBVV95cUxOQVNZbzY4UE1mR0hMVTd0bm5MX1pYSkFVRGJNZ3ItWE55a0R4ajZZSWxUa2JWU2VHNlVaemtIN1hxLS1lbUd2WFd1YTZ2VGl2ekRiblV3WC1DMWJfMWhEX2Zua3V1cVRkbUFoUnIxRWp6VlduSV9fVVVKQVdvQTV5WFVzUGJRVW9KOVBaaS1XalVVNFpZWVdaS1hxQ18zQkNnMzRFcEt5di1wMnBmUUtzSklqZld6emJjRGgwc01haw?oc=5
Citizen Digital (via Google News),"Twin killed, brother injured in Kamandura road construction accident - Citizen Digital","Thu, 16 Jul 2026 08:49:48 GMT",https://news.google.com/rss/articles/CBMiqwFBVV95cUxNVWdKM0E5dWdQdjU1eTZuM3RKVXdjR1ZYa25aVzFXaVctcFYxOENicExUV195UnV5LTlTYUxzWkpGZTJPZldCTnY2V3k3eHppX2lwY2s1bHZLUWtfaEtqcE9CdVp1Y0VoZW5IOEtlTzdMWjlYVUhVMmVBcU54VFNtNGFNQlZZS2tDRk80dnJpZ3A4OWFta2dqTTZxZENUejRZTVBGdF9WdkRQVDA?oc=5
Citizen Digital (via Google News),Ol Kalou by-election: Police to impound cars without number plates - Citizen Digital,"Thu, 16 Jul 2026 09:18:29 GMT",https://news.google.com/rss/articles/CBMiqAFBVV95cUxQNUN4NG5KczlXNk5jZERxZUpvTV9oaXZkemdKSFVmZFZpUzhsWVBoZTdqQ3hEZklpcXlYTEktc2wydjd3TmxvY2FaRThPNnp2M3c1QWl1RjlPNDcwcUhmTGxHbjJPWTJyZnJvaGVvZW04MlFhVWVUSTNMbC1pWng0YlB4TFM5TXdITHFTTGZpQzlUYW1uckRsT3UxY1NuWFVEdTRfbzZFQkU?oc=5
Citizen Digital (via Google News),"UDA, ODM coalition will bring in 17 million votes - Wanga - Citizen Digital","Sat, 18 Jul 2026 18:52:33 GMT",https://news.google.com/rss/articles/CBMimgFBVV95cUxQRzJ0d0dTc0tFTW8tX3plNWJPMHdyLTU2eVdkWU5sckQtS1FxRHd4Z3lBbDFkUVNkb1JOMDZxVFNtaVpMZnhMdFhVS2RZSlhscTQ3dTZ6akpzVmJacWNfZzktMWVvdU1IMnI3aUpzeGd5cmpFTkpKSTZqVThhbmFCSGhTNF9haEV6ODRyTm1vUkw3R0VfRU5zNlNB?oc=5
Citizen Digital (via Google News),Murkomen hits back at Gachagua over police rape claims in Ol Kalou - Citizen Digital,"Sat, 18 Jul 2026 16:38:21 GMT",https://news.google.com/rss/articles/CBMiqgFBVV95cUxOTEpFa3FyYkkwX1psVXhwWnpDY2V5MWxSdk50eURCb1J2YnRDSUpaN2xIZ0lKSm40eWhLdk9jMVhWaFVKODF4NU1HY055bWVqWUxmMzA4Nzl5Qm1wS0dYbGFOSkdfdlJEb2xMc3ktdGNDYjFuekJROE9hMzVDaTViVWFVWE94UGEzcEs5bEVCNWpqS2RZOUJSenBnSlJpUUY0TWc5cnc4Y0xTQQ?oc=5
Citizen Digital (via Google News),'Niko Kadi' mobilizer Allans Ademba arrested in Ol Kalou - Citizen Digital,"Thu, 16 Jul 2026 07:35:09 GMT",https://news.google.com/rss/articles/CBMimgFBVV95cUxOWFVvaXUwYk9RUkFNQnpiYXdHeGY1SUxxNUNIQlZ2aUpSVHlXX2xOU1k3NFMxVG8ybWVHRExOY0VqMTN1X05heUsyR0hMaTQ2TXpuRThfRFRHWnRxTkVNM1RLV2hFaWMwcloxU21sdmpPak92R3FyUjlYem9FdHFvTEhXclNPaEM5czNYLUwxWlp0QnhORXJRUDh3?oc=5
Citizen Digital (via Google News),Petition filed for removal of Kenya Pipeline Company board Chair Faith Boinett - Citizen Digital,"Thu, 16 Jul 2026 13:23:45 GMT",https://news.google.com/rss/articles/CBMiugFBVV95cUxQazl5SExKVkVCSEE3YjZJSFNtOV94NG45QzJZNUFST18yckhqeXZCcG8xNHc2cTA1NXdmWjhXd25RTS01TzB5VmFhZkNTcnpTT3N2QXBlbHRnRFZKM196czFNLUFmTkY1RHNaMWZrLW9iTWNfNExfWHJobXM5bFlLMTZxQmx6RWgwQkZVemtVMjctUXAxaFBwc0Vpd3I3dmlKaG45ZnB6VHpsbXB2Q2JOa2dnX0J0c0ZWWVE?oc=5
Citizen Digital (via Google News),Traffic disrupted in Embu as youths celebrate DCP's Ol Kalou by-election victory - Citizen Digital,"Sat, 18 Jul 2026 08:09:29 GMT",https://news.google.com/rss/articles/CBMiuwFBVV95cUxNMnZSVHN3UVViRmNxdkh4RHBid0lTdm04WlBNMU5sRmRPUW4yNHpMWjNqV1BjY0QtVHZGT013NGkycXltZlVUX1lxZDE4T205UVhILURWcnNrcE4tVkVyZFVTYWx0Q2h4SC1MY25WTHMwLWpGWkdQZ184N1ZEWVNRQy0zNVJOR2l6eHVva2hWcXZ2TEJnaGs1MzdCSDVkSG94SVdxWlc2VHA1S0I2YUF4MGkxQ3VqRUxqbERB?oc=5
Citizen Digital (via Google News),"'Votes are protected', IEBC dismisses Gachagua's rigging claims in Ol Kalou by-election - Citizen Digital","Thu, 16 Jul 2026 14:52:24 GMT",https://news.google.com/rss/articles/CBMiwAFBVV95cUxNUXhJd0ZZaHJSWXAyUmFzUlJFeWg4aEcyMGhOU0hySnZfOHRDRUprU0V0UlYtODRZTWoyREtjMGV1cDRjdjR0OHdmb2h2SXBKOVFiZzFRTXJvLTIzUmZzU29acGlmVndqMi1wTWdMa3VIaEUwdlRFc1lOSE5Jek5BdnJiR1pYc2xWZmFobnI3aTdHb1hTaEo3MTU5X0t1TnRJTjNQZ0V4SzhCWlYxY0lVZHdyMzRpdXk3NnozcHZxQTE?oc=5
Citizen Digital (via Google News),"'Broad-based leaders are arrogant, don't listen to voters,' Millie Odhiambo on losing Ol Kalou poll - Citizen Digital","Sat, 18 Jul 2026 10:51:07 GMT",https://news.google.com/rss/articles/CBMizwFBVV95cUxNd2NNRWtuNXJUSkxNZmlISDFxckZQcTk5TnBIcWRTVVNtaFJLdlYweTZERFhvN0NYVk02YnpUUG1pbEJhYmdlY2F4ZkRSTURhTEV2S2RFZGJlZDJiSUdIQ3lmQ1l0YjJTekstQzNJUnRmZVNDSEdXQUd6a2xNUVR1R2lUT2NPQkI5NmtoWC1sS2tQTHZWM3VTTXZLbW9yQ25rT2NHWWtiNFVFeVh5dk5oNzduLXJwdTRfOEhVMHd5Wm92ZE1qQmtZdllhNkkxUDA?oc=5
Citizen Digital (via Google News),"Four suspects arrested, 3860 litres of illicit brew seized in Kahawa West - Citizen Digital","Mon, 13 Jul 2026 09:32:50 GMT",https://news.google.com/rss/articles/CBMisgFBVV95cUxPZnNqcE9sWkltR3c4cWc3czU2Q1h3YWtCOUtBN0NCVEk4NHlZRDBQSkk0NVgxc0xNMWxXRW9DZlNQYkpmdmlSc3RELWEtYWcyQWdfY2QtOGtmRTJVZkpwUWNSVFFfWVR6OVFIaW5ZRG02emxNclFfMDFPS2wxWnRMR3NWbGpoMHU1SXplMVZNYUIzWEFqTWtWdUt3bkZpZlczYkNETDU2TmIxZ2ZnNF9jQ0hn?oc=5
Citizen Digital (via Google News),Senator Karen Nyamu served with demand letter over Ksh.500K debt - Citizen Digital,"Fri, 17 Jul 2026 13:41:21 GMT",https://news.google.com/rss/articles/CBMipgFBVV95cUxOY1JZckZibUVhdjY0NF9zUmpRM09neDJ1RnJfUnVJbE5oRlVKUE4tSWZQMUd2U1ZXMlFRUUNxdmlubVpPcTctY05oZHdHeVNIZ3FiMmk1QTB3ZHpYQTFOOUlKN1ZOZmJMUzljYjJ6V212TklxUHM2bGlPaEZSTG5yUmRwaWZqM0NFcEtDSzhJSlFGWkxoQWVxWTZXMlNRWGIxMVJ4cm9n?oc=5
Citizen Digital (via Google News),"'Elections are not a matter of life and death,' Ruto speaks after Ol Kalou poll outcome - Citizen Digital","Fri, 17 Jul 2026 10:30:56 GMT",https://news.google.com/rss/articles/CBMiwgFBVV95cUxNdUVOOW9hN2k1OXFHTEJnVUlZWk1uRHN0cWpGbGlUSFdTTUdudUszejFQdjBKbnJTM3AwZ0F3eHY4QTE2QmtuVzVmV1F3X1ZqUFZzTDY2X3V4STd4M200QzhLZndBUkxMNEtMV04tbFdZWUZqU1BFQlRsRG1oWGM1T3pyc0xkcDVxUVY5Q3hsSEYweUJTVXNZMXhxNFpwSHJMRVM3Q2VGcktMVWZLRENoY1hRVGpsMlVsVEl1aGpsTlVvQQ?oc=5
Citizen Digital (via Google News),The Kipipiri script: How Ol Kalou by-election revived memories of KANU's defeat in 1995 - Citizen Digital,"Fri, 17 Jul 2026 16:35:53 GMT",https://news.google.com/rss/articles/CBMiwwFBVV95cUxQd3NjQlBlQ1JKYlZucVJ0cmIxLXRyODNJOWwxZ2pjQVBVNmlnbVhqejB0eEo4VWUycHFMZFJER3R3RXZ5Z2haa0MtNlMzemhNcE90WFMwTmFkV09ZWGFqcWtGdzZkT3c4SWpMUXlTMERiZlc3emx4bFZTeVdvX2JReE5NOTgtLVo2dHJzNjZhZG5GVEtSY0xLVWdGVlNMeFFfTnVWNmtMYTZjaGZBLXV3Uk5IQ3BWOWl3T1VWTVlNMlRLLTQ?oc=5
Citizen Digital (via Google News),"'UDA is repeating Jubilee mistakes', Kang'ata says over Ol Kalou by-election outcome - Citizen Digital","Fri, 17 Jul 2026 13:26:23 GMT",https://news.google.com/rss/articles/CBMivAFBVV95cUxOUGtuYXJZTk1uVm1Tay16Tjc2d0xQczVlMFk5WlM3NFNsTlRPdHJRUEtqMy1OVmJRLVhXUUxValBCbkRjVGxvazl6cEdPQzNpT1NfNXhrMUpzelNmZ1diamtPMUxzLTMweFZsYlBCOU9Xa3A2dG1mQ0hIRGNBV19IVnBEV1ZNdGtIRVQ2cjk5dmxiNkpjaXFfaDQ2Q3NrOVlUbEg3YlNJeVhhLU9zdUoyQmx5Ny00NzlITWZzUg?oc=5
Citizen Digital (via Google News),'The writing is on the wall': DCP's Sammy Kamau warns President Ruto after by-election win - Citizen Digital,"Fri, 17 Jul 2026 06:33:49 GMT",https://news.google.com/rss/articles/CBMixAFBVV95cUxNT0IxdlZydDlqVmtmaXlWMjd4ZzN0VjZwTVVycFMyX2NQSnh6Q1NlM00wWWtfX3JHeG9zVlE3T0ltRndPQmFJeXVQYU5wWHpydmh4dkdXT250TFpVNU1ESEsxSjk1OFR4VkRVc09lVkl0QTlPOTNNRHlxNDczQ1FVVTZycFJuQWdrWEJSOEI0QXQ2Q2VEeDRCYUN0NURMSjFkbjRUUWJrcEdzMlUxMzBJa3h5N3hMZVVNQXhqU1NWTlZ4Zm5H?oc=5
Citizen Digital (via Google News),DCP's Sammy Kamau Ngotho wins Ol Kalou by-election - Citizen Digital,"Fri, 17 Jul 2026 06:10:13 GMT",https://news.google.com/rss/articles/CBMiiwFBVV95cUxNenZhVTB0djhyeHR0N0FsVkJUZG92RUR3bnBZbTA5ZmZyckdBMmtCdU00MzhZT09DajlBRFZZWVJVbEJCNW9EZFNiU3JPSW5EaEMwMXo2MU9WTnlBN0wtVGpNTkVDTlhwR0hiLXpZWUN2cl9DdmJrRWVLaUNGbDc4Q1daSHRoNWxpajFR?oc=5
Citizen Digital (via Google News),CS Kagwe rallies farmers to embrace digital livestock identification programme - Citizen Digital,"Fri, 17 Jul 2026 08:56:38 GMT",https://news.google.com/rss/articles/CBMiugFBVV95cUxPU2dzQXhEcUVLNjJYc0I5eWpNYlFmYXZuc0pCMHdjUFdaSWpFdEw3YkJJN2VVRE5OcU1Cem9TRW1vWFBKcktQNzVNRDhLMk1PUUhNbVZJRmgwNkVBYTVKV0VmVFo1QkRWX3ZYZTNmTlY3LUFwZWNiRnVpZHRqWWNoT09xcWRpQkd0XzE4TmtUX1FvNXd3Y1NoWUoyVS12b28yN21zaXBBamFRQy1XZGNMbzBjdlp1X0o3QkE?oc=5
Citizen Digital (via Google News),"United States limits stays of students, journalists - Citizen Digital","Fri, 17 Jul 2026 02:44:00 GMT",https://news.google.com/rss/articles/CBMilAFBVV95cUxOSTJES1R5S1RiTk5tT1pLMjB1ckRPT2ZiSUNhbEx5NUhpa3ZpNDY4eHVaLU45YWxEc21haHZjaGM5T0dlVkVBc0tUTG1LNXRDd1JxWUlybjF5c09OVFY3b0tveHM1TGxldDR4aEZwdThNUUNBQ045M3VQaUh1TGtSSS1iS3FfQ1MzTENJU3BKTXFITGUx?oc=5
Citizen Digital (via Google News),"IEBC says Ol Kalou by-election 'progressing as planned', reports 38% turnout by midday - Citizen Digital","Thu, 16 Jul 2026 23:52:24 GMT",https://news.google.com/rss/articles/CBMixgFBVV95cUxNd3JPcW1ua0RTdXhCNldTRFFJV3gtRWdNY2l1d2M5empBZFlDaUFNZC15VTc5NWRKWnBsVlhKWW5aeUdhQTY0Tkl1ejdaTHFwdkRYQUFWZFFlSmk2TVk1U3BCQnR3Y0tKaENuSS0xcWtESjBDVnh4cndmTjNHQUNzMXZPUTJXY18tM3I2S1FOTFlQMXF5S09ZR3UyU3plaWNuemtiRUZLMDFaZy1GSGttUFAxYXF5RlZWcnpFcDVBTTkybUcyRnc?oc=5
Citizen Digital (via Google News),'Never forget!' Kenyans online revisit 2007/08 Post Election Violence as political tensions escalate - Citizen Digital,"Thu, 16 Jul 2026 10:44:38 GMT",https://news.google.com/rss/articles/CBMi0gFBVV95cUxObmpjMlFadkxwcm5BMGFfSG40aWhKaHE4bEVSWmcxWTdvbnVodTdWVFl2X0lBaW0xYmJ2X2IzQWYwQk1EamhPX2d0MUtFNzQ4bjBrQjJpOS1WU1pxU1ZxNDBNeWhBSm01YTVRcmRHdmdfWUZnbzI3RVJMb3NUSC1fbXJlMHhmVm1ZSV85TFZUb01tY3V1Q3JFTnpJYWZqWloySmJJM2hEVEVCbURPU25xM01NT2xCSlBjMnJqY3ZhVkMycExWSFJORlRaTFhSd2xhanc?oc=5
Citizen Digital (via Google News),Ebola spreading in DRC 'faster than any previous outbreak': WHO - Citizen Digital,"Fri, 17 Jul 2026 04:58:38 GMT",https://news.google.com/rss/articles/CBMiogFBVV95cUxNVi1lZnA0YjRlNGRQQzdYT1hIaE85bHdoUmtkeDlXYWFzckNncVVjR2hvcE92a0ZORGZMWFJhLS1janVhRzNha19lWlpMMUxDajBTZ2I0YmVibElHVmkxSXc5UThiSXY0Nk8zdzIyYlZzXzh4Q010aHdwRzZBMkhkME9ySDdhbFcxcXJtV2pVQUdoOTZLenBMaVd0SDB3dWY5WXc?oc=5
Citizen Digital (via Google News),CS Ruku: UDA spent about Ksh.100M in Ol-Kalou by-election campaigns - Citizen Digital,"Mon, 20 Jul 2026 06:00:29 GMT",https://news.google.com/rss/articles/CBMiqAFBVV95cUxOSVFIeTBJVjUzTDZxYXA3RnBMekUyX3N5aVNweHFsSGNTOVppd3RoMXp2NTZsM1Z4VnNtSzJrZGp2aTN0Y3F0WVdsNlhkajJ1VS1yUVM5U0VZXzExZnZYYzJwYzR0M1puTUN3eVRNU2otYl91MlZEV2p3bjZQS1RPdVFWZGF5NVhqMHhkZ0kyQWg5ZDBYX2NzQ2c1VkQ2OFFBLS1rUU9XUmc?oc=5
Citizen Digital (via Google News),Probe as unidentified man found brutally murdered in Mwea rice fields - Citizen Digital,"Sun, 19 Jul 2026 08:25:44 GMT",https://news.google.com/rss/articles/CBMirgFBVV95cUxOaXN2UHlES0twelJSX1VkVVVKM0pRVENOMDZGMnpkY3JZbFJ0Sm5KUVh2czBUOV95dmZyVHpWZlhNN0hLY2lZWjNRYmhyRW5Sa3lQV0RjUXJJQWxWUjJ6MFgySkZPaGxJaHROMHJKSG1SRENNaFQ0MDVzYWNDbWQ3blZtQkx2TTVXX2FVQXgzYW1qaHhpUnoyNUdjQ2hua3V1QnNhT01kcmtlLUFXeVE?oc=5
Citizen Digital (via Google News),"Gachagua: IG Kanja plotting to disrupt Ol Kalou poll with deployment of 2,000 police - Citizen Digital","Wed, 15 Jul 2026 10:42:20 GMT",https://news.google.com/rss/articles/CBMivwFBVV95cUxPZXJzUFVNS1djNjJiVzBjOE1PUEVsUFRHSDBOZ0ZuamVrdFNuQVkzN0VUalZ1UEdDQzVIRXZyRGxfSklKSWdkTGZrOE9ZM1pGODNMUWJtZFB2dm5UTjlOcXBncFVLU0hTYWxZNDZhby1PSDZWTmhobzE5dW5UV245M0pMbmlVS1FCZHFCZ1dUdVZZbVNKR1ZqRjlBeW9CaVBtVG1MNlp1Vk9wekdLbjB6c3p1ekNYVURpOUhnLUFnNA?oc=5
Citizen Digital (via Google News),Nairobi MCA among three suspects charged over robbery with violence - Citizen Digital,"Wed, 15 Jul 2026 03:40:13 GMT",https://news.google.com/rss/articles/CBMiqwFBVV95cUxPODZENVIyR1NzWHRYeWM2anRIb21Xd3lRZ1BVV2RsN21lMi1oRVE5bVY4aUJOQm14LTE1MTNKTlctLWUyLThwRkpYRDJheXBZaTBxU3BQVTA1V3FFQU40eWczOVAwQ0JoZTJQNXJ1S2NLZlg1ajlVSlkzd1ZaYzFIMmR5QTI2WmcxclF5N29oN0hDamhfbV9QRWVlbVVuMU1Rc1FCNkZ4bXBnWTg?oc=5
Citizen Digital (via Google News),Trump to bask in World Cup final spotlight - Citizen Digital,"Sun, 19 Jul 2026 12:11:29 GMT",https://news.google.com/rss/articles/CBMiigFBVV95cUxPX3ZFR1ZtbG4tQmxPRzNfc3FnYXAtS2Z2MS1zNFU0RUZqQXhXZU1iZVUtYy1ZbzFvX3VINktpeGFwUnVVWGRKYXhJNnBKWFV2ZGNTOVhJbUxWTDBoVXJOaE45MG9BMTFxUjgtei1wdjRNbU00cU5CWGYtNVZ2LTdCNlVNdkVPMzBTcEE?oc=5
Citizen Digital (via Google News),Infantino's enlarged World Cup gamble pays off with punters - Citizen Digital,"Sat, 18 Jul 2026 17:29:06 GMT",https://news.google.com/rss/articles/CBMinwFBVV95cUxOWDdEVlVYVGE2VTN2aWJObmE4SGlCdkUtTDVjNHhaM1ZUWVF2aERzZ25FdldGM2UwYVhKMGFsVHZHcDlQV3diTXpuWm1OanFhdVZ6N0p0c05sQUFCU1h5VXc3SUgyWnNuOFJoNEc3akZhNjAyc1E0MTUxQXJOZURiaWo1cWNkSUNRY1lRX0ZIVFZZN2RtdWhKRVNzcG5ULWc?oc=5
Citizen Digital (via Google News),Homa Bay: Man killed by hippo in shocking attack on his way home - Citizen Digital,"Sun, 19 Jul 2026 09:19:25 GMT",https://news.google.com/rss/articles/CBMipgFBVV95cUxQZWhrOW0tcHgtTldDMjVBNXBfMTdHQ1FOMmdGWm5hSklpalh0TjVSUXVQeFNtWE1YNUpyZVJpRnhSNTAxVlV6a2R2UWJUdmxWZHczSkItUVBPeU9wWmFna3B2dS01d1ZLSUlhOWcyQS1tSVFRUmF1eUNxYU50NVRNQ3p4a1hfZmZRLXFEMUdyNnlYenNLY05nUXpid1p5a3l0b2Y5ZXZ3?oc=5
Citizen Digital (via Google News),US renews strikes on Iran after two military personnel killed by Iranian attack - Citizen Digital,"Sun, 19 Jul 2026 05:03:30 GMT",https://news.google.com/rss/articles/CBMiuwFBVV95cUxPZDJaWUt2WDN3NnBOYmtqdm5MQVlOUGNFY0xPcmN4dndtZm52aV9mOGNhMkJsWHBaNi12TWZ3bVdUeEV2OGZ0X3FVcjFBbzQxWi1xRlUzMFFZazlSVUx5TUlLR0FOTTFrVTM0bG1xejlUQTVpWHktWDhOZ2ZtT1BLR01QM2xDbDRtTkM5VlB1VW0tSndJcVpYWlFyTnNPUDBzRXhoZXhFaWplTDBhNU9CLUNqdTVRaDBBUWp3?oc=5
Citizen Digital (via Google News),Estate beneficiaries oppose Ksh.120 million legal fees claim by Ojienda’s law firm - Citizen Digital,"Thu, 16 Jul 2026 13:01:16 GMT",https://news.google.com/rss/articles/CBMivAFBVV95cUxPd3AzeUZrcENTbl93QVFNaGRWMzZLd3hyNGNrRi1scGVGVk1sYldWN01pQm1VZmgxVjNHY1BIT0NKcThPSm8tbkhiX1BCTWdsZkxYUXBlb1ZTRTN2UWFvSjNROWtzcjdrcUdoeGRtNjVSbFl3VkQyeEJ3UUF3U29YenZpWXVveThEYkFIa1pSVW1fa3dXV3hWQ2w0czViajFwNXJadUFuckhaUWNpVDdIQkFnZjktQzNpVTZtZg?oc=5
Citizen Digital (via Google News),Ebola: 7 Americans quarantined in Kenya after US travel ban - Citizen Digital,"Fri, 17 Jul 2026 12:44:37 GMT",https://news.google.com/rss/articles/CBMinwFBVV95cUxOcTdRMUY0NmhIeWpxSWJhRmhGUVA3TC13bjVTTlNVTENhX084Qi1pbTc1aHZzZ3N2T0VCVFlIOUFKd0VwRnZxQldpeWQ2N3lKN0IwMDUzNHFvVV9yV05DSkhuYTBXdGVkbzFxZnphaHNGbnpGR09FUzZwNWlVU05jTTRVTE5UelY4NWZqdVk2dXo3bXVJVzc5V01YMEFQLVU?oc=5
Citizen Digital (via Google News),Thousands of Ethiopians rally against Tigray recruitment drive - Citizen Digital,"Sun, 19 Jul 2026 01:29:15 GMT",https://news.google.com/rss/articles/CBMi1wFBVV95cUxQcVYzX2toOEx5TS1fZV9Odkx6eWVKT2dSQldJWHlrczAwaWNsS3dZcFVnVl9YX3d2SWVWdVJfbnBIclkzVEUzOEFjdzhfMUlWRFBVOUE2VF9teS04ejRBVUI1MGhKV1ZTVko0Rkd5TEJ0dlZ1cXZyTlI4UzZqbG9lN0J3R3Eyb01PWVVZb3BNTEdGNDZ6bThoeGJmejE0NV9vLVVhaXYweDJYZ09CLUtLSXFpbW9xSnpuV3otY3kyeWRraGh4Y21GVTg4bjdaU1FtQmlWYmZuQQ?oc=5
Citizen Digital (via Google News),South African police arrest 69 at violent anti-immigrant protest - Citizen Digital,"Sat, 18 Jul 2026 02:23:29 GMT",https://news.google.com/rss/articles/CBMipwFBVV95cUxOYTMwSnFhZWh3VFlMX3NUWGUyLVZxNmhCTi03WUtIaktLRlJqN09mbzU3YlVWM0dtYUtmRkNtZlQwTUhORlJqZjlCQlRiLTRuN3JLWW8zN1k1aExwU0pOREY1TmF0OWxuRV9KeHA0V3RSMkVOQ2VpdWJLOXVwME9EZWhMd2xFWWpaaGh1WkE1ODRIYTRCZlJWWEpKZzNxZ3dNS0U2UExPTQ?oc=5
Citizen Digital (via Google News),"UDA concedes defeat in Ol Kalou by-election, says party remains strong in Mt Kenya - Citizen Digital","Fri, 17 Jul 2026 13:56:22 GMT",https://news.google.com/rss/articles/CBMivgFBVV95cUxNSkIyTXJscFh6RkJlVXBJMFVZYTBOTjJNMVNjZmRJekhKS0dlY29mV2J5WVg1YUpwRzBkY1VKTUNjWEE0QjQwOWk0TnMydGhpZ2k1QzZ3OTRzRjVaUF9hQkpDVlRVbHBRTVpMVC05VGZvbFlQaTdScUtTSGkyTlN2LXdoMHVsMURyRG42QWVudHI4VFpEVy1rWnhPMnE4SjFsdGNBZFRyeUZDMGYzTFFOOVNIcTNTcUIydGN1YmxB?oc=5
Citizen Digital (via Google News),"Sirisia MP John Waluke opens up on 67-year sentence, military career and life after conviction - Citizen Digital","Fri, 17 Jul 2026 11:47:19 GMT",https://news.google.com/rss/articles/CBMizgFBVV95cUxQMktXck5KU0RaMms5Ym0tWHZyUzB5Mlpwd0RDbGZKT29FTFZ5ekx3QjhfaHg4WDRxQ1VWa2xPb1dMdDBXbG9PckxGSndsUkEwQ0xqaHgzODV1T1FjaFo5WU9WazRrOHIyTF91ai03em1YcEhFUmVnNEtBWWl3VTZ2ZnJXWE1jX3JHSldibUVxb3JubVQtaE9wSzVHVU9SZDZfMWFQX1BWc29qeXhaWnU0SVRqdDZVWU1JMFZhSng3b1dxcVNjdWZjQUh5QmJ3UQ?oc=5
Citizen Digital (via Google News),France don't want 'chocolate-medal' match but team want to deliver for departing coach - Citizen Digital,"Sat, 18 Jul 2026 05:39:49 GMT",https://news.google.com/rss/articles/CBMiwAFBVV95cUxNSUR5MGtpXzRkLWRtSFFJSmU4T3ZiYnZwcW1uRVI2UllFS0dUSnZ2emtyOW1xTTljRVp2aEF3Tnd3Q0VwTGlxN3RXdGdBeXlxeFRoYXRkMWpyX2NCS19uTndUQUREWmFtV2pnOFJwa19EZEI1dzJhV0cySENrc0hnZUw0QVVBeW1xYVAtbFI5QUR5QzY1ZjlCRlYwR2FqdmR2NmlqdmpNNHo5NXE4V1U2UUd4cnFvYWRvWFpiVlpOVmU?oc=5
Citizen Digital (via Google News),UK minister urges FIFA to investigate Argentina over World Cup Falklands banner - Citizen Digital,"Thu, 16 Jul 2026 17:45:53 GMT",https://news.google.com/rss/articles/CBMiuwFBVV95cUxQVUJKZ2hkSWlTWm8wLUVPM0tpdzdVUjEzOTZKTGxlY21KaTAxSlNESm12QmxSMDFrQ2xNTTZOUm94VDdKMjNPZzY4RVVLeHZGdzJldXp5eV9qQ01MWUZqRm9RZnBSbFF5UWV0N3YxbVQ3a0ZONnl2aXJsMXNJS2hFRFJPcXlxd3lIdElNTndMbnNhVUpodnBGcG9BNGxaRjJvNmxMQ0pmdHFKc2RqbkpFM1lTbmgzZFN1ODJR?oc=5
Citizen Digital (via Google News),2025 KCSE candidates urged to apply for scholarships as Ksh.30.8B allocated - Citizen Digital,"Mon, 13 Jul 2026 11:47:41 GMT",https://news.google.com/rss/articles/CBMiswFBVV95cUxPVVptVXNWdmNBQTY0X2ZlMzJZTmlHc2NDWkltbjE2WHQ3Umg0djJseXpWZXNvLVFUdDFncU9QdmRKUzdhZG92QkNMaWtQNXhZWWkzbnpqODhaMXpTZ0NmR1VpYk5HQmRQVjd3alFTV2piX3plazNmZkdMNVMwWjBIM0F3NnI2dlZWMjM3TVlGd3NHQ1M5SnQ0VE5Ma0Z0b1lZSXJGME5sTHhONjJKT2NXZlYtNA?oc=5
Citizen Digital (via Google News),US reports 'wave of strikes' on Iran as war returns - Citizen Digital,"Thu, 16 Jul 2026 01:11:58 GMT",https://news.google.com/rss/articles/CBMikwFBVV95cUxNNElWaENwNG0wMGM2NE1jRDJJVTBmbjlPVkxmbkRDWS1MZU9Hb2tqeFVHcnlEN1RDNE1YN1E5Q2lUVGtHQ0dwendvcmp1c0dpUWJ4S2NpTnJxSnFPMjVGUXV5UkFKU2pVYm8tUXBNRll4M001aHRIcEcyUUJFNzdUVzBxbldWSDgwNG15V2JxRXZfX1k?oc=5
Citizen Digital (via Google News),Citizen Digital - Citizen Digital,"Tue, 23 Aug 2022 02:55:31 GMT",https://news.google.com/rss/articles/CBMiV0FVX3lxTE9yVTB2dEJySW5aZUYwMzVyVE1rQ0UyWTBNZU5EWUQ5Ui1JSTh6cTEwaU5xaFExcXF0c01RQ3VpZHEwbGttY3p4RHFXa3hWVjhRQXBFbjNmVQ?oc=5
Citizen Digital (via Google News),Campaigns end in Ol Kalou as Murkomen assures of tight security ahead of Thursday poll - Citizen Digital,"Mon, 13 Jul 2026 22:30:05 GMT",https://news.google.com/rss/articles/CBMixAFBVV95cUxNZkowczQ3TWhYRFF2VjdkVmxvRWFJeHdMX2FsZW9CWFFYUWtSQzBDdHVxWkVzdTVGbHE5NkVkUUJmcldxSlJleS1Yd21FaUZiMFVweHpZbHJqYktWbFZwRkNDbXppRmcyZlhzYjhnVlZMR1FzVHRjZUJucnJqaG4xXzBTekJ5V25jcFpOZTEyX0RES3ZENVhVSEpiZWhVUGNkb2ZtQ2U0WGp3NWVEcVI4cllvYnNycnV5NE9uWlpYU2JmTkJu?oc=5
Citizen Digital (via Google News),Spain beat France 2-0 to reach World Cup final - Citizen Digital,"Tue, 14 Jul 2026 21:58:56 GMT",https://news.google.com/rss/articles/CBMijwFBVV95cUxQWnRXcm9tYW5pMENob0RMcEt3aXhqM0EzQlFVYl9jb01WRDE3WGNxVmlQRlBUenRrUXBZYTNWM055NHMzVEhpVTVaUmZnOTZzQWJfVThCTW15YnBMNjBPMzlQVWNFbjZ0bFU4ckRJOVFGd0xia0V6TUk4TGhhblh0ajJkb2w5V2p0T0xIVHN3WQ?oc=5
Citizen Digital (via Google News),"DP Kindiki still most preferred Ruto running mate, Wanga and Oburu trail – Infotrak - Citizen Digital","Tue, 14 Jul 2026 04:43:32 GMT",https://news.google.com/rss/articles/CBMivAFBVV95cUxQUlc1emw3QTB6MHhMOXNsdjhGenVreXJhMHRzUEhFSVlBU2RpWWRCNmM1VllBOUZreXdtSjRydjdtX0ZvR2g4N3hBMUtNb0NSNm9JRktFNUdMZmVUcDZRYmFUV0JsWmwyQm9CVUkyRnk4Uy1zOVdMUlBHa2lxRnpKOThnYVJTTDNWenFEdDlGVko1dmdtZjRPa0d1ZHZEOElkNDF6eXlHRkNYeXNRdW5lbDZKQ1BEdVVYSERSUw?oc=5
Citizen Digital (via Google News),Four officials who approved collapsed South C building charged with manslaughter - Citizen Digital,"Tue, 14 Jul 2026 07:00:00 GMT",https://news.google.com/rss/articles/CBMivAFBVV95cUxPc2o5S3pHTmR0bkNlaWRDTURITHhVM2xicjlnS1lrWGFjMWpUSmpPT0J2MmZ0T0UtcHkyaENEazFILTVTNGl5aEd3NXRWSVpNczV0SFJmUXBwZlZSVTRlNl9jNlp1UGF0Z2oyckJBZ01CNW9vQzNCVDJQYU83dUpLX05RRjVDcGJhLVpDOENzZ3VOb1lxM3NRSGNYNzlUc2cwZTJDN3NMa3NnS2ZVdTZJR1lkU3VNTGxDbWFkbg?oc=5
Citizen Digital (via Google News),Trump backs down on levy on Hormuz ships - Citizen Digital,"Wed, 15 Jul 2026 01:45:34 GMT",https://news.google.com/rss/articles/CBMihwFBVV95cUxQTG54cFMtMDFTWHZsRGo2RHgtbTMzSTNBcFo5X21fbnNjOWdRN2tOV0JlQnZDTjJROVNHV0hiWEFNemh5Vl9YR3BmNmFhTHVpOFNoVUc5SHFZOTRCZmhXaDhpTXB4NkN0UVFzUnJPdjhVMEFNaHlqaGotZGp6MXJ4OWZkdDg3WWM?oc=5
Citizen Digital (via Google News),Ol Kalou by-election: IEBC warns against unaccredited 'super agents' posing as politicians' security - Citizen Digital,"Tue, 14 Jul 2026 07:00:00 GMT",https://news.google.com/rss/articles/CBMi0gFBVV95cUxQSTRFZWRobkFHYU1xRkd3SFhJWHJoU1pFWGpuR1hkOEpkUDg0UmRHdjRCenhsbExRTWtERWU5UWF3ZldORHFYUjZtaHBvYWh2cUZ1NWJHcEY4bjYwUmtJSUNZNVF6YUR3aDJTbG5vc1Rya2JqZHpCTjU4b3JrSnVDeGlUbzNPYUxCUEZiS1czNXNub2VST3ZVcW1Oa3d1S01MX2hEWmNfdExfVGwtV0pmbS0xSVVmZjdTVnF1WmRLVWh2NjRuUVFjN2g0ZU1FSV9qc1E?oc=5
Citizen Digital (via Google News),Governor Irungu Kangata’s driver shot during Linda Mwananchi tour - Citizen Digital,"Sun, 12 Jul 2026 15:31:38 GMT",https://news.google.com/rss/articles/CBMipwFBVV95cUxQZkpncnMtUmotTURFM2xLY295Y0l2dzRnM21wbWticU9ObFN2T2lkMEJ5SWVxcjUzbDdkcHBhUzRBeGxBaE5HaFFRakxWWVd0dk9tVHJMZUltdzdFbVFrY1MyYVpUV0NZWDEyZHpPMjJTMUo2SWFZN0oyS0dyclllYXQ3eEJReGxWakxxdVhaT05EXzRzLUNwQnNLRkpXTmNqbVctS0lIZw?oc=5
Citizen Digital (via Google News),Three killed in accident on Mbagathi Way in Nairobi - Citizen Digital,"Sat, 11 Jul 2026 10:30:07 GMT",https://news.google.com/rss/articles/CBMilgFBVV95cUxNTjVoSEx4RkRvZnh5OU5CSDlwczgwR1VMSTAwOFVnMXJTMlE4Zll0Z2ZLMUZ3UFhvbFgtUXFEdzl4alFLYlpJbTVGMy1zRWVDR3V1QU1oOVphYlpFVkZmOWR4enpJNzVLcHRqSDJEVkFPLUZEdVBCVEphcXRUSzlqQnJWWjltZzN0dTYwREszdWJvamVJX1E?oc=5
Citizen Digital (via Google News),"Githurai Cheetahs, JKUAT Starlets win Kabaddi League titles as season two wraps up - Citizen Digital","Sun, 19 Jul 2026 15:40:49 GMT",https://news.google.com/rss/articles/CBMivgFBVV95cUxQWG1Xc01QcDRoa1BmLVp3SzhXZGRjeHllWEctV3ZvbTVDSm1LWEJLT1RPaXRTcXl1XzdMdHlJNjFadGR0UXI3d1R5OEpVd3JXSVZoaUFYcERiOFN0QjlwTHh5OEREYm9XQkhQVTVnNjZzVUJlRnZuS1ZnUFJTaTVBcHhLcjZNdlkta3VSWm1SNENtM29zMUxNejdxVjBxZF9mZ2xPRGFLQ3ZPWHVxc0xfbWdUQ21QaGE2SXRSamh3?oc=5
Citizen Digital (via Google News),UN experts say migrants abused at Tunisia-Libya border - Citizen Digital,"Thu, 16 Jul 2026 21:11:17 GMT",https://news.google.com/rss/articles/CBMi1wFBVV95cUxPWFFuZWVjdG1qSzlNdDRTdnFNcjMzejd3NUp1eTlaLTNZN2k4dFM1UWVyX2tNZDgxUVdkREEzUTUwNFg2eUl0WnF5LUFQVDllNklvREUxVThmQ2pGbXhudzNYd3JLbnR6Z3NUNV9nOW1faUhpNDJzQTNkTzg1T3ZJc0JMZEtlTE1NQzF0VHFhZGlKdXBoRDdGQW5Bc1VHbG1KQl85clR6UzFUc0RSUnBRQzVwaXFud3dWNExNM2NaTW04eHRiX196ejBncm9JMkFzUTRDS2VNYw?oc=5
Citizen Digital (via Google News),Iran announces execution of two anti-govt protesters - Citizen Digital,"Sun, 19 Jul 2026 13:09:42 GMT",https://news.google.com/rss/articles/CBMilwFBVV95cUxNQzdCQk9pMml6ajN2dFJzWHgtRVlXRmRBZ2Q5RDF0NnlRRFdwOGJzaHdiN1dDQmNMdHg5bTRkUm1fLW5aRlB3TzFkLXNoVzNETWU2b3pVbFpTd0xvTEpUblJraEJrNldpLU1TR3JmOXoyR1RpUkJFaXVFMFZ0VFFXZmtiUWtEOEdwMVlTUG1TTlNlMy1uZEJF?oc=5
Citizen Digital (via Google News),Hungary's president to sign constitutional change removing him from office - Citizen Digital,"Sat, 18 Jul 2026 21:52:36 GMT",https://news.google.com/rss/articles/CBMi1AFBVV95cUxPOU1jcHlPRFNJV01MeVVXRHU5b2VkYUhzOXl2dllCMDlEbXVwdTcwYXZOb3FxSnV1NkhKOWJwSmF3RjdRcHNrRWxaVUt1TXltaHZzRHdoMGRWRWdtYWRmQ0xGYkpGZnE5TjNrQlNEam94cWQ4d0dRSFVoU2JRdHE2UGRiYTZyYmJ5RldtZVdEWWZ1Y3M2V20zam5xb1lCeWQyRDMyWWc3LTZCd2FXZC14X184eENMY0twcEJkclg0RnE2NDdGVjhIWEtibnpsbjViSFdEbw?oc=5
Citizen Digital (via Google News),"Lebanon, Israel conclude two days of 'positive' talks: US official - Citizen Digital","Thu, 16 Jul 2026 00:04:32 GMT",https://news.google.com/rss/articles/CBMipAFBVV95cUxPSWIwWDVqV3htbm1CWENFLW1jVDZ6M1FqOFJaX2pTdGNHSWZFSldfQm1tWjAwZVFqR3U5SDB0WmV0WnByYW9OOEpObmIwRGVfVEh6QzRWdExTQTU1MWdZMEx6aW5wYXFhakFtd1FGbmtlSmNrOFlId2lNM0E3OFBSaWRBWDkxV3F1d2tqZDNkX0NfQ1dKbjN4YTFpVEVxWkxNbEw4Xw?oc=5
Citizen Digital (via Google News),"Actor Sam Neill died of pneumonia, says agent - Citizen Digital","Thu, 16 Jul 2026 05:12:41 GMT",https://news.google.com/rss/articles/CBMiigFBVV95cUxNV2Q5dnVrMFBPRzFjRG9OQXZNMGJtSjBucVFJWWpTSUZheDhZMHc4NlVVNzhYNXdzYUlzY3l2bTQyTFI1QU5ub01tRWtSYzg2SUg4WXRXYVBpZHpvUGpGSmJfMTFhVnhFd3plelh6ckg4X2pJMHo4S1dPR3lQT09KekltVGxEZmZ4YXc?oc=5
Citizen Digital (via Google News),Trump's fiery China allegations may threaten superpower truce - Citizen Digital,"Fri, 17 Jul 2026 22:37:43 GMT",https://news.google.com/rss/articles/CBMiogFBVV95cUxOUG16MnlQWnl5X2ZfeC1uV0NLb25GcE5INjd2NWZzTDhsVnU4QW53X0pVRWwzLU42N1VJMHVKTFpTcno4eUtXRUl1U3AxVGhSVkMtX0h3Yi1PTFR1akRudXZLRF9Tc0VKYS1pczlqVm9HZnZmS2VaSUVGamgtc2UxQXVKcmxMb3VSS3NLUkpBY0dadjNjV19DeTJSYk1jRWZ2M3c?oc=5
Citizen Digital (via Google News),Writers union sues to block US Paramount deal - Citizen Digital,"Wed, 15 Jul 2026 05:18:39 GMT",https://news.google.com/rss/articles/CBMijgFBVV95cUxNSVpvYnZ3b1pxVjdmcnkyeFkxLU5JWmRNVGNoYzhtdHk1WlJtUWlwY3JxQ3JWM1ViQkVnNllSdnpUUDFNa2dsY2VJNU1XWTNNUk1odEVNaW51N21vZEhWM2VGX1NZUWFkaGFIcFl5bDd3WVJ6WkxYVzA4dEtiMTZQdS05MXFvNUFJWlZiX2Rn?oc=5
Citizen Digital (via Google News),First batch of Kenyan athletes depart for Commonwealth Games - Citizen Digital,"Thu, 16 Jul 2026 08:15:49 GMT",https://news.google.com/rss/articles/CBMiogFBVV95cUxQa0dDMjlrNkNqSXVseGloNy1uTUVrUElaZVUwdmIyT0RwOFpoVjdpXzRhbmo3VHJ4bUloUzhIYnJyYUZWaVBEVmd3X3F1YWhLdHJwbUVXSEo0T0VSdk4zVG9lTkREdjI4cl9QSDc4V1VaNkt2ZWFGTGNrdFdxOXRnb2Z1Rkp6R2d3YXJVb1R5cV9UNDd5Vlg3d1lsVm8yLWZHSEE?oc=5
Citizen Digital (via Google News),Spain and Argentina brace for World Cup final - Citizen Digital,"Sun, 19 Jul 2026 09:09:47 GMT",https://news.google.com/rss/articles/CBMijgFBVV95cUxOSDVRQTZjc1lkQkg2SGZRRjJyelI3alIwR1JJTmJOeXJYZVRrZHdPSHYzQW5HWGNNM2hGV0N1QmgzamlsYjNvNFdtQXRWV0N1dmhCX2Z0ZS1pTmhuS1NRNlc2Q0ViSVhsSFpxblh0TXR5SExTVE8yckRSWDJZZUhvbzZVZ0J6c0dUdHlGUVBn?oc=5
Citizen Digital (via Google News),Departing Deschamps looks back on 'wonderful' World Cup - Citizen Digital,"Sun, 19 Jul 2026 07:19:44 GMT",https://news.google.com/rss/articles/CBMimAFBVV95cUxNUWxpbkJPNXdPWWVwdkIwZTR3bkhUTE9HZ05qVlRQYUczY00xY2N6TXNsb2dKZkI0VFNYZUkwOGE3ZlotQTVudFJYeUVRUjhocjNFQ0JBVzI1WHFDQlFBQnRNMlMtRGZBUXBpODdNa3RvQldNRFk1QTNVbGlQRGdXa1dFVGxUU092dGZfT2E2TlhyNGtJNEo0cw?oc=5
Citizen Digital (via Google News),LSK announces nationwide court boycott over justice system concerns - Citizen Digital,"Sat, 18 Jul 2026 13:15:11 GMT",https://news.google.com/rss/articles/CBMiqwFBVV95cUxPcjIwd0tTajZDRlBaMFNZSUw5T0h4NWthZExYTW02b2VsV1RFbmdNR2hYWFlqbGFsM0E4dVJ0d01NU2psNk5BZ2pXVzhOZmMxS1I5dHFfeXBtN3lJLTU5X0lNSFZHb0NTOGU0YVcyTjRuZTNIb0xwdUUyQklnNUtJRE5hT0dJeW56Ml9aQ1FqLXpKTUZwY3Q1b3pRNEtSZHpreFFCeTdtdmh2VlE?oc=5
Citizen Digital (via Google News),"Record seekers Hodgkinson and Kerr in London action alongside Wanyonyi, Duplantis - Citizen Digital","Fri, 17 Jul 2026 05:21:46 GMT",https://news.google.com/rss/articles/CBMivAFBVV95cUxPam9ucGRhU0kyY2pQRzVjcTFPZlB1d2pvZVg3SEZsTm80RmR3aTgzRm93WkZLeWxZM29WZFlFM1lrN3FQYzFhOVlhUjBWc3M2bXV2WklUNkQyR1B3YVVDTWFyYTJSZXRkVmc1S0hhTlZPY0xuOE1VWlNoUy1kaG1fSFNvekpCRFRURlhJMEcxODlvV2lyaVJtNmR0dVdfSjc0ZXkzem05Q1YwUTh3eDg1cGQzdi1HTTItZ1JWVQ?oc=5
Citizen Digital (via Google News),Spain's Yamal aims to join elite club of teenage World Cup winners - Citizen Digital,"Sun, 19 Jul 2026 07:29:30 GMT",https://news.google.com/rss/articles/CBMiqAFBVV95cUxPc2ZtWmlHZ2pvdXF3bzkyWUNEQUJGX3VJZHNQUW51dW9GY1QxQVljZ2tUZ2tQa24wVEtTZHlYSHNXNEZJOENHRGxzX2U1Sm1UZndmWEhnYW9pR21vYUFlM3lYeDBmSnRZMG9kNzZnVExsbWdSR2tXSDhxSy1zOWhwb2NfZFUyeW9PZkh5VmZHOXVRdHNYMHp6QVE3dGpsd25kek5UaXhONU4?oc=5
Citizen Digital (via Google News),Wakhu wins fifth leg of the PGK Equator Tour in Ruiru - Citizen Digital,"Sun, 19 Jul 2026 17:41:53 GMT",https://news.google.com/rss/articles/CBMimAFBVV95cUxOWEhWTnBJYkI0RllGRTBsbVk4b2g3ZUIxNHBJbldyODV3Y3diTFdDQVF0Qm5LOHJYWDZ4SzhqZDg2V3dJR285MVpQTUxaZkxpT205VHhqX3Z6TGNwMS1lSVU3X1lIYVNUd05wYTNVQjk3VEkyUW1nYlN6cnZ5bHVwQWJ3QmVzbmV6UzY1VFlCMk53ODYyTHQ4Xw?oc=5
Citizen Digital (via Google News),Strategic pivot that could redefine Kenyan football - Citizen Digital,"Sat, 18 Jul 2026 18:18:13 GMT",https://news.google.com/rss/articles/CBMilgFBVV95cUxQVV9OTkEwaDRaOEE1OWdyVjFlbzcxcTFEdjVPblRDc3Q4YjZVcUF2aVlxSzhfaTRlcVUzUnFnblN1bEp0UlE2a1ZONU11QTl2NWhoa0NBR2hZbk5oRHA1eFhsUlNDa3V3RWdOSG41YTNPdy1BSHlmMjhZbW0wUy11TnVXWHVvbXpVd3A1TUw5NDZUeHo2d3c?oc=5
Citizen Digital (via Google News),World Cup trophy to arrive in style in bespoke Louis Vuitton trunk - Citizen Digital,"Fri, 17 Jul 2026 07:06:56 GMT",https://news.google.com/rss/articles/CBMiqgFBVV95cUxOUU00TlpSQXM0WmwxbXBHSGNRY3g4bDlGN2dOR3llUHhKSE9QbzdISHVXaDd1THRWWU1USi02SjdIaVhyTFYteUVjeWNEcjF4WS1vOUhsX3VIbWFjekVad2dFeUpqRUtvdlpLOFd3a0FERXlyN3VFbjJhdW95Q2ZQUnlzYno3a0lYX3dNTWhvbUVBRHhKZ2ZROGo3UW1TdVp1dzRfeEdjTmhZUQ?oc=5
Citizen Digital (via Google News),Israel warns will respond to any Iran attack with 'full force' - Citizen Digital,"Sun, 19 Jul 2026 19:14:20 GMT",https://news.google.com/rss/articles/CBMiogFBVV95cUxOLUYyYWtmVEg1c1NsZU1tTGVVUnV5dy11c2hudkdGNkptTC1od1BNN1lJV2RjR1Z4TnlXVHByV183YXlyNThTLWx5NXpnSjlmSFMyNVdJdFZaM1lqdlRjazhZdEtzMXYzcjM4TDdtOUVQZW1TcnJIUmVOeDhXdFdGOWQ1WXo5aGpLRzhmSVQ3Qi1VM0Y4dnNhY3g0c0owaVpxSnc?oc=5
Citizen Digital (via Google News),"Prisons, KPA take control of volleyball league finals - Citizen Digital","Fri, 17 Jul 2026 18:26:33 GMT",https://news.google.com/rss/articles/CBMilwFBVV95cUxNSFlKOGZDbGxrdVZtZkthVkJWUVMyTDlINHFTU3BoeHc5cV9YaUp1WVhfcllMUDBJNUtqR1lMVlZoSGRjdFNVazU2V1c4Q2JrbmZOM21NbnRRbUcyTE5iQmZsQVVRYmhBdlpUSlBXUWtpSmZfOXVSQ0Z6dm94d3g4Y2ZrdzBMNS1PUm9ycnV2UTFXYnpTajdv?oc=5
Citizen Digital (via Google News),Tackling Messi 'huge challenge' for Spain: Merino - Citizen Digital,"Fri, 17 Jul 2026 19:59:22 GMT",https://news.google.com/rss/articles/CBMijwFBVV95cUxPay13WlBNUzBLTlRpXzI0dktwWXNDN1Iwdm96TXhCUmp2S3k0RXp5c0RNblZaV19MTndGYVI4VXE1cTdDaVQxQnRldXhjT1p5TEdNYy0tTzdRWUxRMDBNQUxwUUczVlgtNzA1a0lGNzRXcnRBWTBUWF9acnRCMlFLN2JHYnR2LUZUTmlpTDBOZw?oc=5
Citizen Digital (via Google News),Global clean energy firm targets Kenya’s untapped solar market - Citizen Digital,"Sat, 18 Jul 2026 10:40:02 GMT",https://news.google.com/rss/articles/CBMiowFBVV95cUxQc01jS213Vi03dzVjWGlkVGdVRUpoaHZzVzk3NFk2b2wtdWRjb2t5SHBvc25IRWtDRWFSOURvQTY0ZXlzU1N6MndZWjc2LUlIemdZajlZVjV6US1WejRZRHBCTURmTVFnRDZQblhpSDNFUUVJekFVbG10cVBpakppM3lkVEhwcVI1TWNYbHBUd29SSWhZaG1qaWk5M2ZBa3VqMUgw?oc=5
Citizen Digital (via Google News),Greasy Tunes: Inside the Spotify showcase that brought Kenyan music and fashion together - Citizen Digital,"Sat, 18 Jul 2026 12:29:37 GMT",https://news.google.com/rss/articles/CBMixgFBVV95cUxNb1hkVlAwYWE1eFhQZ09oNFlueFB4SDJ1N254SU5mNkVFUkFhY3Z6NGEtWGxRamtYNV9WS2V6cVh1QU1OVkZIOG1Qc2QwR2ZoYnZSOGtPc0dmaHNHNEZ2S2stczZaMlBLVmswRUlRbkQ4QjR4RUNZSDY4OGZweGl4anpvNmM4bjF2MWdWaUdvOHV3Q3RqWGpxZGcyd0dRek4zbzJSZjBXd2JFTjV0WDNmSzJvZmhuOFc2RzFtaUpyWWFBOHFZWWc?oc=5
Citizen Digital (via Google News),European Union wants bigger banks to rival US lenders - Citizen Digital,"Fri, 17 Jul 2026 19:11:18 GMT",https://news.google.com/rss/articles/CBMimAFBVV95cUxPb3AydDlzR2lNU3JPX2JGRWUzX3FtcjAtaHpyUzg5elgtT2tVMWdwRkJxekZ0OEYxNXgwd3FyeTNNWHYzREpIak14NG9sSWFKSWlnTmxpNEJta01BaC1VSTJ1Yl9FRTJfS3lHa05RSG9PeU5JV29EWHVhWUQ3Z1ZoXzBEcHRUYkpfYTh6YzBBS2diRkNXNEtleA?oc=5
Citizen Digital (via Google News),"Gov't expands Ardhisasa rollout in Mombasa, moves more land transactions online - Citizen Digital","Sat, 18 Jul 2026 13:39:43 GMT",https://news.google.com/rss/articles/CBMiuAFBVV95cUxPWkp4VHMzNzBwRFdDbnE2NnRwZUF0YXN0cG01SzJWSUxUalBOYWJiYmNLRENlZm9GbXp5N1RfUzNfdnpST3ZLanlhQjRTcGFFaUxFSDEwdVhra1FZRThwMTJvZzBHZWVoakhkZlgxejk0Smt2cW8tX2t3Q1N2aHNPdTIxVTBDU1NIaE0wd3BPdlhKaTFNSkV2UkhGUVoybFBGYmpJSFpJckZVUlJ3RGVPYzYxa2czMFh3?oc=5
Citizen Digital (via Google News),Pocket-size AI: Powerful phones star at China show - Citizen Digital,"Sun, 19 Jul 2026 06:24:11 GMT",https://news.google.com/rss/articles/CBMikwFBVV95cUxPaU1TY2hfN2tuNk9tbEpVRERWcks0NlBYMDN4T2pJZ1N6Z0FsUklvUThuLXp4QXl0bm9lNFV1QlBoa3pwTDU4WVhzUXRfS09CS1BZYThSMzdrZGhZSHFjb3hsOVZ0ZlVJZFI5dlZTTDhWOFBDNEZqRnJYTTlUSVIyVUFiTElTOG1ZRThLWkV6YU1SaDA?oc=5
Citizen Digital (via Google News),From swamps to rice fields: Homa Bay farmers reap from revived farm - Citizen Digital,"Sun, 19 Jul 2026 18:40:18 GMT",https://news.google.com/rss/articles/CBMiqgFBVV95cUxNbkJLelgzX3NNeWVqRW1NR1BHWjllQUdXSGJJWi02clNVYmwzMVpzOXJCMnJzQnVaTk1lTW01dm9CSWRLdGxwa3FLWnExaWNMSVJaTGROV1UybVh5ZmJMa1VLbnBZbE1HYzU4QnNvQ3FtVGpxWGpGMXMtN2VVM1pDXzlRX05KeHRrWU9kUS1iNkpyYzktVHBxcC1xSTl4YndqcDVnbDREWHJEQQ?oc=5
Citizen Digital (via Google News),Calm Antonelli takes sixth win of the season with victory at Belgian GP - Citizen Digital,"Sun, 19 Jul 2026 15:51:20 GMT",https://news.google.com/rss/articles/CBMisAFBVV95cUxPN1Q2MUJERXpRN1gya044VXdiemYxZlJCcG9yMlNrUGN1YmQ4eFZMME13UlNfNnoyMXBVTUJoNEptUkE3cDcySmgySkJaTTlzVVVTY3lCcEdyUGdtWnFiNXdGZWxrU2VWVC1XZThTWXlRYWJlbzZCQTNWVEExR0E1NmNCRUE3dG5iV21NMzIyMVV4TVMzcV9BaGhfcC0yN3FaZmF1WXVnR2JONEtneVFoaw?oc=5
Citizen Digital (via Google News),Verstappen reverts to old rear wing after successive crashes - Citizen Digital,"Fri, 17 Jul 2026 05:07:51 GMT",https://news.google.com/rss/articles/CBMiogFBVV95cUxQZ2phN3B3NkdxZUFLMWVFS0NYc3V0SFJKU0N2XzFPZ1BTRUtvN29fTklNZkZpTml3UGxMSDdqekpqQ05vUnhTRlRLeExlUXBKVWV5Sm9ZUURfNzZ0bkltNHZKYUZ2QlJBLUtIbUZGSDJ3V3pEUXg3bkt5VG5XR2xVWlRiMU82alZLVmJMVzhVUnNkOU9yNXBQRWE1TFFyWFBoNEE?oc=5
Citizen Digital (via Google News),"Death toll from Venezuela quakes rises to 5,119 - Citizen Digital","Sun, 19 Jul 2026 06:04:02 GMT",https://news.google.com/rss/articles/CBMijwFBVV95cUxQeXI1RWZhc2RrZHpMWmtRVG8zRVBYT2p2dzNFMVJOWkFkRFlBd2Vrb0hZeGxzU2xTRnJSeUJ2bGkySThNcDB6SUZZUHV0dWJrZEdPdzlDeTRsM3RvcERTRHBNUF9jUkw5NW9DWWI0dHZFRmJHRFJROTdWVDUya2VuWEZMNTVRUzNGdkVFclVTUQ?oc=5
Citizen Digital (via Google News),Lebanon's president departs for Washington to meet Trump - Citizen Digital,"Sun, 19 Jul 2026 03:02:27 GMT",https://news.google.com/rss/articles/CBMimwFBVV95cUxPazBCZS1VNGNkeWE1MDJyNUtodW5lbW5HZkc2MF9ibk9Ka0pGV1pxT2g3YkRXenhLTTRCTE1OM0ZwS3VjNTBNcDVhSFJlbFN3WU5HSFFjb1ZZSzNPeWZfeU92RTljNVNNZjlqMEZiOGxlQ0VNZElOT0I2UDltLTMxUnR4a2NjVC1xeV9fQkFDb2xPZE10R2FKaFRrOA?oc=5
Citizen Digital (via Google News),"US, Iran trade attacks in return to full-blown war - Citizen Digital","Sat, 18 Jul 2026 03:42:29 GMT",https://news.google.com/rss/articles/CBMikwFBVV95cUxNdThwNTIwSlNqajVVVDBXdS1BTHppMmNmVm1kQ09tM3BGbnozb0J2MHdvU1p4eUtVaEktQWlvNlJOWmhNNTZaeGMtbVJ3RkYzQk5ZRVY3X3JkSGV1OVItVFVhaDhiVG14Tm1Xa1VkWVNKQ3lJNmZvNlVlbFdEd1ZFNUNrNEh3YmhmYzdnQUVVY245VTg?oc=5
Citizen Digital (via Google News),Ecstatic celebrations as Spaniards fete World Cup triumph - Citizen Digital,"Mon, 20 Jul 2026 03:40:42 GMT",https://news.google.com/rss/articles/CBMingFBVV95cUxOOHpOa0NPaFU2alJfUG9iaG9nSWhpRUprQmNSbTYySzZ1N0swdVlBVUlFSVZabFdTSXp3eXZFT1BPT0hyVkE4M1Z4RTlpeGJ3bVYwalZVTnVwRVJiVHdwTlBXdnJQaVNEMnRiX0JZc0dPTlkxcWtUa1R1S3Z5eUUxLUtaUlV5M3UxSHlnTTVNU0ZjT3d4emNIS3lDcmRuQQ?oc=5
Citizen Digital (via Google News),Belgian great Meunier signs for Premier League side Sunderland - Citizen Digital,"Wed, 15 Jul 2026 20:24:46 GMT",https://news.google.com/rss/articles/CBMipAFBVV95cUxQRmlDdUF1YXozTzFGYkRTVmRaMmx3NUJSVnp0clRBNkZDaGFPdXBSd1lFOEZDSTRmWUZLUTVOa3dFNHh6V1p6bG5XRzNqcU9JaWZubGlDMXh6cjVLbnBsaUNRcG43aUpSY0RGUkk3S1dDUUZoV3J4MFJvSFYyYmhxaFRfSWM1N3RvNG5VWU1ycHhnZUhpUklNdVpqZVVEZllFaXFMeA?oc=5
Citizen Digital (via Google News),Rosenior ready for Paris FC challenge after 'learning lessons' at Chelsea - Citizen Digital,"Thu, 16 Jul 2026 18:49:02 GMT",https://news.google.com/rss/articles/CBMisAFBVV95cUxPTXRjRzJpUTE4aWN5N0tCenVxYU9wVDFHano5NUFfc0E3dGt5WjQ3U0hhaXZhZEFfNDd6OFFIQXE0REIybkNVVnFMeHlwSUIycmlPNm1sNlluaTUzZVhRTm1RaHZDdkxVNjRSTTdDVHNYby1qN0taX1JUQk5GdTM4SkVtdExIdmxxNG8wWXZ5aVBMZ3VScnhZMkVPTVJDd1RvUmgxazd2QUp2VnNWNG9Waw?oc=5
Citizen Digital (via Google News),Attacks on IEBC could lead to rejection of 2027 election results; Commissioner warns - Citizen Digital,"Wed, 15 Jul 2026 15:56:58 GMT",https://news.google.com/rss/articles/CBMiwAFBVV95cUxPUzBjeGVTc0J0c08yRDZHOXFEbm9GUzN3a2VuTVVfenp0Y29oODdYVVJwVnFFNWRaTWMwUmpmR3BRbXpidGNCdWticEdjUDA5bkZZNzBIUUpxNWFWLTBzRUs4Uk94Nlh3anh1QklJb3JZR2RZeUQ2dllmUGFIUzBxSkZXUGhmTTZPbUdNV2I2bjZrMC1SbzJNQWFKeXYtNDktQXNmOWVNR1NPbzJEUnZqOVZTdXpKeXpDTTlUZVV5dC0?oc=5
K24,Spain coach De la Fuente hopes his players will keep their tattoo promise after World Cup triumph,"Mon, 20 Jul 2026 08:45:40 +0000",https://k24.digital/sports/world-cup/spain-coach-de-la-fuente-hopes-his-players-will-keep-their-tattoo-promise-after-world-cup-triumph
K24,5 movies worth leaving your house for after immersive weeks of World Cup,"Mon, 20 Jul 2026 08:17:55 +0000",https://k24.digital/entertainment/movies/5-movies-worth-leaving-your-house-for-after-immersive-weeks-of-world-cup
K24,Difference between sun-dried and machine-dried foods – why it matters,"Mon, 20 Jul 2026 08:15:28 +0000",https://k24.digital/lifestyle/food-and-culinary/difference-between-sun-dried-and-machine-dried-foods-why-it-matters
K24,NTSA resumes normal services after completion of scheduled system maintenance,"Mon, 20 Jul 2026 07:32:36 +0000",https://k24.digital/news/ntsa-resumes-normal-services-after-completion-of-scheduled-system-maintenance
K24,The 2026 Ballon d’Or favourites list after World Cup,"Mon, 20 Jul 2026 07:14:20 +0000",https://k24.digital/sports/world-cup/the-2026-ballon-dor-favourites-list-after-world-cup
K24,Oga Obinna loses Ksh2M World Cup bet to Bolo after Spain beats Argentina,"Mon, 20 Jul 2026 07:02:41 +0000",https://k24.digital/entertainment/celebrity/oga-obinna-loses-ksh2m-world-cup-bet-to-bolo-after-spain-beats-argentina
K24,Spain coach revels in deserved World Cup triumph after win over Argentina,"Mon, 20 Jul 2026 06:33:43 +0000",https://k24.digital/sports/world-cup/spain-coach-revels-in-deserved-world-cup-triumph-after-win-over-argentina
K24,IShowSpeed celebrates historic career milestone after performing at FIFA World Cup final,"Mon, 20 Jul 2026 06:13:52 +0000",https://k24.digital/entertainment/celebrity/ishowspeed-celebrates-historic-career-milestone-after-performing-at-fifa-world-cup-final
K24,Shakira shines during historic FIFA World Cup final halftime show with Burna Boy,"Mon, 20 Jul 2026 05:58:35 +0000",https://k24.digital/entertainment/celebrity/shakira-shines-during-historic-fifa-world-cup-final-halftime-show-with-burna-boy
K24,World Cup: Scaloni breaks down during interview in emotional scenes after Argentina’s defeat,"Mon, 20 Jul 2026 05:56:15 +0000",https://k24.digital/sports/world-cup/world-cup-scaloni-breaks-down-during-interview-in-emotional-scenes-after-argentinas-defeat
K24,Unbelievable! Ferran Torres reacts after his World Cup goal sinks Messi and Argentina,"Mon, 20 Jul 2026 05:18:15 +0000",https://k24.digital/sports/world-cup/unbelievable-ferran-torres-reacts-after-his-world-cup-goal-sinks-messi-and-argentina
K24,5 things your house needs after hosting World Cup watch parties,"Mon, 20 Jul 2026 03:43:05 +0000",https://k24.digital/lifestyle/home-and-living/5-things-your-house-needs-after-hosting-world-cup-watch-parties
K24,How to recover financially after weeks of World Cup spending,"Mon, 20 Jul 2026 03:34:03 +0000",https://k24.digital/lifestyle/money/how-to-recover-financially-after-weeks-of-world-cup-spending
K24,Lilian Ng’ang’a: Stop punishing children over poor exam performance,"Mon, 20 Jul 2026 03:04:58 +0000",https://k24.digital/entertainment/celebrity/lilian-nganga-stop-punishing-children-over-poor-exam-performance
KBC,Police recover 45 stolen cattle in Turkana,"Mon, 20 Jul 2026 08:44:17 +0000",https://www.kbc.co.ke/police-recover-45-stolen-cattle-in-turkana/
KBC,"KDF foils multiple terror plots, neutralises four IEDs in Lamu","Mon, 20 Jul 2026 08:26:52 +0000",https://www.kbc.co.ke/kdf-foils-multiple-terror-plots-neutralises-four-ieds-in-lamu/
KBC,Dock workers welcome bonus after KPA record performance,"Mon, 20 Jul 2026 08:10:07 +0000",https://www.kbc.co.ke/dock-workers-welcome-bonus-after-kpa-record-performance/
KBC,Philanthropists trek over 200km to raise education funds for needy children,"Mon, 20 Jul 2026 08:03:11 +0000",https://www.kbc.co.ke/philanthropists-trek-over-200km-to-raise-education-funds-for-needy-children/
KBC,Kenya showcases Affordable Housing financing model at UN urban development forum,"Mon, 20 Jul 2026 07:39:52 +0000",https://www.kbc.co.ke/kenya-showcases-affordable-housing-financing-model-at-un-urban-development-forum/
KBC,China’s H1 industrial output up 5.4% as innovation accelerates,"Mon, 20 Jul 2026 06:31:11 +0000",https://www.kbc.co.ke/chinas-h1-industrial-output-up-5-4-as-innovation-accelerates/
KBC,Maalim calls for high voter registration across Northern Kenya,"Mon, 20 Jul 2026 06:05:01 +0000",https://www.kbc.co.ke/maalim-calls-for-high-voter-registration-across-northern-kenya/
KBC,EU bans destruction of unsold clothes in push for circular economy,"Mon, 20 Jul 2026 05:50:12 +0000",https://www.kbc.co.ke/eu-bans-destruction-of-unsold-clothes-in-push-for-circular-economy/
KBC,KITI urges TVETs to align training with industry to close skills gap,"Mon, 20 Jul 2026 05:35:26 +0000",https://www.kbc.co.ke/kiti-urges-tvets-to-align-training-with-industry-to-close-skills-gap/
Kenya News Agency,Nandi upscales coffee processing to maximize profits,"Mon, 20 Jul 2026 08:45:25 +0000",https://www.kenyanews.go.ke/nandi-upscales-coffee-processing-to-maximize-profits/
Kenya News Agency,Maalim urges Northern Kenya residents to register as voters,"Mon, 20 Jul 2026 08:32:50 +0000",https://www.kenyanews.go.ke/maalim-urges-northern-kenya-residents-to-register-as-voters/
Kenya News Agency,Government to spend Sh10 million to desilt Kosowe Earth dam,"Mon, 20 Jul 2026 08:26:42 +0000",https://www.kenyanews.go.ke/government-to-spend-sh10-million-to-desilt-kosowe-earth-dam/
Kenya News Agency,Government officials seek Mount Kenya support for Ruto’s re-election bid,"Mon, 20 Jul 2026 08:17:48 +0000",https://www.kenyanews.go.ke/government-officials-seek-mount-kenya-support-for-rutos-re-election-bid/
Standard - Politics,Wetang'ula defends Ruto agenda to spread development to marginalised areas,"Wed, 22 Jul 2026 09:41:42 +0300",https://www.standardmedia.co.ke/politics/article/2001553432/wetang-ula-defends-ruto-agenda-to-spread-development-to-marginalised-areas
Standard - Politics,"Malala: I'll only talk to Ruto after graft, killings end","Wed, 22 Jul 2026 09:39:22 +0300",https://www.standardmedia.co.ke/politics/article/2001553431/malala-i-ll-only-talk-to-ruto-after-graft-killings-end
Standard - Politics,Of William Ruto's tough talk and zero action on goons,"Wed, 22 Jul 2026 07:50:00 +0300",https://www.standardmedia.co.ke/politics/article/2001553416/of-william-ruto-s-tough-talk-and-zero-action-on-goons
Standard - Politics,Sifuna's Western tour sparks excitement and tension,"Wed, 22 Jul 2026 07:50:00 +0300",https://www.standardmedia.co.ke/politics/article/2001553401/sifuna-s-western-tour-sparks-excitement-and-tension
Standard - Politics,Oomph Gachagua got from Ol Kalou win,"Wed, 22 Jul 2026 06:00:00 +0300",https://www.standardmedia.co.ke/politics/article/2001553395/oomph-gachagua-got-from-ol-kalou-win
Standard - Politics,Six DCP senators turn heads in matching party colours,"Tue, 21 Jul 2026 15:55:00 +0300",https://www.standardmedia.co.ke/politics/article/2001553413/six-dcp-senators-turn-heads-in-matching-party-colours
Standard - Politics,"Ruto: No defence for goons, criminality during protests","Tue, 21 Jul 2026 14:38:05 +0300",https://www.standardmedia.co.ke/politics/article/2001553374/ruto-no-defence-for-goons-criminality-during-protests
Standard - Politics,MPs urge voters to elect more female candidates to achieve gender rule,"Tue, 21 Jul 2026 12:33:29 +0300",https://www.standardmedia.co.ke/politics/article/2001553355/mps-urge-voters-to-elect-more-female-candidates-to-achieve-gender-rule
Standard - Politics,"Oparanya, Wetang'ula battle for western Kenya's political crown ahead of 2027","Tue, 21 Jul 2026 12:00:00 +0300",https://www.standardmedia.co.ke/politics/article/2001553340/oparanya-wetang-ula-battle-for-western-kenya-s-political-crown-ahead-of-2027
Standard - Politics,"Nakuru senator blames Ruto's inner circle for UDA woes, Ol Kalou defeat","Tue, 21 Jul 2026 11:53:09 +0300",https://www.standardmedia.co.ke/politics/article/2001553351/nakuru-senator-blames-ruto-s-inner-circle-for-uda-woes-ol-kalou-defeat
Standard - Politics,Oburu: We are not shaken by Ol-Kalou loss,"Tue, 21 Jul 2026 11:21:07 +0300",https://www.standardmedia.co.ke/politics/article/2001553344/oburu-we-are-not-shaken-by-ol-kalou-loss
Standard - Politics,Pauline Njoroge resigns from Jubilee Party,"Tue, 21 Jul 2026 10:48:24 +0300",https://www.standardmedia.co.ke/politics/article/2001553343/pauline-njoroge-resigns-from-jubilee-party
Standard - Politics,Of Ruto's 'monumental threat' and vote-securing calls: Inside Rift Valley's panic,"Tue, 21 Jul 2026 09:00:00 +0300",https://www.standardmedia.co.ke/politics/article/2001553305/of-ruto-s-monumental-threat-and-vote-securing-calls-inside-rift-valley-s-panic
Standard - Politics,Gachagua set to depart for US next month,"Tue, 21 Jul 2026 06:00:00 +0300",https://www.standardmedia.co.ke/politics/article/2001553317/gachagua-set-to-depart-for-us-next-month
Standard - Politics,"Njeri Maina: Kenyans on their own, govt orchestrating Ol Kalou violence","Tue, 21 Jul 2026 00:15:46 +0300",https://www.standardmedia.co.ke/politics/article/2001553327/njeri-maina-kenyans-on-their-own-govt-orchestrating-ol-kalou-violence
Standard - Politics,Jubilee condemns Gachagua's call for tourists to boycott Kenya,"Mon, 20 Jul 2026 23:18:29 +0300",https://www.standardmedia.co.ke/politics/article/2001553326/jubilee-condemns-gachagua-s-call-for-tourists-to-boycott-kenya
Standard - Politics,Raila's mausoleum to be completed in two months - Oburu,"Mon, 20 Jul 2026 15:50:00 +0300",https://www.standardmedia.co.ke/politics/article/2001553291/raila-s-mausoleum-to-be-completed-in-two-months-oburu
Standard - Politics,"Leaders urge Ruto to increase development in Nyanza, pledge 2027 support","Mon, 20 Jul 2026 11:54:16 +0300",https://www.standardmedia.co.ke/politics/article/2001553271/leaders-urge-ruto-to-increase-development-in-nyanza-pledge-2027-support
Standard - Business,Will Kenyan workers survive AI jobs onslaught?,"Wed, 22 Jul 2026 08:50:00 +0300",https://www.standardmedia.co.ke/business/article/2001553393/will-kenyan-workers-survive-ai-jobs-onslaught
Standard - Business,CBK seeks powers to enforce Anti-Money Laundering compliance,"Wed, 22 Jul 2026 07:55:00 +0300",https://www.standardmedia.co.ke/business/article/2001553419/cbk-seeks-powers-to-enforce-anti-money-laundering-compliance
Standard - Business,The future of our workforce depends on the skills we build today,"Wed, 22 Jul 2026 07:00:00 +0300",https://www.standardmedia.co.ke/business/article/2001553412/the-future-of-our-workforce-depends-on-the-skills-we-build-today
Standard - Business,Letter from Murang'a's quiet Giatutu area and the few agri-innovations,"Wed, 22 Jul 2026 07:00:00 +0300",https://www.standardmedia.co.ke/business/article/2001553417/letter-from-murang-a-s-quiet-giatutu-area-and-the-few-agri-innovations
Standard - Business,Elon Musk's chip that can perform Jesus-level miracles and who controls the switch?,"Wed, 22 Jul 2026 06:30:00 +0300",https://www.standardmedia.co.ke/business/article/2001553420/elon-musk-s-chip-that-can-perform-jesus-level-miracles-and-who-controls-the-switch
Standard - Business,Feed makers push for GM crops as raw material crisis bites,"Wed, 22 Jul 2026 06:00:00 +0300",https://www.standardmedia.co.ke/business/article/2001553397/feed-makers-push-for-gm-crops-as-raw-material-crisis-bites
Standard - Business,"Radical schools' agricultural project eases technology transfer to learners, families","Wed, 22 Jul 2026 06:00:00 +0300",https://www.standardmedia.co.ke/business/article/2001553404/radical-schools-agricultural-project-eases-technology-transfer-to-learners-families
Standard - Business,Local lenders scoop top honours at 2026 Euromoney Awards,"Wed, 22 Jul 2026 06:00:00 +0300",https://www.standardmedia.co.ke/business/article/2001553391/local-lenders-scoop-top-honours-at-2026-euromoney-awards
Standard - Business,Calls for conversion of academic research into solutions for Africa's growth,"Wed, 22 Jul 2026 06:00:00 +0300",https://www.standardmedia.co.ke/business/article/2001553407/calls-for-conversion-of-academic-research-into-solutions-for-africa-s-growth
Standard - Business,Family Bank bets on SMEs to drive new health insurance business,"Wed, 22 Jul 2026 06:00:00 +0300",https://www.standardmedia.co.ke/business/article/2001553408/family-bank-bets-on-smes-to-drive-new-health-insurance-business
Standard - Business,"Your biggest debt collector isn't human, it's the app you downloaded","Wed, 22 Jul 2026 06:00:00 +0300",https://www.standardmedia.co.ke/business/article/2001553414/your-biggest-debt-collector-isn-t-human-it-s-the-app-you-downloaded
Standard - Business,Expanding your business through digital trade: What every Kenyan SME should know,"Wed, 22 Jul 2026 00:00:00 +0300",https://www.standardmedia.co.ke/business/article/2001553400/expanding-your-business-through-digital-trade-what-every-kenyan-sme-should-know
Standard - Business,Petition filed for ouster of Kenya Re chief,"Tue, 21 Jul 2026 18:17:00 +0300",https://www.standardmedia.co.ke/business/article/2001553406/petition-filed-for-ouster-of-kenya-re-chief
Standard - Business,"NCBA sale complete as Kenyatta, Ndegwa families cash in on Sh109b in Nedbank deal","Tue, 21 Jul 2026 16:30:00 +0300",https://www.standardmedia.co.ke/business/article/2001553387/ncba-sale-complete-as-kenyatta-ndegwa-families-cash-in-on-sh109b-in-nedbank-deal
Standard - Business,"7,800 youth gain skills in digital content creation","Tue, 21 Jul 2026 14:47:00 +0300",https://www.standardmedia.co.ke/business/article/2001553376/7-800-youth-gain-skills-in-digital-content-creation
Standard - Business,New programme backs women-led businesses with Sh645m pledge,"Tue, 21 Jul 2026 14:32:33 +0300",https://www.standardmedia.co.ke/business/article/2001553373/new-programme-backs-women-led-businesses-with-sh645m-pledge
Standard - Business,"Co-op Bank named Kenya's best retail, digital bank at 2026 Euromoney Awards","Tue, 21 Jul 2026 14:06:43 +0300",https://www.standardmedia.co.ke/business/article/2001553371/co-op-bank-named-kenya-s-best-retail-digital-bank-at-2026-euromoney-awards
Standard - Business,Borrowing spree: How expensive loans have pushed debt servicing to Sh862b,"Tue, 21 Jul 2026 09:00:00 +0300",https://www.standardmedia.co.ke/business/article/2001553316/borrowing-spree-how-expensive-loans-have-pushed-debt-servicing-to-sh862b
Standard - Business,"How Lapfund's mega development redefines Nairobi, tests infrastructure","Tue, 21 Jul 2026 06:00:00 +0300",https://www.standardmedia.co.ke/business/article/2001553320/how-lapfund-s-mega-development-redefines-nairobi-tests-infrastructure
Standard - Business,How Kenya's green energy revolution is attracting global climate capital,"Tue, 21 Jul 2026 06:00:00 +0300",https://www.standardmedia.co.ke/business/article/2001553315/how-kenya-s-green-energy-revolution-is-attracting-global-climate-capital
Business Daily Africa,Why Diani and Watamu are luring land buyers,"Tue, 21 Jul 2026 15:04:17 GMT",https://www.businessdailyafrica.com/bd/markets/real-estate/why-diani-and-watamu-are-luring-land-buyers-5533596
Business Daily Africa,Why ghosting your employer could cost you up to Sh3.2m,"Tue, 21 Jul 2026 14:44:45 GMT",https://www.businessdailyafrica.com/bd/lifestyle/workplace/why-ghosting-your-employer-could-cost-you-up-to-sh3-2m-5533556
Business Daily Africa,Firm seeks to quantify losses in Absa data breach claim,"Tue, 21 Jul 2026 13:25:04 GMT",https://www.businessdailyafrica.com/bd/corporate/companies/firm-hires-auditor-to-quantify-losses-in-absa-data-breach-5533400
Business Daily Africa,Court rejects bid to oust lawyers in EABL sale dispute,"Tue, 21 Jul 2026 12:56:34 GMT",https://www.businessdailyafrica.com/bd/corporate/companies/court-rejects-bid-to-oust-lawyers-in-eabl-sale-dispute-5533320
Business Daily Africa,UK-based asset firm the latest to enter Kenya in partnership deal,"Mon, 20 Jul 2026 17:08:57 GMT",https://www.businessdailyafrica.com/bd/markets/uk-based-asset-firm-latest-to-enter-kenya-in-partnership-deal-5532748
Business Daily Africa,Bank accounts frozen on Sh282m Turkana County tender fraud,"Mon, 20 Jul 2026 16:51:57 GMT",https://www.businessdailyafrica.com/bd/economy/bank-accounts-frozen-on-turkana-county-tender-fraud-5532720
Business Daily Africa,Where the rich grow money for their children,"Mon, 20 Jul 2026 14:02:56 GMT",https://www.businessdailyafrica.com/bd/lifestyle/personal-finance/where-the-rich-grow-money-for-their-children-5532446
Business Daily Africa,Costly battery swap franchises stall e-bike expansion in Kenya,"Mon, 20 Jul 2026 13:06:34 GMT",https://www.businessdailyafrica.com/bd/corporate/shipping-logistics/costly-battery-swap-franchises-stall-e-bike-expansion-in-kenya-5532354
Business Daily Africa,Pesalink money transfer fee cuts spread to 19 banks in retail battle,"Tue, 21 Jul 2026 14:20:38 GMT",https://www.businessdailyafrica.com/bd/corporate/companies/pesalink-money-transfer-fee-cuts-spread-to-19-banks-5533510
Business Daily Africa,Bank customers left empty-handed after 22-year fight for refunds,"Tue, 21 Jul 2026 11:04:04 GMT",https://www.businessdailyafrica.com/bd/corporate/companies/bank-customers-left-empty-handed-22-year-fight-for-refunds-5533228
Business Daily Africa,Dealmaker Kenne owner of Nabo Capital acquirer,"Mon, 20 Jul 2026 17:48:11 GMT",https://www.businessdailyafrica.com/bd/corporate/companies/dealmaker-kenne-owner-of-nabo-capital-acquirer-5532664
Business Daily Africa,Insurance broker ordered to pay Monarch Sh49m in premium dispute,"Mon, 20 Jul 2026 15:34:20 GMT",https://www.businessdailyafrica.com/bd/corporate/companies/insurance-broker-ordered-to-pay-monarch-in-premium-dispute-5532438
Business Daily Africa,BasiGo targets upcountry EVs with four charging stations,"Mon, 20 Jul 2026 14:32:17 GMT",https://www.businessdailyafrica.com/bd/corporate/companies/basigo-targets-upcountry-evs-with-four-charging-stations-5532500
Business Daily Africa,"Record Google searches in Kenya as fans chase World Cup stars, stadium culture","Tue, 21 Jul 2026 12:24:23 GMT",https://www.businessdailyafrica.com/bd/corporate/technology/record-google-searches-in-kenya-word-cup-stars-5533284
Business Daily Africa,Nairobi County locked out of World Bank billions,"Tue, 21 Jul 2026 11:57:54 GMT",https://www.businessdailyafrica.com/bd/economy/failed-reforms-lock-out-nairobi-county-world-bank-billions-5533276
Business Daily Africa,The cost of a healthy diet in Kenya up 76pc in eight years,"Tue, 21 Jul 2026 13:20:25 GMT",https://www.businessdailyafrica.com/bd/corporate/health/the-cost-of-a-healthy-diet-in-kenya-up-76pc-in-eight-years-5533394
Business Daily Africa,CAK probes supermarkets over misleading price tags,"Mon, 20 Jul 2026 17:37:15 GMT",https://www.businessdailyafrica.com/bd/economy/cak-probes-supermarkets-over-misleading-price-tags-5532774
The East African,"AI could lift Sub-Saharan Africa economy 4pc if power, internet improve, IMF says","Tue, 21 Jul 2026 23:06:11 GMT",https://www.theeastafrican.co.ke/tea/sustainability/innovation/ai-could-lift-sub-saharan-africa-economy-5533876
The East African,"Dirty money curse: How voter bribery, unchecked spending sways democracy in Africa","Tue, 21 Jul 2026 16:08:40 GMT",https://www.theeastafrican.co.ke/tea/news/east-africa/how-voter-bribery-unchecked-spending-sways-democracy-in-africa-5533676
The East African,Africa pushes for unlocking untapped critical minerals,"Mon, 20 Jul 2026 16:16:34 GMT",https://www.theeastafrican.co.ke/tea/business-tech/africa-pushes-for-unlocking-untapped-critical-minerals-5532528
The East African,Uganda launches emergency food aid for drought-hit Karamoja,"Tue, 21 Jul 2026 03:36:14 GMT",https://www.theeastafrican.co.ke/tea/news/east-africa/uganda-launches-emergency-food-aid-for-drought-hit-karamoja-5532882
The East African,Abyei scar reopens as South Sudan lays out polls plan,"Mon, 20 Jul 2026 13:53:28 GMT",https://www.theeastafrican.co.ke/tea/news/east-africa/abyei-scar-reopens-as-south-sudan-lays-out-polls-plan-5532422
Kenyans.co.ke,"Britam Unveils New Insurance Package for Over 40,000 ICPAK Members",2026-07-21T19:04:49+0300,https://www.kenyans.co.ke/featured/125477-britam-partners-icpak-offer-tailored-insurance-solutions-40000-members
Kenyans.co.ke,"Ruto Appoints Sossion to TSC, Picks New Govt Spokesperson",2026-07-21T18:36:12+0300,https://www.kenyans.co.ke/news/125475-ruto-appoints-charles-owino-new-govt-spokesperson-sossion-tsc-board
Kenyans.co.ke,School Closed Indefinitely After Fire Razes Dormitory,2026-07-21T17:41:10+0300,https://www.kenyans.co.ke/news/125474-elburgon-secondary-school-closed-indefinitely-after-dormitory-fire
Kenyans.co.ke,DCI Warns of Online Exploitation Ring Targeting Women,2026-07-21T17:07:01+0300,https://www.kenyans.co.ke/news/125473-dci-rescues-5-women-suspected-online-sex-exploitation-ring-nairobi
Kenyans.co.ke,Nairobi to Host Three U.S. Music Companies After Ruto Meeting,2026-07-21T16:02:03+0300,https://www.kenyans.co.ke/news/125472-sony-universal-and-warner-music-agree-establish-offices-nairobi-after-ruto-meeting
Kenyans.co.ke,Blow to Politicians as Police Threaten to Withdraw Security,2026-07-21T15:35:12+0300,https://www.kenyans.co.ke/news/125471-police-withdraw-security-politicians-who-hire-goons-coast-commander-warns
Kenyans.co.ke,Global Experts Warn Kenyan Visa Applicants Amid Rising Scams,2026-07-21T15:19:23+0300,https://www.kenyans.co.ke/news/125470-vfs-global-warns-kenyans-against-visa-scams-applications-rise-20
Kenyans.co.ke,Ruto Issues Fresh Orders After Goons Terrorise Ol Kalou Residents,2026-07-21T15:12:07+0300,https://www.kenyans.co.ke/news/125469-ruto-orders-security-agencies-crush-all-criminality-linked-goonism
Kenyans.co.ke,Gender Commission Warns Kenyans Circulating Some Viral Content,2026-07-21T14:24:19+0300,https://www.kenyans.co.ke/news/125468-ngec-issues-new-advisory-sharing-images-personal-details-gbv-survivors
Kenyans.co.ke,92 City Homeowners Face Eviction in Fresh Land Row,2026-07-21T13:50:31+0300,https://www.kenyans.co.ke/news/125467-92-kisumu-homeowners-face-eviction-eacc-seeks-recover-prisons-land
Kenyans.co.ke,Court Explains When a Title Deed Stops Protecting a Land Owner,2026-07-21T13:45:56+0300,https://www.kenyans.co.ke/news/125466-you-can-lose-your-title-deed-if-you-ignore-your-land-12-years-court-rules
Kenyans.co.ke,Police Suspect Al-Shabaab Involvement After Two Pupils Go Missing,2026-07-21T13:34:05+0300,https://www.kenyans.co.ke/news/125465-police-link-missing-garissa-pupils-suspected-al-shabaab-recruitment
Kenyans.co.ke,KDF Expands Security Operations in Eastern DRC,2026-07-21T13:18:51+0300,https://www.kenyans.co.ke/news/125464-kdf-expands-operations-eastern-drc-after-securing-key-corridor
Kenyans.co.ke,U.S. Opens New Security Training Programme for Kenyans Ahead of Elections,2026-07-21T13:08:05+0300,https://www.kenyans.co.ke/news/125463-us-opens-grant-train-kenyans-crowd-management-ahead-2027-elections
Kenyans.co.ke,NTSA Begins Crackdown on Pedestrians Avoiding Footbridges,2026-07-21T12:54:21+0300,https://www.kenyans.co.ke/news/125462-22-pedestrians-arraigned-ntsa-begins-crackdown-those-avoiding-footbridges
Kenyans.co.ke,"Three Charged Over Alleged Fake TSC, Police Recruitment Scam",2026-07-21T12:31:17+0300,https://www.kenyans.co.ke/news/125461-three-charged-over-alleged-fake-tsc-police-recruitment-scam-bomet
Kenyans.co.ke,KPA Unveils Lamu Port Growth Plan Ahead of Dangote-Linked Refinery Project,2026-07-21T12:15:00+0300,https://www.kenyans.co.ke/news/125460-lamu-port-growth-gains-momentum-kpa-seeks-more-ships-cargo-and-investment
Kenyans.co.ke,KNEC Outlines Steps to Download Digital KCSE Certificates,2026-07-21T12:03:43+0300,https://www.kenyans.co.ke/news/125459-knec-outlines-step-step-process-download-digital-kcse-certificate
Kenyans.co.ke,"KFS Announces New Rules for Timber, Wood Product Businesses",2026-07-21T11:26:55+0300,https://www.kenyans.co.ke/news/125458-kfs-announces-new-registration-rules-timber-wood-product-businesses
Kenyans.co.ke,Ruto Announces Full Funding for All University & College Students,2026-07-21T11:04:44+0300,https://www.kenyans.co.ke/news/125456-ruto-announces-100-funding-new-university-students
NTV Kenya,Inside LSK’s Nationwide Court Boycott | SC Charles Kanjama,"Wed, 22 Jul 2026 07:56:55 +0000",https://ntvkenya.co.ke/arts-lifestyle/inside-lsks-nationwide-court-boycott-sc-charles-kanjama/
NTV Kenya,Scaling Family Owned Businesses | Business Redefined,"Tue, 21 Jul 2026 16:35:38 +0000",https://ntvkenya.co.ke/business/scaling-family-owned-businesses-business-redefined/
NTV Kenya,Messi says Argentina’s defeat by Spain left immense pain,"Tue, 21 Jul 2026 12:38:47 +0000",https://ntvkenya.co.ke/news/messi-says-argentinas-defeat-by-spain-left-immense-pain/
NTV Kenya,Senegal President Faye backs ex-leader Macky Sall’s bid for UN Secretary-General,"Tue, 21 Jul 2026 11:49:08 +0000",https://ntvkenya.co.ke/politics/senegal-president-faye-backs-ex-leader-macky-salls-bid-for-un-secretary-general/
NTV Kenya,"Reckless social media posts could derail foreign scholarships, warns Mudavadi","Tue, 21 Jul 2026 10:06:26 +0000",https://ntvkenya.co.ke/news/reckless-social-media-posts-could-derail-foreign-scholarships-warns-mudavadi/
NTV Kenya,"Spain go back to top of FIFA rankings, Morocco reach record high","Tue, 21 Jul 2026 09:36:07 +0000",https://ntvkenya.co.ke/sports/spain-go-back-to-top-of-fifa-rankings-morocco-reach-record-high/
NTV Kenya,Ol Kalou chaos: A closer look at individuals identified in NTV investigation,"Tue, 21 Jul 2026 08:43:40 +0000",https://ntvkenya.co.ke/news/ol-kalou-chaos-a-closer-look-at-individuals-identified-in-ntv-investigation/
NTV Kenya,Safaricom Chief Financial Services Officer Esther Waititu quits,"Tue, 21 Jul 2026 07:49:45 +0000",https://ntvkenya.co.ke/news/safaricom-chief-financial-services-officer-esther-waititu-quits/
NTV Kenya,Morocco to boost hotel beds by a fifth ahead of 2030 World Cup,"Mon, 20 Jul 2026 12:58:41 +0000",https://ntvkenya.co.ke/sports/morocco-to-boost-hotel-beds-by-a-fifth-ahead-of-2030-world-cup/
NTV Kenya,"Gachagua exploits Ol Kalou victory, rallies Mt Kenya against Ruto","Mon, 20 Jul 2026 12:35:57 +0000",https://ntvkenya.co.ke/news/gachagua-exploits-ol-kalou-victory-rallies-mt-kenya-against-ruto/
NTV Kenya,"Kindiki, allies downplay DCP’s Ol Kalou win, vow to deliver Ruto a second term","Mon, 20 Jul 2026 12:25:12 +0000",https://ntvkenya.co.ke/news/kindiki-allies-downplay-dcps-ol-kalou-win-vow-to-deliver-ruto-a-second-term/
NTV Kenya,Outgoing UK PM Keir Starmer steps down and Andy Burnham takes office,"Mon, 20 Jul 2026 10:18:56 +0000",https://ntvkenya.co.ke/news/outgoing-uk-pm-keir-starmer-steps-down-and-andy-burnham-takes-office/
Citizen Digital (via Google News),"'All or nothing!' Karua says will not settle for deputy president post, to support United Opposition candidate - Citizen Digital","Tue, 21 Jul 2026 20:24:30 GMT",https://news.google.com/rss/articles/CBMi3wFBVV95cUxQb3NnV0dsYnFGaVVnTHdaaTY0YjhJaEpDNmVtRG9PblBma2lQRFpFcS0tNDRSM0VkRUpRcjNQTlVtZDFtN0xiQUJLRlFsM2tFTXRNYkdwcDZmdlN5RGpPUXBkRXdNUzd0WXNvX0tnMmJ6R1lEYmNuRmJnbFhWZmFrWHpiU3JWWnR2aXZ5dTlzSXBwaTBSWUI5TW5FRGtTN2ZtVm9tcUR1d2ExYmZ3VDdWdXMzT1lmMlZwT2JRT0RDV3BKRVZsZDRLNnlNWWsybk9qZDlwcEc2bC15amNMb0Vj?oc=5
Citizen Digital (via Google News),Suspect flees after killing two men at construction site in Kiambu - Citizen Digital,"Wed, 22 Jul 2026 04:46:56 GMT",https://news.google.com/rss/articles/CBMiqgFBVV95cUxNa3A5VzBTYmtlSmtSOFBfNjlWSGhRYjNMTzFlaXJMVTJfWUxmSHRuLVFrR1hWVGEtRXdRd3UteVNKMGFzX2JZTUFweENwdGpnMVM5eElmV1hQcTV4VXpHV3R1MkJLTHdkeURGSTNUbmZTMmVqTkxqZFRyX0F2bnBYLUI0d2g4OWlUQUZONTVZbnAzcFp2WkNuZ3NidjE1NnpLRGFELXJSSG9DZw?oc=5
Citizen Digital (via Google News),Three more suspects linked to Chaiiwali café robbery arrested - Citizen Digital,"Tue, 21 Jul 2026 07:37:24 GMT",https://news.google.com/rss/articles/CBMiowFBVV95cUxPWS1sbkdEVHZPeTNtT2FRZ0tMejlTQ19qcFo5anBOT3k1VnN1U2hTVkJTU0RzS05ERGhLdzJ5cWRuWm1TYkx4empaemxpMF9OTHRJZUxYZVM4MkpETFMtN1dtc1ZGdG5BUnhTOUlERnZPOF85eWpEeHRwZ2Y0N0ZCcGFSWHRSclI5cTNRZm95aTBvd3JUWnlaY05DczhnbXlsUE9N?oc=5
Citizen Digital (via Google News),"Over 17,000 packets of suspected counterfeit cigarettes seized in Thika - Citizen Digital","Tue, 21 Jul 2026 16:41:53 GMT",https://news.google.com/rss/articles/CBMirwFBVV95cUxQYW9sQlZteDM3ZjlBdzBfU3R1T3c2UXoxbnBzU1hzazF1Yi1mRkI4dC1xazZuaGV6Y0Z1ZHRSZW9Pck1iU1dCbGN3ZUZFejFUaDJNYWoxd29lLXZGQnhmU2JrLXZ5bjhyZmo0YXZFY3RQRHZ0N1B0REN6T3RIZTVzSFA3ZWhsWE5TbXJudklxNkNXb1R2MUowMzJmOU9PUzRLMmJBTFVoN2pGQzZha0Zr?oc=5
Citizen Digital (via Google News),President Ruto directs security agencies to tame goonism - Citizen Digital,"Tue, 21 Jul 2026 11:49:17 GMT",https://news.google.com/rss/articles/CBMinAFBVV95cUxONHVPNHUyWHZobmNBRmhnZ19oZWF2OHJnVjI5QUtHUlU1REw2UHdwLWthWC1XdVZsczZGc0twcXJRQTJZZUE5S3MwU3VXZmRvZkgteXpMWkRUdEFTTHJ4Y014eVctclNWWHUyWVN0Sl9HUzZaam5hUDd4MG5jeS1DSmlJM3Q4ZnFpTklNSnhrd0JITDUxaTVlTmJEY0E?oc=5
Citizen Digital (via Google News),Pauline Njoroge resigns from Jubilee Party to join Linda Mwananchi - Citizen Digital,"Tue, 21 Jul 2026 09:08:03 GMT",https://news.google.com/rss/articles/CBMiqgFBVV95cUxQbzF1am5SYUFMSVBRVTZoTTc2WEV0QUpzMnJ4WHhNRlhyZlhEci12QlpIYUJMLXVaSTl5RlNQUnd2VnhLWW00UFFkdEdLcG9QUUZrVjJqWnFJVUV5bEpoeGpDdy1xdU1nRDJUdmp4cW5TaVd3X0xMVjdDOEt2MVpsalBpNnZKZ19YSmE1dDRIVUlfcGIwdTFXbHBEMkJjR2UtekF0dDNxZllxdw?oc=5
Citizen Digital (via Google News),"Ruto welcomes blueprint to replace Vision 2030, promises public participation - Citizen Digital","Tue, 21 Jul 2026 14:10:24 GMT",https://news.google.com/rss/articles/CBMitwFBVV95cUxQOHhaMG15NGZJb3FuZHZ0LUFPNDc0a3JWWXZqblJiUlRsc2hjby1La3NjaHh6OXlxQlR2N1dRQzFXYVhxVmxONnJGVTVRWFBWQnRJZWl3Ty1LdW5NY1hjUzNXUVJERUUwa20xTzlESVQ1clBEbTJoR3Ayc1NYMmduSFpyUThxcXo3MUs4eTB1NUlVN3Q4T2FhNThJWk1ibTVVQ2VGZnNGdXNjSHp3UnVacTIyQTByVHc?oc=5
Citizen Digital (via Google News),Autopsy confirms hotel intern who fell from Upper Hill building died from multiple fractures - Citizen Digital,"Tue, 21 Jul 2026 17:42:19 GMT",https://news.google.com/rss/articles/CBMizAFBVV95cUxQNXhhM1RYTno1aE9ZSHg3U29EcFBJS0kxdGl3RmZqN0NaRWpSMHBEWjhTM1VIdEZ5NXFzY0tPc2FYSFNMejQ4T2JMeEpVOXJTek9IX0hndjV6MTM5Y0hST1ptZEVrQURYS1J5SkhpNlA3NFdhUjFGenpSdFlBU2hRZDR0UEFkcktWTVFRNE5XY2hJbHpGYm1ZRFFfZEZjcEVVYmcwenBRS1lIZWgwSk5mTXJHaWpxeGVpS2VJT2d3T2pFUGpZYUlVbkR0aVQ?oc=5
Citizen Digital (via Google News),Ex-Police Spokesman Charles Owino appointed gov't spokesperson in President Ruto's latest reshuffle - Citizen Digital,"Tue, 21 Jul 2026 16:11:40 GMT",https://news.google.com/rss/articles/CBMi0wFBVV95cUxPTk1nLWhTS2RCbkR6ZFJkZ1NHYnFOWHh2WHpZbi1Pc2czMW9CNlJGbmp3eHhRMXJDRjZ2VmdjTkhPZDF0TjR1UnIxRDhHbHpXWG5qcDFfLTVINlVvZkpwX0dFSm5OVU1ybWFkNjhIdDVWTGJWTmFvd0hObXZnNlVOXzRVQVBBb3ZlU3hLU05WSjdyWXR0RmNCbEZTMVVmZENwcHZnV3hXN3JnX3FiMU1IYU9rbzV3YTcyV1BNNFJqTlBIUkhjbHluYWxvM0x5NXZqOTkw?oc=5
Citizen Digital (via Google News),"Three family members arrested, 5 women rescued as online sexual exploitation ring busted - Citizen Digital","Tue, 21 Jul 2026 15:27:08 GMT",https://news.google.com/rss/articles/CBMixgFBVV95cUxPZVpTcmh5dFNBemJhYlpsYmNmSG1EMFAycmhfV1NabmtGX3BoZzJTdVBjUW1LY1V5TUd4Y0Q1TkVMT2xpY013aEpudVpuQUF2WTJOT2VNTjlDaGdSWktmcF9KcmFwbGc5RU1GSzkwOThPVVBjRU1jTU1BWFota0twc3NWN256OG9EelZCbHJxS24td3dMRUdQcFUzX24zS3VlUUpkTk1tU0gxMDY5dkpoV0NUOGZSOEZNaUtSRmJ0dWxsZGNVZVE?oc=5
Citizen Digital (via Google News),Nairobi-based lawyer arrested over suspected land fraud - Citizen Digital,"Tue, 21 Jul 2026 17:27:14 GMT",https://news.google.com/rss/articles/CBMimwFBVV95cUxQX1MzQWV2elc4U00yOUtWUGtzQm1jQW81QW1lYjdnRzZGTDBLdi1VTkpRR21pYWVPYy1PeTA1V0dYZkNILVpJb0M4STlZejFmazR3MWxZSndQWTZ2dTUzMk5SVXc0emwzcGh1aUswMHZySVFGOWhhNkpMLWJBalNWZ09YOEZMd1RtekJwQVNQdE9oRGFqZ2J3Y2JiTQ?oc=5
Citizen Digital (via Google News),CCTV shows Constable Kimani as cell sentry on night of Ojwang murder - Citizen Digital,"Tue, 21 Jul 2026 09:28:13 GMT",https://news.google.com/rss/articles/CBMitwFBVV95cUxNTVN5eXhxNkNnOF9md3BoOUZWVDB2enpDZmlmTUVxSDBqS0dEZXdzNzU5VDdtT2haOE1sWUJEMGhkNmRuVElxQkdVRUEtbjNlOVVUQW1QQW1aVjBFbUFSUG0waUhxQUR6WVR6MFNiQTlaZ0pNZGhtczM3QmlHZFQxTDJFTmVkOWZOWC1jUWNaX0p3TXBKZm1HbzZrd2pmMkxYcWlPUHRVbHdwd3NubFlPbTQ5cTVLaXM?oc=5
Citizen Digital (via Google News),What Kenyans searched for during the 2026 FIFA World Cup: Google reveals - Citizen Digital,"Tue, 21 Jul 2026 13:50:16 GMT",https://news.google.com/rss/articles/CBMisAFBVV95cUxQWFBIMUg3NjN4Z2dicE9FaDd2VUJsRlRQZ2NuSFBIU3BscUV2ZjN2MFR3Mlc2eVhDWDl4SjlodkwxNkhzUEhfeXctT0F0Mm5ZWnMtWUdMS0h6aFpWbURjNmw5bTI0VHpXUXpLS3pMalVqb1JYUTNjSzVraWVKdHlMSU1INjRZVVJOVkpVQUFXU0UyeGdJNWVrRHpmNm93MVRmR3YxdWduaXF5cjRXanRVRg?oc=5
Citizen Digital (via Google News),Jubilee condemns Gachagua remarks on tourism boycott ahead of 2027 polls - Citizen Digital,"Tue, 21 Jul 2026 07:04:33 GMT",https://news.google.com/rss/articles/CBMisgFBVV95cUxPOHhTaVZVUVBObFVLbXhQUEI3VXRULTg4dTBjVDh1WWc3Q1UzOGR0NWdhY3BETkZtVDJxX2JIVlM2MVVqRFJkaHhMcFdVcF9IN1VWbU03Q2Y2V3lfbW1PY3lheFlkM1NiT1BYS24tbnlLTTB0Z2hPcmxDUEdQT2paS1lBT2E2dmhzYmlFU2hIQUNTY0hMbWg5a00tc1FkYmZzYVA2SkxhOTBCY3FiRzM5LU1n?oc=5
Citizen Digital (via Google News),US actress Skai Jackson apologises to Kenyans over controversial mirror remarks - Citizen Digital,"Mon, 20 Jul 2026 19:42:00 GMT",https://news.google.com/rss/articles/CBMiuwFBVV95cUxNSWUxUU52b0lPQ3M0c2ktUjJjTTB6MndRdUVla0tzcjNJcHkxdWpiVU55Mm95QW8yTFVfeWFMUS1JQ2dmRDBsbkljLTd4dkdPbWR6cW1WeTUzZzFiRGVWaVFSVDdLa09aUDJRcDFlejA3UGFUS2l2Zm5WMTFxVU83ckRGaVdpUWpvc2FoR1UyQjk1dllEUDdhcTBESGxyWjZtTTNwQVE3Ylc0YWlkdzZXR1JhUUFBeF9IdHpF?oc=5
Citizen Digital (via Google News),WATCH LIVE: Albert Ojwang Murder Trial at Kibra Law Court - Citizen Digital,"Mon, 20 Jul 2026 07:49:02 GMT",https://news.google.com/rss/articles/CBMinAFBVV95cUxPU0hxcnNxZW0zVG82VUN6djJOdnNDRjc1LVg0YXJOWXpZWUVGRWJIUHluUmJCeFhDVHgyWWRycENrdmN4dm1qUVlxSXAxR2xzREpDSUg2S3VJYXFQV3BKem9RNTdLNExQWjFmVmY0aHRGdjJNTnh1YWxVMTRqTHhmTk9SS1A2Smd0clFSZnJKWm10S2JmaFlrQmhKWlI?oc=5
Citizen Digital (via Google News),Repatriated Kenyans seek gov't support to rebuild lives after South Africa return - Citizen Digital,"Tue, 21 Jul 2026 17:53:24 GMT",https://news.google.com/rss/articles/CBMivAFBVV95cUxOSzEzLUU3RDNXeDFwR3dXNUM0Qjh0emp6NWFsYnZrdUhkVGlkbFdWSUMxb2xpRlZIMUVvb09lN0F5R19JMVFJMXF4Z1Q5OW9KNnliNHVIS09MWlhTYzhHYVhValhiQnZPc2UwRXZlU1lpQUh4V1owbHVMUmlPaEhOcGhWUmw4N0hVUzBKNzdkVUVUOFpQdFpmYVZMR3hSR3BCUDhGRDdFUEx3R3dKWnpIbEJGY29ITkFaNnZBUg?oc=5
Citizen Digital (via Google News),Kiambaa Voters protest against MP over Ol Kalou By-Election violence claims - Citizen Digital,"Mon, 20 Jul 2026 14:27:38 GMT",https://news.google.com/rss/articles/CBMitgFBVV95cUxQTExqSXNoRDUyVlZ1VVcyZ0doTXZQUDZDckgxZDZobG5CSlVxQzhlZlBSS3cwelVIVWFxUmtCYjV5UkF3MTRpUzJOS0xxQkNoZmF5cmNCUlZGWlZSMnFwMlAyQnBUZlc3cndXUm00VTg1WDV0UnE1RzBib2MyQXNqSC0xZk1JbDBSRS1nWjRGRjJsMjdTY2haVWNhUWd1Mk5odUNxdHlYZmUzQ3Q0d0wyeTd2UXc4Zw?oc=5
Citizen Digital (via Google News),"Duale dismisses Gachagua's Ol Kalou victory celebrations, says race was between DCP and Jubilee - Citizen Digital","Tue, 21 Jul 2026 17:32:15 GMT",https://news.google.com/rss/articles/CBMisgFBVV95cUxOQ3dUWkh0YzNXc3dOTkVzbnRLZjBQZHgyUjZWcV90OWJoXzByU3lhVWlzbTA3bGRjc280TUN3M0NMSjFxSWpYRWduREFFX05OSjZOQ2pJU3p6Tk5nTm9hOFZOUHB3dV9Ob19rd1ZCNHFWSnlNdFBDWlNjeDdFRFd2NV8tekFkTDlYVVdHS25DVHM5cV9QMVNXZG9FOUhpY2c5ODl1cWxzQmNZa1hSQlM3ejBR?oc=5
Citizen Digital (via Google News),New UK PM Burnham stamps authority with cabinet shakeup - Citizen Digital,"Tue, 21 Jul 2026 05:41:31 GMT",https://news.google.com/rss/articles/CBMimwFBVV95cUxQMGEtYkVyTVpWOGFHNmNSOEtLZ1JER0l3OWpaX0g3OGxHVFZ3RVNydXNmbFctc2RaOV9HeFpfcVJxdUFyVE1ic3FBMGxRd1l3MmdMa2tmWXdDLUxfdDJHc2xqRXNOanpzY1lWS1R3NXA2TVVkcTdyclBuM0xrQXFzd1FEYlpKSDlNM0dHSFVLY0VWSUVhSDdOTHlmbw?oc=5
Citizen Digital (via Google News),Colombia president-elect alleges guerrilla plot to kill him - Citizen Digital,"Tue, 21 Jul 2026 04:53:05 GMT",https://news.google.com/rss/articles/CBMioAFBVV95cUxPNHRncEJGd2JhWm94NEZVek4yUWh0MnlwTnhyNmdFanlzbHdUR1lKbXVhNlVvdDcwNzVNMWlWdzVxaVNES3diWW9sNjlxUDFPcEpvdjAyOUM0OXNiaXoxS0FrbnFvT2NpTXQwLTBqOTNPbEJ6aC1SaWhuSS1HMGxsaFBEMTlhR0VpNy1XeUgyMlZUSXQyRXp1c3BiZjdaZW5a?oc=5
Citizen Digital (via Google News),East Africans find fragile refuge in Kenya as repression soars - Citizen Digital,"Mon, 20 Jul 2026 08:00:50 GMT",https://news.google.com/rss/articles/CBMipAFBVV95cUxNd21McUFlR2NvbXhQU2NSd19xRHZmYUQ3eERsbUZ3RlBFTzM3bmVTOWN4Y1Rkb1V3YUkxYTlFQkx0MDdqUmVubkV6Z3NLNHg4SGg0TGhtQWM4MlpsTGZhcXRiVmd3bWhxakdqbWtoVnhBaHR6NTNWRndKV0pKa050R2J6dGFmdjdEemNhTVhaZkgydE5xLVo5d2lfcUJWdWRJcFpreA?oc=5
Citizen Digital (via Google News),South C building collapse: Court issues arrest warrant for accused Nairobi County official - Citizen Digital,"Mon, 20 Jul 2026 07:53:27 GMT",https://news.google.com/rss/articles/CBMiyAFBVV95cUxOeE9YWjhUNlNwOFhoSzZNTnU1cXI4ZWQwcnlhRDF3di1Hc05zUmhqNHgtazhiYmVLQmdFSFZXSXkxdEtZRlFnYVlpTHdlUTNGVTNiQmY1ZzlqNlJiTlU5Q1lyU2puZExVbW42V0F5RmlTQ1RCQ2lNVDBLc29uX3RZeEZ3ZTUzcExKUkRuYkh5blI2RlpCYXpsREdyWF91d19NODJYUGdSOEJOckdUbms0bnhyLTc1SGtVNTFKM2p5MW5pUWh4Zl9JNA?oc=5
Citizen Digital (via Google News),"OCS Talaam, co-accused deliberately assaulted Albert Ojwang to death - DPP - Citizen Digital","Mon, 20 Jul 2026 10:34:54 GMT",https://news.google.com/rss/articles/CBMisAFBVV95cUxNblhIbjZKaGhxTVdEclVNT0YzNVhNd1JYdFZubVRDQ3BpQXBTRTdyRDJpUEZhYk5ZcE02aGp4aF9td0puZU5zcW9yX2dUUEtLZktJR0JmaHAtVWJjYmcxR3FYOG55REI5YzJiaWY2UkNwYmpBSmRvejkydDFiVU5URjBTZ0tVTURlN2xLQjM0UG90TTFqWnJLVlhQdWZrdG0xTC1hWmlieGdoWjVoQzZ3cQ?oc=5
Citizen Digital (via Google News),Judge Muchelule's missing gun recovered from Westlands robbery suspect killed by police - Citizen Digital,"Wed, 15 Jul 2026 20:37:08 GMT",https://news.google.com/rss/articles/CBMivAFBVV95cUxNZk9ORXVfU3BGQ1hyMzhvU3pKWEw1dHREcExJQjFwaXl5bHk2dlBCLVJ4MzR6bjJFcThUU0F2Y3E1RFVDQ2I4NW5pVi1kUGV6XzQ1M3BjX1ZYdDcxWGFrRDF4cEltNDZDYlJuRkx2VFFhSVoxNTJYNWRQUzV0ZjZDaURLTnAyMVBJVlprQ2djdmxxY1BrOXBMQ1JENG8xdWY4MUZNeVNNRGc2VkN6ZHctUHdIUy1nbE1XU1ZBWA?oc=5
Citizen Digital (via Google News),"IG Kanja, DIG Lagat, PS Ololtuaa summoned in court over Gatoto school management - Citizen Digital","Mon, 20 Jul 2026 12:24:34 GMT",https://news.google.com/rss/articles/CBMiugFBVV95cUxQVjE0OXFvOUtPQWtYZ0xIbWNvYnBNYmNsRWFFTEp3ZU1KQWVrQVFvTi04RDU0eklUU2dFLTIxRTgtOGhzVVVCcnltNG1sdDN4V0lqYllRak9veDdZazVuTUZFU0x6ZU1XNFNrYXVzaGJVUEZsZFRUMnk4bWFjdGMtcUF2TzR4dFQ1SnNSR2tyUHhpUFhXY3FUM2U0YWI2LUNvZGtzNUhSaGgySC1xR0dKWWg1SGJHT3hZWnc?oc=5
Citizen Digital (via Google News),Teen dies during Spain World Cup celebrations: local authorities - Citizen Digital,"Mon, 20 Jul 2026 07:26:40 GMT",https://news.google.com/rss/articles/CBMipgFBVV95cUxPOWoxTTl4dlJVZW1BOTRfZjVTVzdkbV8yMEhyaDVocFduN3owbVAwSUFVS1RCS012bVRQeVUyWjJIS3lWODNXTlBvb2J2M0dxM2dWQTF2TU85SHFnWXpjLTNIdW9oRGVMZG5seE1OYXJDMDAtUmY5SkF0UzlLbV9MMVd6a3U3VFhJOElJU1lYeTFTMWFhOExYWWJQZTFjbGZqU0pRTlJ3?oc=5
Citizen Digital (via Google News),"Citizen Digital - Breaking News, Latest News, Kenya Politics, Business, Sports & TV - Citizen Digital","Thu, 21 Oct 2021 04:21:50 GMT",https://news.google.com/rss/articles/CBMiQkFVX3lxTE8tM1hfbzNHMXhrVXA2TUtUYlE1eXVtNHNvd0JzaGd2SEp0eXlwZTQ2TGw0a2VVMi1BUm5yUzlPQUo0Zw?oc=5
Citizen Digital (via Google News),Sifuna to Atwoli: I do not need your Ksh.1 billion campaign money - Citizen Digital,"Tue, 21 Jul 2026 12:09:26 GMT",https://news.google.com/rss/articles/CBMipgFBVV95cUxQbG5fdEtYNDhmU0lhRnVRTkF6LVZQUEtQUnFyZDNqeWhqRkpIRU1MejJ3SFlLU3lvOS1MaEpOQnFKSWJWMi1yalR2b3FELTAxQmlDWGlyMmhYdjQ5OW1hdG03T0VSd1VicjRYMVlKNEdUUjJsbkZZYlRvMEt2dnBpZ1FUNEE2OWxjLUlRbm02MnRSalpaclNNNkpqVTJtUjlYckE3TlpB?oc=5
Citizen Digital (via Google News),Messi denied dream farewell as abject Argentina lose World Cup final - Citizen Digital,"Mon, 20 Jul 2026 02:40:21 GMT",https://news.google.com/rss/articles/CBMirAFBVV95cUxObklzR0EyLXdrU1d4b1BzalhYbFJXS0FteFVVVjBrV0phTDRWOUFNc3phSmxyemplOWNzcktRb0xHOXRSV0lFSHJlMXN4eURCTExkdndZdVFWYTI0alJHVDdNb0s0Y0tMY0JqYkFabFFhVWlBMjhfYWt2cTY2dnhlZVQ5aXBWVEFQLUJHbXdnbXZpZk01Q0ZLS2p1R0dVbzJnR2pJVkpET0hGSEZU?oc=5
Citizen Digital (via Google News),CCTV footage shows Albert Ojwang alive moments before being locked in police cells - Citizen Digital,"Tue, 21 Jul 2026 15:11:03 GMT",https://news.google.com/rss/articles/CBMivwFBVV95cUxPZEdqbi0zbERYOHo5OGY4aVp3dnhNVzR1ZlF2S3VoejZwNXNoQ1JCZ3U4c3dsY08yMUEwdjJVX2o2WUJFOVdlSkVrWFJlWjBkcTFuQ1dHNG5UR1JRQzRVcGdtRzczQjJFQVYxY3NLd2haUXAzYk4ta2txZGd3dnVKaG4zOXJOUnJZZDZXZzFFSzBhTFVfbUtqc1FEZUNIMWl4RGlkODhheHEzZ0pWZ3ZSbU5LRnluSExFUUFvbmlkVQ?oc=5
Citizen Digital (via Google News),Judge Muchelule records statement as police probe missing gun used in Westlands robbery - Citizen Digital,"Thu, 16 Jul 2026 18:36:07 GMT",https://news.google.com/rss/articles/CBMixgFBVV95cUxQUkVqOEhVbjN5ZDBVMy14UUVlUnhRSkkyQ084aFF0RW9sQ2FZYmw2RG1zVDBQZnVCWHJUa3BKSF8zdzhJZDMzTWdtajdldHJjT203WXhzcDdxcWRyMDdTSUo2WHBDWmw1Z215TW9DVkVreVBUTmZtUXVJZGU5d004WWtDMG5VZl9xbGtpSTVsTGlpZmFuNG1hMUtrTmlLSGcyTDZFXzF2YUJKanh4bjlTbjJscVVVS3pXNlBNRkpGSElGTXp3c1E?oc=5
Citizen Digital (via Google News),La Liga chief says FIFA 'destroying football industry' - Citizen Digital,"Tue, 21 Jul 2026 18:53:48 GMT",https://news.google.com/rss/articles/CBMilwFBVV95cUxQdGFDMlFHaVBqTGpIWEdUUEVDNGxXRk1TZUNILWlGLXhSeElRMFlpaGpLWXNmbllRVHE4MUZlQ0NBUnJqaFJMZnJjSHN4SXlpUEhqb1JYT3ZqR294SWhFWU9FSXo0LXhUNVRzSG1vR1Zqblh1eGxMek5ZeHRxS21yc2dCZmw5Zk9XMVlfSFJUbjM4VTdUeTJZ?oc=5
Citizen Digital (via Google News),Gachagua returns to Ol Kalou for DCP 'Thank You' tour after landslide by-election win - Citizen Digital,"Fri, 17 Jul 2026 05:11:46 GMT",https://news.google.com/rss/articles/CBMiwAFBVV95cUxOczNrU2h4N0pNX3VtWUVFaXp4Q3FaSmp6b2lJYjJUMHZtVFgyclBkcWlOOE16S19VdVFMdWI2aWRWSmhjWldEd25tMmQzNWJLSUdnX2UtMDRoXzRUclBkcElXRmVBUG5UZzVZd3BOU0ctUW1PNzI2MlFRLWYxZDJ4bGV4Unc2eTNsMkluMnpMZkVNRVc0Tk1wbEpXVWxJcnV3VUtxazNSa3BHNTdkRUt5WnROLUxSS0hLUURuVFVKbEI?oc=5
Citizen Digital (via Google News),Spanish World Cup celebrations detected by seismic sensors after final goal - Citizen Digital,"Mon, 20 Jul 2026 19:42:00 GMT",https://news.google.com/rss/articles/CBMitgFBVV95cUxOVkdKZEFIU1pqZVA4UEtOeERsUnlLVHBnaHQ3cXIyRjZZUlJiN2F6enFqM1hNcUdlN2NjSnNKR3dwamQ0TzM4c0ZkT0NGTDVhS0Y4RmdwODRrc2hkOGFnLW5qUjVaTi1LUGc2SzRHNDlUallnamxNcUwzcWNTUk1femU3d2tEb19jTFBLbmZfUm15YjBTSjNfWWY3VDJ4M2VKU2kyYmlnOF9sZUxQTkhWOWlyXzRCQQ?oc=5
Citizen Digital (via Google News),Search - Citizen Digital,"Sun, 23 Nov 2025 22:26:22 GMT",https://news.google.com/rss/articles/CBMiREFVX3lxTE9SdDJ4ODhBRVJuU2kyZzNlaUJhMmktNTh0bXZ1Q2s2eHFyUXJRWVFqY05ZWjNMdmV6ZWNYdEQ3ZlU0ci1M?oc=5
Citizen Digital (via Google News),Family seeks justice after kin was killed during Ol Kalou by-election - Citizen Digital,"Sun, 19 Jul 2026 17:53:20 GMT",https://news.google.com/rss/articles/CBMirgFBVV95cUxOdkhXNy1SN1hSZ2xaQmZIXy1PZlFiaGl1bi1YVVllVUkxTUJOWmpYWF9pRVpwTlJXcnNzYjZCdzZjNnI3M0t0Z0g0ZnF2Q2RIVjFCd3NhLTFLbHpfelBibG0yOFpJczBJWjRGLWRJNXM3blZfelk5em1OVVJETjBEeVlVT0dTR2ZnZTM1WnJuc0J4VXR6MzRwMm9hUkNhcGVnMHI3Vm1GQTNqcldpMHc?oc=5
Citizen Digital (via Google News),India floods and landslides kill at least 19 - Citizen Digital,"Sun, 19 Jul 2026 14:39:48 GMT",https://news.google.com/rss/articles/CBMijAFBVV95cUxQNTNGZVA1c1czaUlTSDRrclhhSng2Zk5sbUR2NURBQ3A0WElCOTVKMGVJc253bEctNHpNc29vMmtZMFBoeTZPbVhYbWRSYl9mZDJjZENXa29tV3lqZ3Y3QUQ1TEwyYm5INGRTbGVtdk12dVhKYjNGWjRrTllFRFRRSHQwbUc4ZEk3VHdLbA?oc=5
Citizen Digital (via Google News),Ol Kalou by-election mirrors what awaits Ruto in 2027 - MP-elect Ngotho - Citizen Digital,"Mon, 20 Jul 2026 06:46:19 GMT",https://news.google.com/rss/articles/CBMirgFBVV95cUxQdUpBV0MtV3psN1JHbVNhaDhuMmFmU3hyOTAzWkc3aExPQlo5cXF2bVdNZVMyNFVXS1F1cEJRS09BdEFkd2xFS0VRNzg1VjBSNjdlY1FTNXZPNXloNmwtalNTd19NWU9KNHhQcHNNLTV5OHJvVHNNMTZ2dXAybEZtX2VVeFhEY1dzZFEyVHE3eUQ4Z0Q1bzBKTS1CUWdFSnFQUWxBTmVnbGVxaUJ2S3c?oc=5
Citizen Digital (via Google News),Voting kicks off in high-stakes Ol Kalou By-Election - Citizen Digital,"Thu, 16 Jul 2026 04:11:21 GMT",https://news.google.com/rss/articles/CBMilwFBVV95cUxNMWlDZkFxSkE1ZjN2cTRpeWtmOHhWWkx6RWYyOVJEN0ZSaDdoR3l2aEx5Z21BODlZUURYcHY2Q1FZaHJNdXZIR3EzT2pkbzQwMUE2T01HZ1RRRWQtaXhyVlQtWndzdG81bDhTRVlBU3U1eUdJTmdUbzJzSnJaUUdINnRJdXlPaEpkb0h4eU9CMV9hVGN2eWhB?oc=5
Citizen Digital (via Google News),KPA gaffer Mugabe targets defensive improvement despite double victory - Citizen Digital,"Tue, 21 Jul 2026 15:13:30 GMT",https://news.google.com/rss/articles/CBMirwFBVV95cUxOd0pleE0yS2IzaXdVUnA5RjF3cVhmM3ZFWjFUV1pNUEVya1g5Q2xPTkkxXzFoZVpEcFRNS3dvd09YNUNzcjdaajlCd1RPT0JYMXZjd01oNldyZnE1SFlHZmluTkc2T2pkQ256QWlSaHBXTU04MmxwaVdEdk1sNzB1MmlxMnJGamJLcjY3bjVaTDlnVW1ydFFkejl1TDljeXFOSm1LYlpzb0k2RW5hb3cw?oc=5
Citizen Digital (via Google News),KTDA chair Njeru blames 0.8% export levy for declines in tea market - Citizen Digital,"Wed, 22 Jul 2026 07:04:15 GMT",https://news.google.com/rss/articles/CBMiqAFBVV95cUxOaGZ0R3Q1M2JXMVptQm53WnBhenFUdTdjdFMxZ3dNVVVkOGJ2djNiU3BNaDVjN29sS2tCR2V0Zy1JM3Z2dFIxMG5QbERDM21Od3dlT3ZCRGxKRzljNWo4MlNtZDl0MWVWUGNLMDdJQXBlcmtIUGd1NnhLVEdCMXBnX1hUa2RlLU9OMGM2UWh4eXIwa0h6R3BsU0tsd0xuZ2tyYlFDNmFNWGE?oc=5
Citizen Digital (via Google News),Judiciary assures normal court proceedings ahead of lawyers boycott - Citizen Digital,"Mon, 20 Jul 2026 12:01:53 GMT",https://news.google.com/rss/articles/CBMiqwFBVV95cUxPS0hHaG5ja3NNSTJETnNPNzBmbzVuUTVGTU9VNDVUbjZuN25HLXgxNllZc1l3UU9fNnRKTzF2Nm9KMkoySHljcnUwRW9SS213ZGJGOFBvNndjeWRNb0xwT20tQ05PUGRqZDJqMXdyREtNQUtuaFZIekNBZE96VTNMZjJnbm1iLWM0U1FGVmlrNDV6Q1FHY1FhZGpVYjgwVHc5M3FWQlBrakpzWEk?oc=5
Citizen Digital (via Google News),Kenya to continue spearheading equitable development with focus on youth - Mudavadi - Citizen Digital,"Tue, 21 Jul 2026 06:41:55 GMT",https://news.google.com/rss/articles/CBMivgFBVV95cUxPUHlRRTJEclhVZUpaNnE5eTh4VzZBdkhWdG1ZMzZ6QWVFYUJsX0FPelcyZEEzM1ZOazVSY0syVFlvQkVzcnJYLXFleVk5cncyLWxmZk83dFowMVBhVm9sMF82NDNpV1pobjlPM1BQVWZ1RTNoN0FjLVNBSE4xbXRQbTFWcnE4T216LTY5a292dnNpejlIak95VXh4amNyRjNfT2tSY1dmeWNURU9nTHRLbC1Pc3pOQnIzQXNlZmZB?oc=5
Citizen Digital (via Google News),EACC moves to recover Ksh.790M grabbed Kenya Prisons land in Kisumu - Citizen Digital,"Tue, 21 Jul 2026 15:41:27 GMT",https://news.google.com/rss/articles/CBMiqgFBVV95cUxNaUVWQk5LZjl2NXM4TU5PV0R3U3Ewd2N4QTBNTjNqSWk2WTduYkNlWVl2QkFVYkhRa05pOUhwNndtSU1TWE13NjlsV0JiSVBPVkRGRU5QV2xYenU3VTJyMDNZTHA3bEVQeWp2QkNERGpiOHU3QlRoV1JmR3VUTllyUGZqcEhvOEJIdXdnckVYemJKM0pYMDg5bmV3TFQ2ZjNKeEdDcDFxVTQzZw?oc=5
Citizen Digital (via Google News),Andy Burnham set to take over as new British PM - Citizen Digital,"Mon, 20 Jul 2026 10:21:01 GMT",https://news.google.com/rss/articles/CBMijgFBVV95cUxNQW1TMWVnWno2QVZIUVdpUW9FbjVKR19rdmJkZXdFUFdVV3hlNjRSWjNSRjE2U0VEMEdtYnJ6U0taQ1JIeUViWVQ2NV9oZk5qRUdnZjVZRlNMd0J2TlZaZnF6NnV6ZFB3bkNjSVN4bXg5aklUVVhnVzRUZTRJYmkzX2xtS1lINk8xTERIb3Bn?oc=5
Citizen Digital (via Google News),Trump says US 'not finished at all' with Iran - Citizen Digital,"Wed, 22 Jul 2026 03:02:28 GMT",https://news.google.com/rss/articles/CBMiiwFBVV95cUxPMjg3SmlVWFVXYTZtZ1FiTkRLOHlWUGFwUWZNTmNKNjVlczVuTzY0ZlFGVHpKeWstazMyWXNHTWlHOUVuUXBGX2ZJTTNsRDZldXREeVRXSm5YdlhMMzZVZjBQMXhSMlBfc0wzYnR0QXZhVTBFMkRBWmVZRHVLRm1CV2FySEJRQzUzZ2pn?oc=5
Citizen Digital (via Google News),Ruto pledges deeper Kenya-UK ties in message to new PM Andy Burnham - Citizen Digital,"Mon, 20 Jul 2026 18:15:57 GMT",https://news.google.com/rss/articles/CBMiqwFBVV95cUxOaWV5SUVVNXozWG45V3RJT1h2VjlyZmZzdmQ1NlppLW5fTlNRRlViSnF4X3M1QS1DbndIaG9JUV80V3UyRWhNVFpBWTlVR3dBSmNocWVDSlZ1Q1hGWXpVcWJ5ckc0VzJqOVBRZV95V1dGR1VxWEV6YzUzcU1sOVN2ejJxR05aUXVtR2J6cFJwN2szZzdSTXV4YnJfclNVQk5tdDVoRFVaZVZtd0k?oc=5
Citizen Digital (via Google News),A million people expected to welcome home Spain's World Cup champions - Citizen Digital,"Mon, 20 Jul 2026 05:41:21 GMT",https://news.google.com/rss/articles/CBMiqwFBVV95cUxOQmZDTzhFWUR3dzdaellXR0p3elFtdnQ1cjk4NWhxc2VXQTFRcVVWUEd1QlZBYTN1WkJuQTRJOEt2UnFKWXBYTV9hQVUwWFJCcTdMaGJZU09zUDRpWmx0cEtaczdzYl9HVWRlWUpQSmpVZGs3ZGh0V0dsU3hmZFJWNHViUmVNeDdQVVJlM1BlUVc2VWU3U3lWX3Jmd0hBckFXcktaUjFzR3JhSW8?oc=5
Citizen Digital (via Google News),Aston Villa sign Joao Gomes from Wolves - Citizen Digital,"Mon, 20 Jul 2026 13:31:16 GMT",https://news.google.com/rss/articles/CBMihgFBVV95cUxNUkFNLVpfdVR5d1VPZTBNaFRqMkt3Q2R6aFpMamVvLXIzbEN4R1BNNkowRXpBcy0xeTFlMWxFWVVpak4yalo5anRNVkd3c1J3SUtocTNCTlNsX05oNWdpWFBUajh2UXhIYUVVeXU0OU1YU25ua1RXNnh6U05SS1R0UjhrWDB6UQ?oc=5
Citizen Digital (via Google News),Chile declares state of emergency over deadly rainfall - Citizen Digital,"Tue, 21 Jul 2026 04:12:44 GMT",https://news.google.com/rss/articles/CBMimgFBVV95cUxPdHNwLU03S3RueE1VZUZacnBRV1o5MEpqRGgxZG1fclZYZ0xRR1ltRFZGVm9DTU5zVWlVV0RZckhtTml6RGhYSzJ3ZkduclFnUFdJYmlQYmRESi1WVXpnLTBRd0pvTm1KcmZtLTFLcEllNy1zNUIzYTZJZDVxZy1vMmRsQUxVYll5WGJKdVRILVhSZWNGWmxtU0dR?oc=5
K24,5 small things women secretly wish their boyfriends would do on Girlfriend’s Day,"Wed, 22 Jul 2026 07:39:14 +0000",https://k24.digital/lifestyle/love-and-relationships/5-small-things-women-secretly-wish-their-boyfriends-would-do-on-girlfriends-day
K24,"Highskul Moto: Inside Jaymohdecin’s film exploring school-burning crisis, boarding chaos","Wed, 22 Jul 2026 07:38:47 +0000",https://k24.digital/entertainment/movies/highskul-moto-inside-jaymohdecins-film-exploring-school-burning-crisis-boarding-chaos
K24,Rebel Wilson cleared in defamation case brought by actress in her own film,"Wed, 22 Jul 2026 07:19:37 +0000",https://k24.digital/entertainment/celebrity/rebel-wilson-cleared-in-defamation-case-brought-by-actress-in-her-own-film
K24,World Cup fatigue and injuries hit Arsenal harder than most EPL rivals,"Wed, 22 Jul 2026 06:57:18 +0000",https://k24.digital/sports/epl/world-cup-fatigue-and-injuries-hit-arsenal-harder-than-most-epl-rivals
K24,Michelin-starred restaurant owner faces jail for using ants as dessert garnish,"Wed, 22 Jul 2026 06:48:14 +0000",https://k24.digital/food-and-culinary/michelin-starred-restaurant-owner-faces-jail-for-using-ants-as-dessert-garnish
K24,Manchester United face fans’ uproar over season-ticket restrictions,"Wed, 22 Jul 2026 06:26:11 +0000",https://k24.digital/sports/epl/manchester-united-face-fans-uproar-over-season-ticket-restrictions
K24,How your office chair could be undoing all your gym efforts,"Wed, 22 Jul 2026 06:23:17 +0000",https://k24.digital/lifestyle/health-and-fitness/how-your-office-chair-could-be-undoing-all-your-gym-efforts
K24,Grammy-winning artiste Chance the Rapper visits Kenya,"Wed, 22 Jul 2026 05:56:53 +0000",https://k24.digital/entertainment/celebrity/grammy-winning-artiste-chance-the-rapper-visits-kenya
K24,Inside Chelsea and Xabi Alonso’s 6-match preseason schedule ahead of 2026/27 season,"Wed, 22 Jul 2026 05:49:23 +0000",https://k24.digital/sports/epl/inside-chelsea-and-xabi-alonsos-6-match-preseason-schedule-ahead-of-2026-27-season
K24,Fally Ipupa confirms Kenyan show in September 2026,"Wed, 22 Jul 2026 05:38:45 +0000",https://k24.digital/entertainment/celebrity/fally-ipupa-confirms-kenyan-show-in-september-2026
K24,Man United defender Martinez addresses injury fears after World Cup heartbreak,"Wed, 22 Jul 2026 05:18:31 +0000",https://k24.digital/sports/epl/man-united-defender-martinez-addresses-injury-fears-after-world-cup-heartbreak
K24,King Kalala warns trolls after surprise pregnancy announcement,"Wed, 22 Jul 2026 05:10:59 +0000",https://k24.digital/entertainment/celebrity/king-kalala-warns-trolls-after-surprise-pregnancy-announcement
K24,France becomes first EU country to ban social media access for under-15s,"Wed, 22 Jul 2026 04:48:50 +0000",https://k24.digital/lifestyle/technology/france-becomes-first-eu-country-to-ban-social-media-access-for-under-15s
K24,5 things to consider when choosing a house help,"Wed, 22 Jul 2026 04:24:45 +0000",https://k24.digital/lifestyle/home-and-living/5-things-to-consider-when-choosing-a-house-help
K24,Chelsea sign Morgan Rogers in record-breaking deal,"Wed, 22 Jul 2026 04:10:49 +0000",https://k24.digital/sports/epl/chelsea-sign-morgan-rogers-in-record-breaking-deal
K24,YouTube star MrBeast weds girlfriend Thea Booysen in intimate island ceremony,"Wed, 22 Jul 2026 04:02:32 +0000",https://k24.digital/entertainment/celebrity/youtube-star-mrbeast-weds-girlfriend-thea-booysen-in-intimate-island-ceremony
K24,Godzilla vs Kong actress Kaylee Hottle dies in a crash,"Wed, 22 Jul 2026 03:29:58 +0000",https://k24.digital/entertainment/celebrity/godzilla-vs-kong-actress-kaylee-hottle-dies-in-a-crash
K24,"Tokyo urges men to wear shorts to work, but women say it’s leg hair harassment","Tue, 21 Jul 2026 23:03:06 +0000",https://k24.digital/entertainment/tokyo-urges-men-to-wear-shorts-to-work-but-women-say-its-leg-hair-harassment
K24,Peripartum cardiomyopathy: When pregnancy breaks the heart,"Tue, 21 Jul 2026 22:49:43 +0000",https://k24.digital/lifestyle/health-and-fitness/peripartum-cardiomyopathy-when-pregnancy-breaks-the-heart
K24,Five common misconceptions about tetanus,"Tue, 21 Jul 2026 22:27:56 +0000",https://k24.digital/lifestyle/health-and-fitness/five-common-misconceptions-about-tetanus
K24,How to remove carpet odours without buying expensive products,"Tue, 21 Jul 2026 21:45:21 +0000",https://k24.digital/lifestyle/home-and-living/how-to-remove-carpet-odours-without-buying-expensive-products
K24,How to wash knitted sweaters without ruining them,"Tue, 21 Jul 2026 21:06:08 +0000",https://k24.digital/lifestyle/life-hacks/how-to-wash-knitted-sweaters-without-ruining-them
K24,Simple ways to make your house feel more like home,"Tue, 21 Jul 2026 20:44:30 +0000",https://k24.digital/lifestyle/home-and-living/simple-ways-to-make-your-house-feel-more-like-home
K24,7 Practical ways to leave work at work,"Tue, 21 Jul 2026 20:32:31 +0000",https://k24.digital/lifestyle/mental-wellnes/7-practical-ways-to-leave-work-at-work
K24,Simple ways to stay connected with friends despite busy schedules,"Tue, 21 Jul 2026 20:03:34 +0000",https://k24.digital/lifestyle/love-and-relationships/simple-ways-to-stay-connected-with-friends-despite-busy-schedules
K24,The history of pasta and how it became a global favourite,"Tue, 21 Jul 2026 19:43:09 +0000",https://k24.digital/lifestyle/food-and-culinary/the-history-of-pasta-and-how-it-became-a-global-favourite
K24,The explosion is what I remember: Man nearly sucked out of Ryanair plane recounts ordeal,"Tue, 21 Jul 2026 19:23:50 +0000",https://k24.digital/news/the-explosion-is-what-i-remember-man-nearly-sucked-out-of-ryanair-plane-recounts-ordeal
K24,Skilled workforce key to fast-tracking Kamariny Stadium construction,"Tue, 21 Jul 2026 19:14:07 +0000",https://k24.digital/sports/skilled-workforce-key-to-fast-tracking-kamariny-stadium-construction
K24,World Cup: Enzo Fernandez defends Argentina after final red card and post-match chaos,"Tue, 21 Jul 2026 18:23:32 +0000",https://k24.digital/sports/world-cup/world-cup-enzo-fernandez-defends-argentina-after-final-red-card-and-post-match-chaos
K24,Anthony Taylor’s retirement: Top controversies of EPL ref and why Chelsea fans are happy with his exit,"Tue, 21 Jul 2026 18:02:52 +0000",https://k24.digital/sports/epl/anthony-taylors-retirement-top-controversies-of-epl-ref-and-why-chelsea-fans-are-happy-with-his-exit
KBC,"CDC calls for urgent action as Ebola cases top 2,400 in DR Congo","Wed, 22 Jul 2026 07:30:04 +0000",https://www.kbc.co.ke/cdc-calls-for-urgent-action-as-ebola-cases-top-2400-in-dr-congo/
KBC,"Carney to intensify trade talks with Trump, warns all options on table","Wed, 22 Jul 2026 07:01:50 +0000",https://www.kbc.co.ke/carney-to-intensify-trade-talks-with-trump-warns-all-options-on-table/
KBC,France passes law banning under-15s from social media,"Wed, 22 Jul 2026 06:56:13 +0000",https://www.kbc.co.ke/france-passes-law-banning-under-15s-from-social-media/
KBC,"EACC arrests Kangema magistrate, probation officer for bribery","Wed, 22 Jul 2026 06:44:51 +0000",https://www.kbc.co.ke/eacc-arrests-kangema-magistrate-probation-officer-for-bribery/
KBC,"African leaders launch health financing dashboard, urge increased investment","Wed, 22 Jul 2026 06:24:51 +0000",https://www.kbc.co.ke/african-leaders-launch-health-financing-dashboard-urge-increased-investment/
KBC,Fired caretaker kills two casual workers at Kiambu estate,"Wed, 22 Jul 2026 06:13:50 +0000",https://www.kbc.co.ke/fired-caretaker-kills-two-casual-workers-at-kiambu-estate/
KBC,How China’s AI innovation could inspire elderly care in Kenya,"Wed, 22 Jul 2026 05:45:57 +0000",https://www.kbc.co.ke/how-chinas-ai-revolution-could-inspire-elderly-care-in-kenya/
KBC,Senator Methu claims recent intense by-election campaign led to weight loss,"Wed, 22 Jul 2026 05:45:56 +0000",https://www.kbc.co.ke/senator-methu-claims-recent-intense-by-election-campaign-led-to-weight-loss/
KBC,Godzilla vs Kong actress Kaylee Hottle dies in crash at 18,"Wed, 22 Jul 2026 04:59:52 +0000",https://www.kbc.co.ke/godzilla-vs-kong-actress-kaylee-hottle-dies-in-crash-at-18/
KBC,Albert Ojwang murder trial continues,"Wed, 22 Jul 2026 04:29:55 +0000",https://www.kbc.co.ke/albert-ojwang-murder-trial-continues/
Kenya News Agency,Water hyacinth offers livelihoods to lake communities despite health risks,"Wed, 22 Jul 2026 08:16:28 +0000",https://www.kenyanews.go.ke/water-hyacinth-offers-livelihoods-to-lake-communities-despite-health-risks/
Kenya News Agency,Judiciary urge lawyers to drop planned court boycott,"Wed, 22 Jul 2026 08:13:57 +0000",https://www.kenyanews.go.ke/judiciary-urge-lawyers-to-drop-planned-court-boycott/
Kenya News Agency,Council of elders want action taken against goons,"Wed, 22 Jul 2026 08:12:15 +0000",https://www.kenyanews.go.ke/council-of-elders-want-action-taken-against-goons/
Kenya News Agency,"6,000 farmers get subsidised fertilizer in Vihiga","Wed, 22 Jul 2026 07:51:51 +0000",https://www.kenyanews.go.ke/6000-farmers-get-subsidised-fertilizer-in-vihiga/
Standard - Headlines,"Kangema magistrate, probation officer arrested with Sh150,000 bribe","Wed, 22 Jul 2026 10:15:54 +0300",https://www.standardmedia.co.ke/article/2001553434/kangema-magistrate-probation-officer-arrested-with-sh150-000-bribe
Standard - Headlines,Charles Owino appointed as Government Spokesperson,"Tue, 21 Jul 2026 19:14:27 +0300",https://www.standardmedia.co.ke/article/2001553410/charles-owino-appointed-as-government-spokesperson
Standard - Headlines,"As repression soars, East Africans are finding fragile refuge in Nairobi","Mon, 20 Jul 2026 14:05:00 +0300",https://www.standardmedia.co.ke/article/2001553281/as-repression-soars-east-africans-are-finding-fragile-refuge-in-nairobi
Capital FM Kenya,China Pledges Deeper Security Cooperation With Kenya as Global Tensions Rise,"Wed, 22 Jul 2026 06:35:13 +0000",https://capitalfm.africa/china-pledges-deeper-security-cooperation-with-kenya-as-global-tensions-rise/
Capital FM Kenya,Health Unions Begin Daily Protests as Nationwide Strike Enters Third Day,"Wed, 22 Jul 2026 06:29:53 +0000",https://capitalfm.africa/health-unions-begin-daily-protests-as-nationwide-strike-enters-third-day/
Capital FM Kenya,Nairobi County Executive approves Phase I of Mass Rapid Transit System,"Wed, 22 Jul 2026 06:24:56 +0000",https://capitalfm.africa/nairobi-county-executive-approves-phase-i-of-mass-rapid-transit-system/
Capital FM Kenya,Linda Mwananchi campaign raises over half a million in 10 hours,"Wed, 22 Jul 2026 06:11:49 +0000",https://capitalfm.africa/linda-mwananchi-campaign-raises-over-half-a-million-in-10-hours/
Capital FM Kenya,"Politicians Sponsoring Goons Risk Losing State Security, Coast Police Commander Warns","Wed, 22 Jul 2026 05:41:16 +0000",https://capitalfm.africa/politicians-sponsoring-goons-risk-losing-state-security-coast-police-commander-warns/
Capital FM Kenya,"Witness Says Brother Abandoned Schooling, Medical Care After Embracing Mackenzie Teachings","Wed, 22 Jul 2026 05:34:34 +0000",https://capitalfm.africa/witness-says-brother-abandoned-schooling-medical-care-after-embracing-mackenzie-teachings/
Capital FM Kenya,Nairobi-Based Lawyer Arrested Over Alleged Land Fraud Scheme,"Wed, 22 Jul 2026 05:14:41 +0000",https://capitalfm.africa/nairobi-based-lawyer-arrested-over-alleged-land-fraud-scheme/
Capital FM Kenya,Makau Mutua Congratulates Duncan Ojwang on Nomination as IPOA Chairperson,"Wed, 22 Jul 2026 05:09:23 +0000",https://capitalfm.africa/makau-mutua-congratulates-duncan-ojwang-on-nomination-as-ipoa-chairperson/
Capital FM Kenya,Lawyers Nationwide to Boycott Courts Over Orders Halting JSC Probes of Judges,"Wed, 22 Jul 2026 04:48:10 +0000",https://capitalfm.africa/lawyers-nationwide-to-boycott-courts-over-orders-halting-jsc-probes-of-judges/
Capital FM Kenya,Govt Invests Sh922mn in 14 Modern Markets Across Kisumu,"Wed, 22 Jul 2026 04:31:55 +0000",https://capitalfm.africa/govt-invests-sh922mn-in-14-modern-markets-across-kisumu/
Kenya News Agency,Kaburwo elders’ chairman urges peaceful political campaigns,"Wed, 22 Jul 2026 08:20:47 +0000",https://www.kenyanews.go.ke/kaburwo-elders-chairman-urges-peaceful-political-campaigns/
Standard - Headlines,Gachagua: Why Ruto will not steal the 2027 General Election,"Wed, 22 Jul 2026 20:24:26 +0300",https://www.standardmedia.co.ke/article/2001553510/gachagua-why-ruto-will-not-steal-the-2027-general-election
Standard - Kenya News,Nairobi county retirees demand answers over delayed pension benefits,"Wed, 22 Jul 2026 17:42:49 +0300",https://www.standardmedia.co.ke/article/2001553492/nairobi-county-retirees-demand-answers-over-delayed-pension-benefits
Standard - Politics,"Government will serve all Kenyans equally, says Kindiki","Wed, 22 Jul 2026 20:42:53 +0300",https://www.standardmedia.co.ke/politics/article/2001553514/government-will-serve-all-kenyans-equally-says-kindiki
Standard - Politics,"Ol Kalou and Mbeere North hold key lessons for UDA, Opposition ahead of 2027","Wed, 22 Jul 2026 18:12:06 +0300",https://www.standardmedia.co.ke/politics/article/2001553499/ol-kalou-and-mbeere-north-hold-key-lessons-for-uda-opposition-ahead-of-2027
Standard - Politics,Matiang'i meets Sifuna as opposition talks gather pace ahead of 2027 race,"Wed, 22 Jul 2026 15:28:23 +0300",https://www.standardmedia.co.ke/politics/article/2001553478/matiang-i-meets-sifuna-as-opposition-talks-gather-pace-ahead-of-2027-race
Standard - Business,Data protection office bets on global quality standards amid rising cyber threats,"Wed, 22 Jul 2026 16:28:29 +0300",https://www.standardmedia.co.ke/business/article/2001553485/data-protection-office-bets-on-global-quality-standards-amid-rising-cyber-threats
Standard - Business,How poor planning costs Africa 80pc of its infrastructure projects,"Wed, 22 Jul 2026 13:44:00 +0300",https://www.standardmedia.co.ke/business/article/2001553476/how-poor-planning-costs-africa-80pc-of-its-infrastructure-projects
Business Daily Africa,Kenyans unable to afford a healthy diet rise by 9m,"Wed, 22 Jul 2026 17:10:54 GMT",https://www.businessdailyafrica.com/bd/economy/kenyans-unable-to-afford-a-healthy-diet-rise-by-9m-5534718
Business Daily Africa,The AI tool helping flower farms cut pesticide use,"Wed, 22 Jul 2026 15:08:06 GMT",https://www.businessdailyafrica.com/bd/corporate/enterprise/the-ai-tool-helping-flower-farms-cut-pesticide-use-5534608
Business Daily Africa,Portuguese firm battling auctioneers selected for mega Embu dam project,"Wed, 22 Jul 2026 13:37:41 GMT",https://www.businessdailyafrica.com/bd/economy/portuguese-firm-selected-for-mega-embu-dam-project-5534414
Business Daily Africa,Investor loses final bid against Dyer & Blair over Sh100m deal,"Wed, 22 Jul 2026 12:00:54 GMT",https://www.businessdailyafrica.com/bd/markets/capital-markets/investor-loses-final-bid-against-dyer-blair-over-sh100m-deal-5534256
Business Daily Africa,Stanchart Pension blocks review of new claims by ex-staff,"Wed, 22 Jul 2026 15:48:37 GMT",https://www.businessdailyafrica.com/bd/corporate/companies/stanchart-pension-blocks-review-of-new-claims-by-ex-staff-5534708
Business Daily Africa,SBM Bank net profit jumps 88pc on lower deposit costs,"Wed, 22 Jul 2026 14:28:48 GMT",https://www.businessdailyafrica.com/bd/corporate/companies/sbm-bank-net-profit-jumps-88pc-on-lower-deposit-costs-5534530
Capital FM Kenya,Gachagua claims police will refuse to rig 2027 poll,"Wed, 22 Jul 2026 18:37:45 +0000",https://capitalfm.africa/gachagua-claims-police-will-refuse-to-rig-2027-poll/
Capital FM Kenya,Gachagua warns voters may arm themselves ahead of 2027,"Wed, 22 Jul 2026 18:06:38 +0000",https://capitalfm.africa/gachagua-warns-voters-may-arm-themselves-ahead-of-2027/
Capital FM Kenya,"Digital posts carry same legal consequences as public speeches, NCIC warns as election rhetoric escalates","Wed, 22 Jul 2026 17:43:08 +0000",https://capitalfm.africa/digital-posts-carry-same-legal-consequences-as-public-speeches-ncic-warns-as-election-rhetoric-escalates/
Capital FM Kenya,Gachagua offers to train Kenyans on protecting votes ahead of 2027,"Wed, 22 Jul 2026 17:38:52 +0000",https://capitalfm.africa/gachagua-offers-to-train-kenyans-on-protecting-votes-ahead-of-2027/
Capital FM Kenya,Govt gives team seven days to chart reopening of Marsabit’s Hillo Gold Mines,"Wed, 22 Jul 2026 17:23:27 +0000",https://capitalfm.africa/govt-gives-team-seven-days-to-chart-reopening-of-marsabits-hillo-gold-mines/
Capital FM Kenya,Gachagua reveals why he now believes Ruto was ‘overrated’,"Wed, 22 Jul 2026 17:21:56 +0000",https://capitalfm.africa/gachagua-reveals-why-he-now-believes-ruto-was-overrated/
Capital FM Kenya,Gachagua says UDA will lose every seat in Mt Kenya,"Wed, 22 Jul 2026 17:12:22 +0000",https://capitalfm.africa/gachagua-says-uda-will-lose-every-seat-in-mt-kenya/
Capital FM Kenya,Kenya Air Force advances modernization drive through strategic UK defence engagements,"Wed, 22 Jul 2026 16:11:56 +0000",https://capitalfm.africa/kenya-air-force-advances-modernization-drive-through-strategic-uk-defence-engagements/
Capital FM Kenya,The new region every 2027 camp wants,"Wed, 22 Jul 2026 16:10:08 +0000",https://capitalfm.africa/the-new-region-every-2027-camp-wants/
Capital FM Kenya,Kenya seeks fresh green investment to restore 10.6mn hectares of degraded land,"Wed, 22 Jul 2026 15:38:44 +0000",https://capitalfm.africa/kenya-seeks-fresh-green-investment-to-restore-10-6mn-hectares-of-degraded-land/
NTV Kenya,Unlocking Africa’s Next Frontier | Business Redefined,"Wed, 22 Jul 2026 16:35:37 +0000",https://ntvkenya.co.ke/business/unlocking-africas-next-frontier-business-redefined/
NTV Kenya,Video analysis links police officer to Ol Kalou bribery allegations,"Wed, 22 Jul 2026 13:18:44 +0000",https://ntvkenya.co.ke/news/video-analysis-links-police-officer-to-ol-kalou-bribery-allegations/
NTV Kenya,Chelsea sign Morgan Rogers from Aston Villa in record British deal,"Wed, 22 Jul 2026 13:03:22 +0000",https://ntvkenya.co.ke/sports/chelsea-sign-morgan-rogers-from-aston-villa-in-record-british-deal/
NTV Kenya,Kenyans evacuated from South Africa return home to new set of challenges,"Wed, 22 Jul 2026 12:52:10 +0000",https://ntvkenya.co.ke/news/kenyans-evacuated-from-south-africa-return-home-to-new-set-of-challenges/
NTV Kenya,Kangema Magistrate suspended over bribery allegations,"Wed, 22 Jul 2026 12:02:46 +0000",https://ntvkenya.co.ke/news/kangema-magistrate-suspended-over-bribery-allegations/
NTV Kenya,"OpenAI AI models went rogue during testing, triggering hack at startup","Wed, 22 Jul 2026 11:57:59 +0000",https://ntvkenya.co.ke/news/openai-ai-models-went-rogue-during-testing-triggering-hack-at-startup/
NTV Kenya,Canada flags eight Kenyan counties over security concerns,"Wed, 22 Jul 2026 10:24:47 +0000",https://ntvkenya.co.ke/news/canada-flags-eight-kenyan-counties-over-security-concerns/
NTV Kenya,"La Liga chief accuses FIFA of ‘destroying football industry’, calls for Infantino to quit","Wed, 22 Jul 2026 08:49:25 +0000",https://ntvkenya.co.ke/sports/la-liga-chief-accuses-fifa-of-destroying-football-industry-calls-for-infantino-to-quit/
NTV Kenya,Africa’s top health official asks US to lift Ebola-related travel restrictions on Uganda,"Wed, 22 Jul 2026 08:41:56 +0000",https://ntvkenya.co.ke/news/africas-top-health-official-asks-us-to-lift-ebola-related-travel-restrictions-on-uganda/
NTV Kenya,CCTV captures Albert Ojwang’s final moments at Nairobi Central Police Station,"Wed, 22 Jul 2026 08:31:12 +0000",https://ntvkenya.co.ke/news/cctv-captures-albert-ojwangs-final-moments-at-nairobi-central-police-station/
Citizen Digital (via Google News),Court tightens rules for virtual attendance of Ojwang murder trial - Citizen Digital,"Wed, 22 Jul 2026 10:46:09 GMT",https://news.google.com/rss/articles/CBMiqgFBVV95cUxQdkRCSDN0dnNZLV9LMlhIb3Z6VzgwcUZXdDF3a19HTmkyVXZGeTRHUDVNeHp3MUtQU3F6UlpiRTBrYy0xUGRrYV9OMC0tSFA3bkppZFgtX1NSTjJlMklhcXlsYy1TalJDOUJpV2V2bTVYTGdEbHc4aVN2TnhUc2VIZnhEc2hVRFlTaXdEV3lrQ080akVLMmIxTnVqME94V1BCbTB0R0FRMk9Rdw?oc=5
Citizen Digital (via Google News),"Teachers reject SRC salary increments, cite disparities with other civil servants - Citizen Digital","Wed, 22 Jul 2026 12:26:57 GMT",https://news.google.com/rss/articles/CBMivAFBVV95cUxOUTNUNVNwQm5kdVlhR2pHWmZjZDNlcm1FRkI1SHBrcUxXbHZfTkRoLTk2ZGx3MnNhMnhKT0sydWpaMkd4bzdLMWM0dkRZR3FjQ3NlclhqSDNIcjVxcFUwUFRjcTl1WHBPRDBBaDl4NUJoZTgxZTdxUjhaalhoOV9mUUFIRUFoamE1NzVWS0lXbEhVN3RBMUxHYjh1SnVnQWVDLXpCTGc4ck9RNTI0eThaYUFreTVJYjFUb01sQQ?oc=5
Citizen Digital (via Google News),Matiang'i hosts Sifuna's Linda Mwananchi group 'to align strategies' - Citizen Digital,"Wed, 22 Jul 2026 12:11:51 GMT",https://news.google.com/rss/articles/CBMipwFBVV95cUxOT3ptQVBnUUlucUNSenN2ZDlNdkpDRm5oamp3cldZUFVyaDUyeGJ6QUFTN1BPUnplY2kzTlpjZHZGX0xoUzVUcFdNOWhiLTd3X1dhQW9vdkpkU3RJeWJLRWdIcjdaeF84dEs3SDFXNTVWa2xjX0tJNDZsUHJuUnAxT1h1RVhBWVNsN0tMaktOblIxTHB6WnVaYWVpX2dZZEx2cVY2UmFYcw?oc=5
Citizen Digital (via Google News),"Lawyers begin court boycott, mount pressure on Judicial accountability - Citizen Digital","Wed, 22 Jul 2026 09:45:42 GMT",https://news.google.com/rss/articles/CBMirwFBVV95cUxQTURTdzJNRUkwQXE0WGNCYlliSWFtUUNDYlNxV3BrM0lnU1g2M3RmT0dpV1ZOa2kxOVRpem5tU2ZYeWpVYlFFWWtPZWFNY3hUeDIwNnJkWEJHMzFuTktuQXlpNWlhRDRhV2hyeGdtd0ZhckMyb2xCdjlucnRKNV9iN3J2cEZiRUM2eldNb1pySHB2bDlkZ0V3MENwZVlqM3lMenB3VXAxSFljdF9yZDFz?oc=5
Citizen Digital (via Google News),Ruto is doing guesswork on university funding model - Malala - Citizen Digital,"Wed, 22 Jul 2026 12:21:55 GMT",https://news.google.com/rss/articles/CBMinwFBVV95cUxNSHZXNGpuYnA0TzlVSnRFQy1yLVAwOEdVN0tqY2VOT05ZX3Nfdm1xUHd1dWduaklWUXFqUmxCV2RnbTFjTWUwcG1vcTVLTDhqQ1NZUFFJS3hMVk9sSG5rcmZwYzJiUkgtcTdEM0pBcks1b3JjdHVwUGhMck82d090aGE3cm9uTWxuckFfbzlyc1pGZk9WN1ZWMFNGT3dZYUU?oc=5
Citizen Digital (via Google News),Ruto appoints Samuel Muchina to Nairobi Rivers Commission after Ol Kalou by-election loss - Citizen Digital,"Wed, 22 Jul 2026 13:12:15 GMT",https://news.google.com/rss/articles/CBMiyAFBVV95cUxPU2JDSHFwSDh6V3Bkb3I2blBmYW96S1piWnkwVVNqbUJlV0IwQlV6SHBZR3llVmNEVFctakYyaFp2VGxDYUFBM3hFMXlxUUxsUnBiZG9Xb3ZyZzRDd0J2X2tFUXhYUHBYTUVLMDhlSGItRFFtbUZscVF4MTNRRWp2YnA5Qm03RF9QSHFoLVotYl9CbXJTUUpkUXg0RXNEOWhBZHd2X3pkRndvMG9SNHlBbnNIVkZ3Q2poNUU4Z1U2SEw0OTVnUTktMw?oc=5
Citizen Digital (via Google News),Kangema Principal Magistrate relieved from duty pending probe on graft allegations - Citizen Digital,"Wed, 22 Jul 2026 11:20:19 GMT",https://news.google.com/rss/articles/CBMivwFBVV95cUxOVTF2T29QYU5HcTYyT3U3WVFIanNYSFdPRGJuTlR4TV85RFprNFJLTzRoVmJrQjBKYi1OWk5RZ0RuZExJSVhxbEZRZVZtM1JsYS1PZ0Y5WjFNR0E4ckNXUU9OWXdFbGl2X0kwV0dfaU12WHNWeWYtdklQN1piakg2V0NDbmNqWElmNjcxNERscmVJMU1jLVp5eFpSQnhWNnI5OWJ1SXlwMENaMmg3RXVYdHhXU3FEYUI3T0dIRU4wZw?oc=5
Citizen Digital (via Google News),Gov't speaks on viral video of Kenyan man harassing Burundian tea vendor - Citizen Digital,"Wed, 22 Jul 2026 14:48:03 GMT",https://news.google.com/rss/articles/CBMisAFBVV95cUxQNnZIbmVNZl9lV3RWYmxpRzgtaFlFY25rcUltN3FhNU9BQzZKZm5IMVdmNUFaRmpwZVJPVEFPQ2hOTERRdnJNYzRsN003dWp4OFBUT3FITUJhSWgwdkppNzNKVkVmWVVEcEZvR2NOVUIxeDZOaE5mTXVMRUY0WUpvQ25IazNfdzNVSF9hY3NYeHZ3eVNtMWkzM0pVSUM5eXhQSnU1QnVCdnZTRC03dGthTA?oc=5
Citizen Digital (via Google News),Kerugoya court issues conservatory orders stopping rice importation - Citizen Digital,"Wed, 22 Jul 2026 11:26:31 GMT",https://news.google.com/rss/articles/CBMiqwFBVV95cUxNMXlkZUdfZ0N2LVR0VXRpanBTUlI1RHp4T2Y1Q2lQWl9YV3U0MWFrRjFOY19rYkRpTEYzMXFvVGtqcFo0aHo2OURNMzc0dzVnRDFfYURDNUR1d2IxUmJueUFEQWhCZXFHZTF5UXFHZ1cwV0hqR2lzWEZoeVFFVXhTUGtPdjFEUUZleXlpNjhVN0tXUWxPdXhtQUw0Z29ZamtvRnNIdTRqTUJTWGc?oc=5
Citizen Digital (via Google News),"'Talk without action will not work,' Archbishop Ole Sapit dares gov't on taming goonism - Citizen Digital","Wed, 22 Jul 2026 08:20:34 GMT",https://news.google.com/rss/articles/CBMiwAFBVV95cUxNRUpmWm1FYklxdGRkR2NSakU3dFhIblNrRTBnQ1diV2gyMUdEZnVxUDlYN1hZM2lzUXZGR2lJWDdvU0poSGctMkpaT0gzWTZwcUs5ZmhqNmZRcHRVa2pRWV84V1l4OFAyY1FjRlhTZnNXX3N3dEVYdnhuZ2JlVzM1cHNDb3JtZGpJaWVrdWliUURKTE5JWkFvNEFsUmEwTzZIbHNXMmdDRS1zMWdRSkdRVE1FODVHOWNiRkU4UUp4bzQ?oc=5
Citizen Digital (via Google News),Sakaja Cabinet approves underground railway line linking Nairobi CBD to Eastlands - Citizen Digital,"Wed, 22 Jul 2026 12:47:05 GMT",https://news.google.com/rss/articles/CBMivgFBVV95cUxQWVc3QkZWQ25PWlktWkg4Umltd1B4X0xVSTZ5bmNKT2VvU2JrelVsa2o0eXh6RUJ6U1kyVFdtdFp5Smk5WHliVlhxb3B0Q2l0Q1JHYWNVSm41XzlvdF9jM1lHdHFza2w4Ukl1eUNNUmFlcThhSmZMS3F4dDJ3NTZjenRpRmduYmRMN3dyb2ZCUUUxMENOZ0lETXNNU0hBelM0MHRlNTh6NXJqU01helpGMl9kYkp2U2dNNmc1ZG9n?oc=5
Citizen Digital (via Google News),"Premier League referee Taylor retires, bemoans 'constant scrutiny' - Citizen Digital","Wed, 22 Jul 2026 04:55:35 GMT",https://news.google.com/rss/articles/CBMipgFBVV95cUxOdE45Q2dWTUU4azVFNkVTd244bVdTVU02OWRfYXMzQUU1cVdVakxlNEpFek5sdmRJVENGSzd3T1pyaHM4bEdpU08wZlFyTEk4Qm1CcW9BMkRmdkM5R01wNUZNR0JKbE9ETV9USXF0N29rNFlORXlLbS1TWTgxOUtOcEZrU2pFQlQ4ZF9mOWg0d1JRYW1ramw1NlVVWktxMkVxczFrTUFB?oc=5
Citizen Digital (via Google News),'They want us gone' - Man Utd fans' fury over ticket ultimatum - Citizen Digital,"Wed, 22 Jul 2026 06:06:06 GMT",https://news.google.com/rss/articles/CBMingFBVV95cUxPa1BKY052bU4tOFhnc0FHOVltZ0tPemloMFVXSklwUmlteEFmOVZCSXRjVEVDNWNrdTNZU3hNYy0tUGxGLU4ta1ptTmlfNmY3WGJwS3RRanBTbWxEVTFwS2Q3YWNRbE5sRU9YVlI0Q0FVTjFMMHhRUTZSQ1VCYVN5UWQ3SFlJZ0daSTk1WldObW1QazFNa3pPV1g0Z2xKZw?oc=5
Citizen Digital (via Google News),Duped or spun with juju: how sex trade trafficks Nigerian women - Citizen Digital,"Wed, 22 Jul 2026 04:43:07 GMT",https://news.google.com/rss/articles/CBMiogFBVV95cUxNeFVEMW1vZjhiQlRDS1NCX3F1ZHlWaEktcGlVUlhwYTVkVkhBWWIwSTUtcXZnZGZfZURkRW4yb01yNkN4UTM2NENrMWYzWTBRRHFGaTR5ZUJzcXp0MEZYaHNuSzNmYU8wOExoTWVqMzdIbkptaEYxQ1RlODBiX0o5YVQ1NzJvb0hiQnExM1hxUm12YkdfOEpQV3otaWFCUnozdlE?oc=5
Citizen Digital (via Google News),Mystery after hotel intern falls to death at Upper Hill building - Citizen Digital,"Sun, 19 Jul 2026 18:13:28 GMT",https://news.google.com/rss/articles/CBMi1gFBVV95cUxPdTJ2RDl4WHRsVjNDNXlSa1F0ZUlFY01FT0FPV2NaNEhZN1NMMEUwb2lHaFd4S3VBQ0ZkU0oxdzBON1ZCVUJ1aWRJcjNoYW5XZndvNkVUelRxRnBuTmZMb2paSjB5SjIxMGFfWFRxWEVKUEhzVDNlNm9qSHY1aTBwYS1Ic1Nxb3p4X3ZwRE93dmRna0Jfb2U2eUxrYVp3MzlnOVFyM1h0cy11NGE0VkFDWlJBeEtCUkNXNzhrTzBqWDhkWmtpN3Z0bjY0emNaZG5hQ2ZNTE9n?oc=5
Citizen Digital (via Google News),John Methu: The scruffy 35-year-old 'Mountain' Senator whose political star just got brighter - Citizen Digital,"Wed, 22 Jul 2026 11:34:46 GMT",https://news.google.com/rss/articles/CBMiygFBVV95cUxNb3htblRVdzhNalVrYkVnSE9aOHNveEp3RkdTTmZBcFVuWUtUTXdUUTlVbnJPdDVGUkI3VGNla29wQnlrblJNZkNXTEE1UnJKdjlNMURlOW5NWXBsNVZ4cG1mQ3VMZmRYU1FKTUtnblE0blNZUzR2Um9WdlhxMnNseEZsQTVNR0dMdExiR0ZyeE9PSmRDSDR0T3JRYy1oVzh6eW15X0w5U2RSNFlKeW9valZBRExybXVtRmFKejY5SFQ3aFl4SGVUVDF3?oc=5
Citizen Digital (via Google News),ChatGPT creator says its model went rogue and hacked into another AI company - Citizen Digital,"Wed, 22 Jul 2026 14:02:10 GMT",https://news.google.com/rss/articles/CBMitwFBVV95cUxNaEdBbWRBcF90eTIxZkJSeUJORVRBRVg4cUxLdjJCNmN5V0l0NGdfY1lsWmI2UFJ6dTlUYmJ1VVM2R0hpNkI1ZGlQMWF2d0dVUk5YLTZkNmtXQkhoWTRwN3R3SGdWUXg0SFFVTmdzWlVNaGtwcUoxd29KVUh6OWtzXzRuRnNIbTVYTDV0U09SYXF0ZHk5WFVEWTMtam9TQmRxYnNrSU41WHh2OEhtZDRFcU03cVZwRGs?oc=5
Citizen Digital (via Google News),"Police officer kills partner, turns gun on self in Kirinyaga - Citizen Digital","Mon, 20 Jul 2026 13:21:07 GMT",https://news.google.com/rss/articles/CBMioAFBVV95cUxOSnF1aFh2cnZKWU9IdzFVOS04U3o4b1FBWkRzMEt5NkpOcTJWTW52eFp0LWt2NFNXaVpfZHNwVDdvd0ZGWjR3d2ZqRURzbXRsS041MnpSRWp0UDBTckoyeHZGQ25SVXBESmdwZWRXTFptdnNMbnBGYzBnZHFsR2lQS1VRaDhpTUgyc3BRTEZTVUV5cVBQVWJmbExJMEZ4Xzl4?oc=5
Citizen Digital (via Google News),Bezos holds talks with group interested in buying Liverpool stake - Citizen Digital,"Wed, 22 Jul 2026 13:10:21 GMT",https://news.google.com/rss/articles/CBMiqAFBVV95cUxQSVJzV3FHUkM2VjdfdkhXNHpKbzZpQjdhdkMwM0htQ3BuSmR3QXFiVmU2aXdCNWdHbVFYd2VaaFNlSGpvbDBRWUJnbncteEUzWXN6aWlaOFFLNTN1UU9YZ0tjc1NuTDBQSm5RS09SMTZCd2RMSk0wLXRKc0UtWWQtdWF6UXloOWRfZ3EzRW1LOEZMbER6bjFWWEdCVWp5RlBweC1sNWs4ak8?oc=5
Citizen Digital (via Google News),Kenya races against time to deliver venues for African Volleyball Champs - Citizen Digital,"Wed, 22 Jul 2026 16:21:52 GMT",https://news.google.com/rss/articles/CBMisgFBVV95cUxNSzRLTmRvTGN2R1c4Tmw2MF94YWhZNEpydWNPM3F0cHR3S2NyQXNYbXhTU05LMElxc3Zya3pkV3pmUF9FajJBM2VyeFVneEhYYVhNbXpsVkRuR0FoUlhxTjFIeFEtVmtWb1BWdEhTU2ZhSkh6OHl0RXJTQ0dJUVpNUnE2ZEVWVk83YkRpRUZnUl9zSTluREtMRFI4N3hhc3NZLXIzeDRTUlJoanphOEg0Smdn?oc=5
Citizen Digital (via Google News),AK unveils Riadha Connect platform to manage athletics activities - Citizen Digital,"Wed, 22 Jul 2026 13:31:22 GMT",https://news.google.com/rss/articles/CBMiqAFBVV95cUxNXzl3RWpDNGdPd0ExZTVvc3Fvc28tX29YVWl4UDFxQ3MyRGxMbDY2Q016UXlTLWl5a2ZLdTNMa2RVYmRQV2JjYjBuVFdIcVd2ZS1GOG44WEVfckRhSXR5S0pKVEZuSjZudjRhcWZvWHV1NDVUNjVGV2pnNG9zT0czdVNhVnBuOGtrX2x0bEYzMGZuTUFxTHV5aHN2OWhPT09OOWE0Ul9SSE0?oc=5
K24,De Zerbi delighted with Tottenham’s progress as he outlines ambitious plans for new season,"Wed, 22 Jul 2026 18:23:05 +0000",https://k24.digital/sports/epl/de-zerbi-delighted-with-tottenhams-progress-as-he-outlines-ambitious-plans-for-new-season
K24,Foods that worsen anxiety: What to avoid on a stressful day,"Wed, 22 Jul 2026 18:20:31 +0000",https://k24.digital/lifestyle/food-and-culinary/foods-that-worsen-anxiety-what-to-avoid-on-a-stressful-day
K24,Casemiro completes move to Inter Miami after Manchester United exit,"Wed, 22 Jul 2026 18:08:57 +0000",https://k24.digital/sports/casemiro-completes-move-to-inter-miami-after-manchester-united-exit
K24,How a car’s suspension system works to protect your spine,"Wed, 22 Jul 2026 18:07:37 +0000",https://k24.digital/lifestyle/technology/how-a-cars-suspension-system-works-to-protect-your-spine
K24,"Erectile dysfunction: Causes, symptoms and treatment options explained","Wed, 22 Jul 2026 17:45:35 +0000",https://k24.digital/lifestyle/health-and-fitness/erectile-dysfunction-causes-symptoms-and-treatment-options-explained
K24,What jealousy in relationships signals and why suppressing it makes it worse,"Wed, 22 Jul 2026 16:53:11 +0000",https://k24.digital/lifestyle/love-and-relationships/what-jealousy-in-relationships-signals-and-why-suppressing-it-makes-it-worse
K24,"WhatsApp rolls out in-car calling, iPad sign-ups and other new features","Wed, 22 Jul 2026 16:52:10 +0000",https://k24.digital/lifestyle/technology/whatsapp-rolls-out-in-car-calling-ipad-sign-ups-and-other-new-features
K24,What you need to know before boarding SGR train for the first time,"Wed, 22 Jul 2026 16:24:01 +0000",https://k24.digital/lifestyle/travel-and-leisure/what-you-need-to-know-before-boarding-sgr-train-for-the-first-time
K24,Luo Festival organisers announce date and venue for 2026 event,"Wed, 22 Jul 2026 16:04:47 +0000",https://k24.digital/entertainment/events/luo-festival-organisers-announce-date-and-venue-for-2026-event
K24,"Iraola outlines Liverpool’s transfer plans, backs Alisson and hails Szoboszlai’s leadership","Wed, 22 Jul 2026 15:50:42 +0000",https://k24.digital/sports/epl/iraola-outlines-liverpools-transfer-plans-backs-alisson-and-hails-szoboszlais-leadership
K24,"Kenya Power lists areas facing blackouts on Thursday, July 23","Wed, 22 Jul 2026 15:27:33 +0000",https://k24.digital/news/kenya-power-lists-areas-facing-blackouts-on-thursday-july-23
K24,"Savara confirms dates for his Vienna, Austria performances","Wed, 22 Jul 2026 15:27:03 +0000",https://k24.digital/entertainment/celebrity/savara-confirms-dates-for-his-vienna-austria-performances
K24,Phil Foden commits future to Manchester City with fresh 2030 contract,"Wed, 22 Jul 2026 15:20:26 +0000",https://k24.digital/sports/epl/phil-foden-commits-future-to-manchester-city-with-fresh-2030-contract
K24,Kenyan doctor proposes petition to recognise irreversible erectile dysfunction as a disability,"Wed, 22 Jul 2026 14:52:26 +0000",https://k24.digital/lifestyle/health-and-fitness/kenyan-doctor-proposes-petition-to-recognise-irreversible-erectile-dysfunction-as-a-disability
K24,How small enterprises can win govt tenders through AGPO services,"Wed, 22 Jul 2026 14:39:50 +0000",https://k24.digital/lifestyle/money/how-small-enterprises-can-win-govt-tenders-through-agpo-services
K24,Chelsea confirm Morgan Rogers’ squad number after completing transfer,"Wed, 22 Jul 2026 14:33:26 +0000",https://k24.digital/sports/epl/chelsea-confirm-morgan-rogers-squad-number-after-completing-transfer
K24,Kenya Power highlights dangers of handling electrical appliances with wet hands,"Wed, 22 Jul 2026 14:20:40 +0000",https://k24.digital/lifestyle/home-and-living/kenya-power-highlights-dangers-of-handling-electrical-appliances-with-wet-hands
K24,Manchester United’s completed summer business,"Wed, 22 Jul 2026 14:18:41 +0000",https://k24.digital/sports/epl/manchester-uniteds-completed-summer-business
K24,You’ll have a seat: Kanyari assures Marion Naipei of a role if elected Kasarani MP,"Wed, 22 Jul 2026 13:49:15 +0000",https://k24.digital/entertainment/celebrity/youll-have-a-seat-kanyari-assures-marion-naipei-of-a-role-if-elected-kasarani-mp
K24,Motsepe hails African teams at World Cup 2026 as CAF announces key plans,"Wed, 22 Jul 2026 13:29:27 +0000",https://k24.digital/sports/world-cup/motsepe-hails-african-teams-at-world-cup-2026-as-caf-announces-key-plans
K24,5 outstanding moments African teams left at FIFA World Cup 2026,"Wed, 22 Jul 2026 13:10:26 +0000",https://k24.digital/sports/world-cup/5-outstanding-moments-african-teams-left-at-fifa-world-cup-2026
K24,Justina Syokau flaunts new look after losing 17kg in 2 months with Ozempic,"Wed, 22 Jul 2026 13:03:03 +0000",https://k24.digital/entertainment/celebrity/justina-syokau-flaunts-new-look-after-losing-17kg-in-2-months-with-ozempic
K24,Penalties pedestrians face when arrested for jaywalking in Nairobi,"Wed, 22 Jul 2026 12:33:52 +0000",https://k24.digital/news/penalties-pedestrians-face-when-arrested-for-jaywalking-in-nairobi
K24,Mama Jimmy recalls meeting her husband at 15,"Wed, 22 Jul 2026 12:25:47 +0000",https://k24.digital/entertainment/celebrity/mama-jimmy-recalls-meeting-her-husband-at-15
K24,2030 in focus: Nigeria and 9 teams targeting World Cup comeback,"Wed, 22 Jul 2026 12:18:27 +0000",https://k24.digital/sports/world-cup/2030-in-focus-nigeria-and-9-teams-targeting-world-cup-comeback
K24,Ciru Muriuki praises tailor behind DCP-allied senators’ matching green blazers,"Wed, 22 Jul 2026 11:50:04 +0000",https://k24.digital/entertainment/celebrity/ciru-muriuki-praises-tailor-behind-dcp-allied-senators-matching-green-blazers
K24,13 records broken at FIFA World Cup 2026,"Wed, 22 Jul 2026 11:48:07 +0000",https://k24.digital/sports/world-cup/13-records-broken-at-fifa-world-cup-2026
K24,Gloria Ntazola explains why she always wears holy rosary around her neck,"Wed, 22 Jul 2026 11:20:32 +0000",https://k24.digital/entertainment/celebrity/gloria-ntazola-explains-why-she-always-wears-holy-rosary-around-her-neck
K24,Italian FA boss reveals plan to bend wage rules to lure Pep Guardiola,"Wed, 22 Jul 2026 10:12:55 +0000",https://k24.digital/sports/italian-fa-boss-reveals-plan-to-bend-wage-rules-to-lure-pep-guardiola
K24,Nadia Mukami responds after Arrow Bwoy says she was once his side chick,"Wed, 22 Jul 2026 10:09:26 +0000",https://k24.digital/entertainment/celebrity/nadia-mukami-responds-after-arrow-bwoy-says-she-was-once-his-side-chick
KBC,Kenya backs IGAD peace efforts in Horn of Africa,"Wed, 22 Jul 2026 18:23:52 +0000",https://www.kbc.co.ke/kenya-backs-igad-peace-efforts-in-horn-of-africa/
KBC,PS Oluga calls for stronger African health systems at AU meeting,"Wed, 22 Jul 2026 17:48:02 +0000",https://www.kbc.co.ke/ps-oluga-calls-for-stronger-african-health-systems-at-au-meeting/
KBC,"Ruto will silence critics at polls, says Kindiki","Wed, 22 Jul 2026 17:42:15 +0000",https://www.kbc.co.ke/ruto-will-silence-critics-at-polls-says-kindiki/
KBC,Mudavadi orders review of EAC resolutions to boost regional integration,"Wed, 22 Jul 2026 16:25:05 +0000",https://www.kbc.co.ke/mudavadi-directs-joint-review-of-eac-summit-resolutions-to-boost-regional-integration/
KBC,Joho unveils roadmap for Marsabit gold mines reopening,"Wed, 22 Jul 2026 14:00:25 +0000",https://www.kbc.co.ke/joho-unveils-roadmap-for-marsabit-gold-mines-reopening/
KBC,Politicians risk security withdrawal over goons,"Wed, 22 Jul 2026 13:29:40 +0000",https://www.kbc.co.ke/politicians-risk-security-withdrawal-over-goons/
KBC,DCI arrests suspect over murder of TUK lecturer Edgar Mokua,"Wed, 22 Jul 2026 13:12:29 +0000",https://www.kbc.co.ke/dci-arrests-suspect-over-murder-of-tuk-lecturer-edgar-mokua/
KBC,Ruto appoints Ol Kalou UDA candidate Muchina to Nairobi Rivers Commission,"Wed, 22 Jul 2026 12:43:26 +0000",https://www.kbc.co.ke/ruto-appoints-ol-kalou-uda-candidate-muchina-to-nairobi-rivers-commission/
KBC,CJ Koome suspends Kangema magistrate after arrest over alleged bribery,"Wed, 22 Jul 2026 11:42:26 +0000",https://www.kbc.co.ke/cj-koome-suspends-kangema-magistrate-after-arrest-over-alleged-bribery/
KBC,Police arrest serial robbery suspect in Garissa,"Wed, 22 Jul 2026 10:45:48 +0000",https://www.kbc.co.ke/police-arrest-serial-robbery-suspect-in-garissa/
Kenya News Agency,Government establishes committee to review unconstitutional laws,"Wed, 22 Jul 2026 13:27:26 +0000",https://www.kenyanews.go.ke/government-establishes-committee-to-review-unconstitutional-laws/
Kenya News Agency,Treasury launches FY2027/28 budget process,"Wed, 22 Jul 2026 13:25:52 +0000",https://www.kenyanews.go.ke/treasury-launches-fy2027-28-budget-process/
Kenya News Agency,"Choose your leaders wisely, Kahiga appeals to Nyeri residents","Wed, 22 Jul 2026 13:24:42 +0000",https://www.kenyanews.go.ke/choose-your-leaders-wisely-kahiga-appeals-to-nyeri-residents/
Kenya News Agency,Malindi DCC warns residents against rogue religious groups,"Wed, 22 Jul 2026 12:33:07 +0000",https://www.kenyanews.go.ke/malindi-dcc-warns-residents-against-rogue-religious-groups/
Standard - Headlines,"""Mimi si mjinga, nyinyi ndio akili hamna!"" Ruto tells off opponents","Thu, 23 Jul 2026 14:29:55 +0300",https://www.standardmedia.co.ke/article/2001553565/mimi-si-mjinga-nyinyi-ndio-akili-hamna-ruto-tells-off-opponents
Standard - Politics,East or West? Ruto's headache as rivals thwart push for Mt Kenya split,"Thu, 23 Jul 2026 08:35:00 +0300",https://www.standardmedia.co.ke/politics/article/2001553522/east-or-west-ruto-s-headache-as-rivals-thwart-push-for-mt-kenya-split
Standard - Politics,Gachagua: Voter numbers to determine Opposition's flagbearer,"Thu, 23 Jul 2026 08:30:00 +0300",https://www.standardmedia.co.ke/politics/article/2001553519/gachagua-voter-numbers-to-determine-opposition-s-flagbearer
Standard - Politics,Clergy: 2027 elections may be flawed if goons are not tamed,"Thu, 23 Jul 2026 07:30:00 +0300",https://www.standardmedia.co.ke/politics/article/2001553511/clergy-2027-elections-may-be-flawed-if-goons-are-not-tamed
Standard - Politics,Why the President's allies are desperate for a divided Mt Kenya,"Thu, 23 Jul 2026 06:00:00 +0300",https://www.standardmedia.co.ke/politics/article/2001553506/why-the-president-s-allies-are-desperate-for-a-divided-mt-kenya
Standard - Politics,Uproar greets decision to shift Mashujaa Day national fete from Iten to Eldoret,"Thu, 23 Jul 2026 00:00:00 +0300",https://www.standardmedia.co.ke/politics/article/2001553516/uproar-greets-decision-to-shift-mashujaa-day-national-fete-from-iten-to-eldoret
Standard - Politics,AG Oduor to audit laws,"Thu, 23 Jul 2026 00:00:00 +0300",https://www.standardmedia.co.ke/politics/article/2001553505/ag-oduor-to-audit-laws
Standard - Politics,Women MPs push for stronger political support ahead of 2027 polls,"Wed, 22 Jul 2026 23:54:46 +0300",https://www.standardmedia.co.ke/politics/article/2001553530/women-mps-push-for-stronger-political-support-ahead-of-2027-polls
Standard - Business,AI catches up with humans to score 100pc at top maths contest,"Thu, 23 Jul 2026 09:44:54 +0300",https://www.standardmedia.co.ke/business/article/2001553533/ai-catches-up-with-humans-to-score-100pc-at-top-maths-contest
Standard - Business,Inside huge cash withdrawals from affordable housing kitty,"Thu, 23 Jul 2026 08:35:00 +0300",https://www.standardmedia.co.ke/business/article/2001553494/inside-huge-cash-withdrawals-from-affordable-housing-kitty
Standard - Business,SBM Bank Kenya's profit jumps 171pc as deposits near Sh100b,"Thu, 23 Jul 2026 07:00:00 +0300",https://www.standardmedia.co.ke/business/article/2001553498/sbm-bank-kenya-s-profit-jumps-171pc-as-deposits-near-sh100b
Standard - Business,Developer eyes Nairobi's diplomatic hub with new project,"Thu, 23 Jul 2026 06:00:00 +0300",https://www.standardmedia.co.ke/business/article/2001553496/developer-eyes-nairobi-s-diplomatic-hub-with-new-project
Standard - Business,Kenya to tap Chinese power expertise to boost manufacturing,"Thu, 23 Jul 2026 06:00:00 +0300",https://www.standardmedia.co.ke/business/article/2001553497/kenya-to-tap-chinese-power-expertise-to-boost-manufacturing
Standard - Business,KMRC's Sh9.4b sustainability bond signals new era for housing finance,"Thu, 23 Jul 2026 06:00:00 +0300",https://www.standardmedia.co.ke/business/article/2001553493/kmrc-s-sh9-4b-sustainability-bond-signals-new-era-for-housing-finance
Standard - Business,Kenya urged to invest in its manpower to secure maritime future,"Thu, 23 Jul 2026 06:00:00 +0300",https://www.standardmedia.co.ke/business/article/2001553488/kenya-urged-to-invest-in-its-manpower-to-secure-maritime-future
Standard - Business,EAC stakeholders in new push to end regional trade barriers,"Thu, 23 Jul 2026 00:00:00 +0300",https://www.standardmedia.co.ke/business/article/2001553484/eac-stakeholders-in-new-push-to-end-regional-trade-barriers
Standard - Business,The futuristic buildings where residential and commercial spaces merge,"Thu, 23 Jul 2026 00:00:00 +0300",https://www.standardmedia.co.ke/business/article/2001553491/the-futuristic-buildings-where-residential-and-commercial-spaces-merge
Standard - Business,Court paves way for dockers union polls amid leadership row,"Thu, 23 Jul 2026 00:00:00 +0300",https://www.standardmedia.co.ke/business/article/2001553487/court-paves-way-for-dockers-union-polls-amid-leadership-row
Business Daily Africa,KPA suffers setback in tussle over lucrative forklifts tender,"Thu, 23 Jul 2026 10:05:38 GMT",https://www.businessdailyafrica.com/bd/corporate/companies/kpa-suffers-setback-in-tussle-over-lucrative-forklifts-tender-5535094
Capital FM Kenya,Britain moves Haraka Storm military drills out of Kenya after licence setback,"Thu, 23 Jul 2026 12:03:58 +0000",https://capitalfm.africa/britain-moves-haraka-storm-military-drills-out-of-kenya-after-licence-setback/
Capital FM Kenya,Gachagua tells Mt Kenya musicians to compose songs against Ruto,"Thu, 23 Jul 2026 11:56:01 +0000",https://capitalfm.africa/gachagua-tells-mt-kenya-musicians-to-compose-songs-against-ruto/
Capital FM Kenya,CoG blames Duale-led MoH for fuelling health worker strikes,"Thu, 23 Jul 2026 11:48:41 +0000",https://capitalfm.africa/cog-blamesduale-led-moh-for-fuelling-health-worker-strikes/
Capital FM Kenya,Murkomen accuses Gachagua of plotting militia ahead of 2027 polls,"Thu, 23 Jul 2026 11:31:05 +0000",https://capitalfm.africa/murkomen-accuses-gachagua-of-plotting-militia-ahead-of-2027-polls/
Capital FM Kenya,Court Lets Sh5tn National Infrastructure Fund Proceed Under Judicial Oversight,"Thu, 23 Jul 2026 11:28:56 +0000",https://capitalfm.africa/court-lets-sh5tn-national-infrastructure-fund-proceed-under-judicial-oversight/
Capital FM Kenya,High Court Nullifies Ruto’s Public Debt Audit Task Force as Unconstitutional,"Thu, 23 Jul 2026 11:19:52 +0000",https://capitalfm.africa/high-court-nullifies-rutos-public-debt-audit-task-force-as-unconstitutional/
Capital FM Kenya,Murkomen orders ruthless nationwide crackdown on goons,"Thu, 23 Jul 2026 10:46:23 +0000",https://capitalfm.africa/murkomen-orders-ruthless-nationwide-crackdown-on-goons/
Capital FM Kenya,"President Ruto Hosts 5,000 Artisans at State House, Announces Civil Servants’ Salary Increase","Thu, 23 Jul 2026 09:02:36 +0000",https://capitalfm.africa/president-ruto-hosts-5000-artisans-at-state-house-announces-civil-servants-salary-increase/
Capital FM Kenya,Police Clearance Certificates to Be Issued Within 24hrs Under New Biometric System,"Thu, 23 Jul 2026 08:48:10 +0000",https://capitalfm.africa/police-clearance-certificates-to-be-issued-within-24hrs-under-new-biometric-system/
Capital FM Kenya,CS Murkomen: International Forensic Accreditation to Strengthen Criminal Prosecutions,"Thu, 23 Jul 2026 08:32:41 +0000",https://capitalfm.africa/cs-murkomen-international-forensic-accreditation-to-strengthen-criminal-prosecutions/
The East African,Cameroon's ruling party meets as Biya's long absence draws criticism,"Thu, 23 Jul 2026 09:47:22 GMT",https://www.theeastafrican.co.ke/tea/news/africa/cameroon-ruling-party-meets-biya-long-absence-draws-criticism-5535018
Kenyans.co.ke,PS Hinga Explains Ksh2.56 Billion Affordable Housing Refunds After Reports,2026-07-22T19:10:02+0300,https://www.kenyans.co.ke/news/125515-ps-hinga-disputes-ksh-256b-boma-yangu-claims-clarifies-withdrawals
Kenyans.co.ke,KRA Announces 20-Hour Service Disruption Affecting eTIMS,2026-07-22T16:44:18+0300,https://www.kenyans.co.ke/news/125514-kra-announces-20-hour-scheduled-maintenance-etims-and-tims
Kenyans.co.ke,"Ruto Advisors Propose New Law to Stop Presidents, Governors from Abandoning Projects",2026-07-22T15:54:44+0300,https://www.kenyans.co.ke/news/125509-ruto-advisors-propose-new-law-stop-presidents-governors-abandoning-projects
Kenyans.co.ke,Govt Responds After Viral Confrontation Between Kenyan and Burundi National,2026-07-22T15:43:47+0300,https://www.kenyans.co.ke/news/125513-ps-singoei-assures-burundians-safety-after-viral-nairobi-confrontation
Kenyans.co.ke,DCI Arrests Prime Suspect in Murder of TUK Lecturer,2026-07-22T15:26:54+0300,https://www.kenyans.co.ke/news/125511-dci-arrests-prime-suspect-murder-tuk-lecturer
Kenyans.co.ke,Ruto Appoints Ol Kalou UDA Candidate Samuel Muchina to Govt,2026-07-22T15:08:46+0300,https://www.kenyans.co.ke/news/125510-ruto-appoints-ol-kalou-uda-candidate-samuel-muchina-nairobi-rivers-commission
Kenyans.co.ke,Experts Call for Return of Powerful Economic Council,2026-07-22T14:50:59+0300,https://www.kenyans.co.ke/news/125508-experts-call-return-powerful-economic-council-road-singapore
Kenyans.co.ke,Drama at Nairobi National Park as KWS Locks Out Environmental Activists,2026-07-22T14:32:40+0300,https://www.kenyans.co.ke/news/125507-kws-blocks-activists-court-ordered-inspection-nairobi-national-park
Kenyans.co.ke,Learning Disrupted as Teachers Protest Colleague's Killings,2026-07-22T14:12:34+0300,https://www.kenyans.co.ke/news/125505-learning-disrupted-kitui-kuppet-teachers-protest-colleagues-killings
Kenyans.co.ke,CS Mutua Declares Nationwide Crackdown on Employers Over Minimum Wage,2026-07-22T13:46:19+0300,https://www.kenyans.co.ke/news/125506-labour-ministry-announces-crackdown-employers-defying-workers-pay-rise-directive
Kenyans.co.ke,New Report Exposes Abuse of Kenyan Women Under Al-Shabaab Control,2026-07-22T13:32:19+0300,https://www.kenyans.co.ke/news/125496-new-report-exposes-abuse-kenyan-women-under-al-shabaab-control
Kenyans.co.ke,CJ Koome Acts After EACC Arrests Kangema Magistrate,2026-07-22T13:19:12+0300,https://www.kenyans.co.ke/news/125503-cj-koome-relieves-kangema-magistrate-duties-after-eacc-arrest
Kenyans.co.ke,Inside New Plan for Number Plates With Exclusive Parking,2026-07-22T13:00:27+0300,https://www.kenyans.co.ke/news/125498-drivers-ev-number-plates-enjoy-exclusive-parking-new-proposal
Kenyans.co.ke,UK Issues Fresh Travel Advisory for Kenya,2026-07-22T12:56:21+0300,https://www.kenyans.co.ke/news/125497-uk-updates-travel-advisory-warns-citizens-over-travel-parts-kenya
Kenyans.co.ke,Nairobi County Approves First Underground Rail Line Beneath CBD,2026-07-22T12:44:27+0300,https://www.kenyans.co.ke/news/125501-nairobi-county-approves-first-underground-rail-line-beneath-cbd
Kenyans.co.ke,5 Killed as Gold Mine Collapses,2026-07-22T12:33:54+0300,https://www.kenyans.co.ke/news/125499-5-killed-gold-mine-collapse-narok-county
Kenyans.co.ke,New Details Emerge After 21-Year-Old Dies in Fall From Nairobi Apartment,2026-07-22T12:21:15+0300,https://www.kenyans.co.ke/news/125495-police-rule-out-foul-play-death-21-year-old-after-nairobi-apartment-fall
Kenyans.co.ke,Mbadi Confirms New Timeline for PAYE Changes for All Salaried Kenyans,2026-07-22T12:02:13+0300,https://www.kenyans.co.ke/news/125494-cs-mbadi-hints-paye-relief-salaried-kenyans-september-2026
Kenyans.co.ke,"Questions Emerge After Ruto Promises Free University, College Education",2026-07-22T11:56:27+0300,https://www.kenyans.co.ke/news/125493-faith-odhiambo-questions-rutos-free-university-college-education-plan
Kenyans.co.ke,NTSA Issues Warning to Kenyans Amid Safety Crackdown,2026-07-22T11:50:20+0300,https://www.kenyans.co.ke/news/125490-ntsa-warns-pedestrians-against-crossing-roads-undesignated-points
NTV Kenya,Lessons From Ol Kalou | The Last Word,"Thu, 23 Jul 2026 10:47:41 +0000",https://ntvkenya.co.ke/arts-lifestyle/the-lessons-from-ol-kalou-the-last-word/
NTV Kenya,Keroche faces auction over Sh22m debt to former employees,"Thu, 23 Jul 2026 10:21:22 +0000",https://ntvkenya.co.ke/politics/keroche-faces-auction-over-sh22m-debt-to-former-employees/
NTV Kenya,Israelis fear US-Saudi nuclear deal could ignite Mideast arms race,"Thu, 23 Jul 2026 08:42:45 +0000",https://ntvkenya.co.ke/news/israelis-fear-us-saudi-nuclear-deal-could-ignite-mideast-arms-race/
NTV Kenya,"D-day for Obado, two others in Sharon Otieno murder case","Thu, 23 Jul 2026 07:53:59 +0000",https://ntvkenya.co.ke/politics/d-day-for-obado-two-others-in-sharon-otieno-murder-case/
NTV Kenya,Indian billionaire Adani weighs airline launch,"Thu, 23 Jul 2026 07:42:18 +0000",https://ntvkenya.co.ke/news/indian-billionaire-adani-weighs-airline-launch-that-could-reshape-market-sources-say/
NTV Kenya,"Silence from authorities on Ol Kalou bribery, violence allegations fuels cover-up fears","Thu, 23 Jul 2026 06:17:52 +0000",https://ntvkenya.co.ke/news/silence-from-authorities-on-ol-kalou-bribery-violence-allegations-fuels-cover-up-fears/
Citizen Digital (via Google News),"Sharon Otieno murder: Ex-Governor Obado, two co-accused to know their fate today - Citizen Digital","Thu, 23 Jul 2026 03:33:11 GMT",https://news.google.com/rss/articles/CBMitAFBVV95cUxOZHNmZGFaX3kxYV9hbE5Da0JrOWxSY3BlYkFNT0FHU3hxdm9oZEdVZ3NISVk0dEZIam9tVFlwd1d2aHJpYTlDWFY0dzBlaWRlUG1UVkZIZ1J6Y1NxaUd3U0dpX1hqOGxjWjhQT0JxQmhCX2FwOV81Z25RQ1lIUFd6TG1hVGdhSi1WV013cXVvMEVyZmV4R1Zsd3RIVV9IY042TVo5ZWVaRVlHVndTMmtNS1lBV2E?oc=5
Citizen Digital (via Google News),WATCH LIVE: Sharon Otieno murder case judgment - Citizen Digital,"Thu, 23 Jul 2026 08:53:00 GMT",https://news.google.com/rss/articles/CBMijgFBVV95cUxPLXJNdUpkOVRPVHEzM2hlaFpNSzRvTjJwYnA2dmI0eUQwUVFneTRkbmJ3SnhwSG5QNTE0U2dxa0FYQUxJR2lQd0E1YmtIbVljNTZwMTFNSjJEbm04SEs0Vm94REhBVFNJelJfVnliYXdIQUpwblZCNk9QS3hXWUJWdk5uTzh0eWpFRzlEdml3?oc=5
Citizen Digital (via Google News),Suspect arrested over murder of TUK lecturer Edgar Mokua - Citizen Digital,"Wed, 22 Jul 2026 18:52:02 GMT",https://news.google.com/rss/articles/CBMinAFBVV95cUxQaW9HUTBTaWZISWNKdWxsX3RDMlI5TG1wM1BFd2FpSUVtZGpicHF2MWFHTG9GcXZuVHFVT2JlU2hIZGJOSU5aNEdWVl9JTmlYSTgzcEVrR2IzR2xmZGJGazJZei1WbWlpdTZ0T1AycU53VDJfUjlHcjNzRDJKZ3FIWHpJQnkzWFItTXJKLVlYcEJfVFg3RTBHLWtiRFU?oc=5
Citizen Digital (via Google News),Father suspected of slitting 3-year-old son's throat in Gatundu - Citizen Digital,"Thu, 23 Jul 2026 08:33:00 GMT",https://news.google.com/rss/articles/CBMipAFBVV95cUxQOS1UUld0U3doQi1DODI1TWhWTkxESHZsbDVMbTN4V1VSbjhodUpJeG1HaGdBZkx0N0lmTzR3ck9HYzhZU3Rpci1sMDhDMzhzTm1abGZpNWlXT0hwTGQ2SG5ULUtWZnRRemYySFZNWEUxSmZHdlhoRTBmUGtZTnJHNVQyX2lOOFB4dUhvdVdtMWRlQk1IRHI3VFhYcHVKejVJYzNrZA?oc=5
Citizen Digital (via Google News),Orengo accuses Ruto of reducing ODM to a Luo Nyanza party - Citizen Digital,"Thu, 23 Jul 2026 06:17:04 GMT",https://news.google.com/rss/articles/CBMingFBVV95cUxOSWpUSjNfYmk4b0t0QUJWdnFNTEJXR1Qzc3pNX05zaU5mRE1BVnNTSENJSGFHWXltUUZkMWRXQnQ4UlZKWFlKa1M1U0w4RHdZd2dOd0RLR21vWDRjX1B0QkY2VXQ4T3k4MkFhMHdxUjVRcjRveFduRHhPVnhJVXBVR2wwMzMxbThNUWdyUnNqMDJkaVJUX05DZjM1QmJYdw?oc=5
Citizen Digital (via Google News),"France records over 5,700 excess deaths in June heatwave - Citizen Digital","Thu, 23 Jul 2026 03:02:14 GMT",https://news.google.com/rss/articles/CBMimwFBVV95cUxPRi1tM3FOVC1xZTVydlNmd2Y3UVdjcTBRZ0d5eFZYVVNLaEg4Rko1WmFSVUxBVnBhQlAyODFqNTJfemUtNVdXMmVWRUhBa28teEdRbUpqQl84aW1MdjhmdjNEWnJHUW1KZTB4TDVtQzBxQVNWbkhzdE11bVllcld1SDEtckx1UVdDYWpzMVR2OWEwNlhjNEd4WEN3UQ?oc=5
Citizen Digital (via Google News),"Police delayed taking Albert Ojwang to hospital by 24 minutes, court hears - Citizen Digital","Wed, 22 Jul 2026 16:59:08 GMT",https://news.google.com/rss/articles/CBMiswFBVV95cUxQaGtRQV9VaVE3SHdjRHhwbGc3d3MwM3RHeHlVdk1VN3VkOXh1bGVOcVRBaElqSVRKOTNyN2VyandvWVd0dzZqeGgyejFJWEJGMVZnUmZEWUVJTFdLZ1RDYUh5bl9TMXVoeVpva2VIU3FHbHRvWkZOR2ZtdE5PeHQwTWlPeVFQMWhIY1owWF96cGxSeHBOc0dnZEhDOGV1dDNsTUN2ZlJFejBDSjgzWGNJbEdTUQ?oc=5
Citizen Digital (via Google News),Modi vows punishment for exam fraud fuelling India protests - Citizen Digital,"Thu, 23 Jul 2026 04:51:58 GMT",https://news.google.com/rss/articles/CBMioAFBVV95cUxOTHVUS3hrSlFaWkNnalN4bGRqUW1MQmc1S09sYzB2bS1IeE5TUThLQVZGWndfcmdScVEzRDNIZTk1MEl6a29YaHQtS0I1WUw3Nmh6c21Hd1ZPcDBxSWQzbmMyTWVQUHZkU3Q2M0pfNDFQVU9NT1lFMkdxU3pMVGxvSGt6Y0s5XzJJVk5GREN0TmtjaG1oWjl3dzJDSGRUZkhq?oc=5
Citizen Digital (via Google News),High Court declares Ruto's Public Debt Audit taskforce unconstitutional - Citizen Digital,"Thu, 23 Jul 2026 10:11:46 GMT",https://news.google.com/rss/articles/CBMirwFBVV95cUxQV1ZJYklEcEI4cE1mVzd3UFFqQmpyTTJJbWhoWFdrYVZXU3YwUkhyc0dRcG1vYzA1bk1pX0FBVU5pOVdFZ1FVcFhGWnlMeFpUM0pLTFlnQndCemp3eV9VVGpRQ2l4em9FdVQtSTdWdTRxMlJ1aXk4dEhsNC1VX1pmdFlHZlVOX3VXa0szdmNSSzZQdWJHUzhRRnQ0YlVOMFhuMTM3dGN2TnZ0YWxvdmlB?oc=5
Citizen Digital (via Google News),KMPDU threatens nationwide doctors' strike over delayed salary adjustments - Citizen Digital,"Wed, 22 Jul 2026 14:42:43 GMT",https://news.google.com/rss/articles/CBMiswFBVV95cUxOZUN4RmNTdVc5Zy03bHZIYUFlOHpNbDVaYnZHb2lFUUg5MXJwU1FOLXFfWmlMclgzUWlsWHY4ZW5VRXpOZUdrdFZvZmhCMGZYeGMyTGdpUDRVOFFVeFowLTk1OTJXRkx0OHFRQ3pDcTFtaWItb1NQWHRqaVFHNEFZLThuWnNJNmpSRzB0aDA4WkJZcUVHUm5BWlp3dUNDeHVCdUdmLTMyRFF1c0VVcFdDUUF3OA?oc=5
Citizen Digital (via Google News),"TikTok removes 884,591 videos in Kenya over community guideline violations - Citizen Digital","Thu, 23 Jul 2026 08:27:08 GMT",https://news.google.com/rss/articles/CBMiswFBVV95cUxOLWZJaktkdFN0dmpyQnJRc1RfdTNoMmZ0SFpyOFNBbEh2VXJSdzhxcjFmVDA5bXB5NWpjcEVvOFBOdk9POFhkc1VIazBqd1BYTFdMTFFSWVlWc3FXdkg4NUpzMkI1V3JBVEVMRjNIeVI4NVcwQndjUFVmZlJkQTFhMy1oenlCeVVoSG9kUTBheHpscXZnS2VfZEZ5OVNxekJOZU5kblQzZ09xYmFMaFJqaHJCOA?oc=5
Citizen Digital (via Google News),"There's no place for goons in Kenya, perpetrators will face full force of the law - DP Kindiki - Citizen Digital","Wed, 22 Jul 2026 13:41:39 GMT",https://news.google.com/rss/articles/CBMizAFBVV95cUxNb0VtOHBJTlJQa0w0RkdvTGswdDNPbi1OckdlbjdKS0dCTEVOZjUxSE1hTWhEX200YTZmV1gwamZ2Tkt3blJVZlpWYUtWYjgtN0ZUYjhnai1hYVVabEJXNmxOaGVDVHY5WEpyUl9qaWpDSVl0S1RoZkR2bUxhNjRRZEI2dDZ1eTRqemc2V0VkSlNUbWEzQXFhUENMSEZWTGFRbldkZ1RHRXdUdjJlWVdzQ3VjV2tUVndxV1pXal9ibGZJTkhLRUdRZk1ncHI?oc=5
Citizen Digital (via Google News),Public participation exercise begins for Ksh.500B Siaya nuclear power plant - Citizen Digital,"Wed, 22 Jul 2026 06:59:13 GMT",https://news.google.com/rss/articles/CBMitAFBVV95cUxPNFZsbzYxcThlbzdPZENOdU14cmQ3RlpSSFNSOXVmQUVNeUZpNEhyRFdxRXBWVXFoekVoR0lqdEltRi1Fc1dkeDdHLVV3V1kyNUtmZ0k2T3NTMk4xb0VRdHdsTjkwOU9VUWJGOThGeERqREZ6WklnMUVDNzZQeTB5SnF0cVNuOElaTnZxbThJZ1M2WjQzT2NuRTRsVlM3VF9TdHZlWTNOSDltcG1SU01veC1rUzE?oc=5
Citizen Digital (via Google News),Courts sets July 30 for ruling on construction of State lodge in Imenti forest - Citizen Digital,"Tue, 21 Jul 2026 11:59:22 GMT",https://news.google.com/rss/articles/CBMiugFBVV95cUxNV0VVVzgyb0kzREJ4c29tajQ2NnNZTUFuSE1aSEVfc3pPRURKeW12bmFuQmhuMHpQWWlJLW82cWk5bmp1Y2RNQWNVRjdkQ1JWZEhycldDbE9PU2ZDRlZfV005VFlvTnBZTjh5eVA0VlFabFFwWFh1Zlh4bjE3eDlkMzJpeDNFX3J1UHk4U2Zqam1nZmZaRHQxWE9sR29yUTFrMGpuZHlNNmlFVHJPSjBFVEZPb2FSVDBYa2c?oc=5
Citizen Digital (via Google News),Nairobi County CEC Charles Kerich avoids jail as contempt orders set aside - Citizen Digital,"Thu, 16 Jul 2026 11:50:52 GMT",https://news.google.com/rss/articles/CBMitAFBVV95cUxOd2N2QmZ6aDBLeXRVR2lsc0FZZGdnYlY4d2RVY3VsbGxpcnF0X1dybjBEZTBMTUxmQ3g0aE9hTWlwLTRtVDlKaUU1SUppNlJ0TElxS0U2aV9rbkg4Qmp6bXJiT04zTVBOQk1KNHN5QkxHZ2tsZEtIb1J5Z1R6akpUbmFtQ2txenFLM1d4eklXaXFQeFlYMkgtdFI3Mk1kbW1XRl9MTlVnNjlvTjQyVjdmN2NWclQ?oc=5
Citizen Digital (via Google News),Nigerian authorities search for survivors of deadly boat sinking - Citizen Digital,"Tue, 21 Jul 2026 03:01:58 GMT",https://news.google.com/rss/articles/CBMipwFBVV95cUxNVXFqdU1DTE1RRjVTdlFlbzJRb3lVc2o5WXBsM2FNWnlPTE1rYnVPdXd3ZllyR01WUUpmbElnTTRlMTlsb1pJU1hPcmU5SjJDVndvWmJxVlRtei1vTW9SRkUyTDlUemZVNHhjSXd2RXlnNjAyLUNiUm1PbDJmZU1QcGJOXzgxY1dDWVYyOUZWZ2xDZlZiNUI0Z0pyaTlVem81dmJpb1kxZw?oc=5
K24,Bishop Maina Wa OTC warns Isaac Mwaura of another govt exit after losing spokesperson role,"Thu, 23 Jul 2026 11:30:16 +0000",https://k24.digital/entertainment/celebrity/bishop-maina-wa-otc-warns-isaac-mwaura-of-another-govt-exit-after-losing-spokesperson-role
K24,How physical space helps resolve tough fights in relationships,"Thu, 23 Jul 2026 10:49:49 +0000",https://k24.digital/lifestyle/love-and-relationships/how-physical-space-helps-resolve-tough-fights-in-relationships
K24,How listening to rain sounds helps people sleep,"Thu, 23 Jul 2026 10:47:38 +0000",https://k24.digital/lifestyle/home-and-living/how-listening-to-rain-sounds-helps-people-sleep
K24,Step-by-step guide to getting police clearance certificate in Kenya in 24 hours,"Thu, 23 Jul 2026 10:27:55 +0000",https://k24.digital/news/step-by-step-guide-to-getting-police-clearance-certificate-in-kenya-in-24-hours
K24,I don’t believe in God: Tileh reveals why he left religion to become an atheist,"Thu, 23 Jul 2026 10:27:20 +0000",https://k24.digital/entertainment/celebrity/i-dont-believe-in-god-tileh-reveals-why-he-left-religion-to-become-an-atheist
K24,CAF boss Motsepe speaks for first time after Somali referee Omar Artan was denied US entry,"Thu, 23 Jul 2026 10:08:35 +0000",https://k24.digital/sports/world-cup/caf-boss-motsepe-speaks-for-first-time-after-somali-referee-omar-artan-was-denied-us-entry
K24,Why your Bluetooth earbuds stutter whenever the microwave is running,"Thu, 23 Jul 2026 09:48:28 +0000",https://k24.digital/lifestyle/technology/why-your-bluetooth-earbuds-stutter-whenever-the-microwave-is-running
K24,"TikTok removes 884,591 videos in Kenya over community guideline violations","Thu, 23 Jul 2026 09:45:17 +0000",https://k24.digital/news/tiktok-removes-884591-videos-in-kenya-over-community-guideline-violations
K24,Wacha mama apumzike: Ruto urges men to embrace family planning,"Thu, 23 Jul 2026 09:16:53 +0000",https://k24.digital/lifestyle/health-and-fitness/wacha-mama-apumzike-ruto-urges-men-to-embrace-family-planning
K24,Arsenal enquire about RB Leipzig star Yan Diomande after Morgan Rogers’ setback,"Thu, 23 Jul 2026 09:06:50 +0000",https://k24.digital/sports/epl/arsenal-enquire-about-rb-leipzig-star-yan-diomande-after-morgan-rogers-setback
K24,How price tags ending in 99 trick your brain,"Thu, 23 Jul 2026 08:25:22 +0000",https://k24.digital/lifestyle/money/how-price-tags-ending-in-99-trick-your-brain
K24,Why Alex Mwakideu wants erectile dysfunction recognised as a disability,"Thu, 23 Jul 2026 08:25:10 +0000",https://k24.digital/entertainment/celebrity/why-alex-mwakideu-wants-erectile-dysfunction-recognised-as-a-disability
K24,Nairobi Water explains how Nairobians can check their water supply schedule,"Thu, 23 Jul 2026 07:40:56 +0000",https://k24.digital/news/nairobi-water-explains-how-nairobians-can-check-their-water-supply-schedule
K24,Blow to Arsenal as Premier League champions confirm Saliba injury setback,"Thu, 23 Jul 2026 07:34:47 +0000",https://k24.digital/sports/epl/blow-to-arsenal-as-premier-league-champions-confirm-saliba-injury-setback
K24,Why garlic turns blue or green when cooked in vinegar,"Thu, 23 Jul 2026 07:32:32 +0000",https://k24.digital/lifestyle/food-and-culinary/why-garlic-turns-blue-or-green-when-cooked-in-vinegar
K24,Pritty Vishy breaks down after faulty equipment disrupts her first DJ gig,"Thu, 23 Jul 2026 07:16:50 +0000",https://k24.digital/entertainment/celebrity/pritty-vishy-breaks-down-after-faulty-equipment-disrupts-her-first-dj-gig
K24,How consuming piping-hot beverages increases oesophageal cancer risk,"Thu, 23 Jul 2026 07:13:39 +0000",https://k24.digital/lifestyle/health-and-fitness/how-consuming-piping-hot-beverages-increases-oesophageal-cancer-risk
K24,Aston Villa reach agreement to sign Alejandro Garnacho from Chelsea on Ksh7.3B loan deal,"Thu, 23 Jul 2026 07:11:11 +0000",https://k24.digital/sports/epl/aston-villa-reach-agreement-to-sign-alejandro-garnacho-from-chelsea-on-ksh7-3b-loan-deal
K24,Morgan Rogers: 10 facts you need to know about new Chelsea singing,"Thu, 23 Jul 2026 07:08:38 +0000",https://k24.digital/sports/epl/morgan-rogers-10-facts-you-need-to-know-about-new-chelsea-singing
K24,10 African players who stood out at the 2026 FIFA World Cup,"Thu, 23 Jul 2026 07:04:34 +0000",https://k24.digital/sports/world-cup/10-african-players-who-stood-out-at-the-2026-fifa-world-cup
K24,Transfers: Rodri linked with shock Real Madrid move,"Thu, 23 Jul 2026 06:59:56 +0000",https://k24.digital/sports/epl/transfers-rodri-linked-with-shock-real-madrid-move
K24,Shakib Cham says Nadia Mukami and Tanasha Donna are only Kenyan female artistes he knows,"Thu, 23 Jul 2026 06:37:58 +0000",https://k24.digital/entertainment/celebrity/shakib-cham-says-nadia-mukami-and-tanasha-donna-are-only-kenyan-female-artistes-he-knows
K24,How echo in high-ceiling houses elevates daily stress levels,"Thu, 23 Jul 2026 06:01:25 +0000",https://k24.digital/lifestyle/home-and-living/how-echo-in-high-ceiling-houses-elevates-daily-stress-levels
K24,Niliwacha mkorogo: Justina Syokau explains why she stopped bleaching her face,"Thu, 23 Jul 2026 05:56:09 +0000",https://k24.digital/entertainment/celebrity/niliwacha-mkorogo-justina-syokau-explains-why-she-stopped-bleaching-her-face
K24,Rare inspiration behind Manchester United’s 2026/27 away blue kit,"Thu, 23 Jul 2026 05:18:50 +0000",https://k24.digital/sports/epl/rare-inspiration-behind-manchester-uniteds-2026-27-away-blue-kit
K24,Mimi ndio patron wa wamama: Mosiria declares support for women and single mothers,"Thu, 23 Jul 2026 05:09:19 +0000",https://k24.digital/entertainment/celebrity/mimi-ndio-patron-wa-wamama-mosiria-declares-support-for-women-and-single-mothers
K24,How charcoal-wood smoke preserves traditional Mursik,"Thu, 23 Jul 2026 04:34:43 +0000",https://k24.digital/lifestyle/food-and-culinary/how-charcoal-wood-smoke-preserves-traditional-mursik
K24,"Jaymo Ule Msee backs Nairobi underground railway line, praises Sakaja’s bold vision","Thu, 23 Jul 2026 04:30:58 +0000",https://k24.digital/entertainment/celebrity/jaymo-ule-msee-backs-nairobi-underground-railway-line-praises-sakajas-bold-vision
K24,"2026 World Cup XI: Vozinha in, Cubarsi out as FIFA reveals fans’ best line up","Thu, 23 Jul 2026 04:14:12 +0000",https://k24.digital/sports/world-cup/2026-world-cup-xi-vozinha-in-cubarsi-out-as-fifa-reveals-fans-best-line-up
K24,Spanish star Gavi opposes calls to ban Argentina’s Paredes after chaotic World Cup final,"Thu, 23 Jul 2026 04:07:55 +0000",https://k24.digital/sports/world-cup/spanish-star-gavi-opposes-calls-to-ban-argentinas-paredes-after-chaotic-world-cup-final
KBC,Saliba set for extended absence after back injury at World Cup,"Thu, 23 Jul 2026 11:33:13 +0000",https://www.kbc.co.ke/saliba-set-for-extended-absence-after-back-injury-at-world-cup/
KBC,"Casemiro leaves Manchester United, joins MLS side Inter Miami on a free transfer","Thu, 23 Jul 2026 11:26:01 +0000",https://www.kbc.co.ke/casemiro-leaves-manchester-united-joins-mls-side-inter-miami-on-a-free-transfer/
KBC,"Wanyonyi, Arop set for 800m showdown at Zurich Diamond League","Thu, 23 Jul 2026 11:19:48 +0000",https://www.kbc.co.ke/wanyonyi-arop-set-for-800m-showdown-at-zurich-diamond-league/
KBC,Kapsabet stadium construction hits 34% as superstructure works accelerate,"Thu, 23 Jul 2026 11:09:59 +0000",https://www.kbc.co.ke/kapsabet-stadium-construction-hits-34-as-superstructure-works-accelerate/
KBC,Kiambu County internal revenue hits record Ksh 6.5B,"Thu, 23 Jul 2026 10:00:55 +0000",https://www.kbc.co.ke/kiambu-county-internal-revenue-hits-record-ksh-6-5b/
KBC,KUPPET says new teachers’ salary review fails to address pay inequality,"Thu, 23 Jul 2026 09:26:40 +0000",https://www.kbc.co.ke/kuppet-says-new-teachers-salary-review-fails-to-address-pay-inequality/
KBC,Oparanya: I am in ODM to stay,"Thu, 23 Jul 2026 09:13:12 +0000",https://www.kbc.co.ke/oparanya-i-am-in-odm-to-stay/
KBC,Murkomen: Police clearance certificates to be issued within 24 hours,"Thu, 23 Jul 2026 08:56:54 +0000",https://www.kbc.co.ke/murkomen-police-clearance-certificates-to-be-issued-within-24-hours/
KBC,"Kenya advances regional integration agenda to unlock trade, investment","Thu, 23 Jul 2026 08:48:10 +0000",https://www.kbc.co.ke/kenya-advances-regional-integration-agenda-to-unlock-trade-investment/
KBC,Kenya deepens partnership with CIVIC to advance civilian protection,"Thu, 23 Jul 2026 08:14:11 +0000",https://www.kbc.co.ke/kenya-deepens-partnership-with-civic-to-advance-civilian-protection/
Kenya News Agency,"Govt  steps-up efforts to strengthen emergency, healthcare services","Thu, 23 Jul 2026 11:57:14 +0000",https://www.kenyanews.go.ke/govt-steps-up-efforts-to-strengthen-emergency-healthcare-services/
Kenya News Agency,Judiciary roots for Alternative Justice System in Marsabit,"Thu, 23 Jul 2026 11:39:05 +0000",https://www.kenyanews.go.ke/judiciary-roots-for-alternative-justice-system-in-marsabit/
Kenya News Agency,Malindi MP woos Coast residents to boost voter numbers,"Thu, 23 Jul 2026 09:07:53 +0000",https://www.kenyanews.go.ke/malindi-mp-woos-coast-residents-to-boost-voter-numbers/
Kenya News Agency,Five miners killed after gold mine collapses in Trans Mara South,"Thu, 23 Jul 2026 08:44:27 +0000",https://www.kenyanews.go.ke/five-miners-killed-after-gold-mine-collapses-in-trans-mara-south/
World News API,Kenya Still Runs a Supermarket Economy Despite Decades of Industrialization Promises,,
World News API,Team Kenya continues its preparations for the World Athletics U20 championships,,
World News API,The Last Word | The lessons of Ol Kalou,,
World News API,Kenya' Legacy Football Academy U14 make Gothia Cup history,,
World News API,Team Kenya receives donations and other essential items ahead of their trip to Glasgow,,
World News API,Excitement and tension in western region over Sifuna tour,,
World News API,"Ruto&#039;s tough talk, zero action on goons",,
World News API,Inside how Kenya shipped its daughters into slavery,,
World News API,Kazakhstan advances railway modernization with track and locomotive renewal,,
World News API,Report urges faster AI adoption to strengthen Africa’s health supply chains,,
World News API,"Jane Frances Acilo, Founder Managing Director - ABJA Farms Limited || Trading Bell",,
World News API,Meshack Babu Targets Strong Debut Performance at Commonwealth Games in Glasgow,,
World News API,THE EXPLAINER | LEADERS AND SEASONS | MARTHA KARUA,,
World News API,Leaders convene in Nairobi for Africa Tech leadership conference,,
World News API,"THE EXPLAINER 21ST JULY, 2026",,
World News API,Hospitals remain operational despite health workers&#039; strike,,
World News API,Azerbaijan lists banks by their operational expenses,,
World News API,Nedbank seals Sh116bn NCBA deal,,
World News API,Kenya's Commonwealth Games Debutants Eye Podium Finish as Glasgow Preparations Intensify,,
World News API,Co-op Bank wins two Euromoney awards; Kenya’s Best Retail Bank and Best Digital Bank,,
World News API,Bushiri Queens Reach Kakamega County Finals After Narrow Victory Over Mwira Queens,,
World News API,Kenya Kwanza dismisses Gachagua's Ol Kalou victory claimsScript,,
World News API,"Kenya, Ghana explore health partnership on UHC pharmaceutical manufacturing",,
World News API,Court team inspects Nairobi Animal Orphanage relocation sites,,
World News API,Kindiki and Gachagua Strike Reconciliatory Tone Ahead of High Stakes 2027 Elections,,
World News API,"US Deepens Commercial Diplomacy With Africa to Boost Trade, Investment and Innovation",,
World News API,Ruto Allies Face Tough Choices as DCP Strengthens Political Hold in Mt Kenya,,
World News API,Kenya's decades-long cycle of school fires and unrest: Why do they keep happening?,,
World News API,New bill proposes easier process for peaceful demonstrations,,
World News API,THE EXPLAINER | LEADERS AND SEASONS | QUICKFIRE MARTHA KARUA,,
World News API,Health Workers' Strike Begins as Counties Fail to Meet Union Demands,,
World News API,Petitioners say armed KWS personnel barred court-ordered site visit of Nairobi National park,,
World News API,AI and Digital Diplomacy Take Centre Stage at Major African Technology Conference,,
World News API,Treasury and Industry Officials Put on the Spot Over Controversial Raw Sugar Imports,,
World News API,Embu Jua Kali Association Faces Fresh Leadership Battle Following Election Dispute,,
World News API,The Bold Standard : BOYCOTT,,
World News API,EACC moves to recover KSh4.3 billion Kisumu prison land,,
World News API,IPOA presents footage tracking Albert Ojwang's final hours,,
World News API,Get BusinessDaily Updates Alerts,,
World News API,THE PHILIPPINES-MANILA-CHINESE FM-CANADIAN FM-MEETING,,
World News API,THE PHILIPPINES-MANILA-CHINESE FM-ASEAN SECRETARY-GENERAL-MEETING,,
World News API,Capacity Building for Enhanced Parliamentary Performance in Africa: Challenges and Recommendations,,
World News API,Patching Africa’s Scars: Why West Africa Needs an Undergraduate and Postgraduate Discipline in Border Studies and Pan-African Integration,,
NewsData.io,Why the youth jobs crisis is becoming global,,
NewsData.io,Why young people are struggling to find entry-level jobs,,
NewsData.io,Business News | AI-infrastructure Platform InfoBay.AI Crosses Rs 100 Crores in Revenue in FY 2025-26,,
NewsData.io,Ebola quarantine center for Americans is up and working in Kenya despite court ban,,
NewsData.io,IPOB blasts ‘rented traitor’ behind call to assasinate Kanu,,
NewsData.io,"Global payroll and HR solutions for businesses – technology, compliance & support in one place",,
NewsData.io,Kenya is a robustly democratic country -Ruto,,
NewsData.io,AfCFTA Services Protocol Opens A New Era For Africa’s Services Sector,,
NewsData.io,"Dennis Ombachi Raises Eyebrows After Wrangling A Live Ostrich, Cooking It For Viral Burger Video",,
NewsData.io,Watch Trailer: First look at Sarah Hassan as Salma in ‘Tides’,,
NewsData.io,Kenya to host Africa’s first Youth Hockey 5s Championship,,
NewsData.io,Insta360 says it wants to replace photographers with an ‘intelligent photography robot’ that will become ‘imperceptible’ — and it sounds like a nightmare for privacy and creativity,,
NewsData.io,Eindhoven students build world’s first solar-powered ambulance,,
NewsData.io,Three Suspects Arrested Over Westlands Restaurant Robbery as Police Recover Two Pistols,,
NewsData.io,WANANCHI OPINION: Banditry: Less talk and more action needed to find a lasting solution,,
NewsData.io,AI-infrastructure Platform InfoBay.AI Crosses Rs 100 Crores in Revenue in FY 2025-26,,
NewsData.io,Dubai launches council to make trade network properly,,
NewsData.io,MPs Blame Kenya Power-REREC Rift for Delays in Electricity Connections,,
NewsData.io,Kenya’s trade corridors open East Africa’s healthcare market to new business as WHX returns to Nairobi in September,,
NewsData.io,"Full list of African countries whose citizens qualify to enter, live in Moldova without visa in 2026",,
NewsData.io,"Tuesday weather: Rain, thunderstorms and strong winds expected in several parts of Kenya",,
NewsData.io,Jacob Ojee Attains World Rugby Level 2 Coaching Accreditation in 15s,,
NewsData.io,I don’t need your money: Sifuna fires back at Atwoli over campaign funding remarks,,
NewsData.io,Pauline Njoroge resigns from Jubilee party: Who is Pauline Njoroge?,,
NewsData.io,CAK investigates Naivas over alleged price mismatch,,
NewsData.io,Working in a Kenyan abattoir inspired founder of Kenyan fashion brand,,
NewsData.io,Canals of waste: Why multibillion-shilling Coast irrigation schemes fail,,
NewsData.io,Why making films for African audiences remains an uphill task,,
NewsData.io,"Co-operative Bank Named Best Retail, Digital Bank at Euromoney Awards",,
NewsData.io,Team Kenya athletes get boost ahead of Commonwealth Games as gov't revamps reward scheme,,
NewsData.io,SHE MEANS BUSINESS| Is formal employment overrated? - Dr. Mary Kinyanjui's weighs in,,
NewsData.io,PHOTOS: First look at Sh30m proposed Raila Odinga Mausoleum,,
NewsData.io,Rights group finds abusive conditions for migrants working on UAE renewables,,
NewsData.io,Owalo warns against using youth to fuel political violence,,
NewsData.io,"Kenya: Jubilee Criticises Gachagua's Tourism Boycott Call, Warns of Economic Fallout",,
NewsData.io,Kenya: Communication Authority Tightens Rules On Importation for ICT Equipment Distributors,,
NewsData.io,"BasiGo to open EV charging stations in Meru, Nanyuki and Nyeri",,
NewsData.io,Nuclear Medicine Market Revenue Forecast 2033,,
NewsData.io,"Kazakhstan and Kenya discuss trade, logistics and agricultural cooperation",,
NewsData.io,"Jubilee Criticises Gachagua’s Tourism Boycott Call, Warns of Economic Fallout",,
NewsData.io,"Panama publishes visa policy, names African countries eligible for visa-free travel",,
NewsData.io,Kenya’s Trade Corridors Expand East Africa’s Healthcare Market as WHX Returns to Nairobi in September,,
NewsData.io,"Pauline Njoroge resigns from Jubilee Party, joins Linda Mwananchi movement",,
NewsData.io,Team Kenya eyes Commonwealth glory,,
NewsData.io,Medical Spa Market Revenue Forecast 2033,,
NewsData.io,Street Vendors Bill Explained and What It Could Change for Hawkers in Kenya,,
NewsData.io,New rules for Mobile Phone Importers and Distributors in Kenya: Full details,,
NewsData.io,PAULINE NJOROGE’s statement on resignation from UHURU’s Jubilee Party,,
NewsData.io,Three more suspects linked to Chaiiwali café robbery arrested,,
NewsData.io,Kanjama: Lawyers can strike despite being essential service providers,,
NewsData.io,Reforming tourism from the superstructure to the substructure,,
NewsData.io,Prominent Isiolo businesswoman shot dead in robbery near bus stage,,
NewsData.io,Handicrafts Market Innovation Trends,,
NewsData.io,"Russia, Switzerland among countries set for Nanenane",,
NewsData.io,Museveni: ‘Thieves’ Tried to Double Cost of AFCON Roads,,
NewsData.io,Master Wood Working Ltd Launches Modern Wooden Staircase Design in Birmingham,,
NewsData.io,SpeedOfMe Ranks UK 14th Fastest in World for Broadband Speeds in H1 2026,,
NewsData.io,Ambassador Programme: Shaping a generation through dialogue,,
NewsData.io,Supreme Court Backs Treasury's Power To Grant Foreign Investors Tax Exemptions,,
NewsData.io,Vindee opens up on how his brother was stranded in Qatar after job scam,,
NewsData.io,Crop theft costing Sri Lanka’s agricultural sector millions: Industry calls for urgent Government action,,
NewsData.io,South Africa wants every SIM to become a digital ID,,
NewsData.io,Jubilee condemns Gachagua remarks on tourism boycott ahead of 2027 polls,,
NewsData.io,"Haier Biomedical Presents Digital Blood Management Platform at ISBT Congress 2026, Advancing Its Transition from Equipment Provider to Full-Process Solution Partner",,
NewsData.io,De-identified Health Data Market Sales Analysis and Forecast,,
NewsData.io,Pauline Njoroge resigns from Uhuru’s Jubilee Party,,
NewsData.io,Kenya Presidency Website Hacked as China-Africa Trade Surges 24%,,
NewsData.io,"Nairobi Governor Hopeful Pauline Njoroge Quits Jubilee, Signals Move to Linda Mwananchi Outfit",,
NewsData.io,QatarDebate takes part in World Schools Debating Championship,,
NewsData.io,Centobin Law Office Helps Calgary Families Protect Their Future Through Estate Planning,,
NewsData.io,Infinix Kenya ignites Nairobi with 'The Night of HOT' as it officially launches HOT 70 series - Best value smartphone under Sh20K,,
NewsData.io,Irungu Kang’ata: Ol Kalou by-election has shaken Kindiki’s influence in Mt Kenya region,,
NewsData.io,Germany’s Foreign Minister to visit Nigeria,,
NewsData.io,"PSC, KSG and Nursing Council announce fresh job opportunities for Kenyans",,
NewsData.io,👨🏿‍🚀TechCabal Daily – Lie detector test for SIM cards,,
NewsData.io,Morara Kebaso dismisses claims of rift in Matiang’i’s camp,,
NewsData.io,"What is Commonwealth Mile, the iconic race returning to CWG after 60 years?",,
NewsData.io,Witness Tells Court How Father’s Faith Led Him to Quit Prison Job in Shakahola Manslaughter Trial,,
NewsData.io,Govt Invites Applications for KCAA Board of Directors Positions,,
NewsData.io,Tributes Pour In After Former TUM Student Leader Dies Following Medical Emergency,,
NewsData.io,"FG, UNESCO, AU unveil mobile learning initiative for teacher development",,
NewsData.io,Disney star Skai Jackson apologises to Kenyans over controversial mirror remarks,,
NewsData.io,Kenyan startup funding slips to Sh16.3bn in first half of 2026,,
NewsData.io,Spain stars lap up adulation of estimated two million on World Cup parade,,
NewsData.io,Who is a citizen in India? The answer will determine who has rights,,
NewsData.io,World champions Spain supplant Argentina to top FIFA rankings,,
NewsData.io,OPINION: Kipenga Cha Mama na Mtoto: How Kenya Can Turn Football Into a Lifeline for Mothers,,
NewsData.io,"KRA, AFC, Anti-FGM Board, NCK Among Institutions Recruiting",,
NewsData.io,Kenya to continue spearheading equitable development with focus on youth - Mudavadi,,
Currents API,Africa: Over $1.6m and Counting - How Betpawa's Model Is Improving Athlete Payment in Africa,,
Currents API,"Kenya: Employer-Led Training Delivers Returns, Boosts SME Productivity",,
Currents API,Kenya: Coffee Revival Gathers Pace As 6 Western Counties Chart Sector Recovery,,
Currents API,"Kenya: KMJA Appeals to LSK to Reconsider Court Boycott, Cites Harm to Litigants",,
Currents API,Kenya Startup Funding Slows Sharply as Investors Pivot to Quality Over Quantity,,
Currents API,"Ruto says Kenya has reached consensus against goonism, orders crackdown on criminality",,
Currents API,"Scrypt Expands Stablecoin Settlement Rails Across Kenya, Tanzania, Rwanda, and Uganda",,
Currents API,Kenya: Wanyama Urges LSK to Pair Court Boycott With Crackdown On Rogue Lawyers,,
Currents API,Kenya: Disregard Fake Kenyans.Co.Ke Graphic Falsely Attributing Mt Kenya MP Rankings to Infotrak,,
Currents API,"Kenya: Saudi Arabia, UK and Canada Top Visa Applications From Kenya",,
Currents API,Africa: Young People At the Center of the 21st AMECEA Plenary Assembly - 'Do Not Be Robbed of Hope',,
Currents API,Kenya: Treasury Misses Tax Revenue Target By Nearly Sh7bn,,
Currents API,Kenya: Isiolo Businesswoman Shot Dead in Suspected Targeted Attack As Governor Demands Swift Probe,,
Currents API,Kenya: 22 Pedestrians Arraigned in Nairobi Over Illegal Thika Road Crossings,,
Currents API,NOTICE TO DISREGARD -- Critical Metals Corp,,
Currents API,US-backed Ebola quarantine center operating despite Kenya court order,,
Currents API,Kenya: High Court to Rule On Bid to Halt Upper Imenti Forest Developments On July 30,,
Currents API,Kenya: Constituencies to Share Sh58.7bn Ng-CDF Allocation As Funding Rises By 5.1pc,,
Capital FM Kenya,"CCTV forensic analysis shows Albert Ojwang entered police station alive, left unresponsive",,
Capital FM Kenya,Ruto names IPOA chair nominee in raft of State appointments,,
Capital FM Kenya,Ruto appoints Charles Owino Government Spokesperson in Executive reshuffle,,
Capital FM Kenya,"Gachagua dismisses Ruto’s anti-goon order as ‘theatrics,’ claims police-goon alliance is fueling violence",,
Capital FM Kenya,6 Senators don DCP’s signature green as party rides Ol Kalou momentum,,
Capital FM Kenya,NTSA outlines tougher road safety drive at UN amid rising pedestrian deaths,,
Capital FM Kenya,"Mother, daughter and son-in-law arrested as DCI busts alleged online sex trafficking ring in Embakasi East",,
Capital FM Kenya,Kenyan peacekeepers expand security operations in Eastern DRC to strengthen civilian protection,,
Capital FM Kenya,Wildlife Ranger Challenge kicks off with fresh push to bridge Africa’s conservation workforce gap,,
KBC News,"Kenya has what it takes to become first-world, says Nyong’o",,
KBC News,"Museveni eulogises late Gen. Moses Ali as freedom fighter, peacemaker",,
KBC News,"Wetang’ula rallies Mandera to back Ruto’s re-election bid, cites ID reforms and mega projects",,
KBC News,Kamariny Stadium construction back on track as construction gains momentum,,
KBC News,Charles Owino appointed Government Spokesperson,,
KBC News,"Visa applications by Kenyans up 20pc on work, business travel",,
KBC News,"Ruto announces full funding for all students placed in universities, colleges",,
KBC News,22 charged over footbridge traffic obstruction,,
KBC News,More Than Flour: Grain Industries Limited’s growing footprint in Kenya,,
Nairobi Wire,Audit Reveals Boma Yangu Refunds Rose 3.5 Times Since Ruto Took Office,,
Nairobi Wire,Raila Odinga Mausoleum Takes Shape After Family Hands Over Site,,
Nairobi Wire,All The Top Memes in Nairobi This Tuesday,,
Nairobi Wire,Civil Servants Threaten Historic Nationwide Strike Over New SRC Salary Review,,
Nairobi Wire,"CS Ruku Downplays DCP’s Ol Kalou Win, ‘Like a Chicken That Laid One Egg’",,
Nairobi Wire,How Prosecutors Plan to Prove Albert Ojwang’ Was Killed in Custody,,
Nairobi Wire,Jubilee MP Declares Gachagua the New Mt Kenya Political General,,
Nairobi Wire,Clinical Officers Begin Nationwide Strike in All 47 Counties,,
Nairobi Wire,Malala Proposes KSh3 Billion Fundraiser to Launch Sifuna’s Presidential Bid,,
Nairobi Wire,Parking Fees in Nairobi Could Change as County Adopts New Pricing Policy,,
Nairobi Wire,Meet the Team David Maraga Has Picked to Drive His 2027 Presidential Bid,,
Nairobi Wire,Rigathi Gachagua Tells Tourists and Investors to Avoid Kenya,,
Nairobi Wire,Kindiki: Mt Kenya Leaders Already Calculating Ruto’s 2027 Succession Plan,,
Nairobi Wire,Funny Trending Memes To Kickstart New Week,,
Nairobi Wire,“You Are a Loser”: Murkomen Slams Gachagua Over Ol Kalou Rape Claims,,
Nairobi Wire,Hilarious Kenyan Tweets on X to Beat the Monday Blues,,
Nairobi Wire,Did Infotrak Really Predict the Wrong Ol Kalou By-Election Winner?,,
Nairobi Wire,Moses Kuria Makes Big Promise to Ol Kalou Residents Despite UDA’s Loss,,
Nairobi Wire,CS Ogamba Reveals When Schools Can Legally Charge Parents Extra Fees,,
Nairobi Wire,ODM Projects 17 Million Votes From Coalition With Ruto’s UDA,,
Nairobi Wire,Linda Mwananchi Claims Ruto Blocked Bid to Register New Political Party,,
Nairobi Wire,India Has No Odometer Law and 300000 Clocked Cars Change Hands Every Year,,
Nairobi Wire,Good Hustler Fund Repayers Set for Major Credit Boost Under New Plan,,
Nairobi Wire,Ruto Orders All State Agencies to Release Information for Transparency Audit,,
Nairobi Wire,Hilarious Memes in Nairobi This Friday,,
Nairobi Wire,“She Is Part of My Family”: Wajir Woman’s Bond With Rescued Ostrich Ends in Emotional Goodbye,,
Nairobi Wire,Sifuna Loses Senate Deputy Minority Whip Post After ODM Ouster,,
Nairobi Wire,Gachagua’s DCP Gets Lifeline as High Court Dismisses Petition,,
Nairobi Wire,Thika Inches Closer to Becoming Kenya’s Newest City,,
Nairobi Wire,Ruto Retires 250 Board Members in State Corporations Shake-Up,,
Kahawa Tungu,Owino named Govt Spokesman in changes,,
Kahawa Tungu,Court told CCTV evidence shows Albert Ojwang left Central Police cells unresponsive,,
Kahawa Tungu,Lawyer arrested over land fraud scandal,,
Kahawa Tungu,New documents detail rape charges against the Tate brothers in the UK,,
Kahawa Tungu,Police officers arrested for allegedly seeking roadside bribe from Nigeria’s anti-corruption boss,,
Kahawa Tungu,"Ann Widdecombe was hit on head repeatedly with hammer, prosecutors say",,
Kahawa Tungu,"Rights groups condemn violence, journalist attacks during Ol Kalou by-election",,
Kahawa Tungu,22 pedestrians charged over blocking traffic at Allsops footbridge,,
Kahawa Tungu,Lebanese army says troops deploying in ‘pilot zone’ after Israeli withdrawal,,
Kahawa Tungu,India’s ‘cockroach’ protest continues a day after police crackdown,,
Kahawa Tungu,10 Things to Check Before Hiring a Residential Roofing Company in Austin (2026),,
Kahawa Tungu,Onyonka to Gusii leaders: Back Matiang’i now or stay away later,,
Kahawa Tungu,Caitlin Foord Siblings: Getting to Know Jamie Foord,,
Kahawa Tungu,Alessia Russo Siblings: All About Luca and Giorgio,,
Kahawa Tungu,Ceri Holland Siblings: Getting to Know Glesni,,
Ghafla Kenya,Medical Findings Contradict Police Account As Ojwang’s Murder Trial Opens For Former Central OCS & 5 Officers,,
Ghafla Kenya,Kanyari Says He Has Alleged Daughter but Is Yet to Take DNA Test,,
Ghafla Kenya,Kenya Airways Partners With Yemi Alade to Boost West Africa Expansion,,
Ghafla Kenya,Kenya Met Forecast: 19 Counties to Receive Rain as Cold Nights Persist Across Several Regions,,
Ghafla Kenya,Kindiki Defended As Ruto’s Running Mate In 2027 Amid Pressure Following UDA’s Ol Kalou Loss,,
Ghafla Kenya,Drake’s World Cup Bet Backfires as Argentina’s Final Defeat Costs Him $1.5 Million,,
Ghafla Kenya,"DCI Launches Probe Into Ol Kalou By-Election Violence, Targets Armed & Hooded Goons",,
Ghafla Kenya,Bolo Bespoke Challenges Oga Obinna To Boxing Match After KES 2M World Cup Win,,
Business Today Kenya,Kenya’s Vision 2030 Is Coming to an End. What’s New?,,
Business Today Kenya,Equity Life Retirement Funds Top Ksh900M  on Growing Demand,,
Business Today Kenya,Kitale Jitume Centre Empowering Youth for Digital Jobs,,
Business Today Kenya,How Paren Hirani is Redefining Hospitality at Sentrim Hotels & Lodges,,
Business Today Kenya,Co-operative Bank is Now the 4th Largest Listed Company,,
Business Today Kenya,World Cup Bets Turn Into Big Wins as Odibets Rewards Players with Smartphones and 55” Hisense TVs,,
Business Today Kenya,Nairobi County Eyes Major Hike in Daily Parking Fees,,
Business Today Kenya,CBK Supports Pan-African Payment Network to Boost Regional Trade,,
Kenyans.co.ke,Gachagua tourism boycott uproar variant 1,2025-08-02,
Kenyans.co.ke,Sifuna Western tour variant 2,2025-08-10,
People Daily,Revealed: Albert Ojwang last moments variant 3,2025-03-12,
Kenyans.co.ke,Revealed: Albert Ojwang last moments variant 4,2025-11-09,
Citizen Digital,Raila mausoleum variant 5,2025-03-29,
People Daily,Ojwang trial updates variant 6,2025-06-25,
Daily Nation,"Dead man, Sh800,000 theft and drink spiking gang on the run variant 7",2026-04-07,
People Daily,AI Kenyan jobs impact variant 8,2026-07-20,
Citizen Digital,AI Kenyan jobs impact variant 9,2025-07-12,
People Daily,Sifuna Western tour variant 10,2026-07-13,
The Standard,Ebola local defences variant 11,2025-03-30,
Daily Nation,Sakaja budget crisis variant 12,2026-04-25,
People Daily,Police goons crackdown variant 13,2025-01-09,
People Daily,"Dead man, Sh800,000 theft and drink spiking gang on the run variant 14",2026-05-01,
The Star,AI Kenyan jobs impact variant 15,2026-07-22,
The Star,Ojwang trial updates variant 16,2025-03-25,
Daily Nation,Goons take over evictions variant 17,2025-04-15,
The Standard,Maize subsidies variant 18,2025-08-31,
Citizen Digital,Teachers reject salary increment variant 19,2025-10-06,
Citizen Digital,Raila mausoleum variant 20,2025-12-29,
The Standard,Ruto U-turn on university funding variant 21,2025-02-23,
Citizen Digital,LSK names judges facing boycott variant 22,2026-08-01,
Citizen Digital,County budgets variant 23,2025-12-28,
Citizen Digital,Goons take over evictions variant 24,2025-11-22,
Kenyans.co.ke,Teachers reject salary increment variant 25,2025-02-19,
The Star,LSK names judges facing boycott variant 26,2026-01-24,
People Daily,Sifuna Western tour variant 27,2026-06-05,
The Standard,Ojwang trial updates variant 28,2025-05-21,
Kenyans.co.ke,Ebola local defences variant 29,2026-01-12,
The Star,Police goons crackdown variant 30,2025-12-28,
Daily Nation,Maize subsidies variant 31,2026-01-04,
Daily Nation,Ruto new appointments variant 32,2025-03-31,
People Daily,Ojwang trial updates variant 33,2025-06-06,
The Standard,Ruto U-turn on university funding variant 34,2025-04-22,
The Star,Sakaja budget crisis variant 35,2025-08-13,
People Daily,AI Kenyan jobs impact variant 36,2026-07-19,
Kenyans.co.ke,Raila mausoleum variant 37,2025-07-08,
The Standard,Revealed: Albert Ojwang last moments variant 38,2025-12-20,
Daily Nation,Maize subsidies variant 39,2026-07-09,
People Daily,Ol Kalou by-election reactions variant 40,2026-08-08,
Daily Nation,Police goons crackdown variant 41,2025-06-06,
The Star,AI Kenyan jobs impact variant 42,2025-08-28,
Citizen Digital,Ol Kalou by-election reactions variant 43,2026-03-17,
The Star,Teachers reject salary increment variant 44,2025-11-02,
Kenyans.co.ke,Ruto U-turn on university funding variant 45,2026-04-24,
People Daily,County budgets variant 46,2025-05-16,
The Standard,Revealed: Albert Ojwang last moments variant 47,2026-05-24,
Daily Nation,Sakaja budget crisis variant 48,2026-01-30,
Daily Nation,Ebola local defences variant 49,2026-03-16,
People Daily,Ruto new appointments variant 50,2025-02-24,
Daily Nation,Kenya road deaths variant 51,2025-10-28,
People Daily,Police goons crackdown variant 52,2025-04-03,
Citizen Digital,Sakaja budget crisis variant 53,2025-02-25,
Kenyans.co.ke,Police goons crackdown variant 54,2025-07-17,
The Star,Ebola local defences variant 55,2025-01-31,
The Standard,Teen mothers education variant 56,2025-10-04,
Kenyans.co.ke,AI Kenyan jobs impact variant 57,2025-07-04,
The Star,County budgets variant 58,2025-11-20,
Daily Nation,Kenya road deaths variant 59,2025-02-28,
Kenyans.co.ke,Kenya road deaths variant 60,2026-06-11,
The Star,Maize subsidies variant 61,2026-01-06,
People Daily,Sifuna Western tour variant 62,2025-09-19,
The Standard,Raila mausoleum variant 63,2025-09-01,
People Daily,Ojwang trial updates variant 64,2025-08-22,
Daily Nation,LSK names judges facing boycott variant 65,2025-08-21,
Kenyans.co.ke,Goons take over evictions variant 66,2025-11-01,
People Daily,Ebola local defences variant 67,2025-10-02,
Citizen Digital,Ruto U-turn on university funding variant 68,2025-03-16,
Citizen Digital,Ojwang trial updates variant 69,2025-03-30,
Daily Nation,AI Kenyan jobs impact variant 70,2025-10-03,
The Star,County budgets variant 71,2026-06-10,
Citizen Digital,Ol Kalou by-election reactions variant 72,2026-01-16,
The Standard,Sifuna Western tour variant 73,2025-06-22,
The Standard,Goons take over evictions variant 74,2025-07-15,
Kenyans.co.ke,Police goons crackdown variant 75,2025-07-12,
The Star,Revealed: Albert Ojwang last moments variant 76,2026-08-09,
Daily Nation,Ruto U-turn on university funding variant 77,2025-09-01,
Citizen Digital,Ruto new appointments variant 78,2025-01-13,
People Daily,Gachagua tourism boycott uproar variant 79,2025-06-17,
People Daily,Teen mothers education variant 80,2025-01-12,
The Standard,Ojwang trial updates variant 81,2025-03-29,
The Star,Ebola local defences variant 82,2025-05-21,
People Daily,Ebola local defences variant 83,2025-02-10,
Daily Nation,Goons take over evictions variant 84,2025-04-28,
The Standard,Ruto U-turn on university funding variant 85,2025-12-11,
Kenyans.co.ke,Raila mausoleum variant 86,2025-11-15,
The Standard,Ruto U-turn on university funding variant 87,2025-12-11,
The Star,County budgets variant 88,2026-05-03,
The Star,Teachers reject salary increment variant 89,2026-05-17,
Citizen Digital,Maize subsidies variant 90,2026-01-24,
People Daily,County budgets variant 91,2026-04-27,
The Star,Ebola local defences variant 92,2025-07-09,
The Standard,Sifuna Western tour variant 93,2025-12-10,
Daily Nation,Revealed: Albert Ojwang last moments variant 94,2026-04-30,
Kenyans.co.ke,Gachagua tourism boycott uproar variant 95,2026-06-05,
The Standard,Ruto new appointments variant 96,2025-03-14,
Kenyans.co.ke,"Dead man, Sh800,000 theft and drink spiking gang on the run variant 97",2025-10-10,
Daily Nation,Sifuna Western tour variant 98,2025-01-24,
The Star,County budgets variant 99,2025-02-11,
The Standard,Teen mothers education variant 100,2025-10-08,
The Standard,Ruto new appointments variant 101,2025-03-18,
The Standard,Sifuna Western tour variant 102,2025-07-06,
People Daily,Ruto new appointments variant 103,2026-01-15,
The Standard,Sakaja budget crisis variant 104,2025-05-27,
The Star,Ruto new appointments variant 105,2025-03-11,
The Star,Ruto U-turn on university funding variant 106,2026-01-05,
Kenyans.co.ke,Teen mothers education variant 107,2025-07-24,
The Standard,Goons take over evictions variant 108,2025-06-26,
People Daily,Teachers reject salary increment variant 109,2025-06-03,
People Daily,Kenya road deaths variant 110,2026-06-09,
The Standard,Kenya road deaths variant 111,2025-10-26,
The Star,AI Kenyan jobs impact variant 112,2026-05-21,
People Daily,Ebola local defences variant 113,2025-10-22,
Kenyans.co.ke,Sakaja budget crisis variant 114,2025-05-03,
Kenyans.co.ke,LSK names judges facing boycott variant 115,2025-01-06,
The Standard,Sakaja budget crisis variant 116,2025-11-27,
People Daily,Ruto U-turn on university funding variant 117,2025-07-11,
Citizen Digital,Ruto new appointments variant 118,2026-03-10,
People Daily,Sifuna Western tour variant 119,2026-08-09,
Kenyans.co.ke,Sifuna Western tour variant 120,2026-03-04,
Kenyans.co.ke,Raila mausoleum variant 121,2025-10-02,
Citizen Digital,Goons take over evictions variant 122,2026-03-16,
Daily Nation,Goons take over evictions variant 123,2026-07-08,
People Daily,Ojwang trial updates variant 124,2026-01-27,
The Standard,Raila mausoleum variant 125,2026-05-03,
Citizen Digital,"Dead man, Sh800,000 theft and drink spiking gang on the run variant 126",2026-08-14,
The Star,Ebola local defences variant 127,2025-02-09,
Citizen Digital,Ruto U-turn on university funding variant 128,2025-08-22,
The Standard,AI Kenyan jobs impact variant 129,2025-03-13,
Kenyans.co.ke,Ruto new appointments variant 130,2026-04-19,
The Standard,Ebola local defences variant 131,2025-10-26,
Citizen Digital,Sifuna Western tour variant 132,2026-06-27,
Kenyans.co.ke,Ruto new appointments variant 133,2025-03-20,
The Standard,Ol Kalou by-election reactions variant 134,2026-03-11,
Citizen Digital,Police goons crackdown variant 135,2025-11-03,
Daily Nation,Maize subsidies variant 136,2025-02-20,
Citizen Digital,Sifuna Western tour variant 137,2025-08-11,
People Daily,Ol Kalou by-election reactions variant 138,2025-04-11,
The Star,Raila mausoleum variant 139,2026-03-24,
The Standard,Ebola local defences variant 140,2026-05-08,
The Star,County budgets variant 141,2025-07-01,
The Standard,"Dead man, Sh800,000 theft and drink spiking gang on the run variant 142",2025-03-15,
Citizen Digital,Ojwang trial updates variant 143,2025-05-08,
People Daily,County budgets variant 144,2026-05-21,
Kenyans.co.ke,LSK names judges facing boycott variant 145,2026-07-19,
The Star,Goons take over evictions variant 146,2025-05-28,
People Daily,Sifuna Western tour variant 147,2025-05-01,
Citizen Digital,Ojwang trial updates variant 148,2026-05-02,
The Standard,Ol Kalou by-election reactions variant 149,2025-04-21,
Kenyans.co.ke,Ruto new appointments variant 150,2026-05-18,
Kenyans.co.ke,Sakaja budget crisis variant 151,2025-01-30,
The Star,Ebola local defences variant 152,2026-05-20,
The Standard,Gachagua tourism boycott uproar variant 153,2025-07-23,
Kenyans.co.ke,Teachers reject salary increment variant 154,2026-01-22,
Citizen Digital,Sakaja budget crisis variant 155,2025-06-25,
Daily Nation,Raila mausoleum variant 156,2025-04-18,
The Standard,Ol Kalou by-election reactions variant 157,2025-02-22,
The Star,Ebola local defences variant 158,2026-05-22,
Daily Nation,Raila mausoleum variant 159,2025-10-27,
Kenyans.co.ke,Ebola local defences variant 160,2026-06-01,
Kenyans.co.ke,Maize subsidies variant 161,2025-04-30,
Kenyans.co.ke,"Dead man, Sh800,000 theft and drink spiking gang on the run variant 162",2025-11-03,
The Star,Ol Kalou by-election reactions variant 163,2025-03-15,
People Daily,Goons take over evictions variant 164,2026-05-24,
Kenyans.co.ke,Ruto new appointments variant 165,2025-09-30,
The Standard,Goons take over evictions variant 166,2025-09-24,
Citizen Digital,Revealed: Albert Ojwang last moments variant 167,2025-08-25,
Citizen Digital,Revealed: Albert Ojwang last moments variant 168,2025-08-23,
Daily Nation,Raila mausoleum variant 169,2026-05-12,
People Daily,Teachers reject salary increment variant 170,2026-04-15,
Daily Nation,Ojwang trial updates variant 171,2025-03-15,
People Daily,Ruto new appointments variant 172,2026-08-06,
People Daily,LSK names judges facing boycott variant 173,2025-05-08,
The Standard,Ojwang trial updates variant 174,2026-06-24,
The Star,Ol Kalou by-election reactions variant 175,2025-07-11,
The Star,Maize subsidies variant 176,2026-02-02,
Daily Nation,Police goons crackdown variant 177,2025-06-02,
Citizen Digital,Gachagua tourism boycott uproar variant 178,2025-05-06,
People Daily,"Dead man, Sh800,000 theft and drink spiking gang on the run variant 179",2025-05-10,
Citizen Digital,County budgets variant 180,2025-07-01,
People Daily,Maize subsidies variant 181,2025-02-02,
Citizen Digital,County budgets variant 182,2025-12-29,
The Standard,Revealed: Albert Ojwang last moments variant 183,2026-04-27,
The Standard,County budgets variant 184,2026-07-17,
Kenyans.co.ke,Gachagua tourism boycott uproar variant 185,2026-06-22,
Daily Nation,Revealed: Albert Ojwang last moments variant 186,2025-05-18,
Daily Nation,Maize subsidies variant 187,2025-05-10,
The Standard,AI Kenyan jobs impact variant 188,2025-03-11,
Daily Nation,Revealed: Albert Ojwang last moments variant 189,2025-07-25,
Citizen Digital,Raila mausoleum variant 190,2025-07-30,
Kenyans.co.ke,LSK names judges facing boycott variant 191,2026-07-05,
Daily Nation,Ruto new appointments variant 192,2025-07-31,
Kenyans.co.ke,"Dead man, Sh800,000 theft and drink spiking gang on the run variant 193",2026-05-11,
The Standard,Goons take over evictions variant 194,2025-09-18,
People Daily,LSK names judges facing boycott variant 195,2025-03-06,
The Standard,Gachagua tourism boycott uproar variant 196,2025-06-14,
People Daily,Teachers reject salary increment variant 197,2025-07-18,
Kenyans.co.ke,Police goons crackdown variant 198,2026-04-15,
People Daily,Maize subsidies variant 199,2025-08-18,
Daily Nation,Teen mothers education variant 200,2026-01-18,
The Star,Gachagua tourism boycott uproar variant 201,2026-08-10,
Citizen Digital,LSK names judges facing boycott variant 202,2026-04-24,
The Star,Kenya road deaths variant 203,2026-02-04,
Kenyans.co.ke,Teachers reject salary increment variant 204,2025-01-03,
Kenyans.co.ke,Revealed: Albert Ojwang last moments variant 205,2025-12-21,
People Daily,Sakaja budget crisis variant 206,2025-11-22,
People Daily,"Dead man, Sh800,000 theft and drink spiking gang on the run variant 207",2025-02-04,
People Daily,Police goons crackdown variant 208,2025-04-03,
Kenyans.co.ke,Sifuna Western tour variant 209,2026-06-18,
The Star,AI Kenyan jobs impact variant 210,2025-08-18,
The Standard,LSK names judges facing boycott variant 211,2026-08-20,
Citizen Digital,Police goons crackdown variant 212,2025-04-26,
Citizen Digital,Ruto new appointments variant 213,2025-11-28,
The Standard,Maize subsidies variant 214,2025-08-01,
Kenyans.co.ke,Sakaja budget crisis variant 215,2025-12-15,
Citizen Digital,Teen mothers education variant 216,2026-03-04,
People Daily,Ol Kalou by-election reactions variant 217,2025-07-03,
Daily Nation,Ojwang trial updates variant 218,2026-03-06,
The Standard,Sakaja budget crisis variant 219,2026-04-11,
People Daily,Police goons crackdown variant 220,2026-02-23,
The Standard,Maize subsidies variant 221,2025-03-17,
Kenyans.co.ke,Kenya road deaths variant 222,2025-10-27,
Citizen Digital,LSK names judges facing boycott variant 223,2026-02-06,
The Star,Teachers reject salary increment variant 224,2025-04-01,
People Daily,Revealed: Albert Ojwang last moments variant 225,2026-08-04,
The Star,Ebola local defences variant 226,2026-05-11,
The Standard,Raila mausoleum variant 227,2025-12-16,
Citizen Digital,Ojwang trial updates variant 228,2026-06-20,
The Star,Maize subsidies variant 229,2026-04-15,
Kenyans.co.ke,Police goons crackdown variant 230,2025-07-15,
Kenyans.co.ke,AI Kenyan jobs impact variant 231,2025-06-04,
The Standard,Kenya road deaths variant 232,2025-04-11,
Daily Nation,Sakaja budget crisis variant 233,2025-06-05,
Kenyans.co.ke,Teen mothers education variant 234,2025-12-05,
The Standard,Sifuna Western tour variant 235,2025-08-24,
People Daily,Ruto new appointments variant 236,2025-08-07,
The Standard,Sifuna Western tour variant 237,2025-04-17,
The Standard,Sakaja budget crisis variant 238,2025-01-07,
The Standard,Gachagua tourism boycott uproar variant 239,2025-01-21,
Daily Nation,Raila mausoleum variant 240,2026-07-17,
People Daily,Raila mausoleum variant 241,2026-07-10,
People Daily,Sifuna Western tour variant 242,2025-12-07,
The Star,County budgets variant 243,2025-10-26,
The Star,Raila mausoleum variant 244,2026-03-20,
The Star,Police goons crackdown variant 245,2025-05-20,
The Standard,Ruto U-turn on university funding variant 246,2025-03-05,
Daily Nation,Ol Kalou by-election reactions variant 247,2025-10-03,
People Daily,Ebola local defences variant 248,2026-01-24,
Kenyans.co.ke,Police goons crackdown variant 249,2026-04-21,
Daily Nation,Ebola local defences variant 250,2025-11-09,
The Star,Police goons crackdown variant 251,2026-05-03,
Daily Nation,AI Kenyan jobs impact variant 252,2025-11-13,
The Standard,AI Kenyan jobs impact variant 253,2025-08-27,
Kenyans.co.ke,AI Kenyan jobs impact variant 254,2025-12-05,
The Standard,Revealed: Albert Ojwang last moments variant 255,2025-04-13,
The Standard,Revealed: Albert Ojwang last moments variant 256,2026-04-12,
People Daily,LSK names judges facing boycott variant 257,2025-02-14,
Kenyans.co.ke,Sakaja budget crisis variant 258,2025-11-30,
The Star,Teen mothers education variant 259,2026-04-19,
The Standard,Goons take over evictions variant 260,2026-03-27,
Daily Nation,Goons take over evictions variant 261,2025-06-25,
People Daily,Kenya road deaths variant 262,2025-04-27,
Daily Nation,Sakaja budget crisis variant 263,2025-11-27,
People Daily,Raila mausoleum variant 264,2025-03-09,
People Daily,Ojwang trial updates variant 265,2026-05-28,
Daily Nation,Police goons crackdown variant 266,2025-09-11,
Kenyans.co.ke,Ruto U-turn on university funding variant 267,2025-01-22,
Kenyans.co.ke,Raila mausoleum variant 268,2026-05-08,
Citizen Digital,County budgets variant 269,2025-12-16,
The Standard,Teen mothers education variant 270,2025-03-02,
Kenyans.co.ke,"Dead man, Sh800,000 theft and drink spiking gang on the run variant 271",2026-04-23,
Daily Nation,Teachers reject salary increment variant 272,2025-04-21,
The Star,Raila mausoleum variant 273,2026-06-08,
People Daily,Ebola local defences variant 274,2025-12-20,
The Standard,"Dead man, Sh800,000 theft and drink spiking gang on the run variant 275",2026-07-28,
Daily Nation,Ojwang trial updates variant 276,2026-01-13,
The Star,Teachers reject salary increment variant 277,2026-04-26,
Daily Nation,Sifuna Western tour variant 278,2026-03-12,
The Standard,"Dead man, Sh800,000 theft and drink spiking gang on the run variant 279",2026-04-05,
People Daily,County budgets variant 280,2025-03-16,
The Star,Ojwang trial updates variant 281,2025-01-19,
The Star,LSK names judges facing boycott variant 282,2026-07-28,
The Standard,Teachers reject salary increment variant 283,2025-10-18,
Citizen Digital,Ebola local defences variant 284,2025-11-06,
People Daily,Sifuna Western tour variant 285,2026-04-25,
Kenyans.co.ke,Teachers reject salary increment variant 286,2026-01-28,
People Daily,Ruto new appointments variant 287,2026-07-08,
Daily Nation,Teen mothers education variant 288,2026-02-17,
Kenyans.co.ke,LSK names judges facing boycott variant 289,2025-04-29,
The Star,Kenya road deaths variant 290,2025-04-27,
Kenyans.co.ke,Ruto new appointments variant 291,2025-02-16,
Daily Nation,Ruto U-turn on university funding variant 292,2026-05-18,
People Daily,Revealed: Albert Ojwang last moments variant 293,2025-06-25,
The Star,"Dead man, Sh800,000 theft and drink spiking gang on the run variant 294",2026-04-18,
Kenyans.co.ke,Sakaja budget crisis variant 295,2025-03-06,
The Standard,AI Kenyan jobs impact variant 296,2025-06-26,
People Daily,Revealed: Albert Ojwang last moments variant 297,2025-04-11,
The Standard,Revealed: Albert Ojwang last moments variant 298,2025-05-17,
People Daily,Revealed: Albert Ojwang last moments variant 299,2026-02-22,
Kenyans.co.ke,Ruto new appointments variant 300,2026-03-14,
Daily Nation,"Dead man, Sh800,000 theft and drink spiking gang on the run variant 301",2026-05-20,
Citizen Digital,Maize subsidies variant 302,2026-07-27,
People Daily,Ol Kalou by-election reactions variant 303,2026-01-21,
Citizen Digital,Teen mothers education variant 304,2025-09-10,
Citizen Digital,Kenya road deaths variant 305,2026-02-05,
Daily Nation,Teen mothers education variant 306,2026-08-21,
Kenyans.co.ke,Raila mausoleum variant 307,2025-10-09,
Citizen Digital,Raila mausoleum variant 308,2025-01-05,
The Standard,Ruto new appointments variant 309,2025-10-04,
The Star,"Dead man, Sh800,000 theft and drink spiking gang on the run variant 310",2025-07-12,
People Daily,Goons take over evictions variant 311,2025-10-04,
People Daily,Revealed: Albert Ojwang last moments variant 312,2025-03-21,
Daily Nation,Teachers reject salary increment variant 313,2026-07-28,
Daily Nation,Sifuna Western tour variant 314,2025-11-24,
Citizen Digital,Revealed: Albert Ojwang last moments variant 315,2026-02-21,
Citizen Digital,Ojwang trial updates variant 316,2025-07-29,
The Standard,AI Kenyan jobs impact variant 317,2026-07-17,
Kenyans.co.ke,Goons take over evictions variant 318,2025-04-16,
The Standard,Ebola local defences variant 319,2026-05-06,
The Standard,Teachers reject salary increment variant 320,2026-07-15,
Kenyans.co.ke,Gachagua tourism boycott uproar variant 321,2026-03-23,
People Daily,Teen mothers education variant 322,2026-08-03,
Citizen Digital,Raila mausoleum variant 323,2026-06-09,
Kenyans.co.ke,Kenya road deaths variant 324,2025-05-16,
The Standard,Raila mausoleum variant 325,2026-04-27,
The Star,Police goons crackdown variant 326,2026-06-28,
Citizen Digital,Ojwang trial updates variant 327,2026-01-05,
Citizen Digital,Ruto U-turn on university funding variant 328,2025-07-24,
Kenyans.co.ke,AI Kenyan jobs impact variant 329,2025-11-09,
Daily Nation,Teen mothers education variant 330,2025-02-11,
Kenyans.co.ke,Ruto new appointments variant 331,2025-08-13,
Citizen Digital,Ojwang trial updates variant 332,2026-01-16,
The Standard,Ebola local defences variant 333,2025-06-21,
The Star,Raila mausoleum variant 334,2025-07-24,
Kenyans.co.ke,Sifuna Western tour variant 335,2026-06-03,
People Daily,Sakaja budget crisis variant 336,2025-05-28,
The Standard,LSK names judges facing boycott variant 337,2026-03-07,
The Standard,Ebola local defences variant 338,2025-03-08,
The Standard,Gachagua tourism boycott uproar variant 339,2025-02-02,
Kenyans.co.ke,Gachagua tourism boycott uproar variant 340,2026-07-28,
Citizen Digital,Ol Kalou by-election reactions variant 341,2025-04-01,
The Standard,Gachagua tourism boycott uproar variant 342,2025-10-28,
Daily Nation,Sifuna Western tour variant 343,2026-05-15,
Kenyans.co.ke,Kenya road deaths variant 344,2025-03-22,
Kenyans.co.ke,Police goons crackdown variant 345,2026-03-27,
Kenyans.co.ke,Maize subsidies variant 346,2026-04-21,
Daily Nation,Ebola local defences variant 347,2025-01-15,
Citizen Digital,Ruto new appointments variant 348,2025-10-06,
Daily Nation,Revealed: Albert Ojwang last moments variant 349,2025-02-21,
People Daily,Maize subsidies variant 350,2025-12-08,
Daily Nation,Ol Kalou by-election reactions variant 351,2025-09-15,
Kenyans.co.ke,Ojwang trial updates variant 352,2026-03-15,
Citizen Digital,AI Kenyan jobs impact variant 353,2026-08-03,
Kenyans.co.ke,Ebola local defences variant 354,2025-08-12,
The Star,LSK names judges facing boycott variant 355,2025-07-31,
The Standard,Ebola local defences variant 356,2026-02-03,
Kenyans.co.ke,"Dead man, Sh800,000 theft and drink spiking gang on the run variant 357",2025-12-26,
The Standard,Gachagua tourism boycott uproar variant 358,2025-06-04,
The Star,Ol Kalou by-election reactions variant 359,2026-04-22,
Daily Nation,Ojwang trial updates variant 360,2025-08-04,
Citizen Digital,Maize subsidies variant 361,2025-04-03,
Kenyans.co.ke,Ebola local defences variant 362,2025-12-21,
People Daily,Gachagua tourism boycott uproar variant 363,2026-06-09,
The Star,Sakaja budget crisis variant 364,2026-02-21,
Citizen Digital,Sifuna Western tour variant 365,2026-07-31,
The Standard,LSK names judges facing boycott variant 366,2025-02-03,
People Daily,LSK names judges facing boycott variant 367,2025-06-15,
People Daily,Maize subsidies variant 368,2025-09-19,
Kenyans.co.ke,Ruto U-turn on university funding variant 369,2026-03-08,
Daily Nation,Teachers reject salary increment variant 370,2025-06-14,
The Standard,Ebola local defences variant 371,2026-05-21,
The Star,Raila mausoleum variant 372,2026-01-22,
Daily Nation,County budgets variant 373,2025-05-21,
Citizen Digital,Ruto new appointments variant 374,2025-02-01,
People Daily,Raila mausoleum variant 375,2026-07-02,
The Star,Sakaja budget crisis variant 376,2025-03-02,
Kenyans.co.ke,Ruto U-turn on university funding variant 377,2026-04-23,
The Star,County budgets variant 378,2026-02-27,
The Star,Gachagua tourism boycott uproar variant 379,2025-11-24,
The Standard,Police goons crackdown variant 380,2025-04-16,
The Standard,Ruto U-turn on university funding variant 381,2026-07-28,
People Daily,Teen mothers education variant 382,2025-03-22,
Citizen Digital,Ol Kalou by-election reactions variant 383,2025-11-27,
Citizen Digital,Ruto new appointments variant 384,2025-06-11,
The Standard,Ruto new appointments variant 385,2025-01-04,
Daily Nation,AI Kenyan jobs impact variant 386,2025-05-06,
People Daily,Ruto U-turn on university funding variant 387,2026-06-13,
Daily Nation,Ojwang trial updates variant 388,2025-02-18,
Kenyans.co.ke,Kenya road deaths variant 389,2026-08-21,
The Standard,AI Kenyan jobs impact variant 390,2026-06-25,
Kenyans.co.ke,County budgets variant 391,2026-05-12,
Citizen Digital,Ruto U-turn on university funding variant 392,2026-07-24,
Daily Nation,Ebola local defences variant 393,2026-06-07,
Kenyans.co.ke,LSK names judges facing boycott variant 394,2026-07-19,
The Star,Revealed: Albert Ojwang last moments variant 395,2026-03-22,
The Standard,County budgets variant 396,2025-09-12,
Citizen Digital,AI Kenyan jobs impact variant 397,2025-02-10,
Daily Nation,LSK names judges facing boycott variant 398,2026-08-01,
Kenyans.co.ke,AI Kenyan jobs impact variant 399,2026-07-20,
The Star,County budgets variant 400,2026-01-02,
Kenyans.co.ke,Ojwang trial updates variant 401,2026-01-15,
The Standard,Teachers reject salary increment variant 402,2026-07-13,
Kenyans.co.ke,Maize subsidies variant 403,2025-11-30,
The Standard,Ruto U-turn on university funding variant 404,2026-02-27,
Daily Nation,Gachagua tourism boycott uproar variant 405,2025-01-03,
People Daily,Ebola local defences variant 406,2025-12-17,
Kenyans.co.ke,Revealed: Albert Ojwang last moments variant 407,2026-05-02,
People Daily,AI Kenyan jobs impact variant 408,2025-09-27,
The Standard,LSK names judges facing boycott variant 409,2025-12-13,
The Star,Ol Kalou by-election reactions variant 410,2025-09-17,
The Star,Ojwang trial updates variant 411,2026-01-23,
The Standard,Ojwang trial updates variant 412,2026-08-03,
The Standard,Kenya road deaths variant 413,2026-05-01,
The Standard,Teachers reject salary increment variant 414,2026-06-24,
Daily Nation,AI Kenyan jobs impact variant 415,2026-03-04,
Citizen Digital,Sifuna Western tour variant 416,2025-07-05,
The Standard,Goons take over evictions variant 417,2025-02-25,
The Standard,Sakaja budget crisis variant 418,2026-06-22,
Daily Nation,Kenya road deaths variant 419,2025-02-04,
The Star,Kenya road deaths variant 420,2025-03-09,
The Standard,Ol Kalou by-election reactions variant 421,2025-09-04,
Kenyans.co.ke,AI Kenyan jobs impact variant 422,2025-08-07,
Citizen Digital,AI Kenyan jobs impact variant 423,2025-04-19,
Daily Nation,"Dead man, Sh800,000 theft and drink spiking gang on the run variant 424",2025-05-04,
Kenyans.co.ke,Kenya road deaths variant 425,2025-10-11,
Kenyans.co.ke,"Dead man, Sh800,000 theft and drink spiking gang on the run variant 426",2025-02-15,
People Daily,Ruto new appointments variant 427,2026-07-05,
The Star,Raila mausoleum variant 428,2026-04-23,
The Standard,Maize subsidies variant 429,2026-01-12,
The Star,Gachagua tourism boycott uproar variant 430,2025-03-24,
The Star,Goons take over evictions variant 431,2026-03-13,
Kenyans.co.ke,Ruto new appointments variant 432,2025-09-14,
Kenyans.co.ke,Ebola local defences variant 433,2025-06-06,
Citizen Digital,County budgets variant 434,2025-05-31,
Citizen Digital,AI Kenyan jobs impact variant 435,2025-08-27,
The Star,Sifuna Western tour variant 436,2025-05-02,
The Star,Police goons crackdown variant 437,2025-05-11,
Daily Nation,Ruto U-turn on university funding variant 438,2026-05-27,
People Daily,Maize subsidies variant 439,2025-01-19,
Daily Nation,Gachagua tourism boycott uproar variant 440,2026-03-06,
The Standard,Teen mothers education variant 441,2025-02-18,
Kenyans.co.ke,Ebola local defences variant 442,2025-09-17,
Kenyans.co.ke,Police goons crackdown variant 443,2026-07-01,
People Daily,Ojwang trial updates variant 444,2025-05-04,
The Star,Maize subsidies variant 445,2025-05-17,
Daily Nation,Goons take over evictions variant 446,2025-12-28,
Kenyans.co.ke,Goons take over evictions variant 447,2026-07-18,
People Daily,Teachers reject salary increment variant 448,2026-05-06,
The Standard,LSK names judges facing boycott variant 449,2026-05-07,
The Standard,Sakaja budget crisis variant 450,2025-04-08,
Kenyans.co.ke,Revealed: Albert Ojwang last moments variant 451,2025-12-06,
Daily Nation,Sifuna Western tour variant 452,2025-08-22,
People Daily,Ebola local defences variant 453,2025-09-26,
The Standard,Teen mothers education variant 454,2026-05-03,
The Star,Ruto new appointments variant 455,2025-01-22,
Citizen Digital,County budgets variant 456,2026-03-03,
The Standard,Raila mausoleum variant 457,2026-02-01,
Daily Nation,Teen mothers education variant 458,2026-04-04,
The Standard,Raila mausoleum variant 459,2025-11-17,
Citizen Digital,Kenya road deaths variant 460,2026-07-31,
Kenyans.co.ke,Ruto U-turn on university funding variant 461,2025-03-26,
People Daily,Sakaja budget crisis variant 462,2026-08-23,
The Star,Kenya road deaths variant 463,2025-03-05,
People Daily,Ol Kalou by-election reactions variant 464,2025-10-07,
Kenyans.co.ke,LSK names judges facing boycott variant 465,2026-06-07,
The Star,"Dead man, Sh800,000 theft and drink spiking gang on the run variant 466",2026-06-12,
Citizen Digital,Kenya road deaths variant 467,2026-03-08,
The Star,Teen mothers education variant 468,2025-10-28,
People Daily,"Dead man, Sh800,000 theft and drink spiking gang on the run variant 469",2025-01-21,
The Standard,Raila mausoleum variant 470,2025-07-01,
The Star,County budgets variant 471,2026-06-10,
Citizen Digital,Revealed: Albert Ojwang last moments variant 472,2026-01-25,
Citizen Digital,Revealed: Albert Ojwang last moments variant 473,2026-04-27,
Kenyans.co.ke,Revealed: Albert Ojwang last moments variant 474,2026-04-23,
The Star,Gachagua tourism boycott uproar variant 475,2026-08-18,
Kenyans.co.ke,Teen mothers education variant 476,2025-08-10,
Daily Nation,Ol Kalou by-election reactions variant 477,2026-07-08,
The Star,Ebola local defences variant 478,2025-08-26,
People Daily,Goons take over evictions variant 479,2025-12-22,
People Daily,Ol Kalou by-election reactions variant 480,2025-10-12,
The Standard,Sakaja budget crisis variant 481,2025-01-27,
Daily Nation,Sakaja budget crisis variant 482,2026-03-22,
The Star,"Dead man, Sh800,000 theft and drink spiking gang on the run variant 483",2026-06-19,
The Standard,AI Kenyan jobs impact variant 484,2026-06-11,
Citizen Digital,AI Kenyan jobs impact variant 485,2025-04-15,
Kenyans.co.ke,AI Kenyan jobs impact variant 486,2026-06-19,
Kenyans.co.ke,Ruto new appointments variant 487,2026-01-08,
People Daily,Gachagua tourism boycott uproar variant 488,2025-05-23,
The Standard,Ruto new appointments variant 489,2025-07-11,
Daily Nation,"Dead man, Sh800,000 theft and drink spiking gang on the run variant 490",2025-11-12,
Kenyans.co.ke,County budgets variant 491,2026-02-12,
The Star,"Dead man, Sh800,000 theft and drink spiking gang on the run variant 492",2025-07-05,
Citizen Digital,Teachers reject salary increment variant 493,2025-05-27,
The Standard,"Dead man, Sh800,000 theft and drink spiking gang on the run variant 494",2025-03-05,
People Daily,Maize subsidies variant 495,2025-06-06,
The Star,Teachers reject salary increment variant 496,2026-03-28,
Citizen Digital,Police goons crackdown variant 497,2025-06-20,
The Standard,Ruto new appointments variant 498,2025-04-07,
The Standard,Ruto U-turn on university funding variant 499,2025-01-08,
Kenyans.co.ke,Goons take over evictions variant 500,2026-04-05,
Kenyans.co.ke,Goons take over evictions variant 501,2025-05-27,
Citizen Digital,Kenya road deaths variant 502,2026-07-24,
People Daily,Goons take over evictions variant 503,2026-07-24,
Daily Nation,Kenya road deaths variant 504,2025-08-11,
The Star,Ol Kalou by-election reactions variant 505,2026-05-10,
Daily Nation,Kenya road deaths variant 506,2025-12-07,
The Star,County budgets variant 507,2026-05-01,
Kenyans.co.ke,Raila mausoleum variant 508,2026-04-29,
Citizen Digital,Raila mausoleum variant 509,2026-01-18,
Daily Nation,Gachagua tourism boycott uproar variant 510,2026-06-11,
Citizen Digital,Revealed: Albert Ojwang last moments variant 511,2025-05-26,
Daily Nation,Teen mothers education variant 512,2025-05-22,
Citizen Digital,Maize subsidies variant 513,2025-10-22,
Kenyans.co.ke,Revealed: Albert Ojwang last moments variant 514,2026-01-24,
Kenyans.co.ke,LSK names judges facing boycott variant 515,2025-06-16,
The Standard,Teachers reject salary increment variant 516,2025-08-05,
Kenyans.co.ke,Maize subsidies variant 517,2026-06-19,
Daily Nation,Raila mausoleum variant 518,2025-11-07,
The Star,County budgets variant 519,2026-04-16,
People Daily,Ol Kalou by-election reactions variant 520,2025-04-23,
People Daily,Ojwang trial updates variant 521,2025-02-16,
The Standard,Ol Kalou by-election reactions variant 522,2026-05-26,
Citizen Digital,County budgets variant 523,2025-10-14,
Daily Nation,Sifuna Western tour variant 524,2026-02-14,
The Star,LSK names judges facing boycott variant 525,2026-07-16,
The Star,Sakaja budget crisis variant 526,2025-05-18,
People Daily,Kenya road deaths variant 527,2025-04-02,
Daily Nation,AI Kenyan jobs impact variant 528,2026-01-27,
People Daily,Raila mausoleum variant 529,2025-12-29,
Citizen Digital,"Dead man, Sh800,000 theft and drink spiking gang on the run variant 530",2025-08-08,
Citizen Digital,Police goons crackdown variant 531,2026-06-30,
The Standard,Teen mothers education variant 532,2026-03-29,
Daily Nation,Maize subsidies variant 533,2026-06-22,
The Standard,Ol Kalou by-election reactions variant 534,2025-01-23,
Kenyans.co.ke,Ruto new appointments variant 535,2025-04-23,
Kenyans.co.ke,Goons take over evictions variant 536,2025-04-05,
The Standard,Raila mausoleum variant 537,2025-10-10,
The Standard,Ebola local defences variant 538,2025-05-19,
Daily Nation,Teen mothers education variant 539,2026-06-07,
The Standard,Ol Kalou by-election reactions variant 540,2026-04-10,
The Standard,Sifuna Western tour variant 541,2025-11-18,
Kenyans.co.ke,AI Kenyan jobs impact variant 542,2025-09-25,
People Daily,Ruto U-turn on university funding variant 543,2026-03-24,
Daily Nation,LSK names judges facing boycott variant 544,2025-11-26,
Citizen Digital,Gachagua tourism boycott uproar variant 545,2026-01-23,
People Daily,Sakaja budget crisis variant 546,2025-03-28,
Daily Nation,Teachers reject salary increment variant 547,2026-04-05,
Daily Nation,"Dead man, Sh800,000 theft and drink spiking gang on the run variant 548",2025-04-06,
Daily Nation,"Dead man, Sh800,000 theft and drink spiking gang on the run variant 549",2026-04-17,
Daily Nation,Revealed: Albert Ojwang last moments variant 550,2025-05-07,
Citizen Digital,Ol Kalou by-election reactions variant 551,2025-08-17,
Kenyans.co.ke,Ruto U-turn on university funding variant 552,2025-01-08,
Kenyans.co.ke,AI Kenyan jobs impact variant 553,2025-06-28,
Citizen Digital,Maize subsidies variant 554,2026-05-22,
Citizen Digital,County budgets variant 555,2025-12-21,
The Standard,Teachers reject salary increment variant 556,2026-04-25,
Citizen Digital,Teachers reject salary increment variant 557,2025-09-06,
People Daily,LSK names judges facing boycott variant 558,2026-08-11,
The Standard,Ruto new appointments variant 559,2025-07-17,
The Star,Ol Kalou by-election reactions variant 560,2025-01-23,
The Star,LSK names judges facing boycott variant 561,2026-05-15,
The Standard,Ojwang trial updates variant 562,2025-09-25,
The Standard,AI Kenyan jobs impact variant 563,2025-08-27,
The Standard,"Dead man, Sh800,000 theft and drink spiking gang on the run variant 564",2025-03-08,
Kenyans.co.ke,Teachers reject salary increment variant 565,2025-06-05,
People Daily,Goons take over evictions variant 566,2025-09-17,
The Standard,Ojwang trial updates variant 567,2025-03-08,
The Standard,Goons take over evictions variant 568,2026-08-07,
Kenyans.co.ke,Police goons crackdown variant 569,2025-11-15,
People Daily,Ruto new appointments variant 570,2025-05-05,
The Standard,Teen mothers education variant 571,2026-08-17,
Daily Nation,AI Kenyan jobs impact variant 572,2026-06-28,
The Standard,Ojwang trial updates variant 573,2026-06-03,
People Daily,Police goons crackdown variant 574,2026-07-26,
The Standard,Teen mothers education variant 575,2025-10-21,
People Daily,Ruto U-turn on university funding variant 576,2026-05-29,
The Standard,Revealed: Albert Ojwang last moments variant 577,2025-03-15,
Daily Nation,County budgets variant 578,2026-02-28,
People Daily,Revealed: Albert Ojwang last moments variant 579,2026-04-03,
Daily Nation,Kenya road deaths variant 580,2025-05-28,
Daily Nation,Sifuna Western tour variant 581,2025-02-16,
People Daily,Police goons crackdown variant 582,2025-03-08,
The Star,Revealed: Albert Ojwang last moments variant 583,2025-08-23,
Kenyans.co.ke,Gachagua tourism boycott uproar variant 584,2026-03-09,
People Daily,Raila mausoleum variant 585,2025-04-08,
The Star,Ruto U-turn on university funding variant 586,2026-08-03,
The Star,Ol Kalou by-election reactions variant 587,2025-05-14,
The Standard,Ebola local defences variant 588,2025-03-02,
The Standard,Sakaja budget crisis variant 589,2026-07-26,
Daily Nation,Sifuna Western tour variant 590,2025-08-16,
The Standard,Revealed: Albert Ojwang last moments variant 591,2025-07-31,
The Star,Police goons crackdown variant 592,2025-10-14,
The Standard,Kenya road deaths variant 593,2026-05-22,
Citizen Digital,Gachagua tourism boycott uproar variant 594,2026-05-17,
The Standard,LSK names judges facing boycott variant 595,2025-04-25,
People Daily,Revealed: Albert Ojwang last moments variant 596,2025-11-15,
Daily Nation,Sifuna Western tour variant 597,2025-09-07,
The Standard,Ruto U-turn on university funding variant 598,2025-11-11,
Citizen Digital,"Dead man, Sh800,000 theft and drink spiking gang on the run variant 599",2025-10-30,
People Daily,Goons take over evictions variant 600,2025-09-05,
Kenyans.co.ke,County budgets variant 601,2025-03-24,
Citizen Digital,Ruto U-turn on university funding variant 602,2025-07-21,
People Daily,Ebola local defences variant 603,2026-03-22,
People Daily,Ol Kalou by-election reactions variant 604,2026-04-22,
The Star,Sifuna Western tour variant 605,2025-05-13,
The Star,Ruto U-turn on university funding variant 606,2025-01-18,
The Star,Raila mausoleum variant 607,2026-06-09,
Daily Nation,AI Kenyan jobs impact variant 608,2026-03-01,
The Standard,Ojwang trial updates variant 609,2025-01-06,
Kenyans.co.ke,Sakaja budget crisis variant 610,2025-03-09,
The Standard,AI Kenyan jobs impact variant 611,2026-01-02,
Kenyans.co.ke,Ojwang trial updates variant 612,2025-05-25,
The Star,Police goons crackdown variant 613,2025-06-05,
People Daily,Ruto new appointments variant 614,2026-01-30,
People Daily,Sifuna Western tour variant 615,2025-06-26,
Citizen Digital,Revealed: Albert Ojwang last moments variant 616,2025-10-23,
People Daily,Raila mausoleum variant 617,2026-08-22,
Kenyans.co.ke,Teen mothers education variant 618,2025-09-23,
The Star,County budgets variant 619,2025-11-22,
Citizen Digital,Ojwang trial updates variant 620,2026-05-31,
The Standard,Sifuna Western tour variant 621,2025-01-26,
The Standard,Teachers reject salary increment variant 622,2025-12-12,
The Star,Goons take over evictions variant 623,2025-04-22,
Daily Nation,LSK names judges facing boycott variant 624,2025-05-11,
Kenyans.co.ke,Police goons crackdown variant 625,2025-09-16,
The Standard,AI Kenyan jobs impact variant 626,2026-06-12,
Citizen Digital,Kenya road deaths variant 627,2025-01-05,
Daily Nation,Sifuna Western tour variant 628,2025-10-20,
People Daily,Kenya road deaths variant 629,2026-04-30,
People Daily,Ruto U-turn on university funding variant 630,2025-10-02,
Citizen Digital,Sifuna Western tour variant 631,2026-06-10,
Kenyans.co.ke,Teachers reject salary increment variant 632,2026-02-05,
Citizen Digital,Ruto new appointments variant 633,2025-08-22,
Kenyans.co.ke,Teachers reject salary increment variant 634,2025-06-09,
People Daily,Teachers reject salary increment variant 635,2026-03-27,
People Daily,Maize subsidies variant 636,2026-05-25,
Daily Nation,Police goons crackdown variant 637,2025-10-08,
Kenyans.co.ke,AI Kenyan jobs impact variant 638,2025-12-27,
Daily Nation,Teen mothers education variant 639,2026-05-01,
Daily Nation,Ol Kalou by-election reactions variant 640,2025-04-09,
The Star,LSK names judges facing boycott variant 641,2025-10-19,
Citizen Digital,Ruto new appointments variant 642,2025-07-30,
The Star,Kenya road deaths variant 643,2025-09-05,
The Standard,Raila mausoleum variant 644,2026-07-26,
Daily Nation,Raila mausoleum variant 645,2025-11-24,
Citizen Digital,Sakaja budget crisis variant 646,2025-05-03,
People Daily,Teen mothers education variant 647,2025-08-05,
Citizen Digital,"Dead man, Sh800,000 theft and drink spiking gang on the run variant 648",2026-07-21,
People Daily,Teachers reject salary increment variant 649,2025-04-03,
The Standard,Maize subsidies variant 650,2025-02-08,
The Standard,AI Kenyan jobs impact variant 651,2026-02-05,
People Daily,Revealed: Albert Ojwang last moments variant 652,2026-01-27,
The Star,Teen mothers education variant 653,2025-11-09,
People Daily,Teachers reject salary increment variant 654,2026-08-10,
Daily Nation,County budgets variant 655,2025-01-20,
Kenyans.co.ke,Maize subsidies variant 656,2025-02-09,
People Daily,Ebola local defences variant 657,2026-04-20,
The Standard,AI Kenyan jobs impact variant 658,2025-12-19,
The Star,Sakaja budget crisis variant 659,2026-01-19,
Kenyans.co.ke,Kenya road deaths variant 660,2025-03-08,
People Daily,Gachagua tourism boycott uproar variant 661,2026-05-08,
The Star,Gachagua tourism boycott uproar variant 662,2025-08-02,
The Standard,LSK names judges facing boycott variant 663,2026-05-26,
People Daily,Ruto new appointments variant 664,2025-05-23,
People Daily,Ruto U-turn on university funding variant 665,2025-09-11,
People Daily,Maize subsidies variant 666,2025-09-10,
Citizen Digital,Kenya road deaths variant 667,2026-02-04,
People Daily,Ebola local defences variant 668,2025-10-20,
The Standard,Police goons crackdown variant 669,2025-08-14,
People Daily,Teachers reject salary increment variant 670,2025-03-27,
Kenyans.co.ke,Gachagua tourism boycott uproar variant 671,2026-05-14,
The Star,Sakaja budget crisis variant 672,2025-03-21,
Citizen Digital,Teen mothers education variant 673,2025-09-30,
Kenyans.co.ke,"Dead man, Sh800,000 theft and drink spiking gang on the run variant 674",2025-06-24,
Kenyans.co.ke,Ruto new appointments variant 675,2025-08-09,
Kenyans.co.ke,Teachers reject salary increment variant 676,2025-03-22,
The Star,Teachers reject salary increment variant 677,2025-01-20,
People Daily,Ruto new appointments variant 678,2025-10-01,
The Star,Ol Kalou by-election reactions variant 679,2025-04-14,
Kenyans.co.ke,Revealed: Albert Ojwang last moments variant 680,2026-01-15,
The Star,Ojwang trial updates variant 681,2025-02-25,
Daily Nation,"Dead man, Sh800,000 theft and drink spiking gang on the run variant 682",2025-01-24,
People Daily,Ojwang trial updates variant 683,2025-06-03,
Daily Nation,Raila mausoleum variant 684,2026-05-30,
Kenyans.co.ke,Maize subsidies variant 685,2026-06-10,
The Standard,Sifuna Western tour variant 686,2026-04-16,
Daily Nation,Sakaja budget crisis variant 687,2026-06-27,
The Standard,Sifuna Western tour variant 688,2025-10-03,
Kenyans.co.ke,Sifuna Western tour variant 689,2025-04-02,
People Daily,LSK names judges facing boycott variant 690,2025-11-28,
Daily Nation,LSK names judges facing boycott variant 691,2026-03-18,
Daily Nation,Revealed: Albert Ojwang last moments variant 692,2025-12-24,
Citizen Digital,Revealed: Albert Ojwang last moments variant 693,2026-01-14,
Kenyans.co.ke,Teachers reject salary increment variant 694,2026-04-23,
Kenyans.co.ke,Maize subsidies variant 695,2025-05-01,
The Standard,Teachers reject salary increment variant 696,2025-04-23,
The Star,AI Kenyan jobs impact variant 697,2025-02-04,
The Star,Ruto U-turn on university funding variant 698,2025-05-24,
The Star,"Dead man, Sh800,000 theft and drink spiking gang on the run variant 699",2026-01-17,
Citizen Digital,Raila mausoleum variant 700,2025-12-29,
Daily Nation,LSK names judges facing boycott variant 701,2025-03-15,
People Daily,Gachagua tourism boycott uproar variant 702,2025-08-23,
Daily Nation,"Dead man, Sh800,000 theft and drink spiking gang on the run variant 703",2026-03-04,
The Standard,Revealed: Albert Ojwang last moments variant 704,2026-05-27,
Daily Nation,Kenya road deaths variant 705,2025-01-26,
Kenyans.co.ke,County budgets variant 706,2025-10-22,
The Standard,Sifuna Western tour variant 707,2025-06-16,
Daily Nation,Police goons crackdown variant 708,2026-06-18,
Citizen Digital,Ol Kalou by-election reactions variant 709,2025-03-19,
People Daily,Ruto new appointments variant 710,2026-08-16,
Citizen Digital,"Dead man, Sh800,000 theft and drink spiking gang on the run variant 711",2025-10-15,
Citizen Digital,Sakaja budget crisis variant 712,2026-03-17,
The Standard,"Dead man, Sh800,000 theft and drink spiking gang on the run variant 713",2025-10-09,
Kenyans.co.ke,Sakaja budget crisis variant 714,2025-11-02,
The Standard,Raila mausoleum variant 715,2026-05-14,
The Star,Ruto U-turn on university funding variant 716,2026-05-23,
Daily Nation,Teen mothers education variant 717,2026-05-08,
Citizen Digital,LSK names judges facing boycott variant 718,2025-08-26,
The Star,Sifuna Western tour variant 719,2026-08-04,
People Daily,LSK names judges facing boycott variant 720,2025-10-03,
Kenyans.co.ke,County budgets variant 721,2026-05-01,
The Standard,"Dead man, Sh800,000 theft and drink spiking gang on the run variant 722",2026-05-21,
Citizen Digital,County budgets variant 723,2026-03-23,
Citizen Digital,Teachers reject salary increment variant 724,2025-07-19,
The Star,Goons take over evictions variant 725,2025-01-04,
Citizen Digital,Ebola local defences variant 726,2025-10-27,
People Daily,Teachers reject salary increment variant 727,2026-04-27,
Citizen Digital,Goons take over evictions variant 728,2025-02-13,
The Star,Maize subsidies variant 729,2026-03-08,
Daily Nation,LSK names judges facing boycott variant 730,2025-06-15,
Kenyans.co.ke,County budgets variant 731,2026-06-24,
Kenyans.co.ke,Ruto U-turn on university funding variant 732,2025-08-26,
Kenyans.co.ke,Police goons crackdown variant 733,2025-11-15,
Kenyans.co.ke,Kenya road deaths variant 734,2026-08-06,
Daily Nation,Ol Kalou by-election reactions variant 735,2026-01-17,
Citizen Digital,Ol Kalou by-election reactions variant 736,2025-04-28,
The Star,Gachagua tourism boycott uproar variant 737,2025-01-22,
The Star,Ol Kalou by-election reactions variant 738,2026-05-12,
Daily Nation,Maize subsidies variant 739,2026-08-03,
The Standard,Ruto U-turn on university funding variant 740,2025-06-05,
People Daily,Goons take over evictions variant 741,2026-06-08,
Citizen Digital,Goons take over evictions variant 742,2026-03-30,
People Daily,Revealed: Albert Ojwang last moments variant 743,2026-02-05,
Citizen Digital,Teen mothers education variant 744,2025-08-10,
Kenyans.co.ke,Revealed: Albert Ojwang last moments variant 745,2025-05-30,
People Daily,Gachagua tourism boycott uproar variant 746,2026-04-25,
People Daily,Sifuna Western tour variant 747,2026-01-30,
The Star,Ruto new appointments variant 748,2025-05-26,
The Standard,Teachers reject salary increment variant 749,2025-02-24,
Citizen Digital,Kenya road deaths variant 750,2025-08-02,
Daily Nation,"Dead man, Sh800,000 theft and drink spiking gang on the run variant 751",2026-03-18,
People Daily,Ojwang trial updates variant 752,2026-07-26,
Kenyans.co.ke,Ol Kalou by-election reactions variant 753,2026-05-17,
Daily Nation,Raila mausoleum variant 754,2026-02-18,
Kenyans.co.ke,LSK names judges facing boycott variant 755,2026-06-22,
Daily Nation,County budgets variant 756,2025-08-03,
The Star,Maize subsidies variant 757,2025-11-03,
The Star,Police goons crackdown variant 758,2026-02-14,
The Standard,Teachers reject salary increment variant 759,2025-06-17,
The Standard,County budgets variant 760,2025-01-09,
Citizen Digital,Goons take over evictions variant 761,2025-07-20,
Citizen Digital,Raila mausoleum variant 762,2025-04-03,
Citizen Digital,Teachers reject salary increment variant 763,2025-09-11,
The Standard,Ojwang trial updates variant 764,2025-03-21,
Daily Nation,Police goons crackdown variant 765,2026-02-07,
People Daily,Revealed: Albert Ojwang last moments variant 766,2025-07-17,
People Daily,Sakaja budget crisis variant 767,2026-04-22,
The Star,Kenya road deaths variant 768,2025-01-12,
Daily Nation,Gachagua tourism boycott uproar variant 769,2025-12-19,
Kenyans.co.ke,Ruto U-turn on university funding variant 770,2025-04-28,
The Standard,Police goons crackdown variant 771,2026-04-08,
The Star,Kenya road deaths variant 772,2026-02-08,
The Standard,County budgets variant 773,2025-12-11,
Kenyans.co.ke,Ruto U-turn on university funding variant 774,2026-07-27,
Kenyans.co.ke,Teen mothers education variant 775,2025-11-13,
People Daily,Teen mothers education variant 776,2025-01-17,
The Star,Ruto new appointments variant 777,2026-07-22,
Citizen Digital,Police goons crackdown variant 778,2025-03-24,
The Standard,Ojwang trial updates variant 779,2026-05-29,
Kenyans.co.ke,Gachagua tourism boycott uproar variant 780,2026-02-04,
People Daily,Police goons crackdown variant 781,2025-06-23,
The Star,Teen mothers education variant 782,2025-07-30,
Kenyans.co.ke,Maize subsidies variant 783,2025-03-27,
Kenyans.co.ke,Kenya road deaths variant 784,2026-03-28,
Daily Nation,Ruto U-turn on university funding variant 785,2025-12-04,
Daily Nation,Sakaja budget crisis variant 786,2025-09-24,
Daily Nation,Ebola local defences variant 787,2025-02-16,
People Daily,Sifuna Western tour variant 788,2025-05-02,
Daily Nation,"Dead man, Sh800,000 theft and drink spiking gang on the run variant 789",2025-11-24,
Daily Nation,Revealed: Albert Ojwang last moments variant 790,2026-08-05,
The Standard,Ruto new appointments variant 791,2025-01-15,
The Star,Maize subsidies variant 792,2026-01-05,
The Star,Sifuna Western tour variant 793,2025-08-31,
People Daily,Teen mothers education variant 794,2026-06-28,
The Star,County budgets variant 795,2025-08-13,
Daily Nation,Ebola local defences variant 796,2025-10-27,
The Standard,AI Kenyan jobs impact variant 797,2025-05-19,
Citizen Digital,LSK names judges facing boycott variant 798,2025-12-27,
Daily Nation,Teachers reject salary increment variant 799,2026-01-12,
People Daily,Kenya road deaths variant 800,2026-07-03,
People Daily,Raila mausoleum variant 801,2025-01-25,
The Standard,Police goons crackdown variant 802,2025-07-03,
Daily Nation,Teachers reject salary increment variant 803,2025-12-07,
The Star,Teachers reject salary increment variant 804,2026-06-16,
The Standard,Revealed: Albert Ojwang last moments variant 805,2026-03-14,
The Star,Ebola local defences variant 806,2025-07-03,
The Star,Ojwang trial updates variant 807,2026-02-14,
Kenyans.co.ke,AI Kenyan jobs impact variant 808,2026-02-17,
The Standard,Ruto new appointments variant 809,2025-01-27,
The Star,Teen mothers education variant 810,2026-04-18,
The Standard,Teachers reject salary increment variant 811,2025-09-05,
Kenyans.co.ke,County budgets variant 812,2025-09-14,
The Standard,Ruto new appointments variant 813,2025-12-14,
Kenyans.co.ke,Ojwang trial updates variant 814,2026-03-17,
Daily Nation,Goons take over evictions variant 815,2025-06-12,
Daily Nation,Gachagua tourism boycott uproar variant 816,2025-05-13,
The Standard,Raila mausoleum variant 817,2025-09-07,
Kenyans.co.ke,Ojwang trial updates variant 818,2026-02-20,
The Standard,Maize subsidies variant 819,2026-05-29,
The Star,Police goons crackdown variant 820,2026-01-23,
Daily Nation,Ol Kalou by-election reactions variant 821,2025-09-06,
Daily Nation,Sakaja budget crisis variant 822,2025-10-24,
Daily Nation,Gachagua tourism boycott uproar variant 823,2025-06-30,
Citizen Digital,Raila mausoleum variant 824,2026-08-19,
The Standard,County budgets variant 825,2025-12-23,
Daily Nation,Kenya road deaths variant 826,2025-09-13,
Citizen Digital,Maize subsidies variant 827,2025-03-30,
Citizen Digital,Police goons crackdown variant 828,2025-01-03,
The Star,Goons take over evictions variant 829,2025-09-30,
The Star,Gachagua tourism boycott uproar variant 830,2026-01-24,
People Daily,AI Kenyan jobs impact variant 831,2025-05-04,
The Standard,Teachers reject salary increment variant 832,2026-04-02,
Daily Nation,Ol Kalou by-election reactions variant 833,2026-04-12,
The Standard,Ruto new appointments variant 834,2025-01-15,
The Standard,Sakaja budget crisis variant 835,2025-05-26,
The Standard,Ojwang trial updates variant 836,2025-07-23,
Citizen Digital,Teen mothers education variant 837,2025-05-30,
Kenyans.co.ke,LSK names judges facing boycott variant 838,2025-02-23,
People Daily,AI Kenyan jobs impact variant 839,2026-06-28,
People Daily,Kenya road deaths variant 840,2025-01-28,
The Standard,Revealed: Albert Ojwang last moments variant 841,2025-01-01,
Daily Nation,Ruto new appointments variant 842,2025-02-26,
People Daily,Teen mothers education variant 843,2025-08-20,
The Standard,Gachagua tourism boycott uproar variant 844,2026-02-23,
The Star,Sakaja budget crisis variant 845,2025-12-14,
Citizen Digital,"Dead man, Sh800,000 theft and drink spiking gang on the run variant 846",2025-02-07,
People Daily,Raila mausoleum variant 847,2026-07-25,
People Daily,Raila mausoleum variant 848,2026-07-02,
Daily Nation,Teachers reject salary increment variant 849,2026-01-30,
The Standard,Teen mothers education variant 850,2025-12-31,
The Standard,Ebola local defences variant 851,2026-05-31,
The Standard,Ol Kalou by-election reactions variant 852,2026-08-02,
Daily Nation,Ebola local defences variant 853,2026-01-17,
Kenyans.co.ke,Sakaja budget crisis variant 854,2026-08-01,
Kenyans.co.ke,Police goons crackdown variant 855,2025-06-02,
Kenyans.co.ke,Sifuna Western tour variant 856,2026-06-06,
Kenyans.co.ke,Goons take over evictions variant 857,2026-07-15,
Kenyans.co.ke,Revealed: Albert Ojwang last moments variant 858,2025-11-28,
Citizen Digital,Goons take over evictions variant 859,2026-01-12,
The Star,"Dead man, Sh800,000 theft and drink spiking gang on the run variant 860",2025-01-03,
Kenyans.co.ke,Teen mothers education variant 861,2025-03-22,
Daily Nation,Ruto U-turn on university funding variant 862,2026-08-20,
Citizen Digital,Ruto new appointments variant 863,2026-01-23,
Citizen Digital,Raila mausoleum variant 864,2025-04-02,
The Star,Raila mausoleum variant 865,2025-12-27,
Kenyans.co.ke,Goons take over evictions variant 866,2025-11-29,
Kenyans.co.ke,Teen mothers education variant 867,2025-01-09,
Daily Nation,Kenya road deaths variant 868,2026-03-27,
Daily Nation,AI Kenyan jobs impact variant 869,2025-03-21,
The Star,Ruto new appointments variant 870,2025-02-25,
Kenyans.co.ke,Ebola local defences variant 871,2026-06-27,
People Daily,Revealed: Albert Ojwang last moments variant 872,2026-03-30,
Citizen Digital,Sifuna Western tour variant 873,2025-11-18,
Daily Nation,Ol Kalou by-election reactions variant 874,2025-12-09,
The Standard,Raila mausoleum variant 875,2025-05-04,
Daily Nation,LSK names judges facing boycott variant 876,2026-06-12,
Kenyans.co.ke,Ruto U-turn on university funding variant 877,2025-07-03,
Citizen Digital,Police goons crackdown variant 878,2025-11-22,
People Daily,Ol Kalou by-election reactions variant 879,2025-07-11,
The Standard,AI Kenyan jobs impact variant 880,2025-03-25,
The Star,County budgets variant 881,2026-04-18,
Citizen Digital,Raila mausoleum variant 882,2026-01-25,
Kenyans.co.ke,Teachers reject salary increment variant 883,2025-08-06,
People Daily,Police goons crackdown variant 884,2026-04-01,
People Daily,Ojwang trial updates variant 885,2026-01-26,
People Daily,Ol Kalou by-election reactions variant 886,2026-04-18,
Citizen Digital,Kenya road deaths variant 887,2025-04-12,
Citizen Digital,County budgets variant 888,2025-10-30,
The Star,Raila mausoleum variant 889,2025-05-20,
The Standard,Teachers reject salary increment variant 890,2025-04-23,
Kenyans.co.ke,LSK names judges facing boycott variant 891,2025-09-10,
People Daily,Revealed: Albert Ojwang last moments variant 892,2026-01-19,
The Standard,Police goons crackdown variant 893,2025-07-01,
People Daily,Ruto U-turn on university funding variant 894,2025-01-08,
People Daily,Sakaja budget crisis variant 895,2025-07-02,
The Standard,County budgets variant 896,2026-08-02,
People Daily,County budgets variant 897,2026-08-13,
The Standard,Ruto new appointments variant 898,2025-08-24,
The Star,Sakaja budget crisis variant 899,2025-09-18,
Daily Nation,Raila mausoleum variant 900,2025-09-24,
People Daily,Teen mothers education variant 901,2025-06-17,
The Standard,AI Kenyan jobs impact variant 902,2025-10-06,
Daily Nation,Police goons crackdown variant 903,2026-04-15,
Kenyans.co.ke,Teen mothers education variant 904,2026-01-22,
Daily Nation,Maize subsidies variant 905,2026-02-11,
People Daily,Ruto U-turn on university funding variant 906,2025-05-20,
The Star,Ebola local defences variant 907,2026-05-09,
The Star,LSK names judges facing boycott variant 908,2025-01-17,
Kenyans.co.ke,Raila mausoleum variant 909,2026-04-04,
The Star,Ol Kalou by-election reactions variant 910,2026-01-13,
The Standard,Revealed: Albert Ojwang last moments variant 911,2026-02-27,
People Daily,Ojwang trial updates variant 912,2026-04-09,
Citizen Digital,Gachagua tourism boycott uproar variant 913,2025-12-11,
People Daily,Ruto new appointments variant 914,2025-06-13,
The Standard,"Dead man, Sh800,000 theft and drink spiking gang on the run variant 915",2025-01-26,
Kenyans.co.ke,Police goons crackdown variant 916,2026-07-24,
The Star,Ruto new appointments variant 917,2025-02-12,
Citizen Digital,Goons take over evictions variant 918,2026-01-04,
People Daily,Ruto new appointments variant 919,2026-08-05,
The Star,AI Kenyan jobs impact variant 920,2026-03-24,
The Standard,Ebola local defences variant 921,2026-02-28,
Daily Nation,Police goons crackdown variant 922,2025-10-03,
People Daily,Police goons crackdown variant 923,2025-12-27,
People Daily,Ruto U-turn on university funding variant 924,2025-12-12,
The Standard,Ebola local defences variant 925,2026-04-08,
Citizen Digital,Ruto U-turn on university funding variant 926,2026-01-02,
People Daily,LSK names judges facing boycott variant 927,2025-12-18,
Citizen Digital,Teachers reject salary increment variant 928,2026-04-20,
The Star,Ol Kalou by-election reactions variant 929,2025-09-09,
The Standard,Raila mausoleum variant 930,2025-11-21,
The Standard,Teachers reject salary increment variant 931,2025-09-10,
Citizen Digital,Raila mausoleum variant 932,2025-10-03,
Citizen Digital,Teachers reject salary increment variant 933,2025-03-09,
The Standard,AI Kenyan jobs impact variant 934,2025-09-13,
The Star,Revealed: Albert Ojwang last moments variant 935,2025-07-07,
People Daily,Gachagua tourism boycott uproar variant 936,2025-10-28,
The Star,Ruto new appointments variant 937,2026-08-03,
Daily Nation,Raila mausoleum variant 938,2025-04-22,
Daily Nation,County budgets variant 939,2025-11-03,
People Daily,Ruto U-turn on university funding variant 940,2026-04-24,
Kenyans.co.ke,"Dead man, Sh800,000 theft and drink spiking gang on the run variant 941",2025-02-01,
Daily Nation,Raila mausoleum variant 942,2025-09-28,
Citizen Digital,County budgets variant 943,2025-11-18,
Citizen Digital,LSK names judges facing boycott variant 944,2026-05-03,
The Star,Gachagua tourism boycott uproar variant 945,2026-02-04,
Citizen Digital,Ebola local defences variant 946,2025-04-02,
The Star,Raila mausoleum variant 947,2025-02-03,
The Standard,Revealed: Albert Ojwang last moments variant 948,2025-07-29,
The Standard,AI Kenyan jobs impact variant 949,2026-02-08,
The Standard,Teachers reject salary increment variant 950,2026-03-18,
The Star,Maize subsidies variant 951,2025-05-17,
The Standard,Goons take over evictions variant 952,2025-07-29,
The Standard,County budgets variant 953,2025-03-16,
Daily Nation,Goons take over evictions variant 954,2025-10-27,
Citizen Digital,Police goons crackdown variant 955,2026-02-16,
The Standard,Revealed: Albert Ojwang last moments variant 956,2025-09-13,
Daily Nation,Ruto U-turn on university funding variant 957,2025-05-13,
People Daily,Teen mothers education variant 958,2025-04-24,
The Star,Maize subsidies variant 959,2025-09-06,
Kenyans.co.ke,Raila mausoleum variant 960,2026-08-21,
People Daily,Kenya road deaths variant 961,2025-10-07,
The Star,Ojwang trial updates variant 962,2025-04-03,
Citizen Digital,Raila mausoleum variant 963,2025-03-30,
Daily Nation,Maize subsidies variant 964,2025-08-11,
Daily Nation,"Dead man, Sh800,000 theft and drink spiking gang on the run variant 965",2025-01-24,
Kenyans.co.ke,Kenya road deaths variant 966,2026-04-14,
Citizen Digital,Maize subsidies variant 967,2026-05-19,
Daily Nation,Sakaja budget crisis variant 968,2026-04-26,
The Standard,Raila mausoleum variant 969,2025-05-10,
Daily Nation,Gachagua tourism boycott uproar variant 970,2026-07-31,
People Daily,Revealed: Albert Ojwang last moments variant 971,2025-06-10,
Kenyans.co.ke,Ojwang trial updates variant 972,2025-09-01,
The Standard,Maize subsidies variant 973,2025-03-02,
The Standard,AI Kenyan jobs impact variant 974,2025-02-08,
The Standard,Ojwang trial updates variant 975,2026-08-04,
Daily Nation,Police goons crackdown variant 976,2025-05-24,
Citizen Digital,Ebola local defences variant 977,2025-07-11,
The Standard,Maize subsidies variant 978,2026-03-20,
Kenyans.co.ke,"Dead man, Sh800,000 theft and drink spiking gang on the run variant 979",2026-06-28,
Daily Nation,Ol Kalou by-election reactions variant 980,2025-12-30,
The Standard,Kenya road deaths variant 981,2026-07-01,
The Standard,Ruto U-turn on university funding variant 982,2025-10-24,
Kenyans.co.ke,Revealed: Albert Ojwang last moments variant 983,2025-08-25,
The Star,LSK names judges facing boycott variant 984,2026-08-05,
The Star,Revealed: Albert Ojwang last moments variant 985,2025-04-17,
The Standard,Ebola local defences variant 986,2025-09-01,
Kenyans.co.ke,Ruto U-turn on university funding variant 987,2025-08-04,
Daily Nation,Ruto new appointments variant 988,2026-07-04,
The Star,Ol Kalou by-election reactions variant 989,2025-09-22,
The Standard,Raila mausoleum variant 990,2025-01-22,
Daily Nation,Teachers reject salary increment variant 991,2026-07-28,
The Star,County budgets variant 992,2025-07-24,
Citizen Digital,Police goons crackdown variant 993,2025-10-19,
People Daily,Kenya road deaths variant 994,2025-09-25,
People Daily,Ol Kalou by-election reactions variant 995,2026-08-19,
Kenyans.co.ke,Sifuna Western tour variant 996,2025-09-22,
Daily Nation,Ojwang trial updates variant 997,2026-04-25,
The Standard,Police goons crackdown variant 998,2026-08-19,
The Star,Maize subsidies variant 999,2025-08-20,
Citizen Digital,Gachagua tourism boycott uproar variant 1000,2026-05-08,
World News API,Daughter accuses father of marrying her off at 17 for a bottle of beer,2026-07-21 17:15:00,
World News API,Violet Chanya avishwa taji la Mwanamke Bomba,2026-07-19 00:00:00,
World News API,Hesbon Owilla: The real goons are politicians who have created & benefitted from this system,2026-07-19 00:00:00,
World News API,Wanariadha wa Kenya Wanaoshiriki Kwa Mara ya Kwanza Walenga Kutwaa Medali Glasgow,2026-07-19 00:00:00,
World News API,Meshack Babu Alenga Dhahabu Katika Debut Yake ya Commonwealth Games Jijini Glasgow,2026-07-19 00:00:00,
World News API,Ogolla: Amri ya Rais haitataua maneno ya goons. Kenya ni Uchumi la genge; usipokuwa goon hautakula,2026-07-19 00:00:00,
World News API,Mombasa: Washukiwa wa ulanguzi wa mihadarati wakamatwa wakitaka kuondoka nchini kuelekea Dubai,2026-07-19 00:00:00,
World News API,Bushiri Queens Yatinga Fainali za Chapa Dimba Kakamega Baada ya Ushindi Dhidi ya Mwira,2026-07-19 00:00:00,
World News API,Kizaa nje ya kiwanda cha Keroche baada ya madalali kufungiwa nje,2026-07-19 00:00:00,
World News API,"CITIZEN NIPASHE ~ JULY 21, 2026",2026-07-19 00:00:00,
