source,headline,published,link,model_label,model_score,clean_headline,sentiment,confidence,label_source
Al Jazeera,Which matches and tournaments can football fans watch after the World Cup?,2026-07-24 23:25:15,https://www.aljazeera.com/sports/2026/7/24/what-do-football-fans-have-in-store-to-beat-post-world-cup-blues,neutral,0.9126615524291992,match tournament football fan watch world cup,positive,0.7065127127533701,auto_bootstrap_lr
Business Daily,"AI giants face new minimum pay, mental healthcare rule in Kenya","Fri, 24 Jul 2026 11:17:05 GMT",https://www.businessdailyafrica.com/bd/corporate/technology/ai-giants-face-new-minimum-pay-mental-healthcare-rule-in-kenya-5536272,neutral,0.7711672186851501,ai giant face new minimum pay mental healthcare rule kenya,positive,0.5884930688902208,auto_bootstrap_lr
Business Daily,Funders push for social impact beyond profits,"Thu, 23 Jul 2026 15:46:07 GMT",https://www.businessdailyafrica.com/bd/markets/funders-push-for-social-impact-beyond-profits-5535668,neutral,0.5984237790107727,funders push social impact beyond profit,positive,0.6390906119993673,auto_bootstrap_lr
Business Daily,Inside Kenya's high-stakes bid to become Africa's AI investment epicentre,"Thu, 23 Jul 2026 14:56:09 GMT",https://www.businessdailyafrica.com/bd/corporate/boss-talk/inside-kenya-s-bid-to-become-africa-s-ai-investment-epicentre-5535584,neutral,0.7530158162117004,inside kenya high stake bid become africa ai investment epicentre,positive,0.5662252924204116,auto_bootstrap_lr
Business Daily,Toned back for women: The newest obsession and how to get it,"Fri, 24 Jul 2026 19:16:06 GMT",https://www.businessdailyafrica.com/bd/lifestyle/health-fitness/toned-back-for-women-the-newest-obsession-5536800,neutral,0.8612604737281799,toned back woman newest obsession get,positive,0.5377685254391092,auto_bootstrap_lr
Business Daily,Why Diani and Watamu are luring land buyers,"Tue, 21 Jul 2026 15:04:17 GMT",https://www.businessdailyafrica.com/bd/markets/real-estate/why-diani-and-watamu-are-luring-land-buyers-5533596,neutral,0.5751079320907593,diani watamu luring land buyer,negative,0.5243532627979219,auto_bootstrap_lr
Capital FM,Artcaffé Eyes New Markets on Demand for Curated Dining,"Sat, 25 Jul 2026 07:43:14 +0000",https://capitalfm.africa/artcaffe-eyes-new-markets-on-demand-for-curated-dining/,neutral,0.91643488407135,artcaff eye new market demand curated dining,positive,0.6155009298950882,auto_bootstrap_lr
Capital FM,Food Science expert urges Africa to dismantle innovation regulatory barriers to unlock bioeconomy potential,"Sat, 25 Jul 2026 08:25:08 +0000",https://capitalfm.africa/food-science-expert-urges-africa-to-dismantle-innovation-regulatory-barriers-to-unlock-bioeconomy-potential/,neutral,0.5031316876411438,food science expert urge africa dismantle innovation regulatory barrier unlock bioeconomy potential,positive,0.5079282567370478,auto_bootstrap_lr
Citizen Digital,Hamilton tops times ahead of Leclerc in Ferrari 1-2 in Hungary,2026-07-24 20:52:00,https://citizen.digital/article/hamilton-tops-times-ahead-of-leclerc-in-ferrari-1-2-in-hungary-n387079,neutral,0.6681649684906006,hamilton top time ahead leclerc ferrari hungary,positive,0.6546950390194568,auto_bootstrap_lr
Citizen Digital,ICC member states decide fate of embattled prosecutor Karim Khan,2026-07-24 22:11:00,https://citizen.digital/article/icc-member-states-decide-fate-of-embattled-prosecutor-karim-khan-n387071,neutral,0.8789049386978149,icc member state decide fate embattled prosecutor karim khan,negative,0.7035401204572015,auto_bootstrap_lr
Citizen Digital,Mama Ibado Charity opens elderly care centre to support vulnerable seniors in Isiolo,2026-07-24 22:19:00,https://citizen.digital/article/mama-ibado-charity-opens-elderly-care-centre-to-support-vulnerable-seniors-in-isiolo-n387101,neutral,0.7223666906356812,mama ibado charity open elderly care centre support vulnerable senior isiolo,positive,0.5228092237104639,auto_bootstrap_lr
Citizen Digital,US nuclear deal with Saudi Arabia sparks proliferation concerns,2026-07-24 21:15:00,https://citizen.digital/article/us-nuclear-deal-with-saudi-arabia-sparks-proliferation-concerns-n387072,neutral,0.5373201370239258,u nuclear deal saudi arabia spark proliferation concern,negative,0.5568025219806334,auto_bootstrap_lr
Cp24,Commonwealth Games: Canada begins defence of women's wheelchair basketball crown,2026-07-24 20:16:28,https://www.cp24.com/news/sports/2026/07/24/commonwealth-games-canada-begins-defence-of-womens-wheelchair-basketball-crown/,neutral,0.7871916890144348,commonwealth game canada begin defence woman wheelchair basketball crown,positive,0.6903941426084818,auto_bootstrap_lr
Dispatch Argus,Cloud cover and 69 degrees expected for Bix 7 start time Saturday,2026-07-24 22:30:00,https://qconline.com/news/local/weather/article_f6b37b56-42d5-5c42-b1a8-b94cabbe1bd4.html,neutral,0.8848299384117126,cloud cover degree expected bix start time saturday,positive,0.5707466661496301,auto_bootstrap_lr
Financialcontent,Kamran Pitafi Appointed as Judge for 2026 Global Recognition Awards,2026-07-24 22:35:22,https://www.financialcontent.com/article/marketersmedia-2026-7-24-kamran-pitafi-appointed-as-judge-for-2026-global-recognition-awards,neutral,0.8476870656013489,kamran pitafi appointed judge global recognition award,positive,0.7279855012040503,auto_bootstrap_lr
Financialcontent,iFortify: The Sub-Saharan African Cybersecurity Firm Quietly Defending the Continent’s Financial and Digital Infrastructure,2026-07-24 21:40:01,https://www.financialcontent.com/article/getnews-2026-7-24-ifortify-the-sub-saharan-african-cybersecurity-firm-quietly-defending-the-continents-financial-and-digital-infrastructure,neutral,0.5383915305137634,ifortify sub saharan african cybersecurity firm quietly defending continent financial digital infrastructure,positive,0.5179650088211334,auto_bootstrap_lr
Ghafla,Co-op Bank hosts Virtual Seminar promoting Smart Farming and Agriculture,2026-07-24 21:20:08,https://www.ghafla.co.ke/co-op-bank-hosts-virtual-seminar-promoting-smart-farming-and-agriculture/,neutral,0.5705797672271729,co op bank host virtual seminar promoting smart farming agriculture,positive,0.5587992254898781,auto_bootstrap_lr
Jamaica Observer,Jamaica delivers at US pool checkers championship,2026-07-24 23:39:12,https://www.jamaicaobserver.com/2026/07/24/jamaica-delivers-us-pool-checkers-championship/,neutral,0.7027084231376648,jamaica delivers u pool checker championship,positive,0.515719363024797,auto_bootstrap_lr
KBC,Ahmadiyya Muslims convene in UK for annual global spiritual gathering,"Sat, 25 Jul 2026 04:17:14 +0000",https://www.kbc.co.ke/ahmadiyya-muslims-convene-in-uk-for-annual-global-spiritual-gathering/,neutral,0.8837928175926208,ahmadiyya muslim convene uk annual global spiritual gathering,positive,0.6350736286801026,auto_bootstrap_lr
KBC,Govt vows sustained security operation in Kerio Valley until banditry is eradicated,"Sat, 25 Jul 2026 09:05:32 +0000",https://www.kbc.co.ke/govt-vows-sustained-security-operation-in-kerio-valley-until-banditry-is-eradicated/,neutral,0.8143338561058044,govt vow sustained security operation kerio valley banditry eradicated,negative,0.5126222089362519,auto_bootstrap_lr
KBC,PSV saccos urged to embrace financial literacy for growth,"Fri, 24 Jul 2026 14:18:59 +0000",https://www.kbc.co.ke/psv-saccos-urged-to-embrace-financial-literacy-for-growth/,neutral,0.513943076133728,psv sacco urged embrace financial literacy growth,positive,0.5274507187375497,auto_bootstrap_lr
Kahawa Tungu,Dubai launches Kenya Business Council to boost trade and investment ties,"Sat, 25 Jul 2026 08:32:16 +0000",https://kahawatungu.com/dubai-launches-kenya-business-council-to-boost-trade-and-investment-ties/,neutral,0.5282771587371826,dubai launch kenya business council boost trade investment tie,positive,0.6630036344731847,auto_bootstrap_lr
Kahawa Tungu,How to Calculate Return on Earnings,"Sat, 25 Jul 2026 08:50:09 +0000",https://kahawatungu.com/how-to-calculate-return-on-earnings/,neutral,0.8694359064102173,calculate return earnings,positive,0.5622375254618559,auto_bootstrap_lr
Kahawa Tungu,How to Calculate Salary Increase Percentage in South Africa,"Sat, 25 Jul 2026 08:52:26 +0000",https://kahawatungu.com/how-to-calculate-salary-increase-percentage-in-south-africa/,neutral,0.8728699088096619,calculate salary increase percentage south africa,negative,0.6078252747986601,auto_bootstrap_lr
Kahawa Tungu,"Over 17,000 passengers pass through Mombasa airport in 10 days as tourism picks up","Sat, 25 Jul 2026 08:20:48 +0000",https://kahawatungu.com/over-17000-passengers-pass-through-mombasa-airport-in-10-days-as-tourism-picks-up/,neutral,0.6097820997238159,passenger pas mombasa airport day tourism pick,positive,0.530637720437356,auto_bootstrap_lr
Kenya News Agency,Stakeholders push to revitalize Kenya’s Coffee Sector,"Sat, 25 Jul 2026 07:19:35 +0000",https://www.kenyanews.go.ke/stakeholders-push-to-revitalize-kenyas-coffee-sector/,neutral,0.5200673341751099,stakeholder push revitalize kenya coffee sector,positive,0.5590169143637332,auto_bootstrap_lr
Kenya News Agency,State to strengthen food safety following pesticide residue report,"Sat, 25 Jul 2026 07:25:05 +0000",https://www.kenyanews.go.ke/state-to-strengthen-food-safety-following-pesticide-residue-report/,neutral,0.829832911491394,state strengthen food safety following pesticide residue report,negative,0.5119595699837307,auto_bootstrap_lr
Medicine Hat News,"Commonwealth Games: Jibb, Gill earn Canada’s first medals in Para swimming",2026-07-24 20:34:32,https://medicinehatnews.com/sports/national-sports/2026/07/24/commonwealth-games-jibb-gill-earn-canadas-first-medals-in-para-swimming/,neutral,0.6244986653327942,commonwealth game jibb gill earn canada first medal para swimming,positive,0.782515060431965,auto_bootstrap_lr
Nairobi Wire,Borrowers Set for Major Relief Under Kenya’s New Microfinance Bill,"Thu, 23 Jul 2026 03:46:19 +0000",https://nairobiwire.com/2026/07/microfinance-bill-2026-kenya-cbk-borrower-protection.html,neutral,0.6661229729652405,borrower set major relief kenya new microfinance bill,positive,0.7156206732353534,auto_bootstrap_lr
Nairobi Wire,Chaiiwali Robbery: DCI Arrest 3 Suspects in Dramatic Githurai Operation,"Wed, 22 Jul 2026 03:45:06 +0000",https://nairobiwire.com/2026/07/dci-arrest-armed-robbery-suspects-githurai-chaiiwali-restaurant.html,neutral,0.6376123428344727,chaiiwali robbery dci arrest suspect dramatic githurai operation,negative,0.7637066381124162,auto_bootstrap_lr
Nairobi Wire,Electric Vehicle Drivers Could Get Special Number Plates With New Benefits,"Thu, 23 Jul 2026 03:42:48 +0000",https://nairobiwire.com/2026/07/kenya-electric-vehicle-number-plates-special-benefits.html,neutral,0.663149356842041,electric vehicle driver could get special number plate new benefit,positive,0.536392877621128,auto_bootstrap_lr
Nairobi Wire,Ruto Offers State Certification and Sh80 Million Boost to Artisans,"Fri, 24 Jul 2026 03:46:01 +0000",https://nairobiwire.com/2026/07/ruto-artisan-certification-sh80-million-equipment-fund.html,neutral,0.7267950773239136,ruto offer state certification sh million boost artisan,positive,0.5493835960141711,auto_bootstrap_lr
Nairobi Wire,"Sony, Universal, Warner Move to Nairobi Set to Boost Kenyan Artists and Producers","Wed, 22 Jul 2026 03:44:35 +0000",https://nairobiwire.com/2026/07/sony-universal-warner-music-nairobi-ruto-announcement.html,neutral,0.6423385739326477,sony universal warner move nairobi set boost kenyan artist producer,positive,0.7224196768361607,auto_bootstrap_lr
Newstalkzb,Avocados: Asian demand and new trade deals reshaping New Zealand’s exports,2026-07-24 20:41:11,https://www.newstalkzb.co.nz/news/national/avocados-asian-demand-and-new-trade-deals-reshaping-new-zealand-s-exports/,neutral,0.655344545841217,avocado asian demand new trade deal reshaping new zealand export,positive,0.6688572389360583,auto_bootstrap_lr
Players,Commonwealth Games viewing guide: Canadians to watch this weekend,2026-07-24 23:21:08,https://players.bio/news/commonwealth-games-viewing-guide-canadians-2/892799,neutral,0.9082828760147096,commonwealth game viewing guide canadian watch weekend,positive,0.683480293410686,auto_bootstrap_lr
Shotoe Nigeria,How China Benefits from Zimbabwe's Lithium Laws,2026-07-25 00:00:00,https://ng.shotoe.com/lithium-st_466306/news/how-china-benefits-from-zimbabwes-lithium-laws-sn_4386726/,neutral,0.8456435203552246,china benefit zimbabwe lithium law,positive,0.5178905259380033,auto_bootstrap_lr
The Mt Kenya Times,Duale’s sharp tongue lands him in NCIC’s crosshairs,2026-07-24 21:30:56,https://mountkenyatimes.co.ke/duales-sharp-tongue-lands-him-in-ncics-crosshairs/,neutral,0.851667582988739,duale sharp tongue land ncic crosshairs,negative,0.591338623000506,auto_bootstrap_lr
The Standard,48 women rescued from sexual exploitation in Kajiado County,"Fri, 24 Jul 2026 19:07:40 +0300",https://www.standardmedia.co.ke/article/2001553687/48-women-rescued-from-sexual-exploitation-in-kajiado-county,neutral,0.6171607971191406,woman rescued sexual exploitation kajiado county,negative,0.5184083538434139,auto_bootstrap_lr
The Standard,DCI identifies six students linked to Utumishi Girls dorm fire,"Sun, 31 May 2026 11:34:59 +0300",https://www.standardmedia.co.ke/article/2001549135/dci-identifies-six-students-linked-to-utumishi-girls-dorm-fire,neutral,0.5725632309913635,dci identifies six student linked utumishi girl dorm fire,negative,0.6414617795497276,auto_bootstrap_lr
The Standard,DCI told to investigate irregularities in recruiting assistant chiefs in Homa Bay,"Fri, 10 Jul 2026 13:49:14 +0300",https://www.standardmedia.co.ke/article/2001552474/dci-told-to-investigate-irregularities-in-recruiting-assistant-chiefs-in-homa-bay,neutral,0.7257375717163086,dci told investigate irregularity recruiting assistant chief homa bay,negative,0.6351609417951062,auto_bootstrap_lr
The Standard,EACC warns counties over conflict of interest,"Thu, 21 May 2026 23:25:00 +0300",https://www.standardmedia.co.ke/article/2001548433/eacc-warns-counties-over-conflict-of-interest,neutral,0.5877534747123718,eacc warns county conflict interest,negative,0.5799625734804639,auto_bootstrap_lr
The Standard,Face off as rival politicians scramble for a piece of Mulembe nation,2026-07-24 21:00:00,https://www.standardmedia.co.ke/politics/article/2001553692/face-off-as-rival-politicians-scramble-for-a-piece-of-mulembe-nation,neutral,0.787333071231842,face rival politician scramble piece mulembe nation,negative,0.5083848818260505,auto_bootstrap_lr
The Standard,"Kilifi sets aside Sh10 million to register widows, orphans to SHA","Thu, 02 Jul 2026 11:30:00 +0300",https://www.standardmedia.co.ke/article/2001551839/kilifi-sets-aside-sh10-million-to-register-widows-orphans-to-sha,neutral,0.924856424331665,kilifi set aside sh million register widow orphan sha,positive,0.5253214464300245,auto_bootstrap_lr
The Standard,Sh19.3 Billion appeal for drought crisis,"Wed, 20 May 2026 20:27:57 +0300",https://www.standardmedia.co.ke/article/2001548334/sh19-3-billion-appeal-for-drought-crisis,neutral,0.5854701995849609,sh billion appeal drought crisis,negative,0.5296010549685533,auto_bootstrap_lr
The Standard,"Single gunshot ended Nanyuki teen life, autopsy revealed","Wed, 17 Jun 2026 21:51:09 +0300",https://www.standardmedia.co.ke/article/2001550614/single-gunshot-ended-nanyuki-teen-life-autopsy-revealed,neutral,0.5940305590629578,single gunshot ended nanyuki teen life autopsy revealed,negative,0.5774164172513963,auto_bootstrap_lr
World News API,Alshabaab oo weeraray deegaano ka tirsan Waqooyi Bari Kenya,,https://jowhar.com/alshabaab-oo-weeraray-deegaano-ka-tirsan-waqooyi-bari-kenya,neutral,0.8206480741500854,alshabaab oo weeraray deegaano ka tirsan waqooyi bari kenya,positive,0.5122807383022115,auto_bootstrap_lr
World News API,BAT Kenya profit tops KSh3 billion,,https://www.kenyamoja.com/index.php/video/bat-kenya-profit-tops-ksh3-billion-citizen-tv-411407,neutral,0.6951588988304138,bat kenya profit top ksh billion,positive,0.6269725706185639,auto_bootstrap_lr
World News API,BREAKING: Court convicts Okoth Obado and two co-defendants in Sharon Otieno murder trial,,https://www.standardmedia.co.ke/ktn/ktn-leo/video/2000228995/breaking-court-convicts-okoth-obado-and-two-co-defendants-in-sharon-otieno-murder-trial,neutral,0.8195998668670654,breaking court convict okoth obado two co defendant sharon otieno murder trial,negative,0.7435275401449383,auto_bootstrap_lr
World News API,Civil servants fight to strip PSC of promotion powers in court case,,https://www.standardmedia.co.ke/national/article/2001553718/civil-servants-fight-to-strip-psc-of-promotion-powers-in-court-case,neutral,0.6066505312919617,civil servant fight strip psc promotion power court case,negative,0.5261284672618342,auto_bootstrap_lr
World News API,Damar Thomas: Britain’s next heavyweight hope is gunning for gold at the Glasgow Commonwealth Games,,https://www.skysports.com/boxing/news/12183/13566772/damar-thomas-britain-s-next-heavyweight-hope-is-gunning-for-gold-at-the-glasgow-commonwealth-games,neutral,0.5081040263175964,damar thomas britain next heavyweight hope gunning gold glasgow commonwealth game,positive,0.6660290384799463,auto_bootstrap_lr
World News API,FIFA World Cup's global reach highlights cricket's limited footprint,,https://assamtribune.com/opinion/fifa-world-cups-global-reach-highlights-crickets-limited-footprint-1614728,neutral,0.7879796028137207,fifa world cup global reach highlight cricket limited footprint,positive,0.5183317405129452,auto_bootstrap_lr
World News API,"FRIDAY NIGHT NEWS ~ JULY 24, 2026",,https://www.kenyamoja.com/video/friday-night-news-july-24-2026-citizen-tv-411405,neutral,0.8861775398254395,friday night news july,negative,0.5046764281085997,auto_bootstrap_lr
World News API,Face the Facts investigates security failures exposed during Ol Kalou poll,,https://www.kenyamoja.com/index.php/video/face-facts-investigates-security-failures-exposed-during-ol-kalou-poll-ktn-news-411363,neutral,0.5544788241386414,face fact investigates security failure exposed ol kalou poll,negative,0.6416800730908925,auto_bootstrap_lr
World News API,Gor Mahia thrash APR FC 5-0 in Kagame Cup opener,,https://www.kenyamoja.com/video/gor-mahia-thrash-apr-fc-5-0-kagame-cup-opener-ntv-video-411806,neutral,0.8478649854660034,gor mahia thrash apr fc kagame cup opener,positive,0.5756274644733143,auto_bootstrap_lr
World News API,IG Douglas Kanja in court over Gatoto Primary ownership dispute,,https://www.kenyamoja.com/index.php/video/ig-douglas-kanja-court-over-gatoto-primary-ownership-dispute-ktn-news-411365,neutral,0.8210827708244324,ig douglas kanja court gatoto primary ownership dispute,negative,0.5519914638457449,auto_bootstrap_lr
World News API,"Inside the World of Risky Branks: Trap Dancehall, Music & More | Teen Republik",,https://www.kenyamoja.com/video/inside-world-risky-branks-trap-dancehall-music-more-teen-republik-ntv-video-411743,neutral,0.8658410310745239,inside world risky branks trap dancehall music teen republik,positive,0.6119298198408766,auto_bootstrap_lr
World News API,Kericho Doctors End 3 Week Strike After Deal with County Government Restores Health Services,,https://www.kenyamoja.com/video/kericho-doctors-end-3-week-strike-after-deal-county-government-restores-health-services-ktn,neutral,0.8625048995018005,kericho doctor end week strike deal county government restores health service,negative,0.5516630491733567,auto_bootstrap_lr
World News API,"Kona ile ingine ya mlima haituhusu chochote,'' Public CS Geoffrey Ruku to Gachagua",,https://www.kenyamoja.com/video/kona-ile-ingine-ya-mlima-haituhusu-chochote-public-cs-geoffrey-ruku-gachagua-citizen-tv,neutral,0.8598650693893433,kona ile ingine ya mlima haituhusu chochote public c geoffrey ruku gachagua,negative,0.5601605656471206,auto_bootstrap_lr
World News API,"Laikipia Leaders Demand New BATUK Deal with Jobs, Justice for Agnes Wanjiru and Accountability",,https://www.kenyamoja.com/video/laikipia-leaders-demand-new-batuk-deal-jobs-justice-agnes-wanjiru-and-accountability-ktn-news,neutral,0.8191636800765991,laikipia leader demand new batuk deal job justice agnes wanjiru accountability,positive,0.5358866910762698,auto_bootstrap_lr
World News API,Literature&#039;s timeless warning against politics of violence,,https://www.standardmedia.co.ke/opinion/article/2001553722/literatures-timeless-warning-against-politics-of-violence,neutral,0.7059600353240967,literature timeless warning politics violence,negative,0.6503627687748517,auto_bootstrap_lr
World News API,Postbank unveil new kits ahead of KVF Women's League season,,https://www.kenyamoja.com/video/postbank-unveil-new-kits-ahead-kvf-womens-league-season-ntv-video-411808,neutral,0.5702915191650391,postbank unveil new kit ahead kvf woman league season,positive,0.6035886083695442,auto_bootstrap_lr
World News API,The 49th edition of the Kenya Amateur Strokeplay Championship,,https://www.kenyamoja.com/video/49th-edition-kenya-amateur-strokeplay-championship-tv-47-411829,neutral,0.93905508518219,th edition kenya amateur strokeplay championship,positive,0.5341576914409528,auto_bootstrap_lr
World News API,Timmy T Dat talks about his legacy | #FridayNightRave,,https://www.kenyamoja.com/video/timmy-t-dat-talks-about-his-legacy-fridaynightrave-ntv-video-411418,neutral,0.8461897373199463,timmy dat talk legacy fridaynightrave,negative,0.5454957411242501,auto_bootstrap_lr
World News API,UHC workers demand permanent jobs despite payroll reprieve,,https://www.kenyamoja.com/video/uhc-workers-demand-permanent-jobs-despite-payroll-reprieve-ntv-video-411803,neutral,0.7718786597251892,uhc worker demand permanent job despite payroll reprieve,negative,0.5383993264077604,auto_bootstrap_lr
World News API,"“Kama wewe ni mwanaume, si ukamate Riggy G upeleke kwa cell!” Gachagua dares Interior CS Murkomen",,https://www.kenyamoja.com/video/kama-wewe-ni-mwanaume-si-ukamate-riggy-g-upeleke-kwa-cell-gachagua-dares-interior-cs-murkomen,neutral,0.7944390177726746,kama wewe ni mwanaume si ukamate riggy g upeleke kwa cell gachagua dare interior c murkomen,negative,0.559827305154405,auto_bootstrap_lr
World News API,"“Sasa umetuma Duale kututukana ati sisi ni mafisi ,"" Gachagua hits at Ruto over CS Duale remarks",,https://www.kenyamoja.com/video/sasa-umetuma-duale-kututukana-ati-sisi-ni-mafisi-gachagua-hits-ruto-over-cs-duale-remarks,neutral,0.595035970211029,sasa umetuma duale kututukana ati sisi ni mafisi gachagua hit ruto c duale remark,negative,0.6377312633308099,auto_bootstrap_lr
Standard - Kenya News,13 suspects arrested in Trans Nzoia gang crackdown,"Sun, 10 May 2026 13:56:23 +0300",https://www.standardmedia.co.ke/article/2001547468/13-suspects-arrested-in-trans-nzoia-gang-crackdown,neutral,0.534130871295929,suspect arrested trans nzoia gang crackdown,negative,0.6892652920766328,auto_bootstrap_lr
Standard - Politics,Why MCAs boycotted Murkomen's event in Trans Nzoia,"Sat, 18 Jul 2026 07:35:00 +0300",https://www.standardmedia.co.ke/politics/article/2001553073/why-mcas-boycotted-murkomen-s-event-in-trans-nzoia,neutral,0.5694140791893005,mcas boycotted murkomen event trans nzoia,negative,0.5333174665445313,auto_bootstrap_lr
Standard - Politics,Against all odds: How Ol Kalou guarded the vote,"Sat, 18 Jul 2026 07:30:00 +0300",https://www.standardmedia.co.ke/politics/article/2001553104/against-all-odds-how-ol-kalou-guarded-the-vote,neutral,0.8701430559158325,odds ol kalou guarded vote,negative,0.5192041892973029,auto_bootstrap_lr
Standard - Politics,Senate approves conferment of city status to Thika Municipality,"Sat, 18 Jul 2026 00:00:00 +0300",https://www.standardmedia.co.ke/politics/article/2001553095/senate-approves-conferment-of-city-status-to-thika-municipality,neutral,0.8468847870826721,senate approves conferment city status thika municipality,positive,0.5518912097052716,auto_bootstrap_lr
Standard - Business,Why civil society wants Kenya's Sh13 trillion debt discussed at dinner tables,"Sun, 19 Jul 2026 10:00:00 +0300",https://www.standardmedia.co.ke/business/article/2001553162/why-civil-society-wants-kenya-s-sh13-trillion-debt-discussed-at-dinner-tables,neutral,0.5785535573959351,civil society want kenya sh trillion debt discussed dinner table,negative,0.514974171441208,auto_bootstrap_lr
Standard - Business,Eviction looms for Athi River squatters as August 15 deadline nears,"Thu, 16 Jul 2026 09:15:00 +0300",https://www.standardmedia.co.ke/business/article/2001552898/eviction-looms-for-athi-river-squatters-as-august-15-deadline-nears,neutral,0.7811799049377441,eviction loom athi river squatter august deadline nears,negative,0.5389422517647128,auto_bootstrap_lr
Standard - Business,Biotech sector fast-tracks access to regulatory data with new portal,"Wed, 15 Jul 2026 22:15:50 +0300",https://www.standardmedia.co.ke/business/article/2001552915/biotech-sector-fast-tracks-access-to-regulatory-data-with-new-portal,neutral,0.5805153250694275,biotech sector fast track access regulatory data new portal,positive,0.5518026053137594,auto_bootstrap_lr
Standard - Business,Swedish firm bets on Kenya in regional expansion strategy,"Wed, 15 Jul 2026 22:08:20 +0300",https://www.standardmedia.co.ke/business/article/2001552914/swedish-firm-bets-on-kenya-in-regional-expansion-strategy,neutral,0.9083484411239624,swedish firm bet kenya regional expansion strategy,positive,0.5641906285734731,auto_bootstrap_lr
Standard - Business,New programme mentors students into healthcare technology careers,"Wed, 15 Jul 2026 19:44:00 +0300",https://www.standardmedia.co.ke/business/article/2001552911/new-programme-mentors-students-into-healthcare-technology-careers,neutral,0.5019974708557129,new programme mentor student healthcare technology career,positive,0.7219685191493344,auto_bootstrap_lr
Standard - Business,Regulatory maze slows Kenya's drive for bigger EU exports,"Wed, 15 Jul 2026 12:27:47 +0300",https://www.standardmedia.co.ke/business/article/2001552862/regulatory-maze-slows-kenya-s-drive-for-bigger-eu-exports,neutral,0.5283597111701965,regulatory maze slows kenya drive bigger eu export,positive,0.5265523586094741,auto_bootstrap_lr
Capital FM Kenya,PS Karugu: Kenya’s Borderlands Will Drive Cross-Border Industry and Regional Integration,"Mon, 20 Jul 2026 06:35:18 +0000",https://capitalfm.africa/ps-karugu-kenyas-borderlands-will-drive-cross-border-industry-and-regional-integration/,neutral,0.6705113649368286,p karugu kenya borderland drive cross border industry regional integration,positive,0.5564003417079906,auto_bootstrap_lr
Capital FM Kenya,"Former Garissa Assembly Speaker Reports Missing Firearm in Nairobi, Police Launch Probe","Mon, 20 Jul 2026 04:20:22 +0000",https://capitalfm.africa/former-garissa-assembly-speaker-reports-missing-firearm-in-nairobi-police-launch-probe/,neutral,0.658761739730835,former garissa assembly speaker report missing firearm nairobi police launch probe,negative,0.605688698963183,auto_bootstrap_lr
NTV Kenya,How ‘People’s IEBC’ Tracked Ol Kalou By-Election | Daniel Miringa,"Fri, 17 Jul 2026 09:26:23 +0000",https://ntvkenya.co.ke/arts-lifestyle/how-peoples-iebc-tracked-ol-kalou-by-election-daniel-miringa/,neutral,0.928213894367218,people iebc tracked ol kalou election daniel miringa,negative,0.5109434638109875,auto_bootstrap_lr
NTV Kenya,NTV LIVE | Top 40 Under 40 Women Awards Dinner 2026,"Wed, 15 Jul 2026 17:13:17 +0000",https://ntvkenya.co.ke/live/ntv-kenya-livestream-3/,neutral,0.8849563002586365,ntv live top woman award dinner,positive,0.6844796151526014,auto_bootstrap_lr
NTV Kenya,Kylian Mbappe calls France ‘sloppy’ after semifinal loss,"Wed, 15 Jul 2026 08:18:18 +0000",https://ntvkenya.co.ke/sports/kylian-mbappe-calls-france-sloppy-after-semifinal-loss/,neutral,0.5067525506019592,kylian mbappe call france sloppy semifinal loss,negative,0.5614563883957668,auto_bootstrap_lr
NTV Kenya,IEBC judgment on MP Gikaria voter bribery claims,"Tue, 14 Jul 2026 13:10:49 +0000",https://ntvkenya.co.ke/news/iebc-judgment-on-mp-gikaria-voter-bribery-claims/,neutral,0.612786591053009,iebc judgment mp gikaria voter bribery claim,negative,0.5899716479484267,auto_bootstrap_lr
NTV Kenya,"Over 1,000 officers deployed to secure Ol Kalou by-election","Tue, 14 Jul 2026 11:50:08 +0000",https://ntvkenya.co.ke/news/over-1000-officers-deployed-to-secure-ol-kalou-by-election/,neutral,0.8223819732666016,officer deployed secure ol kalou election,negative,0.5578191981714221,auto_bootstrap_lr
NTV Kenya,EU and partners launch $1 billion scheme to help Gaza recover from war,"Mon, 13 Jul 2026 13:10:19 +0000",https://ntvkenya.co.ke/news/eu-and-partners-launch-1-billion-scheme-to-help-gaza-recover-from-war/,neutral,0.5837136507034302,eu partner launch billion scheme help gaza recover war,negative,0.5107948608953087,auto_bootstrap_lr
NTV Kenya,Court halts construction of 12-storey apartment block near KDF headquarters,"Mon, 13 Jul 2026 12:43:00 +0000",https://ntvkenya.co.ke/news/court-stops-construction-of-apartments-near-kdf-headquarters/,neutral,0.7956072688102722,court halt construction storey apartment block near kdf headquarters,negative,0.5332083534140434,auto_bootstrap_lr
NTV Kenya,Potential World Cup expansion to be discussed after 2026 edition – Infantino,"Mon, 13 Jul 2026 12:15:31 +0000",https://ntvkenya.co.ke/sports/potential-world-cup-expansion-to-be-discussed-after-2026-edition-infantino/,neutral,0.8508734107017517,potential world cup expansion discussed edition infantino,positive,0.6002579569769008,auto_bootstrap_lr
NTV Kenya,EP8: Kwani Kuna shida kuongea na ex?,"Mon, 13 Jul 2026 09:55:56 +0000",https://ntvkenya.co.ke/podcast/ep8-kwani-kuna-shida-kuongea-na-ex/,neutral,0.952567994594574,ep kwani kuna shida kuongea na ex,negative,0.5529577626642667,auto_bootstrap_lr
NTV Kenya,Maendeleo or Voter Bribery? What’s Happening in Ol Kalou? | Gabriel Muthama,"Mon, 13 Jul 2026 08:54:42 +0000",https://ntvkenya.co.ke/arts-lifestyle/maendeleo-or-voter-bribery-whats-happening-in-ol-kalou-gabriel-muthama/,neutral,0.7856999039649963,maendeleo voter bribery happening ol kalou gabriel muthama,negative,0.5841211947021233,auto_bootstrap_lr
NTV Kenya,"Kang’ata, Gachagua, Nyahururu, Ol Kalou | Joe Nyutu Speaks","Mon, 13 Jul 2026 08:51:31 +0000",https://ntvkenya.co.ke/arts-lifestyle/kangata-gachagua-nyahururu-ol-kalou-joe-nyutu-speaks/,neutral,0.948815941810608,kang ata gachagua nyahururu ol kalou joe nyutu speaks,negative,0.5029034011897404,auto_bootstrap_lr
NTV Kenya,PRESSURE MOUNTS ON KENYA TO PERFORM AHEAD OF 2026 RUGBY AFRICA WOMEN’S CUP,"Fri, 10 Jul 2026 10:02:58 +0000",https://ntvkenya.co.ke/sports/pressure-mounts-on-kenya-to-perform-ahead-of-2026-rugby-africa-womens-cup/,neutral,0.8630945086479187,pressure mount kenya perform ahead rugby africa woman cup,positive,0.5073322700546314,auto_bootstrap_lr
NTV Kenya,"Twende Marsabit: Where islands float on a desert lake, volcanic mountains rise above plains","Thu, 09 Jul 2026 12:57:33 +0000",https://ntvkenya.co.ke/arts-lifestyle/twende-marsabit-where-islands-float-on-a-desert-lake-volcanic-mountains-rise-above-plains/,neutral,0.8873820304870605,twende marsabit island float desert lake volcanic mountain rise plain,negative,0.5250662981780447,auto_bootstrap_lr
NTV Kenya,Julius Yego targets gold in final Commonwealth Games appearance,"Thu, 09 Jul 2026 06:19:04 +0000",https://ntvkenya.co.ke/sports/julius-yego-targets-gold-in-final-commonwealth-games-appearance/,neutral,0.7452765703201294,julius yego target gold final commonwealth game appearance,positive,0.6182444688022203,auto_bootstrap_lr
NTV Kenya,Justin Bieber to co-headline World Cup final halftime show,"Thu, 09 Jul 2026 06:06:16 +0000",https://ntvkenya.co.ke/entertainment/justin-bieber-to-co-headline-world-cup-final-halftime-show/,neutral,0.7966047525405884,justin bieber co headline world cup final halftime show,positive,0.6279796646595848,auto_bootstrap_lr
NTV Kenya,"Three sons of Iran’s slain leader Khamenei appear at funeral, not his successor","Mon, 06 Jul 2026 10:03:43 +0000",https://ntvkenya.co.ke/news/three-sons-of-irans-slain-leader-khamenei-appear-at-funeral-not-his-successor/,neutral,0.5684424638748169,three son iran slain leader khamenei appear funeral successor,negative,0.5943507718041365,auto_bootstrap_lr
NTV Kenya,CCTV captures armed robbery at Westlands restaurant,"Mon, 06 Jul 2026 08:50:48 +0000",https://ntvkenya.co.ke/news/cctv-captures-four-armed-men-raiding-westlands-restaurant/,neutral,0.6308116912841797,cctv capture armed robbery westlands restaurant,negative,0.6099822871753393,auto_bootstrap_lr
Citizen Digital (via Google News),"'Boats, mattresses...' Humiliating lesson for Gov't in Ol Kalou election after a hollow show of force and money - Citizen Digital","Fri, 17 Jul 2026 08:06:13 GMT",https://news.google.com/rss/articles/CBMi3AFBVV95cUxNaWoxUEROTDl5T2dpdGtFQVd5TkF1N0k3R3l2anhaWnZIaG1iN0NMd2JBZW5ncWpQR1ZpLXpqUlhFUUxqSFFSV1JhMHhGTVJQNXFzSU8zcHJibWVJeVR6NlU1UnFsT09VdFprb2Z1cF9hQ0Jjd252WEN4S1V2Qm5PanlxbGV2RHNpX0xoSlUzb1FudkNYT2JucTZXS1RNZzE4czNrNnNsSlZVLVRWaUhDQzZxSmVPWXp5YWF6SEhNd0JzSlRiM3Jrb3lXb2ZNazZIVjNZUTdhTURKOUdk?oc=5,neutral,0.8145179748535156,boat mattress humiliating lesson gov ol kalou election hollow show force money citizen digital,negative,0.5800942218435858,auto_bootstrap_lr
Citizen Digital (via Google News),DCI probing armed goons captured in Ol Kalou during by-election - Murkomen - Citizen Digital,"Sun, 19 Jul 2026 12:59:36 GMT",https://news.google.com/rss/articles/CBMisgFBVV95cUxPakkzYnMxQkVCTnhiaGZLZ2JyTXNuTERHWnJJNUJQTUVhdUc5R2wtOUViekIwSW9yNzNnalBJeTV4d1RJenk1R3pwOTByRzJSaW9OTEt4Vm05Q2FUTDNWTE5aVGJWZzBsR2x3QzVqV1d4TWluaFlOMkh3cUc2WmNRNC0tWXFTSE14MV9laWV5TzBOYzJvYUYxOW5iSTRLRnd5VjFLdERkQTFpQjZQRXplWlBB?oc=5,neutral,0.8266547322273254,dci probing armed goon captured ol kalou election murkomen citizen digital,negative,0.8223844525200484,auto_bootstrap_lr
Citizen Digital (via Google News),Ol Kalou by-election: Police to impound cars without number plates - Citizen Digital,"Thu, 16 Jul 2026 09:18:29 GMT",https://news.google.com/rss/articles/CBMiqAFBVV95cUxQNUN4NG5KczlXNk5jZERxZUpvTV9oaXZkemdKSFVmZFZpUzhsWVBoZTdqQ3hEZklpcXlYTEktc2wydjd3TmxvY2FaRThPNnp2M3c1QWl1RjlPNDcwcUhmTGxHbjJPWTJyZnJvaGVvZW04MlFhVWVUSTNMbC1pWng0YlB4TFM5TXdITHFTTGZpQzlUYW1uckRsT3UxY1NuWFVEdTRfbzZFQkU?oc=5,neutral,0.669832706451416,ol kalou election police impound car without number plate citizen digital,negative,0.6698293986228968,auto_bootstrap_lr
Citizen Digital (via Google News),"'Votes are protected', IEBC dismisses Gachagua's rigging claims in Ol Kalou by-election - Citizen Digital","Thu, 16 Jul 2026 14:52:24 GMT",https://news.google.com/rss/articles/CBMiwAFBVV95cUxNUXhJd0ZZaHJSWXAyUmFzUlJFeWg4aEcyMGhOU0hySnZfOHRDRUprU0V0UlYtODRZTWoyREtjMGV1cDRjdjR0OHdmb2h2SXBKOVFiZzFRTXJvLTIzUmZzU29acGlmVndqMi1wTWdMa3VIaEUwdlRFc1lOSE5Jek5BdnJiR1pYc2xWZmFobnI3aTdHb1hTaEo3MTU5X0t1TnRJTjNQZ0V4SzhCWlYxY0lVZHdyMzRpdXk3NnozcHZxQTE?oc=5,neutral,0.8727467656135559,vote protected iebc dismisses gachagua rigging claim ol kalou election citizen digital,negative,0.6818828598743224,auto_bootstrap_lr
Citizen Digital (via Google News),Senator Karen Nyamu served with demand letter over Ksh.500K debt - Citizen Digital,"Fri, 17 Jul 2026 13:41:21 GMT",https://news.google.com/rss/articles/CBMipgFBVV95cUxOY1JZckZibUVhdjY0NF9zUmpRM09neDJ1RnJfUnVJbE5oRlVKUE4tSWZQMUd2U1ZXMlFRUUNxdmlubVpPcTctY05oZHdHeVNIZ3FiMmk1QTB3ZHpYQTFOOUlKN1ZOZmJMUzljYjJ6V212TklxUHM2bGlPaEZSTG5yUmRwaWZqM0NFcEtDSzhJSlFGWkxoQWVxWTZXMlNRWGIxMVJ4cm9n?oc=5,neutral,0.8446425199508667,senator karen nyamu served demand letter ksh k debt citizen digital,negative,0.6488383215428707,auto_bootstrap_lr
Citizen Digital (via Google News),"'Elections are not a matter of life and death,' Ruto speaks after Ol Kalou poll outcome - Citizen Digital","Fri, 17 Jul 2026 10:30:56 GMT",https://news.google.com/rss/articles/CBMiwgFBVV95cUxNdUVOOW9hN2k1OXFHTEJnVUlZWk1uRHN0cWpGbGlUSFdTTUdudUszejFQdjBKbnJTM3AwZ0F3eHY4QTE2QmtuVzVmV1F3X1ZqUFZzTDY2X3V4STd4M200QzhLZndBUkxMNEtMV04tbFdZWUZqU1BFQlRsRG1oWGM1T3pyc0xkcDVxUVY5Q3hsSEYweUJTVXNZMXhxNFpwSHJMRVM3Q2VGcktMVWZLRENoY1hRVGpsMlVsVEl1aGpsTlVvQQ?oc=5,neutral,0.822594165802002,election matter life death ruto speaks ol kalou poll outcome citizen digital,negative,0.6297862647353046,auto_bootstrap_lr
Citizen Digital (via Google News),The Kipipiri script: How Ol Kalou by-election revived memories of KANU's defeat in 1995 - Citizen Digital,"Fri, 17 Jul 2026 16:35:53 GMT",https://news.google.com/rss/articles/CBMiwwFBVV95cUxQd3NjQlBlQ1JKYlZucVJ0cmIxLXRyODNJOWwxZ2pjQVBVNmlnbVhqejB0eEo4VWUycHFMZFJER3R3RXZ5Z2haa0MtNlMzemhNcE90WFMwTmFkV09ZWGFqcWtGdzZkT3c4SWpMUXlTMERiZlc3emx4bFZTeVdvX2JReE5NOTgtLVo2dHJzNjZhZG5GVEtSY0xLVWdGVlNMeFFfTnVWNmtMYTZjaGZBLXV3Uk5IQ3BWOWl3T1VWTVlNMlRLLTQ?oc=5,neutral,0.8689084649085999,kipipiri script ol kalou election revived memory kanu defeat citizen digital,negative,0.6899079379215249,auto_bootstrap_lr
Citizen Digital (via Google News),"United States limits stays of students, journalists - Citizen Digital","Fri, 17 Jul 2026 02:44:00 GMT",https://news.google.com/rss/articles/CBMilAFBVV95cUxOSTJES1R5S1RiTk5tT1pLMjB1ckRPT2ZiSUNhbEx5NUhpa3ZpNDY4eHVaLU45YWxEc21haHZjaGM5T0dlVkVBc0tUTG1LNXRDd1JxWUlybjF5c09OVFY3b0tveHM1TGxldDR4aEZwdThNUUNBQ045M3VQaUh1TGtSSS1iS3FfQ1MzTENJU3BKTXFITGUx?oc=5,neutral,0.8638299703598022,united state limit stay student journalist citizen digital,negative,0.5694496179111156,auto_bootstrap_lr
Citizen Digital (via Google News),"IEBC says Ol Kalou by-election 'progressing as planned', reports 38% turnout by midday - Citizen Digital","Thu, 16 Jul 2026 23:52:24 GMT",https://news.google.com/rss/articles/CBMixgFBVV95cUxNd3JPcW1ua0RTdXhCNldTRFFJV3gtRWdNY2l1d2M5empBZFlDaUFNZC15VTc5NWRKWnBsVlhKWW5aeUdhQTY0Tkl1ejdaTHFwdkRYQUFWZFFlSmk2TVk1U3BCQnR3Y0tKaENuSS0xcWtESjBDVnh4cndmTjNHQUNzMXZPUTJXY18tM3I2S1FOTFlQMXF5S09ZR3UyU3plaWNuemtiRUZLMDFaZy1GSGttUFAxYXF5RlZWcnpFcDVBTTkybUcyRnc?oc=5,neutral,0.6901882886886597,iebc say ol kalou election progressing planned report turnout midday citizen digital,negative,0.6537061761744564,auto_bootstrap_lr
Citizen Digital (via Google News),Ebola spreading in DRC 'faster than any previous outbreak': WHO - Citizen Digital,"Fri, 17 Jul 2026 04:58:38 GMT",https://news.google.com/rss/articles/CBMiogFBVV95cUxNVi1lZnA0YjRlNGRQQzdYT1hIaE85bHdoUmtkeDlXYWFzckNncVVjR2hvcE92a0ZORGZMWFJhLS1janVhRzNha19lWlpMMUxDajBTZ2I0YmVibElHVmkxSXc5UThiSXY0Nk8zdzIyYlZzXzh4Q010aHdwRzZBMkhkME9ySDdhbFcxcXJtV2pVQUdoOTZLenBMaVd0SDB3dWY5WXc?oc=5,neutral,0.5779221057891846,ebola spreading drc faster previous outbreak citizen digital,negative,0.5755704263597083,auto_bootstrap_lr
Citizen Digital (via Google News),"Sirisia MP John Waluke opens up on 67-year sentence, military career and life after conviction - Citizen Digital","Fri, 17 Jul 2026 11:47:19 GMT",https://news.google.com/rss/articles/CBMizgFBVV95cUxQMktXck5KU0RaMms5Ym0tWHZyUzB5Mlpwd0RDbGZKT29FTFZ5ekx3QjhfaHg4WDRxQ1VWa2xPb1dMdDBXbG9PckxGSndsUkEwQ0xqaHgzODV1T1FjaFo5WU9WazRrOHIyTF91ai03em1YcEhFUmVnNEtBWWl3VTZ2ZnJXWE1jX3JHSldibUVxb3JubVQtaE9wSzVHVU9SZDZfMWFQX1BWc29qeXhaWnU0SVRqdDZVWU1JMFZhSng3b1dxcVNjdWZjQUh5QmJ3UQ?oc=5,neutral,0.8369078040122986,sirisia mp john waluke open year sentence military career life conviction citizen digital,negative,0.5625036696496719,auto_bootstrap_lr
Citizen Digital (via Google News),UK minister urges FIFA to investigate Argentina over World Cup Falklands banner - Citizen Digital,"Thu, 16 Jul 2026 17:45:53 GMT",https://news.google.com/rss/articles/CBMiuwFBVV95cUxQVUJKZ2hkSWlTWm8wLUVPM0tpdzdVUjEzOTZKTGxlY21KaTAxSlNESm12QmxSMDFrQ2xNTTZOUm94VDdKMjNPZzY4RVVLeHZGdzJldXp5eV9qQ01MWUZqRm9RZnBSbFF5UWV0N3YxbVQ3a0ZONnl2aXJsMXNJS2hFRFJPcXlxd3lIdElNTndMbnNhVUpodnBGcG9BNGxaRjJvNmxMQ0pmdHFKc2RqbkpFM1lTbmgzZFN1ODJR?oc=5,neutral,0.910134255886078,uk minister urge fifa investigate argentina world cup falklands banner citizen digital,positive,0.5027624189442397,auto_bootstrap_lr
Citizen Digital (via Google News),Citizen Digital - Citizen Digital,"Tue, 23 Aug 2022 02:55:31 GMT",https://news.google.com/rss/articles/CBMiV0FVX3lxTE9yVTB2dEJySW5aZUYwMzVyVE1rQ0UyWTBNZU5EWUQ5Ui1JSTh6cTEwaU5xaFExcXF0c01RQ3VpZHEwbGttY3p4RHFXa3hWVjhRQXBFbjNmVQ?oc=5,neutral,0.8572196364402771,citizen digital citizen digital,negative,0.7458950288267693,auto_bootstrap_lr
Citizen Digital (via Google News),Campaigns end in Ol Kalou as Murkomen assures of tight security ahead of Thursday poll - Citizen Digital,"Mon, 13 Jul 2026 22:30:05 GMT",https://news.google.com/rss/articles/CBMixAFBVV95cUxNZkowczQ3TWhYRFF2VjdkVmxvRWFJeHdMX2FsZW9CWFFYUWtSQzBDdHVxWkVzdTVGbHE5NkVkUUJmcldxSlJleS1Yd21FaUZiMFVweHpZbHJqYktWbFZwRkNDbXppRmcyZlhzYjhnVlZMR1FzVHRjZUJucnJqaG4xXzBTekJ5V25jcFpOZTEyX0RES3ZENVhVSEpiZWhVUGNkb2ZtQ2U0WGp3NWVEcVI4cllvYnNycnV5NE9uWlpYU2JmTkJu?oc=5,neutral,0.8959952592849731,campaign end ol kalou murkomen assures tight security ahead thursday poll citizen digital,negative,0.5916843716424872,auto_bootstrap_lr
Citizen Digital (via Google News),Trump backs down on levy on Hormuz ships - Citizen Digital,"Wed, 15 Jul 2026 01:45:34 GMT",https://news.google.com/rss/articles/CBMihwFBVV95cUxQTG54cFMtMDFTWHZsRGo2RHgtbTMzSTNBcFo5X21fbnNjOWdRN2tOV0JlQnZDTjJROVNHV0hiWEFNemh5Vl9YR3BmNmFhTHVpOFNoVUc5SHFZOTRCZmhXaDhpTXB4NkN0UVFzUnJPdjhVMEFNaHlqaGotZGp6MXJ4OWZkdDg3WWM?oc=5,neutral,0.6544312834739685,trump back levy hormuz ship citizen digital,negative,0.6687153768096822,auto_bootstrap_lr
Citizen Digital (via Google News),Ol Kalou by-election: IEBC warns against unaccredited 'super agents' posing as politicians' security - Citizen Digital,"Tue, 14 Jul 2026 07:00:00 GMT",https://news.google.com/rss/articles/CBMi0gFBVV95cUxQSTRFZWRobkFHYU1xRkd3SFhJWHJoU1pFWGpuR1hkOEpkUDg0UmRHdjRCenhsbExRTWtERWU5UWF3ZldORHFYUjZtaHBvYWh2cUZ1NWJHcEY4bjYwUmtJSUNZNVF6YUR3aDJTbG5vc1Rya2JqZHpCTjU4b3JrSnVDeGlUbzNPYUxCUEZiS1czNXNub2VST3ZVcW1Oa3d1S01MX2hEWmNfdExfVGwtV0pmbS0xSVVmZjdTVnF1WmRLVWh2NjRuUVFjN2g0ZU1FSV9qc1E?oc=5,neutral,0.701249361038208,ol kalou election iebc warns unaccredited super agent posing politician security citizen digital,negative,0.7638331287999814,auto_bootstrap_lr
Citizen Digital (via Google News),"Lebanon, Israel conclude two days of 'positive' talks: US official - Citizen Digital","Thu, 16 Jul 2026 00:04:32 GMT",https://news.google.com/rss/articles/CBMipAFBVV95cUxPSWIwWDVqV3htbm1CWENFLW1jVDZ6M1FqOFJaX2pTdGNHSWZFSldfQm1tWjAwZVFqR3U5SDB0WmV0WnByYW9OOEpObmIwRGVfVEh6QzRWdExTQTU1MWdZMEx6aW5wYXFhakFtd1FGbmtlSmNrOFlId2lNM0E3OFBSaWRBWDkxV3F1d2tqZDNkX0NfQ1dKbjN4YTFpVEVxWkxNbEw4Xw?oc=5,neutral,0.694934606552124,lebanon israel conclude two day positive talk u official citizen digital,negative,0.670405231520736,auto_bootstrap_lr
Citizen Digital (via Google News),Writers union sues to block US Paramount deal - Citizen Digital,"Wed, 15 Jul 2026 05:18:39 GMT",https://news.google.com/rss/articles/CBMijgFBVV95cUxNSVpvYnZ3b1pxVjdmcnkyeFkxLU5JWmRNVGNoYzhtdHk1WlJtUWlwY3JxQ3JWM1ViQkVnNllSdnpUUDFNa2dsY2VJNU1XWTNNUk1odEVNaW51N21vZEhWM2VGX1NZUWFkaGFIcFl5bDd3WVJ6WkxYVzA4dEtiMTZQdS05MXFvNUFJWlZiX2Rn?oc=5,neutral,0.7198273539543152,writer union sue block u paramount deal citizen digital,negative,0.6062893677192874,auto_bootstrap_lr
Citizen Digital (via Google News),First batch of Kenyan athletes depart for Commonwealth Games - Citizen Digital,"Thu, 16 Jul 2026 08:15:49 GMT",https://news.google.com/rss/articles/CBMiogFBVV95cUxQa0dDMjlrNkNqSXVseGloNy1uTUVrUElaZVUwdmIyT0RwOFpoVjdpXzRhbmo3VHJ4bUloUzhIYnJyYUZWaVBEVmd3X3F1YWhLdHJwbUVXSEo0T0VSdk4zVG9lTkREdjI4cl9QSDc4V1VaNkt2ZWFGTGNrdFdxOXRnb2Z1Rkp6R2d3YXJVb1R5cV9UNDd5Vlg3d1lsVm8yLWZHSEE?oc=5,neutral,0.9007737636566162,first batch kenyan athlete depart commonwealth game citizen digital,positive,0.6788007201557402,auto_bootstrap_lr
Citizen Digital (via Google News),"Record seekers Hodgkinson and Kerr in London action alongside Wanyonyi, Duplantis - Citizen Digital","Fri, 17 Jul 2026 05:21:46 GMT",https://news.google.com/rss/articles/CBMivAFBVV95cUxPam9ucGRhU0kyY2pQRzVjcTFPZlB1d2pvZVg3SEZsTm80RmR3aTgzRm93WkZLeWxZM29WZFlFM1lrN3FQYzFhOVlhUjBWc3M2bXV2WklUNkQyR1B3YVVDTWFyYTJSZXRkVmc1S0hhTlZPY0xuOE1VWlNoUy1kaG1fSFNvekpCRFRURlhJMEcxODlvV2lyaVJtNmR0dVdfSjc0ZXkzem05Q1YwUTh3eDg1cGQzdi1HTTItZ1JWVQ?oc=5,neutral,0.927722692489624,record seeker hodgkinson kerr london action alongside wanyonyi duplantis citizen digital,negative,0.500904206139959,auto_bootstrap_lr
Citizen Digital (via Google News),Israel warns will respond to any Iran attack with 'full force' - Citizen Digital,"Sun, 19 Jul 2026 19:14:20 GMT",https://news.google.com/rss/articles/CBMiogFBVV95cUxOLUYyYWtmVEg1c1NsZU1tTGVVUnV5dy11c2hudkdGNkptTC1od1BNN1lJV2RjR1Z4TnlXVHByV183YXlyNThTLWx5NXpnSjlmSFMyNVdJdFZaM1lqdlRjazhZdEtzMXYzcjM4TDdtOUVQZW1TcnJIUmVOeDhXdFdGOWQ1WXo5aGpLRzhmSVQ3Qi1VM0Y4dnNhY3g0c0owaVpxSnc?oc=5,neutral,0.7921189069747925,israel warns respond iran attack full force citizen digital,negative,0.853339613434317,auto_bootstrap_lr
Citizen Digital (via Google News),Global clean energy firm targets Kenya’s untapped solar market - Citizen Digital,"Sat, 18 Jul 2026 10:40:02 GMT",https://news.google.com/rss/articles/CBMiowFBVV95cUxQc01jS213Vi03dzVjWGlkVGdVRUpoaHZzVzk3NFk2b2wtdWRjb2t5SHBvc25IRWtDRWFSOURvQTY0ZXlzU1N6MndZWjc2LUlIemdZajlZVjV6US1WejRZRHBCTURmTVFnRDZQblhpSDNFUUVJekFVbG10cVBpakppM3lkVEhwcVI1TWNYbHBUd29SSWhZaG1qaWk5M2ZBa3VqMUgw?oc=5,neutral,0.7282214760780334,global clean energy firm target kenya untapped solar market citizen digital,positive,0.5007276329417379,auto_bootstrap_lr
Citizen Digital (via Google News),"Gov't expands Ardhisasa rollout in Mombasa, moves more land transactions online - Citizen Digital","Sat, 18 Jul 2026 13:39:43 GMT",https://news.google.com/rss/articles/CBMiuAFBVV95cUxPWkp4VHMzNzBwRFdDbnE2NnRwZUF0YXN0cG01SzJWSUxUalBOYWJiYmNLRENlZm9GbXp5N1RfUzNfdnpST3ZLanlhQjRTcGFFaUxFSDEwdVhra1FZRThwMTJvZzBHZWVoakhkZlgxejk0Smt2cW8tX2t3Q1N2aHNPdTIxVTBDU1NIaE0wd3BPdlhKaTFNSkV2UkhGUVoybFBGYmpJSFpJckZVUlJ3RGVPYzYxa2czMFh3?oc=5,neutral,0.9000756740570068,gov expands ardhisasa rollout mombasa move land transaction online citizen digital,negative,0.5551278181410455,auto_bootstrap_lr
Citizen Digital (via Google News),From swamps to rice fields: Homa Bay farmers reap from revived farm - Citizen Digital,"Sun, 19 Jul 2026 18:40:18 GMT",https://news.google.com/rss/articles/CBMiqgFBVV95cUxNbkJLelgzX3NNeWVqRW1NR1BHWjllQUdXSGJJWi02clNVYmwzMVpzOXJCMnJzQnVaTk1lTW01dm9CSWRLdGxwa3FLWnExaWNMSVJaTGROV1UybVh5ZmJMa1VLbnBZbE1HYzU4QnNvQ3FtVGpxWGpGMXMtN2VVM1pDXzlRX05KeHRrWU9kUS1iNkpyYzktVHBxcC1xSTl4YndqcDVnbDREWHJEQQ?oc=5,neutral,0.7235833406448364,swamp rice field homa bay farmer reap revived farm citizen digital,negative,0.5426957442552005,auto_bootstrap_lr
Citizen Digital (via Google News),Lebanon's president departs for Washington to meet Trump - Citizen Digital,"Sun, 19 Jul 2026 03:02:27 GMT",https://news.google.com/rss/articles/CBMimwFBVV95cUxPazBCZS1VNGNkeWE1MDJyNUtodW5lbW5HZkc2MF9ibk9Ka0pGV1pxT2g3YkRXenhLTTRCTE1OM0ZwS3VjNTBNcDVhSFJlbFN3WU5HSFFjb1ZZSzNPeWZfeU92RTljNVNNZjlqMEZiOGxlQ0VNZElOT0I2UDltLTMxUnR4a2NjVC1xeV9fQkFDb2xPZE10R2FKaFRrOA?oc=5,neutral,0.9401325583457948,lebanon president departs washington meet trump citizen digital,negative,0.6682400639929853,auto_bootstrap_lr
K24,5 things your house needs after hosting World Cup watch parties,"Mon, 20 Jul 2026 03:43:05 +0000",https://k24.digital/lifestyle/home-and-living/5-things-your-house-needs-after-hosting-world-cup-watch-parties,neutral,0.694054365158081,thing house need hosting world cup watch party,positive,0.5488931654428522,auto_bootstrap_lr
K24,How to recover financially after weeks of World Cup spending,"Mon, 20 Jul 2026 03:34:03 +0000",https://k24.digital/lifestyle/money/how-to-recover-financially-after-weeks-of-world-cup-spending,neutral,0.629162073135376,recover financially week world cup spending,positive,0.5672078679796285,auto_bootstrap_lr
KBC,Police recover 45 stolen cattle in Turkana,"Mon, 20 Jul 2026 08:44:17 +0000",https://www.kbc.co.ke/police-recover-45-stolen-cattle-in-turkana/,neutral,0.6621857285499573,police recover stolen cattle turkana,negative,0.6120666861396321,auto_bootstrap_lr
Kenya News Agency,Nandi upscales coffee processing to maximize profits,"Mon, 20 Jul 2026 08:45:25 +0000",https://www.kenyanews.go.ke/nandi-upscales-coffee-processing-to-maximize-profits/,neutral,0.7250308990478516,nandi upscales coffee processing maximize profit,positive,0.5420601205498173,auto_bootstrap_lr
Standard - Politics,"Malala: I'll only talk to Ruto after graft, killings end","Wed, 22 Jul 2026 09:39:22 +0300",https://www.standardmedia.co.ke/politics/article/2001553431/malala-i-ll-only-talk-to-ruto-after-graft-killings-end,neutral,0.6272744536399841,malala talk ruto graft killing end,negative,0.619730159673574,auto_bootstrap_lr
Standard - Politics,Of William Ruto's tough talk and zero action on goons,"Wed, 22 Jul 2026 07:50:00 +0300",https://www.standardmedia.co.ke/politics/article/2001553416/of-william-ruto-s-tough-talk-and-zero-action-on-goons,neutral,0.4906998872756958,william ruto tough talk zero action goon,negative,0.6538739639076282,auto_bootstrap_lr
Standard - Politics,Pauline Njoroge resigns from Jubilee Party,"Tue, 21 Jul 2026 10:48:24 +0300",https://www.standardmedia.co.ke/politics/article/2001553343/pauline-njoroge-resigns-from-jubilee-party,neutral,0.678468644618988,pauline njoroge resigns jubilee party,negative,0.5118846972865617,auto_bootstrap_lr
Standard - Politics,Raila's mausoleum to be completed in two months - Oburu,"Mon, 20 Jul 2026 15:50:00 +0300",https://www.standardmedia.co.ke/politics/article/2001553291/raila-s-mausoleum-to-be-completed-in-two-months-oburu,neutral,0.8815733194351196,raila mausoleum completed two month oburu,negative,0.53436079257324,auto_bootstrap_lr
Standard - Business,Family Bank bets on SMEs to drive new health insurance business,"Wed, 22 Jul 2026 06:00:00 +0300",https://www.standardmedia.co.ke/business/article/2001553408/family-bank-bets-on-smes-to-drive-new-health-insurance-business,neutral,0.7407389879226685,family bank bet smes drive new health insurance business,positive,0.70371187616298,auto_bootstrap_lr
Business Daily Africa,UK-based asset firm the latest to enter Kenya in partnership deal,"Mon, 20 Jul 2026 17:08:57 GMT",https://www.businessdailyafrica.com/bd/markets/uk-based-asset-firm-latest-to-enter-kenya-in-partnership-deal-5532748,neutral,0.9022870659828186,uk based asset firm latest enter kenya partnership deal,positive,0.5163051307063402,auto_bootstrap_lr
Business Daily Africa,BasiGo targets upcountry EVs with four charging stations,"Mon, 20 Jul 2026 14:32:17 GMT",https://www.businessdailyafrica.com/bd/corporate/companies/basigo-targets-upcountry-evs-with-four-charging-stations-5532500,neutral,0.8008233904838562,basigo target upcountry ev four charging station,negative,0.5023836052068585,auto_bootstrap_lr
Business Daily Africa,"Record Google searches in Kenya as fans chase World Cup stars, stadium culture","Tue, 21 Jul 2026 12:24:23 GMT",https://www.businessdailyafrica.com/bd/corporate/technology/record-google-searches-in-kenya-word-cup-stars-5533284,neutral,0.6822554469108582,record google search kenya fan chase world cup star stadium culture,positive,0.5574984554773064,auto_bootstrap_lr
The East African,Abyei scar reopens as South Sudan lays out polls plan,"Mon, 20 Jul 2026 13:53:28 GMT",https://www.theeastafrican.co.ke/tea/news/east-africa/abyei-scar-reopens-as-south-sudan-lays-out-polls-plan-5532422,neutral,0.9200921654701232,abyei scar reopens south sudan lay poll plan,negative,0.5324302831545351,auto_bootstrap_lr
Kenyans.co.ke,"Britam Unveils New Insurance Package for Over 40,000 ICPAK Members",2026-07-21T19:04:49+0300,https://www.kenyans.co.ke/featured/125477-britam-partners-icpak-offer-tailored-insurance-solutions-40000-members,neutral,0.8145859837532043,britam unveils new insurance package icpak member,positive,0.5686351943157967,auto_bootstrap_lr
Kenyans.co.ke,92 City Homeowners Face Eviction in Fresh Land Row,2026-07-21T13:50:31+0300,https://www.kenyans.co.ke/news/125467-92-kisumu-homeowners-face-eviction-eacc-seeks-recover-prisons-land,neutral,0.7157320976257324,city homeowner face eviction fresh land row,negative,0.5198015328529537,auto_bootstrap_lr
Kenyans.co.ke,Police Suspect Al-Shabaab Involvement After Two Pupils Go Missing,2026-07-21T13:34:05+0300,https://www.kenyans.co.ke/news/125465-police-link-missing-garissa-pupils-suspected-al-shabaab-recruitment,neutral,0.522891640663147,police suspect al shabaab involvement two pupil go missing,negative,0.7278112427833455,auto_bootstrap_lr
Kenyans.co.ke,KDF Expands Security Operations in Eastern DRC,2026-07-21T13:18:51+0300,https://www.kenyans.co.ke/news/125464-kdf-expands-operations-eastern-drc-after-securing-key-corridor,neutral,0.921772301197052,kdf expands security operation eastern drc,negative,0.6021442999501025,auto_bootstrap_lr
Kenyans.co.ke,U.S. Opens New Security Training Programme for Kenyans Ahead of Elections,2026-07-21T13:08:05+0300,https://www.kenyans.co.ke/news/125463-us-opens-grant-train-kenyans-crowd-management-ahead-2027-elections,neutral,0.9398475289344788,u open new security training programme kenyan ahead election,positive,0.7057541796356118,auto_bootstrap_lr
Kenyans.co.ke,NTSA Begins Crackdown on Pedestrians Avoiding Footbridges,2026-07-21T12:54:21+0300,https://www.kenyans.co.ke/news/125462-22-pedestrians-arraigned-ntsa-begins-crackdown-those-avoiding-footbridges,neutral,0.6211869716644287,ntsa begin crackdown pedestrian avoiding footbridge,negative,0.6801920932261543,auto_bootstrap_lr
Kenyans.co.ke,"KFS Announces New Rules for Timber, Wood Product Businesses",2026-07-21T11:26:55+0300,https://www.kenyans.co.ke/news/125458-kfs-announces-new-registration-rules-timber-wood-product-businesses,neutral,0.9393648505210876,kfs announces new rule timber wood product business,positive,0.5322243257323858,auto_bootstrap_lr
NTV Kenya,Inside LSK’s Nationwide Court Boycott | SC Charles Kanjama,"Wed, 22 Jul 2026 07:56:55 +0000",https://ntvkenya.co.ke/arts-lifestyle/inside-lsks-nationwide-court-boycott-sc-charles-kanjama/,neutral,0.5364130139350891,inside lsk nationwide court boycott sc charles kanjama,negative,0.600438774238112,auto_bootstrap_lr
Citizen Digital (via Google News),President Ruto directs security agencies to tame goonism - Citizen Digital,"Tue, 21 Jul 2026 11:49:17 GMT",https://news.google.com/rss/articles/CBMinAFBVV95cUxONHVPNHUyWHZobmNBRmhnZ19oZWF2OHJnVjI5QUtHUlU1REw2UHdwLWthWC1XdVZsczZGc0twcXJRQTJZZUE5S3MwU3VXZmRvZkgteXpMWkRUdEFTTHJ4Y014eVctclNWWHUyWVN0Sl9HUzZaam5hUDd4MG5jeS1DSmlJM3Q4ZnFpTklNSnhrd0JITDUxaTVlTmJEY0E?oc=5,neutral,0.8008396029472351,president ruto directs security agency tame goonism citizen digital,negative,0.5842135844090811,auto_bootstrap_lr
Citizen Digital (via Google News),Ex-Police Spokesman Charles Owino appointed gov't spokesperson in President Ruto's latest reshuffle - Citizen Digital,"Tue, 21 Jul 2026 16:11:40 GMT",https://news.google.com/rss/articles/CBMi0wFBVV95cUxPTk1nLWhTS2RCbkR6ZFJkZ1NHYnFOWHh2WHpZbi1Pc2czMW9CNlJGbmp3eHhRMXJDRjZ2VmdjTkhPZDF0TjR1UnIxRDhHbHpXWG5qcDFfLTVINlVvZkpwX0dFSm5OVU1ybWFkNjhIdDVWTGJWTmFvd0hObXZnNlVOXzRVQVBBb3ZlU3hLU05WSjdyWXR0RmNCbEZTMVVmZENwcHZnV3hXN3JnX3FiMU1IYU9rbzV3YTcyV1BNNFJqTlBIUkhjbHluYWxvM0x5NXZqOTkw?oc=5,neutral,0.9390112161636353,ex police spokesman charles owino appointed gov spokesperson president ruto latest reshuffle citizen digital,negative,0.6402008133040883,auto_bootstrap_lr
Citizen Digital (via Google News),"Three family members arrested, 5 women rescued as online sexual exploitation ring busted - Citizen Digital","Tue, 21 Jul 2026 15:27:08 GMT",https://news.google.com/rss/articles/CBMixgFBVV95cUxPZVpTcmh5dFNBemJhYlpsYmNmSG1EMFAycmhfV1NabmtGX3BoZzJTdVBjUW1LY1V5TUd4Y0Q1TkVMT2xpY013aEpudVpuQUF2WTJOT2VNTjlDaGdSWktmcF9KcmFwbGc5RU1GSzkwOThPVVBjRU1jTU1BWFota0twc3NWN256OG9EelZCbHJxS24td3dMRUdQcFUzX24zS3VlUUpkTk1tU0gxMDY5dkpoV0NUOGZSOEZNaUtSRmJ0dWxsZGNVZVE?oc=5,neutral,0.5056996941566467,three family member arrested woman rescued online sexual exploitation ring busted citizen digital,negative,0.7342956706670167,auto_bootstrap_lr
Citizen Digital (via Google News),US actress Skai Jackson apologises to Kenyans over controversial mirror remarks - Citizen Digital,"Mon, 20 Jul 2026 19:42:00 GMT",https://news.google.com/rss/articles/CBMiuwFBVV95cUxNSWUxUU52b0lPQ3M0c2ktUjJjTTB6MndRdUVla0tzcjNJcHkxdWpiVU55Mm95QW8yTFVfeWFMUS1JQ2dmRDBsbkljLTd4dkdPbWR6cW1WeTUzZzFiRGVWaVFSVDdLa09aUDJRcDFlejA3UGFUS2l2Zm5WMTFxVU83ckRGaVdpUWpvc2FoR1UyQjk1dllEUDdhcTBESGxyWjZtTTNwQVE3Ylc0YWlkdzZXR1JhUUFBeF9IdHpF?oc=5,neutral,0.8435803055763245,u actress skai jackson apologises kenyan controversial mirror remark citizen digital,negative,0.6484571213916204,auto_bootstrap_lr
Citizen Digital (via Google News),WATCH LIVE: Albert Ojwang Murder Trial at Kibra Law Court - Citizen Digital,"Mon, 20 Jul 2026 07:49:02 GMT",https://news.google.com/rss/articles/CBMinAFBVV95cUxPU0hxcnNxZW0zVG82VUN6djJOdnNDRjc1LVg0YXJOWXpZWUVGRWJIUHluUmJCeFhDVHgyWWRycENrdmN4dm1qUVlxSXAxR2xzREpDSUg2S3VJYXFQV3BKem9RNTdLNExQWjFmVmY0aHRGdjJNTnh1YWxVMTRqTHhmTk9SS1A2Smd0clFSZnJKWm10S2JmaFlrQmhKWlI?oc=5,neutral,0.9005439281463623,watch live albert ojwang murder trial kibra law court citizen digital,negative,0.63842362250246,auto_bootstrap_lr
Citizen Digital (via Google News),"Duale dismisses Gachagua's Ol Kalou victory celebrations, says race was between DCP and Jubilee - Citizen Digital","Tue, 21 Jul 2026 17:32:15 GMT",https://news.google.com/rss/articles/CBMisgFBVV95cUxOQ3dUWkh0YzNXc3dOTkVzbnRLZjBQZHgyUjZWcV90OWJoXzByU3lhVWlzbTA3bGRjc280TUN3M0NMSjFxSWpYRWduREFFX05OSjZOQ2pJU3p6Tk5nTm9hOFZOUHB3dV9Ob19rd1ZCNHFWSnlNdFBDWlNjeDdFRFd2NV8tekFkTDlYVVdHS25DVHM5cV9QMVNXZG9FOUhpY2c5ODl1cWxzQmNZa1hSQlM3ejBR?oc=5,neutral,0.7344862222671509,duale dismisses gachagua ol kalou victory celebration say race dcp jubilee citizen digital,negative,0.5007801681696543,auto_bootstrap_lr
Citizen Digital (via Google News),Judge Muchelule's missing gun recovered from Westlands robbery suspect killed by police - Citizen Digital,"Wed, 15 Jul 2026 20:37:08 GMT",https://news.google.com/rss/articles/CBMivAFBVV95cUxNZk9ORXVfU3BGQ1hyMzhvU3pKWEw1dHREcExJQjFwaXl5bHk2dlBCLVJ4MzR6bjJFcThUU0F2Y3E1RFVDQ2I4NW5pVi1kUGV6XzQ1M3BjX1ZYdDcxWGFrRDF4cEltNDZDYlJuRkx2VFFhSVoxNTJYNWRQUzV0ZjZDaURLTnAyMVBJVlprQ2djdmxxY1BrOXBMQ1JENG8xdWY4MUZNeVNNRGc2VkN6ZHctUHdIUy1nbE1XU1ZBWA?oc=5,neutral,0.7685431838035583,judge muchelule missing gun recovered westlands robbery suspect killed police citizen digital,negative,0.8090962499150322,auto_bootstrap_lr
Citizen Digital (via Google News),"IG Kanja, DIG Lagat, PS Ololtuaa summoned in court over Gatoto school management - Citizen Digital","Mon, 20 Jul 2026 12:24:34 GMT",https://news.google.com/rss/articles/CBMiugFBVV95cUxQVjE0OXFvOUtPQWtYZ0xIbWNvYnBNYmNsRWFFTEp3ZU1KQWVrQVFvTi04RDU0eklUU2dFLTIxRTgtOGhzVVVCcnltNG1sdDN4V0lqYllRak9veDdZazVuTUZFU0x6ZU1XNFNrYXVzaGJVUEZsZFRUMnk4bWFjdGMtcUF2TzR4dFQ1SnNSR2tyUHhpUFhXY3FUM2U0YWI2LUNvZGtzNUhSaGgySC1xR0dKWWg1SGJHT3hZWnc?oc=5,neutral,0.8276525735855103,ig kanja dig lagat p ololtuaa summoned court gatoto school management citizen digital,negative,0.60812631205866,auto_bootstrap_lr
Citizen Digital (via Google News),"Citizen Digital - Breaking News, Latest News, Kenya Politics, Business, Sports & TV - Citizen Digital","Thu, 21 Oct 2021 04:21:50 GMT",https://news.google.com/rss/articles/CBMiQkFVX3lxTE8tM1hfbzNHMXhrVXA2TUtUYlE1eXVtNHNvd0JzaGd2SEp0eXlwZTQ2TGw0a2VVMi1BUm5yUzlPQUo0Zw?oc=5,neutral,0.9283106923103333,citizen digital breaking news latest news kenya politics business sport tv citizen digital,negative,0.5498590538254339,auto_bootstrap_lr
Citizen Digital (via Google News),CCTV footage shows Albert Ojwang alive moments before being locked in police cells - Citizen Digital,"Tue, 21 Jul 2026 15:11:03 GMT",https://news.google.com/rss/articles/CBMivwFBVV95cUxPZEdqbi0zbERYOHo5OGY4aVp3dnhNVzR1ZlF2S3VoejZwNXNoQ1JCZ3U4c3dsY08yMUEwdjJVX2o2WUJFOVdlSkVrWFJlWjBkcTFuQ1dHNG5UR1JRQzRVcGdtRzczQjJFQVYxY3NLd2haUXAzYk4ta2txZGd3dnVKaG4zOXJOUnJZZDZXZzFFSzBhTFVfbUtqc1FEZUNIMWl4RGlkODhheHEzZ0pWZ3ZSbU5LRnluSExFUUFvbmlkVQ?oc=5,neutral,0.9254972338676452,cctv footage show albert ojwang alive moment locked police cell citizen digital,negative,0.6658677754661463,auto_bootstrap_lr
Citizen Digital (via Google News),Judge Muchelule records statement as police probe missing gun used in Westlands robbery - Citizen Digital,"Thu, 16 Jul 2026 18:36:07 GMT",https://news.google.com/rss/articles/CBMixgFBVV95cUxQUkVqOEhVbjN5ZDBVMy14UUVlUnhRSkkyQ084aFF0RW9sQ2FZYmw2RG1zVDBQZnVCWHJUa3BKSF8zdzhJZDMzTWdtajdldHJjT203WXhzcDdxcWRyMDdTSUo2WHBDWmw1Z215TW9DVkVreVBUTmZtUXVJZGU5d004WWtDMG5VZl9xbGtpSTVsTGlpZmFuNG1hMUtrTmlLSGcyTDZFXzF2YUJKanh4bjlTbjJscVVVS3pXNlBNRkpGSElGTXp3c1E?oc=5,neutral,0.8687378168106079,judge muchelule record statement police probe missing gun used westlands robbery citizen digital,negative,0.6447403589062676,auto_bootstrap_lr
Citizen Digital (via Google News),Spanish World Cup celebrations detected by seismic sensors after final goal - Citizen Digital,"Mon, 20 Jul 2026 19:42:00 GMT",https://news.google.com/rss/articles/CBMitgFBVV95cUxOVkdKZEFIU1pqZVA4UEtOeERsUnlLVHBnaHQ3cXIyRjZZUlJiN2F6enFqM1hNcUdlN2NjSnNKR3dwamQ0TzM4c0ZkT0NGTDVhS0Y4RmdwODRrc2hkOGFnLW5qUjVaTi1LUGc2SzRHNDlUallnamxNcUwzcWNTUk1femU3d2tEb19jTFBLbmZfUm15YjBTSjNfWWY3VDJ4M2VKU2kyYmlnOF9sZUxQTkhWOWlyXzRCQQ?oc=5,neutral,0.7817968130111694,spanish world cup celebration detected seismic sensor final goal citizen digital,positive,0.5491056309025888,auto_bootstrap_lr
Citizen Digital (via Google News),Search - Citizen Digital,"Sun, 23 Nov 2025 22:26:22 GMT",https://news.google.com/rss/articles/CBMiREFVX3lxTE9SdDJ4ODhBRVJuU2kyZzNlaUJhMmktNTh0bXZ1Q2s2eHFyUXJRWVFqY05ZWjNMdmV6ZWNYdEQ3ZlU0ci1M?oc=5,neutral,0.9051457047462464,search citizen digital,negative,0.6762423507815151,auto_bootstrap_lr
Citizen Digital (via Google News),Family seeks justice after kin was killed during Ol Kalou by-election - Citizen Digital,"Sun, 19 Jul 2026 17:53:20 GMT",https://news.google.com/rss/articles/CBMirgFBVV95cUxOdkhXNy1SN1hSZ2xaQmZIXy1PZlFiaGl1bi1YVVllVUkxTUJOWmpYWF9pRVpwTlJXcnNzYjZCdzZjNnI3M0t0Z0g0ZnF2Q2RIVjFCd3NhLTFLbHpfelBibG0yOFpJczBJWjRGLWRJNXM3blZfelk5em1OVVJETjBEeVlVT0dTR2ZnZTM1WnJuc0J4VXR6MzRwMm9hUkNhcGVnMHI3Vm1GQTNqcldpMHc?oc=5,neutral,0.5837124586105347,family seek justice kin killed ol kalou election citizen digital,negative,0.5859183309884454,auto_bootstrap_lr
Citizen Digital (via Google News),Ol Kalou by-election mirrors what awaits Ruto in 2027 - MP-elect Ngotho - Citizen Digital,"Mon, 20 Jul 2026 06:46:19 GMT",https://news.google.com/rss/articles/CBMirgFBVV95cUxQdUpBV0MtV3psN1JHbVNhaDhuMmFmU3hyOTAzWkc3aExPQlo5cXF2bVdNZVMyNFVXS1F1cEJRS09BdEFkd2xFS0VRNzg1VjBSNjdlY1FTNXZPNXloNmwtalNTd19NWU9KNHhQcHNNLTV5OHJvVHNNMTZ2dXAybEZtX2VVeFhEY1dzZFEyVHE3eUQ4Z0Q1bzBKTS1CUWdFSnFQUWxBTmVnbGVxaUJ2S3c?oc=5,neutral,0.9196195006370544,ol kalou election mirror awaits ruto mp elect ngotho citizen digital,negative,0.5656700501831045,auto_bootstrap_lr
Citizen Digital (via Google News),Judiciary assures normal court proceedings ahead of lawyers boycott - Citizen Digital,"Mon, 20 Jul 2026 12:01:53 GMT",https://news.google.com/rss/articles/CBMiqwFBVV95cUxPS0hHaG5ja3NNSTJETnNPNzBmbzVuUTVGTU9VNDVUbjZuN25HLXgxNllZc1l3UU9fNnRKTzF2Nm9KMkoySHljcnUwRW9SS213ZGJGOFBvNndjeWRNb0xwT20tQ05PUGRqZDJqMXdyREtNQUtuaFZIekNBZE96VTNMZjJnbm1iLWM0U1FGVmlrNDV6Q1FHY1FhZGpVYjgwVHc5M3FWQlBrakpzWEk?oc=5,neutral,0.8362085819244385,judiciary assures normal court proceeding ahead lawyer boycott citizen digital,negative,0.5772447721351089,auto_bootstrap_lr
Citizen Digital (via Google News),EACC moves to recover Ksh.790M grabbed Kenya Prisons land in Kisumu - Citizen Digital,"Tue, 21 Jul 2026 15:41:27 GMT",https://news.google.com/rss/articles/CBMiqgFBVV95cUxNaUVWQk5LZjl2NXM4TU5PV0R3U3Ewd2N4QTBNTjNqSWk2WTduYkNlWVl2QkFVYkhRa05pOUhwNndtSU1TWE13NjlsV0JiSVBPVkRGRU5QV2xYenU3VTJyMDNZTHA3bEVQeWp2QkNERGpiOHU3QlRoV1JmR3VUTllyUGZqcEhvOEJIdXdnckVYemJKM0pYMDg5bmV3TFQ2ZjNKeEdDcDFxVTQzZw?oc=5,neutral,0.9310972690582277,eacc move recover ksh grabbed kenya prison land kisumu citizen digital,negative,0.5525833256033189,auto_bootstrap_lr
Citizen Digital (via Google News),Andy Burnham set to take over as new British PM - Citizen Digital,"Mon, 20 Jul 2026 10:21:01 GMT",https://news.google.com/rss/articles/CBMijgFBVV95cUxNQW1TMWVnWno2QVZIUVdpUW9FbjVKR19rdmJkZXdFUFdVV3hlNjRSWjNSRjE2U0VEMEdtYnJ6U0taQ1JIeUViWVQ2NV9oZk5qRUdnZjVZRlNMd0J2TlZaZnF6NnV6ZFB3bkNjSVN4bXg5aklUVVhnVzRUZTRJYmkzX2xtS1lINk8xTERIb3Bn?oc=5,neutral,0.9376051425933838,andy burnham set take new british pm citizen digital,positive,0.5838351213962805,auto_bootstrap_lr
Citizen Digital (via Google News),Trump says US 'not finished at all' with Iran - Citizen Digital,"Wed, 22 Jul 2026 03:02:28 GMT",https://news.google.com/rss/articles/CBMiiwFBVV95cUxPMjg3SmlVWFVXYTZtZ1FiTkRLOHlWUGFwUWZNTmNKNjVlczVuTzY0ZlFGVHpKeWstazMyWXNHTWlHOUVuUXBGX2ZJTTNsRDZldXREeVRXSm5YdlhMMzZVZjBQMXhSMlBfc0wzYnR0QXZhVTBFMkRBWmVZRHVLRm1CV2FySEJRQzUzZ2pn?oc=5,neutral,0.6629940271377563,trump say u finished iran citizen digital,negative,0.7470072470394302,auto_bootstrap_lr
Citizen Digital (via Google News),Ruto pledges deeper Kenya-UK ties in message to new PM Andy Burnham - Citizen Digital,"Mon, 20 Jul 2026 18:15:57 GMT",https://news.google.com/rss/articles/CBMiqwFBVV95cUxOaWV5SUVVNXozWG45V3RJT1h2VjlyZmZzdmQ1NlppLW5fTlNRRlViSnF4X3M1QS1DbndIaG9JUV80V3UyRWhNVFpBWTlVR3dBSmNocWVDSlZ1Q1hGWXpVcWJ5ckc0VzJqOVBRZV95V1dGR1VxWEV6YzUzcU1sOVN2ejJxR05aUXVtR2J6cFJwN2szZzdSTXV4YnJfclNVQk5tdDVoRFVaZVZtd0k?oc=5,neutral,0.896017849445343,ruto pledge deeper kenya uk tie message new pm andy burnham citizen digital,positive,0.5338732501206499,auto_bootstrap_lr
Citizen Digital (via Google News),Chile declares state of emergency over deadly rainfall - Citizen Digital,"Tue, 21 Jul 2026 04:12:44 GMT",https://news.google.com/rss/articles/CBMimgFBVV95cUxPdHNwLU03S3RueE1VZUZacnBRV1o5MEpqRGgxZG1fclZYZ0xRR1ltRFZGVm9DTU5zVWlVV0RZckhtTml6RGhYSzJ3ZkduclFnUFdJYmlQYmRESi1WVXpnLTBRd0pvTm1KcmZtLTFLcEllNy1zNUIzYTZJZDVxZy1vMmRsQUxVYll5WGJKdVRILVhSZWNGWmxtU0dR?oc=5,neutral,0.5389647483825684,chile declares state emergency deadly rainfall citizen digital,negative,0.5746143602805954,auto_bootstrap_lr
K24,"Highskul Moto: Inside Jaymohdecin’s film exploring school-burning crisis, boarding chaos","Wed, 22 Jul 2026 07:38:47 +0000",https://k24.digital/entertainment/movies/highskul-moto-inside-jaymohdecins-film-exploring-school-burning-crisis-boarding-chaos,neutral,0.6498730182647705,highskul moto inside jaymohdecin film exploring school burning crisis boarding chaos,negative,0.5875536707276093,auto_bootstrap_lr
K24,Rebel Wilson cleared in defamation case brought by actress in her own film,"Wed, 22 Jul 2026 07:19:37 +0000",https://k24.digital/entertainment/celebrity/rebel-wilson-cleared-in-defamation-case-brought-by-actress-in-her-own-film,neutral,0.8035789728164673,rebel wilson cleared defamation case brought actress film,negative,0.5589837746437742,auto_bootstrap_lr
K24,Inside Chelsea and Xabi Alonso’s 6-match preseason schedule ahead of 2026/27 season,"Wed, 22 Jul 2026 05:49:23 +0000",https://k24.digital/sports/epl/inside-chelsea-and-xabi-alonsos-6-match-preseason-schedule-ahead-of-2026-27-season,neutral,0.964863896369934,inside chelsea xabi alonso match preseason schedule ahead season,positive,0.5683919367832956,auto_bootstrap_lr
K24,King Kalala warns trolls after surprise pregnancy announcement,"Wed, 22 Jul 2026 05:10:59 +0000",https://k24.digital/entertainment/celebrity/king-kalala-warns-trolls-after-surprise-pregnancy-announcement,neutral,0.5209041833877563,king kalala warns troll surprise pregnancy announcement,negative,0.6118099496666164,auto_bootstrap_lr
K24,World Cup: Enzo Fernandez defends Argentina after final red card and post-match chaos,"Tue, 21 Jul 2026 18:23:32 +0000",https://k24.digital/sports/world-cup/world-cup-enzo-fernandez-defends-argentina-after-final-red-card-and-post-match-chaos,neutral,0.7729178667068481,world cup enzo fernandez defends argentina final red card post match chaos,positive,0.5215905879474134,auto_bootstrap_lr
KBC,"CDC calls for urgent action as Ebola cases top 2,400 in DR Congo","Wed, 22 Jul 2026 07:30:04 +0000",https://www.kbc.co.ke/cdc-calls-for-urgent-action-as-ebola-cases-top-2400-in-dr-congo/,neutral,0.7586253881454468,cdc call urgent action ebola case top dr congo,negative,0.5579875594286041,auto_bootstrap_lr
KBC,"Carney to intensify trade talks with Trump, warns all options on table","Wed, 22 Jul 2026 07:01:50 +0000",https://www.kbc.co.ke/carney-to-intensify-trade-talks-with-trump-warns-all-options-on-table/,neutral,0.9097950458526612,carney intensify trade talk trump warns option table,negative,0.7403036979769311,auto_bootstrap_lr
KBC,France passes law banning under-15s from social media,"Wed, 22 Jul 2026 06:56:13 +0000",https://www.kbc.co.ke/france-passes-law-banning-under-15s-from-social-media/,neutral,0.6216319799423218,france pass law banning social medium,negative,0.5840352126266823,auto_bootstrap_lr
KBC,How China’s AI innovation could inspire elderly care in Kenya,"Wed, 22 Jul 2026 05:45:57 +0000",https://www.kbc.co.ke/how-chinas-ai-revolution-could-inspire-elderly-care-in-kenya/,neutral,0.506653904914856,china ai innovation could inspire elderly care kenya,positive,0.6114196308027743,auto_bootstrap_lr
Kenya News Agency,Water hyacinth offers livelihoods to lake communities despite health risks,"Wed, 22 Jul 2026 08:16:28 +0000",https://www.kenyanews.go.ke/water-hyacinth-offers-livelihoods-to-lake-communities-despite-health-risks/,neutral,0.5240880846977234,water hyacinth offer livelihood lake community despite health risk,negative,0.6042664739905867,auto_bootstrap_lr
Kenya News Agency,Judiciary urge lawyers to drop planned court boycott,"Wed, 22 Jul 2026 08:13:57 +0000",https://www.kenyanews.go.ke/judiciary-urge-lawyers-to-drop-planned-court-boycott/,neutral,0.6804516911506653,judiciary urge lawyer drop planned court boycott,negative,0.5663748106174309,auto_bootstrap_lr
Capital FM Kenya,China Pledges Deeper Security Cooperation With Kenya as Global Tensions Rise,"Wed, 22 Jul 2026 06:35:13 +0000",https://capitalfm.africa/china-pledges-deeper-security-cooperation-with-kenya-as-global-tensions-rise/,neutral,0.8506699800491333,china pledge deeper security cooperation kenya global tension rise,positive,0.6092243358392119,auto_bootstrap_lr
Kenya News Agency,Kaburwo elders’ chairman urges peaceful political campaigns,"Wed, 22 Jul 2026 08:20:47 +0000",https://www.kenyanews.go.ke/kaburwo-elders-chairman-urges-peaceful-political-campaigns/,neutral,0.8531361818313599,kaburwo elder chairman urge peaceful political campaign,negative,0.5122691827533801,auto_bootstrap_lr
Capital FM Kenya,Gachagua warns voters may arm themselves ahead of 2027,"Wed, 22 Jul 2026 18:06:38 +0000",https://capitalfm.africa/gachagua-warns-voters-may-arm-themselves-ahead-of-2027/,neutral,0.6056298017501831,gachagua warns voter may arm ahead,negative,0.5961014109661559,auto_bootstrap_lr
Capital FM Kenya,"Digital posts carry same legal consequences as public speeches, NCIC warns as election rhetoric escalates","Wed, 22 Jul 2026 17:43:08 +0000",https://capitalfm.africa/digital-posts-carry-same-legal-consequences-as-public-speeches-ncic-warns-as-election-rhetoric-escalates/,neutral,0.4947697818279266,digital post carry legal consequence public speech ncic warns election rhetoric escalates,negative,0.6205756242148035,auto_bootstrap_lr
Capital FM Kenya,Govt gives team seven days to chart reopening of Marsabit’s Hillo Gold Mines,"Wed, 22 Jul 2026 17:23:27 +0000",https://capitalfm.africa/govt-gives-team-seven-days-to-chart-reopening-of-marsabits-hillo-gold-mines/,neutral,0.9275899529457092,govt give team seven day chart reopening marsabit hillo gold mine,positive,0.597349203942147,auto_bootstrap_lr
NTV Kenya,Kenyans evacuated from South Africa return home to new set of challenges,"Wed, 22 Jul 2026 12:52:10 +0000",https://ntvkenya.co.ke/news/kenyans-evacuated-from-south-africa-return-home-to-new-set-of-challenges/,neutral,0.6792545318603516,kenyan evacuated south africa return home new set challenge,positive,0.5770135519183656,auto_bootstrap_lr
NTV Kenya,Africa’s top health official asks US to lift Ebola-related travel restrictions on Uganda,"Wed, 22 Jul 2026 08:41:56 +0000",https://ntvkenya.co.ke/news/africas-top-health-official-asks-us-to-lift-ebola-related-travel-restrictions-on-uganda/,neutral,0.9079942107200624,africa top health official asks u lift ebola related travel restriction uganda,positive,0.5338892772379051,auto_bootstrap_lr
NTV Kenya,CCTV captures Albert Ojwang’s final moments at Nairobi Central Police Station,"Wed, 22 Jul 2026 08:31:12 +0000",https://ntvkenya.co.ke/news/cctv-captures-albert-ojwangs-final-moments-at-nairobi-central-police-station/,neutral,0.9299558401107788,cctv capture albert ojwang final moment nairobi central police station,negative,0.5340800301697359,auto_bootstrap_lr
Citizen Digital (via Google News),Ruto is doing guesswork on university funding model - Malala - Citizen Digital,"Wed, 22 Jul 2026 12:21:55 GMT",https://news.google.com/rss/articles/CBMinwFBVV95cUxNSHZXNGpuYnA0TzlVSnRFQy1yLVAwOEdVN0tqY2VOT05ZX3Nfdm1xUHd1dWduaklWUXFqUmxCV2RnbTFjTWUwcG1vcTVLTDhqQ1NZUFFJS3hMVk9sSG5rcmZwYzJiUkgtcTdEM0pBcks1b3JjdHVwUGhMck82d090aGE3cm9uTWxuckFfbzlyc1pGZk9WN1ZWMFNGT3dZYUU?oc=5,neutral,0.8876899480819702,ruto guesswork university funding model malala citizen digital,negative,0.5163542277845463,auto_bootstrap_lr
Citizen Digital (via Google News),Kangema Principal Magistrate relieved from duty pending probe on graft allegations - Citizen Digital,"Wed, 22 Jul 2026 11:20:19 GMT",https://news.google.com/rss/articles/CBMivwFBVV95cUxOVTF2T29QYU5HcTYyT3U3WVFIanNYSFdPRGJuTlR4TV85RFprNFJLTzRoVmJrQjBKYi1OWk5RZ0RuZExJSVhxbEZRZVZtM1JsYS1PZ0Y5WjFNR0E4ckNXUU9OWXdFbGl2X0kwV0dfaU12WHNWeWYtdklQN1piakg2V0NDbmNqWElmNjcxNERscmVJMU1jLVp5eFpSQnhWNnI5OWJ1SXlwMENaMmg3RXVYdHhXU3FEYUI3T0dIRU4wZw?oc=5,neutral,0.7072667479515076,kangema principal magistrate relieved duty pending probe graft allegation citizen digital,negative,0.7507162029985002,auto_bootstrap_lr
Citizen Digital (via Google News),"Premier League referee Taylor retires, bemoans 'constant scrutiny' - Citizen Digital","Wed, 22 Jul 2026 04:55:35 GMT",https://news.google.com/rss/articles/CBMipgFBVV95cUxOdE45Q2dWTUU4azVFNkVTd244bVdTVU02OWRfYXMzQUU1cVdVakxlNEpFek5sdmRJVENGSzd3T1pyaHM4bEdpU08wZlFyTEk4Qm1CcW9BMkRmdkM5R01wNUZNR0JKbE9ETV9USXF0N29rNFlORXlLbS1TWTgxOUtOcEZrU2pFQlQ4ZF9mOWg0d1JRYW1ramw1NlVVWktxMkVxczFrTUFB?oc=5,neutral,0.8655794858932495,premier league referee taylor retires bemoans constant scrutiny citizen digital,negative,0.5820075507701427,auto_bootstrap_lr
Citizen Digital (via Google News),Duped or spun with juju: how sex trade trafficks Nigerian women - Citizen Digital,"Wed, 22 Jul 2026 04:43:07 GMT",https://news.google.com/rss/articles/CBMiogFBVV95cUxNeFVEMW1vZjhiQlRDS1NCX3F1ZHlWaEktcGlVUlhwYTVkVkhBWWIwSTUtcXZnZGZfZURkRW4yb01yNkN4UTM2NENrMWYzWTBRRHFGaTR5ZUJzcXp0MEZYaHNuSzNmYU8wOExoTWVqMzdIbkptaEYxQ1RlODBiX0o5YVQ1NzJvb0hiQnExM1hxUm12YkdfOEpQV3otaWFCUnozdlE?oc=5,neutral,0.7627970576286316,duped spun juju sex trade trafficks nigerian woman citizen digital,negative,0.5408350268271069,auto_bootstrap_lr
Citizen Digital (via Google News),John Methu: The scruffy 35-year-old 'Mountain' Senator whose political star just got brighter - Citizen Digital,"Wed, 22 Jul 2026 11:34:46 GMT",https://news.google.com/rss/articles/CBMiygFBVV95cUxNb3htblRVdzhNalVrYkVnSE9aOHNveEp3RkdTTmZBcFVuWUtUTXdUUTlVbnJPdDVGUkI3VGNla29wQnlrblJNZkNXTEE1UnJKdjlNMURlOW5NWXBsNVZ4cG1mQ3VMZmRYU1FKTUtnblE0blNZUzR2Um9WdlhxMnNseEZsQTVNR0dMdExiR0ZyeE9PSmRDSDR0T3JRYy1oVzh6eW15X0w5U2RSNFlKeW9valZBRExybXVtRmFKejY5SFQ3aFl4SGVUVDF3?oc=5,neutral,0.7131733894348145,john methu scruffy year old mountain senator whose political star got brighter citizen digital,negative,0.6318792409328913,auto_bootstrap_lr
Citizen Digital (via Google News),Bezos holds talks with group interested in buying Liverpool stake - Citizen Digital,"Wed, 22 Jul 2026 13:10:21 GMT",https://news.google.com/rss/articles/CBMiqAFBVV95cUxQSVJzV3FHUkM2VjdfdkhXNHpKbzZpQjdhdkMwM0htQ3BuSmR3QXFiVmU2aXdCNWdHbVFYd2VaaFNlSGpvbDBRWUJnbncteEUzWXN6aWlaOFFLNTN1UU9YZ0tjc1NuTDBQSm5RS09SMTZCd2RMSk0wLXRKc0UtWWQtdWF6UXloOWRfZ3EzRW1LOEZMbER6bjFWWEdCVWp5RlBweC1sNWs4ak8?oc=5,neutral,0.9266172051429749,bezos hold talk group interested buying liverpool stake citizen digital,negative,0.5101302521868257,auto_bootstrap_lr
K24,"WhatsApp rolls out in-car calling, iPad sign-ups and other new features","Wed, 22 Jul 2026 16:52:10 +0000",https://k24.digital/lifestyle/technology/whatsapp-rolls-out-in-car-calling-ipad-sign-ups-and-other-new-features,neutral,0.5465137362480164,whatsapp roll car calling ipad sign ups new feature,positive,0.6404247741852785,auto_bootstrap_lr
K24,Phil Foden commits future to Manchester City with fresh 2030 contract,"Wed, 22 Jul 2026 15:20:26 +0000",https://k24.digital/sports/epl/phil-foden-commits-future-to-manchester-city-with-fresh-2030-contract,neutral,0.6123746633529663,phil foden commits future manchester city fresh contract,positive,0.5693743994868882,auto_bootstrap_lr
K24,2030 in focus: Nigeria and 9 teams targeting World Cup comeback,"Wed, 22 Jul 2026 12:18:27 +0000",https://k24.digital/sports/world-cup/2030-in-focus-nigeria-and-9-teams-targeting-world-cup-comeback,neutral,0.8089686036109924,focus nigeria team targeting world cup comeback,positive,0.6295944733955515,auto_bootstrap_lr
K24,13 records broken at FIFA World Cup 2026,"Wed, 22 Jul 2026 11:48:07 +0000",https://k24.digital/sports/world-cup/13-records-broken-at-fifa-world-cup-2026,neutral,0.6210403442382812,record broken fifa world cup,positive,0.5343544171912756,auto_bootstrap_lr
KBC,Kenya backs IGAD peace efforts in Horn of Africa,"Wed, 22 Jul 2026 18:23:52 +0000",https://www.kbc.co.ke/kenya-backs-igad-peace-efforts-in-horn-of-africa/,neutral,0.8129854798316956,kenya back igad peace effort horn africa,positive,0.6007207175683621,auto_bootstrap_lr
KBC,PS Oluga calls for stronger African health systems at AU meeting,"Wed, 22 Jul 2026 17:48:02 +0000",https://www.kbc.co.ke/ps-oluga-calls-for-stronger-african-health-systems-at-au-meeting/,neutral,0.5063942074775696,p oluga call stronger african health system au meeting,negative,0.5187046797978013,auto_bootstrap_lr
KBC,Mudavadi orders review of EAC resolutions to boost regional integration,"Wed, 22 Jul 2026 16:25:05 +0000",https://www.kbc.co.ke/mudavadi-directs-joint-review-of-eac-summit-resolutions-to-boost-regional-integration/,neutral,0.6852560043334961,mudavadi order review eac resolution boost regional integration,positive,0.6693466978831015,auto_bootstrap_lr
KBC,Politicians risk security withdrawal over goons,"Wed, 22 Jul 2026 13:29:40 +0000",https://www.kbc.co.ke/politicians-risk-security-withdrawal-over-goons/,neutral,0.4969286620616913,politician risk security withdrawal goon,negative,0.7557296889289501,auto_bootstrap_lr
KBC,Police arrest serial robbery suspect in Garissa,"Wed, 22 Jul 2026 10:45:48 +0000",https://www.kbc.co.ke/police-arrest-serial-robbery-suspect-in-garissa/,neutral,0.5415741205215454,police arrest serial robbery suspect garissa,negative,0.7992954840736266,auto_bootstrap_lr
Kenya News Agency,Malindi DCC warns residents against rogue religious groups,"Wed, 22 Jul 2026 12:33:07 +0000",https://www.kenyanews.go.ke/malindi-dcc-warns-residents-against-rogue-religious-groups/,neutral,0.659747838973999,malindi dcc warns resident rogue religious group,negative,0.5616206879983081,auto_bootstrap_lr
Standard - Politics,Gachagua: Voter numbers to determine Opposition's flagbearer,"Thu, 23 Jul 2026 08:30:00 +0300",https://www.standardmedia.co.ke/politics/article/2001553519/gachagua-voter-numbers-to-determine-opposition-s-flagbearer,neutral,0.90957772731781,gachagua voter number determine opposition flagbearer,negative,0.5904461934431335,auto_bootstrap_lr
Standard - Politics,Uproar greets decision to shift Mashujaa Day national fete from Iten to Eldoret,"Thu, 23 Jul 2026 00:00:00 +0300",https://www.standardmedia.co.ke/politics/article/2001553516/uproar-greets-decision-to-shift-mashujaa-day-national-fete-from-iten-to-eldoret,neutral,0.7997837066650391,uproar greets decision shift mashujaa day national fete iten eldoret,positive,0.5383315020116534,auto_bootstrap_lr
Standard - Business,AI catches up with humans to score 100pc at top maths contest,"Thu, 23 Jul 2026 09:44:54 +0300",https://www.standardmedia.co.ke/business/article/2001553533/ai-catches-up-with-humans-to-score-100pc-at-top-maths-contest,neutral,0.5639411807060242,ai catch human score pc top math contest,positive,0.5477291781722438,auto_bootstrap_lr
Standard - Business,Developer eyes Nairobi's diplomatic hub with new project,"Thu, 23 Jul 2026 06:00:00 +0300",https://www.standardmedia.co.ke/business/article/2001553496/developer-eyes-nairobi-s-diplomatic-hub-with-new-project,neutral,0.5847325325012207,developer eye nairobi diplomatic hub new project,positive,0.5970615536065393,auto_bootstrap_lr
Standard - Business,Kenya to tap Chinese power expertise to boost manufacturing,"Thu, 23 Jul 2026 06:00:00 +0300",https://www.standardmedia.co.ke/business/article/2001553497/kenya-to-tap-chinese-power-expertise-to-boost-manufacturing,neutral,0.8244069814682007,kenya tap chinese power expertise boost manufacturing,positive,0.6102714383978934,auto_bootstrap_lr
Standard - Business,KMRC's Sh9.4b sustainability bond signals new era for housing finance,"Thu, 23 Jul 2026 06:00:00 +0300",https://www.standardmedia.co.ke/business/article/2001553493/kmrc-s-sh9-4b-sustainability-bond-signals-new-era-for-housing-finance,neutral,0.5826910734176636,kmrc sh b sustainability bond signal new era housing finance,positive,0.5220761360974719,auto_bootstrap_lr
Standard - Business,Kenya urged to invest in its manpower to secure maritime future,"Thu, 23 Jul 2026 06:00:00 +0300",https://www.standardmedia.co.ke/business/article/2001553488/kenya-urged-to-invest-in-its-manpower-to-secure-maritime-future,neutral,0.6991605162620544,kenya urged invest manpower secure maritime future,positive,0.5622636431005524,auto_bootstrap_lr
Standard - Business,EAC stakeholders in new push to end regional trade barriers,"Thu, 23 Jul 2026 00:00:00 +0300",https://www.standardmedia.co.ke/business/article/2001553484/eac-stakeholders-in-new-push-to-end-regional-trade-barriers,neutral,0.83612060546875,eac stakeholder new push end regional trade barrier,positive,0.6257111865763307,auto_bootstrap_lr
Capital FM Kenya,Police Clearance Certificates to Be Issued Within 24hrs Under New Biometric System,"Thu, 23 Jul 2026 08:48:10 +0000",https://capitalfm.africa/police-clearance-certificates-to-be-issued-within-24hrs-under-new-biometric-system/,neutral,0.9235143661499025,police clearance certificate issued within hr new biometric system,positive,0.5054125671011529,auto_bootstrap_lr
Kenyans.co.ke,CS Mutua Declares Nationwide Crackdown on Employers Over Minimum Wage,2026-07-22T13:46:19+0300,https://www.kenyans.co.ke/news/125506-labour-ministry-announces-crackdown-employers-defying-workers-pay-rise-directive,neutral,0.5693420171737671,c mutua declares nationwide crackdown employer minimum wage,negative,0.5379714039019123,auto_bootstrap_lr
Kenyans.co.ke,Nairobi County Approves First Underground Rail Line Beneath CBD,2026-07-22T12:44:27+0300,https://www.kenyans.co.ke/news/125501-nairobi-county-approves-first-underground-rail-line-beneath-cbd,neutral,0.8364467024803162,nairobi county approves first underground rail line beneath cbd,positive,0.5782329763520788,auto_bootstrap_lr
Kenyans.co.ke,NTSA Issues Warning to Kenyans Amid Safety Crackdown,2026-07-22T11:50:20+0300,https://www.kenyans.co.ke/news/125490-ntsa-warns-pedestrians-against-crossing-roads-undesignated-points,neutral,0.8670523166656494,ntsa issue warning kenyan amid safety crackdown,negative,0.5187042264534341,auto_bootstrap_lr
NTV Kenya,Keroche faces auction over Sh22m debt to former employees,"Thu, 23 Jul 2026 10:21:22 +0000",https://ntvkenya.co.ke/politics/keroche-faces-auction-over-sh22m-debt-to-former-employees/,neutral,0.5588168501853943,keroche face auction sh debt former employee,negative,0.5833167680199988,auto_bootstrap_lr
NTV Kenya,"D-day for Obado, two others in Sharon Otieno murder case","Thu, 23 Jul 2026 07:53:59 +0000",https://ntvkenya.co.ke/politics/d-day-for-obado-two-others-in-sharon-otieno-murder-case/,neutral,0.6061260104179382,day obado two others sharon otieno murder case,negative,0.7514960883682826,auto_bootstrap_lr
Citizen Digital (via Google News),WATCH LIVE: Sharon Otieno murder case judgment - Citizen Digital,"Thu, 23 Jul 2026 08:53:00 GMT",https://news.google.com/rss/articles/CBMijgFBVV95cUxPLXJNdUpkOVRPVHEzM2hlaFpNSzRvTjJwYnA2dmI0eUQwUVFneTRkbmJ3SnhwSG5QNTE0U2dxa0FYQUxJR2lQd0E1YmtIbVljNTZwMTFNSjJEbm04SEs0Vm94REhBVFNJelJfVnliYXdIQUpwblZCNk9QS3hXWUJWdk5uTzh0eWpFRzlEdml3?oc=5,neutral,0.8796592950820923,watch live sharon otieno murder case judgment citizen digital,negative,0.6716775770075291,auto_bootstrap_lr
Citizen Digital (via Google News),Orengo accuses Ruto of reducing ODM to a Luo Nyanza party - Citizen Digital,"Thu, 23 Jul 2026 06:17:04 GMT",https://news.google.com/rss/articles/CBMingFBVV95cUxOSWpUSjNfYmk4b0t0QUJWdnFNTEJXR1Qzc3pNX05zaU5mRE1BVnNTSENJSGFHWXltUUZkMWRXQnQ4UlZKWFlKa1M1U0w4RHdZd2dOd0RLR21vWDRjX1B0QkY2VXQ4T3k4MkFhMHdxUjVRcjRveFduRHhPVnhJVXBVR2wwMzMxbThNUWdyUnNqMDJkaVJUX05DZjM1QmJYdw?oc=5,neutral,0.7015051245689392,orengo accuses ruto reducing odm luo nyanza party citizen digital,negative,0.5051108412271241,auto_bootstrap_lr
Citizen Digital (via Google News),"Police delayed taking Albert Ojwang to hospital by 24 minutes, court hears - Citizen Digital","Wed, 22 Jul 2026 16:59:08 GMT",https://news.google.com/rss/articles/CBMiswFBVV95cUxQaGtRQV9VaVE3SHdjRHhwbGc3d3MwM3RHeHlVdk1VN3VkOXh1bGVOcVRBaElqSVRKOTNyN2VyandvWVd0dzZqeGgyejFJWEJGMVZnUmZEWUVJTFdLZ1RDYUh5bl9TMXVoeVpva2VIU3FHbHRvWkZOR2ZtdE5PeHQwTWlPeVFQMWhIY1owWF96cGxSeHBOc0dnZEhDOGV1dDNsTUN2ZlJFejBDSjgzWGNJbEdTUQ?oc=5,neutral,0.6285977363586426,police delayed taking albert ojwang hospital minute court hears citizen digital,negative,0.7045271097466977,auto_bootstrap_lr
Citizen Digital (via Google News),Public participation exercise begins for Ksh.500B Siaya nuclear power plant - Citizen Digital,"Wed, 22 Jul 2026 06:59:13 GMT",https://news.google.com/rss/articles/CBMitAFBVV95cUxPNFZsbzYxcThlbzdPZENOdU14cmQ3RlpSSFNSOXVmQUVNeUZpNEhyRFdxRXBWVXFoekVoR0lqdEltRi1Fc1dkeDdHLVV3V1kyNUtmZ0k2T3NTMk4xb0VRdHdsTjkwOU9VUWJGOThGeERqREZ6WklnMUVDNzZQeTB5SnF0cVNuOElaTnZxbThJZ1M2WjQzT2NuRTRsVlM3VF9TdHZlWTNOSDltcG1SU01veC1rUzE?oc=5,neutral,0.9047268033027648,public participation exercise begin ksh b siaya nuclear power plant citizen digital,negative,0.541328857095746,auto_bootstrap_lr
Citizen Digital (via Google News),Courts sets July 30 for ruling on construction of State lodge in Imenti forest - Citizen Digital,"Tue, 21 Jul 2026 11:59:22 GMT",https://news.google.com/rss/articles/CBMiugFBVV95cUxNV0VVVzgyb0kzREJ4c29tajQ2NnNZTUFuSE1aSEVfc3pPRURKeW12bmFuQmhuMHpQWWlJLW82cWk5bmp1Y2RNQWNVRjdkQ1JWZEhycldDbE9PU2ZDRlZfV005VFlvTnBZTjh5eVA0VlFabFFwWFh1Zlh4bjE3eDlkMzJpeDNFX3J1UHk4U2Zqam1nZmZaRHQxWE9sR29yUTFrMGpuZHlNNmlFVHJPSjBFVEZPb2FSVDBYa2c?oc=5,neutral,0.9294019341468812,court set july ruling construction state lodge imenti forest citizen digital,negative,0.5684351252009494,auto_bootstrap_lr
Citizen Digital (via Google News),Nigerian authorities search for survivors of deadly boat sinking - Citizen Digital,"Tue, 21 Jul 2026 03:01:58 GMT",https://news.google.com/rss/articles/CBMipwFBVV95cUxNVXFqdU1DTE1RRjVTdlFlbzJRb3lVc2o5WXBsM2FNWnlPTE1rYnVPdXd3ZllyR01WUUpmbElnTTRlMTlsb1pJU1hPcmU5SjJDVndvWmJxVlRtei1vTW9SRkUyTDlUemZVNHhjSXd2RXlnNjAyLUNiUm1PbDJmZU1QcGJOXzgxY1dDWVYyOUZWZ2xDZlZiNUI0Z0pyaTlVem81dmJpb1kxZw?oc=5,neutral,0.6049695014953613,nigerian authority search survivor deadly boat sinking citizen digital,negative,0.6370315174391464,auto_bootstrap_lr
K24,Bishop Maina Wa OTC warns Isaac Mwaura of another govt exit after losing spokesperson role,"Thu, 23 Jul 2026 11:30:16 +0000",https://k24.digital/entertainment/celebrity/bishop-maina-wa-otc-warns-isaac-mwaura-of-another-govt-exit-after-losing-spokesperson-role,neutral,0.6277543306350708,bishop maina wa otc warns isaac mwaura another govt exit losing spokesperson role,negative,0.5389688680733344,auto_bootstrap_lr
K24,How price tags ending in 99 trick your brain,"Thu, 23 Jul 2026 08:25:22 +0000",https://k24.digital/lifestyle/money/how-price-tags-ending-in-99-trick-your-brain,neutral,0.6866557598114014,price tag ending trick brain,negative,0.5407702220548823,auto_bootstrap_lr
K24,10 African players who stood out at the 2026 FIFA World Cup,"Thu, 23 Jul 2026 07:04:34 +0000",https://k24.digital/sports/world-cup/10-african-players-who-stood-out-at-the-2026-fifa-world-cup,neutral,0.7822720408439636,african player stood fifa world cup,positive,0.6993270517757264,auto_bootstrap_lr
KBC,Saliba set for extended absence after back injury at World Cup,"Thu, 23 Jul 2026 11:33:13 +0000",https://www.kbc.co.ke/saliba-set-for-extended-absence-after-back-injury-at-world-cup/,neutral,0.5240836143493652,saliba set extended absence back injury world cup,positive,0.715315330831281,auto_bootstrap_lr
KBC,"Casemiro leaves Manchester United, joins MLS side Inter Miami on a free transfer","Thu, 23 Jul 2026 11:26:01 +0000",https://www.kbc.co.ke/casemiro-leaves-manchester-united-joins-mls-side-inter-miami-on-a-free-transfer/,neutral,0.952261745929718,casemiro leaf manchester united join ml side inter miami free transfer,positive,0.514344624458482,auto_bootstrap_lr
KBC,"Wanyonyi, Arop set for 800m showdown at Zurich Diamond League","Thu, 23 Jul 2026 11:19:48 +0000",https://www.kbc.co.ke/wanyonyi-arop-set-for-800m-showdown-at-zurich-diamond-league/,neutral,0.9049472808837892,wanyonyi arop set showdown zurich diamond league,positive,0.5259270982476205,auto_bootstrap_lr
KBC,Murkomen: Police clearance certificates to be issued within 24 hours,"Thu, 23 Jul 2026 08:56:54 +0000",https://www.kbc.co.ke/murkomen-police-clearance-certificates-to-be-issued-within-24-hours/,neutral,0.9062845706939696,murkomen police clearance certificate issued within hour,negative,0.5516634666705994,auto_bootstrap_lr
KBC,"Kenya advances regional integration agenda to unlock trade, investment","Thu, 23 Jul 2026 08:48:10 +0000",https://www.kbc.co.ke/kenya-advances-regional-integration-agenda-to-unlock-trade-investment/,neutral,0.4951469898223877,kenya advance regional integration agenda unlock trade investment,positive,0.5611163544683206,auto_bootstrap_lr
KBC,Kenya deepens partnership with CIVIC to advance civilian protection,"Thu, 23 Jul 2026 08:14:11 +0000",https://www.kbc.co.ke/kenya-deepens-partnership-with-civic-to-advance-civilian-protection/,neutral,0.7543379664421082,kenya deepens partnership civic advance civilian protection,positive,0.5060385440206236,auto_bootstrap_lr
Kenya News Agency,"Govt  steps-up efforts to strengthen emergency, healthcare services","Thu, 23 Jul 2026 11:57:14 +0000",https://www.kenyanews.go.ke/govt-steps-up-efforts-to-strengthen-emergency-healthcare-services/,neutral,0.5696834921836853,govt step effort strengthen emergency healthcare service,positive,0.5939297305127567,auto_bootstrap_lr
Kenya News Agency,Malindi MP woos Coast residents to boost voter numbers,"Thu, 23 Jul 2026 09:07:53 +0000",https://www.kenyanews.go.ke/malindi-mp-woos-coast-residents-to-boost-voter-numbers/,neutral,0.8253772854804993,malindi mp woos coast resident boost voter number,positive,0.5049451185112581,auto_bootstrap_lr
Standard - Business,"Kenya, Dubai launch business council to unlock trade, investment","Thu, 23 Jul 2026 13:58:00 +0300",https://www.standardmedia.co.ke/business/article/2001553579/kenya-dubai-launch-business-council-to-unlock-trade-investment,neutral,0.7648385167121887,kenya dubai launch business council unlock trade investment,positive,0.5358398156511899,auto_bootstrap_lr
Capital FM Kenya,"Ronald Ngala Utalii College to open Sep 1 with first cohort of 1,000 students","Thu, 23 Jul 2026 13:15:09 +0000",https://capitalfm.africa/ronald-ngala-utalii-college-to-open-sep-1-with-first-cohort-of-1000-students/,neutral,0.8975998163223267,ronald ngala utalii college open sep first cohort student,positive,0.535221035663101,auto_bootstrap_lr
Capital FM Kenya,"Murkomen rallies behind IG Kanja, says Kenya ‘safer than ever’ despite Gachagua’s attacks","Thu, 23 Jul 2026 12:13:04 +0000",https://capitalfm.africa/murkomen-rallies-behind-ig-kanja-says-kenya-safer-than-ever-despite-gachaguas-attacks/,neutral,0.7228643298149109,murkomen rally behind ig kanja say kenya safer ever despite gachagua attack,negative,0.581573682440659,auto_bootstrap_lr
NTV Kenya,"Vozinha, Haaland, Mbappe named in fan-voted World Cup dream team","Thu, 23 Jul 2026 12:19:43 +0000",https://ntvkenya.co.ke/news/vozinha-haaland-mbappe-named-in-fan-voted-world-cup-dream-team/,neutral,0.5542792677879333,vozinha haaland mbappe named fan voted world cup dream team,positive,0.6609477410297243,auto_bootstrap_lr
Citizen Digital (via Google News),Obado had motive to eliminate Sharon Otieno - Justice Githua - Citizen Digital,"Thu, 23 Jul 2026 12:04:37 GMT",https://news.google.com/rss/articles/CBMinwFBVV95cUxQdEJjMlVqMkZ2ZU1ERkpINktzOXJOb05ZdFBVbGRVM0NVcWxkQjFIOTJyd19IWUlLOVJhVWlaZGJuaWtIRWxrZURiXzIzT2hsOU9ESEtTNk5CVlJBZnZTQy1XYVI1aWpsZ21IVjlRc19QZTVINmJ6NjlQQ1FlMUxoSUlXT0xvb0N1MDZPYkdubzJjZUt4UU9YMjVjNktFT28?oc=5,neutral,0.684454619884491,obado motive eliminate sharon otieno justice githua citizen digital,negative,0.6217891906418044,auto_bootstrap_lr
Citizen Digital (via Google News),"Probe after 4,060 bullets suspected to be from colonial era found in Moyale - Citizen Digital","Thu, 23 Jul 2026 15:43:42 GMT",https://news.google.com/rss/articles/CBMitAFBVV95cUxNaHJyeFJRREI4eWNqMGtHODE2eVR1T0JMNFlpektwWkhvRHdKazRmYjI2QVFTeHFTMjV0NUdmWHJMdXRFeExaUHdyX0pVNldkZWRNQ1c0SFVvNzFFaWdfS2dPcXBkRFRRUnBoUmExTW5CYURINjZuY05GV1ZXTzM0MWpiOTVwUmx1NHNXVDlEdUMxQWU0dnhHbkVqU3lfb2RKT2ZwM0dXQzdjeDBoYzBveUJ0NGQ?oc=5,neutral,0.6527263522148132,probe bullet suspected colonial era found moyale citizen digital,negative,0.6594591961888933,auto_bootstrap_lr
Citizen Digital (via Google News),Mashujaa Day celebrations to be held in three Rift Valley counties - CS Murkomen - Citizen Digital,"Thu, 23 Jul 2026 15:12:40 GMT",https://news.google.com/rss/articles/CBMiugFBVV95cUxPcGZOTEhseF95MG1XUGFWR2E5bThnM2dOVUlyeTBrZS12dXcxSy1EZVhvbHZScWhkZU1xYlhDUWIwMzNjMGtyMTNRS3Z4NjZEWEYyQ0lVc0g5MXRfVWEzNjBTcHYzdUxkT1ZFSlZXWmRCQWVZX2F6cjN5RXdwZVExWWZKQ081UmJZVUFZTTBXOFlsT1ZzdWRobTRuVHZ4UEg4RnpuQUozTS1pQno1RVp2UHc1d0l2Y1laV2c?oc=5,neutral,0.8897172212600708,mashujaa day celebration held three rift valley county c murkomen citizen digital,negative,0.5758718425900968,auto_bootstrap_lr
Citizen Digital (via Google News),Michael Oyamo convened meeting to deliver Sharon Otieno to her killers - Court - Citizen Digital,"Thu, 23 Jul 2026 12:19:44 GMT",https://news.google.com/rss/articles/CBMitwFBVV95cUxQNTczMzFsUFBaaUdBNW01bW4zZ0ZjTWgwd1VZbzhZclRRWVhIQ0x6dTQ3MFl2c3VyN0RaWHE5cXB5bnM0QzdaN2prNDlLcGRwY1lRNjVIWkNqZHNiZjJDdmNpVkozdHZhVWh6WjRNSnFyRzMzR2gxQklkSE5WM1NkWE5KQmVKa2NXLUg1aWh1dGFZUE1ySG1melBTMEVHYmhNMmpfT3h3SktKYjZxdG94NGNCLWZwWUk?oc=5,neutral,0.8188204169273376,michael oyamo convened meeting deliver sharon otieno killer court citizen digital,negative,0.5686215555035471,auto_bootstrap_lr
Citizen Digital (via Google News),IEBC receives Ksh.1.7B boost from UNDP to support election preparedness - Citizen Digital,"Thu, 23 Jul 2026 13:20:20 GMT",https://news.google.com/rss/articles/CBMirgFBVV95cUxQY0RySmVHcGZob1FxU3hoUlI2aTVfdWwwV3RLS2VBazNxOTRPZ1VxOUFSRWNGaVliOWVZbnlwcFNiLUY4aDBxY3ZyTlFGcllyc2o1UmRDVEtqZ2lLRmRKNFpMRXQwbWFGTkttODB5bWk1VGJhcG9mTEctRlNlOHUtVXI5ZEFmZ2I3ZEtKdGJ1VmlJV1NkM1E2UEdra28zdVJudFpneHl2RUZpa2ZTSEE?oc=5,neutral,0.5829457640647888,iebc receives ksh b boost undp support election preparedness citizen digital,positive,0.556424471273878,auto_bootstrap_lr
K24,Sharon Otieno murder judgment: Court reveals details of pregnancy dispute with Obado,"Thu, 23 Jul 2026 15:17:23 +0000",https://k24.digital/news/sharon-otieno-murder-judgment-court-reveals-details-of-pregnancy-dispute-with-obado,neutral,0.529403805732727,sharon otieno murder judgment court reveals detail pregnancy dispute obado,negative,0.70380839064208,auto_bootstrap_lr
K24,"Veteran goalkeeper Guillermo Ochoa retires after joining exclusive World Cup club alongside Messi, Ronaldo","Thu, 23 Jul 2026 13:54:50 +0000",https://k24.digital/sports/world-cup/veteran-goalkeeper-guillermo-ochoa-retires-after-joining-exclusive-world-cup-club-alongside-messi-ronaldo,neutral,0.8644985556602478,veteran goalkeeper guillermo ochoa retires joining exclusive world cup club alongside messi ronaldo,positive,0.5360604426592617,auto_bootstrap_lr
K24,Kenya U20 captain Amos Wanjala makes first team debut with Valencia,"Thu, 23 Jul 2026 13:05:45 +0000",https://k24.digital/sports/la-liga/kenya-u20-captain-amos-wanjala-makes-first-team-debut-with-valencia,neutral,0.9197441935539246,kenya u captain amos wanjala make first team debut valencia,positive,0.6256883338117699,auto_bootstrap_lr
K24,"2026 WAFCON: Kenya’s group rivals Algeria, lay down marker with win over Zambia","Thu, 23 Jul 2026 12:25:57 +0000",https://k24.digital/sports/2026-wafcon-kenyas-group-rivals-algeria-lay-down-marker-with-win-over-zambia,neutral,0.6313736438751221,wafcon kenya group rival algeria lay marker win zambia,positive,0.5516581037922278,auto_bootstrap_lr
K24,Security tightened at Milimani Law Courts ahead of Sharon Otieno murder case judgment,"Thu, 23 Jul 2026 12:13:28 +0000",https://k24.digital/news/security-tightened-at-milimani-law-courts-ahead-of-sharon-otieno-murder-case-judgment,neutral,0.7639673948287964,security tightened milimani law court ahead sharon otieno murder case judgment,negative,0.5953151815082679,auto_bootstrap_lr
KBC,"Mau, Angata Barikoi, and Cheluget land disputes nearing resolution, says Senator Cheruiyot","Thu, 23 Jul 2026 18:34:31 +0000",https://www.kbc.co.ke/mau-angata-barikoi-and-cheluget-land-disputes-nearing-resolution-says-senator-cheruiyot/,neutral,0.9206891655921936,mau angata barikoi cheluget land dispute nearing resolution say senator cheruiyot,negative,0.5931177569371773,auto_bootstrap_lr
KBC,DPP hails High Court verdict in Sharon Otieno murder case,"Thu, 23 Jul 2026 16:14:01 +0000",https://www.kbc.co.ke/dpp-hails-high-court-verdict-in-sharon-otieno-murder-case/,neutral,0.8178679943084717,dpp hail high court verdict sharon otieno murder case,negative,0.5401275322794651,auto_bootstrap_lr
KBC,"Murkomen dismisses Gachagua’s attacks, insists Kenya safer than ever","Thu, 23 Jul 2026 12:53:47 +0000",https://www.kbc.co.ke/murkomen-dismisses-gachaguas-attacks-insists-kenya-safer-than-ever/,neutral,0.8143688440322876,murkomen dismisses gachagua attack insists kenya safer ever,negative,0.5772298964807454,auto_bootstrap_lr
Standard - Business,New Digital platform launched to curb violence ahead of 2027 elections,"Sat, 25 Jul 2026 11:56:31 +0300",https://www.standardmedia.co.ke/business/article/2001553712/new-digital-platform-launched-to-curb-violence-ahead-of-2027-elections,neutral,0.7704836130142212,new digital platform launched curb violence ahead election,positive,0.5248238963393678,auto_bootstrap_lr
Standard - Business,Coffee Revitalisation Programme in North Rift to triple production by 2030,"Fri, 24 Jul 2026 06:00:00 +0300",https://www.standardmedia.co.ke/business/article/2001553607/coffee-revitalisation-programme-in-north-rift-to-triple-production-by-2030,neutral,0.6620345711708069,coffee revitalisation programme north rift triple production,positive,0.5347129358118655,auto_bootstrap_lr
The East African,Samia takes first Africa trip after 2025 election,"Sat, 25 Jul 2026 01:36:12 GMT",https://www.theeastafrican.co.ke/tea/news/east-africa/samia-takes-first-africa-trip-after-2025-election-5536854,neutral,0.8625094890594482,samia take first africa trip election,positive,0.55118391829679,auto_bootstrap_lr
The East African,"South Sudan cancels 2018 peace deal, clearing way for December elections","Fri, 24 Jul 2026 01:34:49 GMT",https://www.theeastafrican.co.ke/tea/news/east-africa/south-sudan-cancels-2018-peace-deal-5535968,neutral,0.5536990165710449,south sudan cancel peace deal clearing way december election,negative,0.50171699104109,auto_bootstrap_lr
Kenyans.co.ke,"DCI Busts Alleged Sexual Exploitation Rings in Ongata Rongai, Kiserian",2026-07-24T14:09:22+0300,https://www.kenyans.co.ke/news/125562-dci-busts-alleged-sexual-exploitation-rings-rescues-48-women-ongata-rongai-kiserian,neutral,0.5141127705574036,dci bust alleged sexual exploitation ring ongata rongai kiserian,negative,0.6608207455765728,auto_bootstrap_lr
Kenyans.co.ke,DCI Officer Detained After Alleged Ksh60 Million Robbery,2026-07-24T08:31:38+0300,https://www.kenyans.co.ke/news/125555-dci-anti-narcotics-officer-detained-over-alleged-ksh60-million-robbery,neutral,0.5450166463851929,dci officer detained alleged ksh million robbery,negative,0.5595431015986488,auto_bootstrap_lr
NTV Kenya,Murkomen says Kenya is “safer than ever” amid goonism concerns,"Fri, 24 Jul 2026 10:06:35 +0000",https://ntvkenya.co.ke/news/murkomen-says-kenya-is-safer-than-ever-amid-goonism-concerns/,neutral,0.6254691481590271,murkomen say kenya safer ever amid goonism concern,negative,0.5238464037328306,auto_bootstrap_lr
NTV Kenya,ICC members to vote on dismissing prosecutor Karim Khan,"Fri, 24 Jul 2026 07:21:26 +0000",https://ntvkenya.co.ke/news/icc-members-to-vote-on-dismissing-prosecutor-karim-khan/,neutral,0.8272384405136108,icc member vote dismissing prosecutor karim khan,negative,0.6745759257086192,auto_bootstrap_lr
Citizen Digital (via Google News),"Senators condemn Duale over alleged tribal remarks, demand action - Citizen Digital","Fri, 24 Jul 2026 06:23:19 GMT",https://news.google.com/rss/articles/CBMipwFBVV95cUxOZ3VtQi1qTFBfVTNtS2lFSzRiTW5fNFR1a1pna2lrejdVRldYeGdVMElLSHIyNC03ZlpRQnZBWXlyVzlCNWdyWVZVRkY2VEdmM1RaUWctSk9qb1M1NTY5X2VNXzlPYkNENVJaTFF2emY5dWplTlQ5V01lRDJxM0VNSFAyY2tmSkxrTEV1T3JjOEJxOEZoY0VqRExSSGh3RkttRkEzZUlBVQ?oc=5,neutral,0.497951477766037,senator condemn duale alleged tribal remark demand action citizen digital,negative,0.793569720166649,auto_bootstrap_lr
Citizen Digital (via Google News),Murang'a Governor Kang'ata joins Gachagua's DCP - Citizen Digital,"Fri, 24 Jul 2026 14:34:30 GMT",https://news.google.com/rss/articles/CBMilAFBVV95cUxNNjlydUZ1UXRzU3ZmSHBSUjBteGhNUEpUVjdnWHFWZEMzLXdhbE5BeEJReEZRUnpXMXRCbG93UVllT0xJTWdXUWRBLXg0QmZtWW52M2YtTWc1SDJEZHJXbWFWUVJQcE5yeEVtcVgyRDN6Wk1nNG96YlAxRE5BOHE1WnljSGNBcTZBZk16SzM2UDk4b09G?oc=5,neutral,0.9326051473617554,murang governor kang ata join gachagua dcp citizen digital,negative,0.5596167470694736,auto_bootstrap_lr
Citizen Digital (via Google News),Police rescue 30 women found in Ongata Rongai house in alleged sexual exploitation - Citizen Digital,"Fri, 24 Jul 2026 12:04:44 GMT",https://news.google.com/rss/articles/CBMivwFBVV95cUxOanZKRUhfMXlNcHFOdTVQc3lfSWRHSnF2bVpKcnZxUENoWVVZXzNTcm5DYWlvRmNFRkJ4MFlSbUtOeng5V01lTGVWcm4xQVRhUE9TOW1PNElNVW9GOEg4SDhTWnhzYXVqSGhxVnl0cEo3djdDeUJHTFdwdGx6Vmh1dGhDeU5nd00weVdobTJScjYwRnlGaGRoR1BhVFE3RG1ORUJhcktacnAzMG9USzVOTERJd2NjeXhZaHR5SDB6MA?oc=5,neutral,0.5917152762413025,police rescue woman found ongata rongai house alleged sexual exploitation citizen digital,negative,0.7317223352414078,auto_bootstrap_lr
Citizen Digital (via Google News),India's Gen Z protesters adapt to internet shutdown - Citizen Digital,"Fri, 24 Jul 2026 23:55:27 GMT",https://news.google.com/rss/articles/CBMilAFBVV95cUxQM01ZVUQyN2xPSXVKX29GWkhYeVVmTW5nM0tGNk9uVkVraEVHYmQ1Z3lCZUtPb1dGUXRqWFVwQ3ZtYzVNWlV5Y0pwcjhadG9aa0tmZzNCOVZXeVJJeFo0VFE4UHVLLU1fUkRpUFBQNmdjUUZuREVwSjhSMzBzUHBHeng1WF9Wc1l6WlhIR0IxVWtZU1Bh?oc=5,neutral,0.7345514893531799,india gen z protester adapt internet shutdown citizen digital,negative,0.701002011957569,auto_bootstrap_lr
Citizen Digital (via Google News),Bangladesh's President Shahabuddin resigns from office - Citizen Digital,"Fri, 24 Jul 2026 12:14:52 GMT",https://news.google.com/rss/articles/CBMimAFBVV95cUxNRTFFeXdvZ0FCV1VTM2gyZFRtUWFSTGdkVlBUSF9aXzhJU0F0LWpUQ2xCZVBsQXBHMWJielNLS2RNOW5tUVpMM180OHhGSm9leGRFMEtFazJwdG9DV0FVOWVKbnNwSThGS250UHVoNUVqWkI0MDFwT2RtYlFpcS1ib0RGbmstV3JzZEo1V0d6eElPbnJoYnp1bA?oc=5,neutral,0.8359336256980896,bangladesh president shahabuddin resigns office citizen digital,negative,0.6265698809705353,auto_bootstrap_lr
Citizen Digital (via Google News),What happens next with the US-Saudi nuclear deal? - Citizen Digital,"Fri, 24 Jul 2026 03:01:12 GMT",https://news.google.com/rss/articles/CBMikgFBVV95cUxOWV94SnViQ2haajJ5aWR1UTkybXdzbDA2TUU3dUJONU5rU1V3UkN6aWRsRk9wTnNZdjhYVXVNUExKd1RuY25VREQ0czVTRGJJY2JzVVhoTGtXYXo0TDlUaFNVRmVZcERtQUtGTWprZWMwMDE1Z2tyemZtcmtPRzkwMHJBYy1VT1hEX3BEQ0VCQ1dQUQ?oc=5,neutral,0.873633861541748,happens next u saudi nuclear deal citizen digital,negative,0.5672040150211937,auto_bootstrap_lr
Citizen Digital (via Google News),Trump warns Russia and China against arms sales to Iran - Citizen Digital,"Sat, 25 Jul 2026 03:02:04 GMT",https://news.google.com/rss/articles/CBMimwFBVV95cUxNQkE2SnBGSktwTHZCWVpoWHQ1akczTHkySTBya2hWRzh4UTM2a1ZIbXBWQlFjZUY1RnVSc3hlR3JOcEZpVWQxc0ppS01VLTF5Uk9oSnl1OFJSRHAyRlVfSk5rUFl3N21LbzZJZGdoaEdhcGRBZ2JGcUNSWURjSVhBdWlVdFAta2xwS2VFZGlPOGhPcjJmWlY2MnhMbw?oc=5,neutral,0.7965637445449829,trump warns russia china arm sale iran citizen digital,negative,0.7135547100921089,auto_bootstrap_lr
Citizen Digital (via Google News),DP Kindiki says gov't to cushion Kenyans against reduced rainfall and expected El Nino - Citizen Digital,"Fri, 24 Jul 2026 10:06:07 GMT",https://news.google.com/rss/articles/CBMiwwFBVV95cUxNdFAtdnJtYURKTE9iZ3RKU3FMdHpLcG0xaHRkdVpLUUZsWDdYeFBJVmNsLUhyako2QzRlZ0ZQQXlIRUZqUjJvNHBOUTNKdmNlNmZXOHFrTkhtU3NEd3pIU0RLc1BhUFNKcUpWV3JaQmRWQk8wODlJMDRyUnl4QlhwTU1mUWVIX3RqMy12cVpUY0t5RlVMdkdUaDZvazBGTDYxU1licFRYU0ZrVlVCMmlwLTRpVWsyMWFUcUIxNDhjVGt5cGM?oc=5,neutral,0.9126797914505004,dp kindiki say gov cushion kenyan reduced rainfall expected el nino citizen digital,negative,0.5184713265153803,auto_bootstrap_lr
Citizen Digital (via Google News),Israel says Saudi recognition would be 'historic' for regional peace - Citizen Digital,"Fri, 24 Jul 2026 00:19:51 GMT",https://news.google.com/rss/articles/CBMiqgFBVV95cUxNUFZMelI1cnNqdFpsSE9iUmdpUE43YzdrclFRMlVSRzNfY2FrQlphR0g3eGdabVR2TTVISENpNFYxYlpHVHlHeVg0ZmwzS051aEFSc3N1MmlqUGJZeE53WlI5cF9NMHI2NlUtYUo2RjgtMFZpcThqQjFuVzNRNVJaaU5QQlpzbzBaVkVheUtGZ3BLbjNBdW42a011YnFmQW9xcDRNakhISjhnZw?oc=5,neutral,0.6892640590667725,israel say saudi recognition would historic regional peace citizen digital,negative,0.5027973016095276,auto_bootstrap_lr
Citizen Digital (via Google News),Petitioner wants Tourism CS Miano barred from alleged political campaigns - Citizen Digital,"Thu, 23 Jul 2026 07:53:42 GMT",https://news.google.com/rss/articles/CBMiswFBVV95cUxNSTJLRnA4dFFyaHNlZmhCc0tlbmg0R09zcU4tai1OUzZuLW93NUdIaVpkYy1fR3NXY2lrX0NuRDB5eW9OMnNoY0JtXzNjZG5XRzBKYVJqQkNVTlVsTmUtdUlRZjNrVV9saXk1S1BGRWtwbF91b04tYzVqaGUxUW5yZE9ySVo4aEE2TXBpMUNLMVdWR2tuWnpEdXMtRU00UGR3d1NWZmtzSzN2OEgxMk55dkpIOA?oc=5,neutral,0.7571143507957458,petitioner want tourism c miano barred alleged political campaign citizen digital,negative,0.647449222349331,auto_bootstrap_lr
Citizen Digital (via Google News),TRA warns tourists against unlicensed operators ahead of peak season - Citizen Digital,"Fri, 24 Jul 2026 06:35:02 GMT",https://news.google.com/rss/articles/CBMirAFBVV95cUxPMnRlWm9ScGlzS1FCVFBFbFk5VjFUUlF2Q1h0VTVLbGxXS051ajlGUE1qSnZTVXAycmxUdWZocWJPOE5xWEhKRzVNYzlhM1V4Smd2T29OTE9INzdhcTNFUFlVLUcyZENFLW5QbnlTSkk3UFhVamNvVUZHQkZ1SDJPMThCRlZsX0tYQ3FNTWJBQTNleGJfbEZFWG01MWxtZVB1NTAzNUtDZlhsWHRB?oc=5,neutral,0.6184770464897156,tra warns tourist unlicensed operator ahead peak season citizen digital,negative,0.5752157925226145,auto_bootstrap_lr
Citizen Digital (via Google News),IOC reject complaint against FIFA chief Infantino over 'political neutrality' - Citizen Digital,"Sat, 25 Jul 2026 04:06:23 GMT",https://news.google.com/rss/articles/CBMiswFBVV95cUxNSmIwYVZqaFJnbWtZc2owR19BU1M1Wlp3enVFT29TY0ZCRzQ0NWljSDdFcWl1YXFqeG9KY1ZLN2t0RFRFNDNxMkFlUzdBV0FjMmd6cWZnMF9TaERQWlpvREd0ejZ6Tmp3TXBJY2c1U29oTlZ6VkU4eFI2a1FTOXEyS3lUX1FJczFNZUJRYVRkNmh0UDV1cjVHdzNpbnRZU0dVLXUzSlBETnFmTDUwZEJDcERzSQ?oc=5,neutral,0.5740891098976135,ioc reject complaint fifa chief infantino political neutrality citizen digital,negative,0.6405728172245084,auto_bootstrap_lr
Citizen Digital (via Google News),"Vozinha, Haaland named in fan-voted World Cup dream team - Citizen Digital","Thu, 23 Jul 2026 17:25:35 GMT",https://news.google.com/rss/articles/CBMimAFBVV95cUxPZDRKTzNDeEpEZnB6Sy1tVW1fTnZYeTVWenoxQU9kVzk5eFRsZmtRNUVfcWdYQ0hLMkVqSGstTFpDZ3BOLXYtSVRxUkc3cnZuSFczZHZOamdkd2V3QVBzY1R3NDUxcTJZSEtKNmVTd2cxRjY3bVZoZm5UZkVGTGJxTU41Q3A3b0NGU2JoWllMc2hrbkJORTQ1UQ?oc=5,neutral,0.7763338088989258,vozinha haaland named fan voted world cup dream team citizen digital,positive,0.5741553845967885,auto_bootstrap_lr
Citizen Digital (via Google News),Italy sounded out Ancelotti before Guardiola about coach role - Citizen Digital,"Fri, 24 Jul 2026 08:05:41 GMT",https://news.google.com/rss/articles/CBMiowFBVV95cUxNVG1UaTlkM2dtNGRFeGlhSllsV1NJWEZXd0xJYnEteEk1bEJsdmdEd01jalZtTl9xWnZRaXRvZVNiZF90ZlhvWVE5OTRuYm9RbnlRUE9zLVhCTkhlUWRLV09WZW5EaEJYS2xIakdNRVZPTTlrclZtN2hkQU5uQWhDOThVNjl4bkNPRXVtcGlZcldrSXdzYlprUXZHMy1CRE81QmRB?oc=5,neutral,0.9011656045913696,italy sounded ancelotti guardiola coach role citizen digital,negative,0.5902253873604895,auto_bootstrap_lr
Citizen Digital (via Google News),ICC member states decide fate of embattled prosecutor Karim Khan - Citizen Digital,"Fri, 24 Jul 2026 22:16:11 GMT",https://news.google.com/rss/articles/CBMipwFBVV95cUxOaThXWlFXSGwxU2FWbWJKR2huY2RNT3BubmM4bkdZOFJrR2lWcXpIVGJfaG5ham1VcUtTWkNOZTItSjM1OVN5Q2NNTDNPb2U2M1h4UU1pZjljNU9OM2FoRk4tck9TWVo0RHRrVFQydXhVVTh0ejhOb1lNNjBweEFIMlBHWncyZjVlbDgwOTR3TVcyMlNVU3Jsa1lGTWtNOGk1X2hveGJKRQ?oc=5,neutral,0.8900192975997925,icc member state decide fate embattled prosecutor karim khan citizen digital,negative,0.76438156311319,auto_bootstrap_lr
Citizen Digital (via Google News),Raila Odinga family hands over site for Ksh.30M mausoleum - Citizen Digital,"Mon, 20 Jul 2026 18:01:10 GMT",https://news.google.com/rss/articles/CBMinAFBVV95cUxPTmlhaFJienRTb29hUlFVQS05OFJrNHJWTDRmaXlCVGVSdVFPTDJ4Yk03Zy1nX1hqRmRHOGFIOGFQWTEzVENWM0ktMndaSy1GQjN2cG9fMGJkT0loaDR0MURKOElianVaUDVZckVjLTBsYzhCcGdnWEV3OUd3aktpUC1Fb0hkTFNvTjVqQXlOdV9Ed19WaFp0Y0VXWFM?oc=5,neutral,0.9115440249443054,raila odinga family hand site ksh mausoleum citizen digital,negative,0.5634558165565401,auto_bootstrap_lr
Citizen Digital (via Google News),Klopp expected to be named new Germany coach on Friday - Citizen Digital,"Thu, 23 Jul 2026 13:03:48 GMT",https://news.google.com/rss/articles/CBMilAFBVV95cUxNdUMzelNvY2dyM2xlUDN4RFgtWWxpRHhUZzl3OGlfSXNQMEhGM05PamhZeU1KZlNGMnp4aGZxa0tOTF9NM1gzdmdNX2xzRi1ZMGhKYVJIalBYNDVxdHAycmNHUlQ3WG9BLTRrSHVqcEp3VEthSHFWVXdHV05ab09BVUh0NmlBY2JpMmp5T1RYNmI1T2ti?oc=5,neutral,0.8032113909721375,klopp expected named new germany coach friday citizen digital,positive,0.5540567257167665,auto_bootstrap_lr
Citizen Digital (via Google News),SBM Bank Kenya posts Ksh.548M half-year profit as earnings surge 171% - Citizen Digital,"Wed, 22 Jul 2026 14:59:04 GMT",https://news.google.com/rss/articles/CBMiqwFBVV95cUxQbzljeE5ITUR6bVVjMEhIS0hhSzhHR3FuZ1A1N24tWEU4RHpzTVBTMExHMy1XVVVpMVBUYmQ4U01UZlJySFpzdG1nM01ZNlEyekhlTlc2Nm9EUTR0UkhWU0p4MDJTM1B3UXFLRXVndlFpSUNtb2JKcTl4X1ZOLUNsaWZGdTdrZkc4MURVekp2bW5oQTg0TFJ2RU5yS0VSbVRhck12aTZZUVh3MEU?oc=5,neutral,0.5797035694122314,sbm bank kenya post ksh half year profit earnings surge citizen digital,positive,0.6248765924313988,auto_bootstrap_lr
Citizen Digital (via Google News),Klopp handed task of reviving Germany's football fortunes - Citizen Digital,"Fri, 24 Jul 2026 14:57:36 GMT",https://news.google.com/rss/articles/CBMinAFBVV95cUxPams4M2FuVW1PR05wZzBVVW5ZTW55dXBadjhOeUVnYmFqQThaOTVoR0h0M2JtWFpSZ2dxTWZ0b3dXR3hQWmZ2OGp6TnZVOWFYWmdQbU4ydl9yaVRadGNyT0NORWdqZ0NFYTNOTTNmNXlJRW5qLTNCdHBJYlM2OFFnVXVsTWJQREIwMElKc05fdkdSU1ZoMmJXaXM4bEU?oc=5,neutral,0.4998654425144195,klopp handed task reviving germany football fortune citizen digital,negative,0.5151071249782924,auto_bootstrap_lr
Citizen Digital (via Google News),Costa Rica arrests most wanted drug trafficker 'El Diablo' - Citizen Digital,"Sat, 25 Jul 2026 06:37:30 GMT",https://news.google.com/rss/articles/CBMinAFBVV95cUxNcjQ3cDdEX3lZSEFQcjJzS0Q2TnJVb3c0QnF1RnJUWlluLThqMXZHV0liWmMtYllKZ1JnSVZTcWdXb1A2dWNWSXNVNm5zSi1qR2lQeHBtMDNlSUo4RGYwOGxwR0dvWjE2STJnTTBfN08xbDN3dU9fX2hCdkpPMFVla1AzRzQ1eGJYdzhJQnJvMUgtQUdHRkdaemd0WDI?oc=5,neutral,0.7402140498161316,costa rica arrest wanted drug trafficker el diablo citizen digital,negative,0.7718560693961968,auto_bootstrap_lr
K24,"The difference between boiling, steaming and blanching foods and when to use each","Sat, 25 Jul 2026 10:23:20 +0000",https://k24.digital/lifestyle/food-and-culinary/the-difference-between-boiling-steaming-and-blanching-foods-and-when-to-use-each,neutral,0.9200987219810486,difference boiling steaming blanching food use,negative,0.5506907445157275,auto_bootstrap_lr
K24,Pools and match schedule released for 2026 Prinsloo 7s as National Sevens Circuit begins,"Sat, 25 Jul 2026 09:59:45 +0000",https://k24.digital/sports/rugby/pools-and-match-schedule-released-for-2026-prinsloo-7s-as-national-sevens-circuit-begins,neutral,0.9510717391967772,pool match schedule released prinsloo national seven circuit begin,positive,0.5903686417945712,auto_bootstrap_lr
K24,Why chewing gum on a flight keeps ears from popping,"Sat, 25 Jul 2026 07:29:36 +0000",https://k24.digital/lifestyle/travel-and-leisure/why-chewing-gum-on-a-flight-keeps-ears-from-popping,neutral,0.511194109916687,chewing gum flight keep ear popping,negative,0.5198662265469423,auto_bootstrap_lr
K24,Hussein Mohammed says Gor Mahia win over APR sets tone for CECAFA Kagame Cup,"Sat, 25 Jul 2026 05:13:11 +0000",https://k24.digital/sports/hussein-mohammed-says-gor-mahia-win-over-apr-sets-tone-for-cecafa-kagame-cup,neutral,0.8034298419952393,hussein mohammed say gor mahia win apr set tone cecafa kagame cup,positive,0.7024351675694,auto_bootstrap_lr
The Star,Trump: Saudis must recognise Israel for nuclear dealHe says the landmark agreement to help Saudis develop nuclear energy is dependent on it joining the Abraham Accords.,,https://www.the-star.co.ke/news/world/2026-07-23-trump-saudis-must-recognise-israel-for-nuclear-deal,neutral,0.8418588042259216,trump saudi must recognise israel nuclear dealhe say landmark agreement help saudi develop nuclear energy dependent joining abraham accord,negative,0.5222181532467878,auto_bootstrap_lr
The Star,Oil prices hit $100 for the first time since MayThe price of Brent crude rose more than 6% on Thursday as the war in the Middle East continues to escalate.,,https://www.the-star.co.ke/news/world/2026-07-23-oil-prices-hit-100-for-the-first-time-since-may,neutral,0.6926900744438171,oil price hit first time since maythe price brent crude rose thursday war middle east continues escalate,negative,0.5157713705253671,auto_bootstrap_lr
The Star,Africa's ships of the desert hit by rising temperatures,,https://www.the-star.co.ke/news/africa/2026-07-23-africas-ships-of-the-desert-hit-by-rising-temperatures,neutral,0.5039206147193909,africa ship desert hit rising temperature,negative,0.5166120195735953,auto_bootstrap_lr
The Star,"DR Congo Ebola cases hit over 2,400Some 734 patients remained in quarantine or treatment as of July 19",,https://www.the-star.co.ke/news/africa/2026-07-21-dr-congo-ebola-cases-hit-over-2400,neutral,0.5204370021820068,dr congo ebola case hit patient remained quarantine treatment july,negative,0.5144331739288672,auto_bootstrap_lr
The Star,"Governor, nemesis burry hatchet to scheme for 2027 pollsThe duo have quietly buried the hatchet and is now traversing the county together.",,https://www.the-star.co.ke/news/corridors-of-power/2026-07-13-governor-nemesis-burry-hatchet-to-scheme-for-2027-polls,neutral,0.7543739080429077,governor nemesis burry hatchet scheme pollsthe duo quietly buried hatchet traversing county together,negative,0.5127659155555191,auto_bootstrap_lr
The Star,Flashy lifestyle puts governor's family in the spotlightTheir lavish spending and constant show of affluence have become the talk of the county.,,https://www.the-star.co.ke/news/corridors-of-power/2026-07-08-flashy-lifestyle-puts-governors-family-in-the-spotlight,neutral,0.4889687001705169,flashy lifestyle put governor family spotlighttheir lavish spending constant show affluence become talk county,negative,0.6210643104254342,auto_bootstrap_lr
The Star,"Police probe 3 suicide cases across the countryThe incidents happened in Nairobi, Nyamira and Taita Taveta.",,https://www.the-star.co.ke/news/news-brief/2024-10-11-police-probe-3-suicide-cases-across-the-country,neutral,0.6208835244178772,police probe suicide case across countrythe incident happened nairobi nyamira taita taveta,negative,0.5995175012121059,auto_bootstrap_lr
The Star,"Trans Nzoia sets aside Sh500 million for farm inputs, livestock and irrigationGovernor George Natembeya said the investment is intended to help farmers increase food production",,https://www.the-star.co.ke/counties/rift-valley/2026-07-22-trans-nzoia-sets-aside-sh500-million-for-farm-inputs-livestock-and-irrigation,neutral,0.818651020526886,trans nzoia set aside sh million farm input livestock irrigationgovernor george natembeya said investment intended help farmer increase food production,positive,0.5006026649396456,auto_bootstrap_lr
The Star,"North Rift counties back new healthcare workforce policyGovernment is finalising the Kenya Healthcare Professionals Policy, 2026, which seeks to advance reforms",,https://www.the-star.co.ke/counties/rift-valley/2026-07-19-rift-valley-page-story-2-north-rift-counties-back-new-healthcare-workforce-policy-1,neutral,0.5106917023658752,north rift county back new healthcare workforce policygovernment finalising kenya healthcare professional policy seek advance reform,positive,0.6132256481116449,auto_bootstrap_lr
The Star,Nyota Fund helps Eldoret mum build coffin businessChebet is now seeking support to run a full-scale funeral services business,,https://www.the-star.co.ke/counties/rift-valley/2026-07-16-nyota-fund-helps-eldoret-mum-build-coffin-business,neutral,0.7345246076583862,nyota fund help eldoret mum build coffin businesschebet seeking support run full scale funeral service business,positive,0.5234855368846932,auto_bootstrap_lr
The Star,"Sakaja: Since installing cabro paving, my only battle has been with shoe shiners",,https://www.the-star.co.ke/counties/nairobi/2026-07-23-sakaja-since-installing-cabro-paving-my-only-battle-has-been-with-shoe-shiners,neutral,0.5521471500396729,sakaja since installing cabro paving battle shoe shiner,negative,0.5410678012751653,auto_bootstrap_lr
The Star,"Sakaja gazettes landmark policy to end chaotic construction in NairobiPolicy provides comprehensive legal, planning framework that will guide approval of buildings",,https://www.the-star.co.ke/counties/nairobi/2026-07-17-sakaja-gazettes-landmark-policy-to-end-chaotic-construction-in-nairobi,neutral,0.7900971174240112,sakaja gazette landmark policy end chaotic construction nairobipolicy provides comprehensive legal planning framework guide approval building,negative,0.5382483420939725,auto_bootstrap_lr
The Star,Nairobi doubles Ruai sewer capacitySakaja expands Kariobangi Plant and fast-tracks 54km trunk sewer project,,https://www.the-star.co.ke/counties/nairobi/2026-07-16-nairobi-doubles-ruai-sewer-capacity,neutral,0.8214693665504456,nairobi double ruai sewer capacitysakaja expands kariobangi plant fast track km trunk sewer project,positive,0.5176784562204515,auto_bootstrap_lr
The Star,Isiolo export abattoir nears launch after successful test runThe successful tests form part of final commissioning process aimed at confirming that facility's equipment is operating,,https://www.the-star.co.ke/counties/north-eastern/2026-07-20-isiolo-export-abattoir-nears-launch-after-successful-test-run,neutral,0.6596899628639221,isiolo export abattoir nears launch successful test runthe successful test form part final commissioning process aimed confirming facility equipment operating,positive,0.503582006174358,auto_bootstrap_lr
The Star,"Support lobbies to sustain economic growth, development, state told",,https://www.the-star.co.ke/counties/coast/2026-07-23-support-lobbies-to-sustain-economic-growth-development-state-told,neutral,0.5893377661705017,support lobby sustain economic growth development state told,positive,0.6261287207870676,auto_bootstrap_lr
The Star,Coast leaders censure former DP Gachagua over tourists remarksVeteran tourism stakeholder Hersi says sector accounts for 12.5 per cent of the country’s GDP.,,https://www.the-star.co.ke/counties/coast/2026-07-22-coast-leaders-censure-former-dp-gachagua-over-tourists-remarks,neutral,0.7133356332778931,coast leader censure former dp gachagua tourist remarksveteran tourism stakeholder hersi say sector account per cent country gdp,negative,0.5343591689730759,auto_bootstrap_lr
The Star,Court asked to bar serving CS from partisan campaignsConstitutional petition raises questions over the political neutrality of State officers,,https://www.the-star.co.ke/counties/central/2026-07-23-court-asked-to-bar-serving-cs-from-partisan-campaigns,neutral,0.6209787130355835,court asked bar serving c partisan campaignsconstitutional petition raise question political neutrality state officer,negative,0.5143849681194497,auto_bootstrap_lr
The Star,Probe as decomposing body of man found in friend’s apartmentPolice have launched investigations into the circumstances surrounding the death.,,https://www.the-star.co.ke/counties/central/2026-07-23-probe-as-decomposing-body-of-man-found-in-friends-apartment,neutral,0.6967961192131042,probe decomposing body man found friend apartmentpolice launched investigation circumstance surrounding death,negative,0.7099603072773814,auto_bootstrap_lr
The Star,"Kirinyaga banks on improved maize varieties to boost harvestsCounty has deployed 147 extension officers to provide technical support, monitor crop performance and collect field data",,https://www.the-star.co.ke/counties/central/2026-07-22-kirinyaga-banks-on-improved-maize-varieties-to-boost-harvests,neutral,0.6337845921516418,kirinyaga bank improved maize variety boost harvestscounty deployed extension officer provide technical support monitor crop performance collect field data,positive,0.5390018675653648,auto_bootstrap_lr
The Star,"Ogamba flags off phase III of assistive devices for special needs learnersA total of 11,139 assistive devices will be distributed to 321 inclusive programmes",,https://www.the-star.co.ke/counties/western/2026-07-17-ogamba-flags-off-phase-iii-of-assistive-devices-for-special-needs-learners,neutral,0.7888888120651245,ogamba flag phase iii assistive device special need learnersa total assistive device distributed inclusive programme,positive,0.5343243661702195,auto_bootstrap_lr
The Star,Kavyu urges Ukambani voters to reject ethnic politicsThe Machakos County Minority Leader questioned Gachagua's 'cousins' narrative,,https://www.the-star.co.ke/counties/eastern/2026-07-20-kavyu-urges-ukambani-voters-to-reject-ethnic-politics,neutral,0.8163924813270569,kavyu urge ukambani voter reject ethnic politicsthe machakos county minority leader questioned gachagua cousin narrative,negative,0.6017715940654766,auto_bootstrap_lr
The Star,"State expands excise duty relief to wines, spirits",,https://www.the-star.co.ke/business/markets/2026-07-23-state-expands-excise-duty-relief-to-wines-spirits,neutral,0.8117918372154236,state expands excise duty relief wine spirit,negative,0.5350978297177571,auto_bootstrap_lr
The Star,"NCBA, ePure Motion partner to drive EVs uptake in KenyaThe agreement builds on NCBA's Sh2 billion electric vehicle financing programme.",,https://www.the-star.co.ke/business/markets/2026-07-18-ncba-epure-motion-partner-to-drive-evs-uptake-in-kenya,neutral,0.6305015683174133,ncba epure motion partner drive ev uptake kenyathe agreement build ncba sh billion electric vehicle financing programme,positive,0.5895315851880446,auto_bootstrap_lr
The Star,KIBUGI: Why Kenya satellite towns are winning the housing raceSuccess now depends on understanding where demand is moving and why,,https://www.the-star.co.ke/business/commentary/2026-07-17-kibugi-why-kenya-satellite-towns-are-winning-the-housing-race,neutral,0.8202592134475708,kibugi kenya satellite town winning housing racesuccess depends understanding demand moving,positive,0.5917933782923157,auto_bootstrap_lr
The Star,"AI adoption is a leadership, not a tool conversationReal AI adoption requires leadership from the top because the future will not belong to the organizations that experiment with AI the most",,https://www.the-star.co.ke/business/commentary/2026-07-08-ai-adoption-is-a-leadership-not-a-tool-conversation,neutral,0.6575738191604614,ai adoption leadership tool conversationreal ai adoption requires leadership top future belong organization experiment ai,positive,0.6372969740003903,auto_bootstrap_lr
The Star,"KAVUGWI: Inside Africa’s Insurtech revolutionIf Africa gets the model right, insurance will no longer be seen as a luxury product",,https://www.the-star.co.ke/business/commentary/2026-06-08-kavugwi-inside-africas-insurtech-revolution,neutral,0.786808967590332,kavugwi inside africa insurtech revolutionif africa get model right insurance longer seen luxury product,positive,0.631063999748343,auto_bootstrap_lr
The Star,"K'ONYANGO: China's development model: Lessons for Kenya's economic transformationFor countries seeking faster development, the lessons offered by China deserve thoughtful consideration",,https://www.the-star.co.ke/opinion/columnists/2026-07-22-konyango-chinas-development-model-lessons-for-kenyas-economic-transformation,neutral,0.6395096778869629,k onyango china development model lesson kenya economic transformationfor country seeking faster development lesson offered china deserve thoughtful consideration,positive,0.5956504614337864,auto_bootstrap_lr
The Star,"EDITORIAL: Let wisdom, not money, decide Ol KalouVoters must remember that they are electing a leader, not settling political scores",,https://www.the-star.co.ke/opinion/leader/2026-07-16-editorial-let-wisdom-not-money-decide-ol-kalou,neutral,0.7619569301605225,editorial let wisdom money decide ol kalouvoters must remember electing leader settling political score,negative,0.5106754434037157,auto_bootstrap_lr
The Star,"Gor Mahia, APR clash in Kagame Cup heavyweight openerThe encounter headlines the opening day of the 2026 Cecafa Kagame Cup, which features 12 clubs from East and Central Africa.",,https://www.the-star.co.ke/sports/football/2026-07-22-gor-mahia-apr-clash-in-kagame-cup-heavyweight-opener,neutral,0.9319313764572144,gor mahia apr clash kagame cup heavyweight openerthe encounter headline opening day cecafa kagame cup feature club east central africa,positive,0.6806390680909411,auto_bootstrap_lr
The Star,TOUCHLINE COLUMN: We can't continue to celebrate victories while ignoring the suffering of those who deliver them.Starlets captain Mwanalima Adam and Junior Starlets skipper Berveline Awuor used the country’s highest office to reveal the struggles hidden behind the glory,,https://www.the-star.co.ke/sports/football/2026-07-21-tuesday-touchline-column-we-cant-continue-to-celebrate-victories-while-ignoring-the-suffering-of-those-who-deliver-them-1,neutral,0.5408970713615417,touchline column continue celebrate victory ignoring suffering deliver starlet captain mwanalima adam junior starlet skipper berveline awuor used country highest office reveal struggle hidden behind glory,positive,0.5998919579202452,auto_bootstrap_lr
The Star,"Riadha Connect to strengthen Kenya's athlete database and transform governance, says Tuwei",,https://www.the-star.co.ke/sports/athletics/2026-07-23-riadha-connect-to-strengthen-kenyas-athlete-database-and-transform-governance-says-tuwei,neutral,0.8115271925926208,riadha connect strengthen kenya athlete database transform governance say tuwei,positive,0.5610950286620179,auto_bootstrap_lr
The Star,Commonwealth Games: Naomi Korir banking on maiden National triumph to finally spark global breakthroughKorir has long been a familiar face on Kenya's middle-distance circuit but is yet to claim an individual medal for the country on either the continental or global stage.,,https://www.the-star.co.ke/sports/athletics/2026-07-23-commonwealth-games-naomi-korir-banking-on-maiden-national-triumph-to-finally-spark-global-breakthrough,neutral,0.761718213558197,commonwealth game naomi korir banking maiden national triumph finally spark global breakthroughkorir long familiar face kenya middle distance circuit yet claim individual medal country either continental global stage,positive,0.7543919408836076,auto_bootstrap_lr
The Star,Impala Sevens coach Nyandigisi backs young charges to ruffle feathers at national circuit,,https://www.the-star.co.ke/sports/rugby/2026-07-23-impala-sevens-coach-nyandigisi-backs-young-charges-to-ruffle-feathers-at-national-circuit,neutral,0.8874940276145935,impala seven coach nyandigisi back young charge ruffle feather national circuit,positive,0.6725550215705148,auto_bootstrap_lr
The Star,"Champions Kabras RFC face rivals KCB in the opening match of the 2026/27 Kenya Cup season in NovemberIn a shift from previous years where the top two sides met at the tail end of the campaign, the heavyweights will square off right away at the Kakamega Showground.",,https://www.the-star.co.ke/sports/rugby/2026-07-21-champions-kabras-rfc-face-rivals-kcb-in-the-opening-match-of-the-2026-2027-kenya-cup-season-in-november-1,neutral,0.9299545884132384,champion kabras rfc face rival kcb opening match kenya cup season novemberin shift previous year top two side met tail end campaign heavyweight square right away kakamega showground,positive,0.5162975680522537,auto_bootstrap_lr
The Star,"Amonde believes tactical tweaks and depth will be key at Prinsloo Sevens this weekendThe bankers won four of the six National Sevens Circuit tournaments, lifting the Driftwood, Christie, Kabeberi, and Dala Sevens titles.",,https://www.the-star.co.ke/sports/rugby/2026-07-20-amonde-believes-tactical-tweaks-and-depth-will-be-key-at-prinsloo-sevens-this-weekend-1,neutral,0.5878172516822815,amonde belief tactical tweak depth key prinsloo seven weekendthe banker four six national seven circuit tournament lifting driftwood christie kabeberi dala seven title,positive,0.6489782743713455,auto_bootstrap_lr
The Star,"JKUAT Cougars bolster squad with eight signings ahead of Kenya Cup debutCoach Smith Muhoya said due to the short transfer window, they didn’t sign experienced players they had identified.",,https://www.the-star.co.ke/sports/rugby/2026-07-17-jkuat-cougars-bolster-squad-with-eight-signings-ahead-of-kenya-cup-debut,neutral,0.8832413554191589,jkuat cougar bolster squad eight signing ahead kenya cup debutcoach smith muhoya said due short transfer window sign experienced player identified,positive,0.598063051782566,auto_bootstrap_lr
The Star,"Strathmore Leos coach Ojal demands faster starts ahead of National Sevens CircuitDespite guiding his side to victory at last weekend’s Ruff and Tuff pre-season tournament, Ojal said the team cannot afford to keep playing catch-up once the competitive season begins.",,https://www.the-star.co.ke/sports/rugby/2026-07-17-strathmore-leos-coach-ojal-demands-faster-starts-ahead-of-national-sevens-circuit,neutral,0.7464190125465393,strathmore leo coach ojal demand faster start ahead national seven circuitdespite guiding side victory last weekend ruff tuff pre season tournament ojal said team cannot afford keep playing catch competitive season begin,positive,0.6731623886956264,auto_bootstrap_lr
The Star,"Mutsami joins Menengai Oilers as Weru eyes revivalMutsami had been widely tipped to join reigning Kenya Cup champions Kabras Sugar, but the move failed to materialise, paving the way for the Nakuru-based club to secure his signature.",,https://www.the-star.co.ke/sports/rugby/2026-07-16-mutsami-joins-menengai-oilers-as-weru-eyes-revival-1,neutral,0.8540948629379272,mutsami join menengai oiler weru eye revivalmutsami widely tipped join reigning kenya cup champion kabras sugar move failed materialise paving way nakuru based club secure signature,positive,0.5487198791693052,auto_bootstrap_lr
The Star,Nyangige joins KCB as bankers bolster squad for National Sevens Circuit title defenceNyangige arrives from Impala RFC after becoming a free agent following a contract dispute with the club at the end of last season.,,https://www.the-star.co.ke/sports/rugby/2026-07-15-nyangige-joins-kcb-as-bankers-bolster-squad-for-national-sevens-circuit-title-defence,neutral,0.9289243817329408,nyangige join kcb banker bolster squad national seven circuit title defencenyangige arrives impala rfc becoming free agent following contract dispute club end last season,positive,0.5594590526756962,auto_bootstrap_lr
The Star,"Rwanda, Burundi set to join expanded 2027 Enterprise CupKRU hopes to further expand the competition in the coming years by bringing on board clubs from Zimbabwe and Zambia",,https://www.the-star.co.ke/sports/rugby/2026-07-10-rwanda-burundi-set-to-join-expanded-2027-enterprise-cup,neutral,0.6163270473480225,rwanda burundi set join expanded enterprise cupkru hope expand competition coming year bringing board club zimbabwe zambia,positive,0.55450614643891,auto_bootstrap_lr
The Star,"BRINGING SEXY BACK: Six things men secretly wish for in bedFrom making the first move to giving positive vibes, there’s a lot desired of women",,https://www.the-star.co.ke/sasa/lifestyle/2026-07-17-bringing-sexy-back,neutral,0.5396373271942139,bringing sexy back six thing men secretly wish bedfrom making first move giving positive vibe lot desired woman,positive,0.6415345477543865,auto_bootstrap_lr
The Star,BRINGING SEXY BACK: Four myths men need to unlearnYou don’t need an anaconda if you want to be a real king between the sheets,,https://www.the-star.co.ke/sasa/lifestyle/2026-07-11-bringing-sexy-back-four-myths-men-need-to-unlearn,neutral,0.6432790756225586,bringing sexy back four myth men need unlearnyou need anaconda want real king sheet,negative,0.5501506168086262,auto_bootstrap_lr
The Star,Chinese pay-TV firm StarTimes explores AI to boost media production in KenyaThe broadcaster said locally produced programming remains a key part of its growth strategy,,https://www.the-star.co.ke/sasa/technology/2026-07-13-chinese-pay-tv-firm-startimes-explores-ai-to-boost-media-production-in-kenya,neutral,0.5538623332977295,chinese pay tv firm startimes explores ai boost medium production kenyathe broadcaster said locally produced programming remains key part growth strategy,positive,0.6786120330256991,auto_bootstrap_lr
The Star,Nairobi to host 300 global exhibitors in construction industryExhibitors from 45 countries will participate in BUILDEXPO Kenya 2026,,https://www.the-star.co.ke/sasa/technology/2026-07-06-nairobi-to-host-300-global-exhibitors-in-construction-industry,neutral,0.607239842414856,nairobi host global exhibitor construction industryexhibitors country participate buildexpo kenya,positive,0.714460039690886,auto_bootstrap_lr
The Star,Kenya urged to match AI growth with stronger laws frameworksExpert warned that Africa risks being underrepresented in the global digital economy,,https://www.the-star.co.ke/sasa/technology/2026-06-29-kenya-urged-to-match-ai-growth-with-stronger-laws-frameworks,neutral,0.8211978077888489,kenya urged match ai growth stronger law frameworksexpert warned africa risk underrepresented global digital economy,positive,0.6825557150098648,auto_bootstrap_lr
The Star,Smartphone firms race to build AI ecosystems beyond the deviceIndustry observers see such AI agents as the next stage in the evolution of smartphones,,https://www.the-star.co.ke/sasa/technology/2026-06-26-smartphone-firms-race-to-build-ai-ecosystems-beyond-the-device,neutral,0.662347137928009,smartphone firm race build ai ecosystem beyond deviceindustry observer see ai agent next stage evolution smartphones,positive,0.6657429056916656,auto_bootstrap_lr
The Star,JIJI NDOGO: A clash of allegiancesVillagers are convinced it’s time for Africa to win the World Cup,,https://www.the-star.co.ke/sasa/entertainment/2026-06-18-jiji-ndogo,neutral,0.6380915641784668,jiji ndogo clash allegiancesvillagers convinced time africa win world cup,positive,0.6464373020843316,auto_bootstrap_lr
The Star,SOCIETY TALK: Is Kenya turning into South Korea?,,https://www.the-star.co.ke/sasa/society/2026-07-17-society-talk,neutral,0.9063040614128112,society talk kenya turning south korea,negative,0.643161249457459,auto_bootstrap_lr
The Star,SOCIETY TALK: The truth behind Mombasa’s modern real estateAbandoned or half-empty buildings raise concerns of money laundering,,https://www.the-star.co.ke/sasa/society/2026-07-04-society-talk-the-truth-behind-mombasas-modern-real-estate,neutral,0.6356456279754639,society talk truth behind mombasa modern real estateabandoned half empty building raise concern money laundering,negative,0.5091613000536815,auto_bootstrap_lr
The Star,"Nigerian engineer takes over as Rotary presidentHe becomes the second African to head the organisation, best known for its decades-long campaign to eradicate polio.",,https://www.the-star.co.ke/health/2026-07-01-nigerian-engineer-takes-over-as-rotary-president,neutral,0.5543338060379028,nigerian engineer take rotary presidenthe becomes second african head organisation best known decade long campaign eradicate polio,positive,0.525299742935229,auto_bootstrap_lr
The Star,"WANJAWA: Why academia must help shape Kenya's democratic futureDemocracy not a five-year ritual of casting ballots but an ecosystem of civic education, legal reform, progressive institutions and public participation.",,https://www.the-star.co.ke/siasa/2026-07-19-wanjawa-why-academia-must-help-shape-kenyas-democratic-future,neutral,0.5364007949829102,wanjawa academia must help shape kenya democratic futuredemocracy five year ritual casting ballot ecosystem civic education legal reform progressive institution public participation,positive,0.5478988342782726,auto_bootstrap_lr
The Star,MBEHI: Polymaths not specialists needed in era of AI for human progressTech inventions reshape how humans meet basic needs.,,https://www.the-star.co.ke/siasa/2026-07-19-mbehi-polymaths-not-specialists-needed-in-era-of-ai-for-human-progress,neutral,0.7809817790985107,mbehi polymath specialist needed era ai human progresstech invention reshape human meet basic need,negative,0.5220543282031388,auto_bootstrap_lr
The Star,OSEN: Here's the World Cup blueprint Kenya should followSuccessful tournaments are not centralised. They are coordinated from the top but delivered from the ground up.,,https://www.the-star.co.ke/siasa/2026-07-19-osen-heres-the-world-cup-blueprint-kenya-should-follow,neutral,0.5795350670814514,osen world cup blueprint kenya followsuccessful tournament centralised coordinated top delivered ground,positive,0.7118382620934468,auto_bootstrap_lr
The Star,ABDIRAHMAN: Kenya’s new ‘AI Sandbox’ mere suggestion box without teethThe AI that actually decides things about people’s lives is precisely the category the sandbox leaves to no one.,,https://www.the-star.co.ke/siasa/2026-07-19-abdirahman-kenyas-new-ai-sandbox-mere-suggestion-box-without-teeth,neutral,0.6658134460449219,abdirahman kenya new ai sandbox mere suggestion box without teeththe ai actually decides thing people life precisely category sandbox leaf one,positive,0.5067871776448013,auto_bootstrap_lr
The Star,Global climate forum lands in Nairobi for first-ever African editionEvent jointly organised by Global Covenant of Mayors for Climate and Energy (GCoM) and UN-Habitat,,https://www.the-star.co.ke/climate-change/2026-06-20-global-climate-forum-lands-in-nairobi-for-first-ever-african-edition,neutral,0.7993005514144897,global climate forum land nairobi first ever african editionevent jointly organised global covenant mayor climate energy gcom un habitat,positive,0.6741979353917101,auto_bootstrap_lr
NTV Kenya,Ziidi Trader Goes Live: Chat With Safaricom’s Esther Masese Waititu...,,https://ntvkenya.co.ke/business/ziidi-trader-goes-live-chat-with-safaricoms-esther-masese-waititu-business-redefined/,neutral,0.9350645542144777,ziidi trader go live chat safaricom esther masese waititu,positive,0.5378312456935463,auto_bootstrap_lr
NTV Kenya,Kenya eyes evening Sh32.0 billion trade deficit at Türkiye-Africa Forum,,https://ntvkenya.co.ke/business/kenya-eyes-evening-sh32-0-billion-trade-deficit-at-turkiye-africa-forum/,neutral,0.7877760529518127,kenya eye evening sh billion trade deficit rkiye africa forum,positive,0.5265194918556578,auto_bootstrap_lr
NTV Kenya,Rayvanny joins global lineup for World Cup 2026 performance in Toronto,,https://ntvkenya.co.ke/entertainment/rayvanny-joins-global-lineup-for-world-cup-2026-celebrations-in-toronto/,neutral,0.84727543592453,rayvanny join global lineup world cup performance toronto,positive,0.6363986907334126,auto_bootstrap_lr
NTV Kenya,‘They’re real’ – former US President Obama on...,,https://ntvkenya.co.ke/news/theyre-real-former-us-president-obama-on-aliens/,neutral,0.8291518688201904,real former u president obama,negative,0.5426311139359623,auto_bootstrap_lr
NTV Kenya,151 Kenyans return home after emergency evacuation from South Africa,,https://ntvkenya.co.ke/news/151-kenyans-return-home-after-emergency-evacuation-from-south-africa/,neutral,0.9373020529747008,kenyan return home emergency evacuation south africa,positive,0.5364452309657533,auto_bootstrap_lr
NTV Kenya,Government seizes Nithi Bridge land before paying owners,,https://ntvkenya.co.ke/news/government-seizes-nithi-bridge-land-before-paying-owners/,neutral,0.8187556862831116,government seizes nithi bridge land paying owner,negative,0.5326173398802985,auto_bootstrap_lr
NTV Kenya,Afcon organisers confident as Kenya stages tournament,,https://ntvkenya.co.ke/news/afcon-organisers-confident-as-kenya-stages-tournament/,neutral,0.5431145429611206,afcon organiser confident kenya stage tournament,positive,0.5188433105847794,auto_bootstrap_lr
NTV Kenya,Nairobi ‘Birdman’ responds to claims of zoonotic disease risk,,https://ntvkenya.co.ke/news/nairobi-birdman-responds-to-claims-of-zoonotic-disease-risk/,neutral,0.5743728876113892,nairobi birdman responds claim zoonotic disease risk,negative,0.5019163821208874,auto_bootstrap_lr
NTV Kenya,US senator calls for review of security ties with Uganda after media...,,https://ntvkenya.co.ke/news/us-senator-calls-for-review-of-security-ties-with-uganda-after-media-shutdown/,neutral,0.9173402786254884,u senator call review security tie uganda medium,negative,0.5991257532830234,auto_bootstrap_lr
NTV Kenya,Paraguay declares national holiday after team shock Germany at World Cup,,https://ntvkenya.co.ke/news/paraguay-declares-national-holiday-after-team-shock-germany-at-world-cup/,neutral,0.6842348575592041,paraguay declares national holiday team shock germany world cup,positive,0.6444161288129038,auto_bootstrap_lr
NTV Kenya,World Cup Round of 32: History as 9 African teams reach knockout stage,,https://ntvkenya.co.ke/news/world-cup-round-of-32-history-as-9-african-teams-reach-knockout-stage/,neutral,0.8494279980659485,world cup round history african team reach knockout stage,positive,0.575582846147942,auto_bootstrap_lr
NTV Kenya,Goons paradise: Archbishop Ole Sapit calls for action after All Saints...,,https://ntvkenya.co.ke/news/goons-paradise-archbishop-ole-sapit-calls-for-action-after-all-saints-cathedral-attack/,neutral,0.8611749410629272,goon paradise archbishop ole sapit call action saint,negative,0.704591894416721,auto_bootstrap_lr
NTV Kenya,Bitok’s transfer from Education Ministry ignites political debate,,https://ntvkenya.co.ke/news/bitoks-transfer-from-education-ministry-sparks-political-debate/,neutral,0.8737580180168152,bitok transfer education ministry ignites political debate,positive,0.5366597741519109,auto_bootstrap_lr
NTV Kenya,President Trump booed while attending Game 3 of NBA Finals in New York,,https://ntvkenya.co.ke/news/president-trump-booed-while-attending-game-3-of-nba-finals-in-new-york/,neutral,0.4973982870578766,president trump booed attending game nba final new york,positive,0.530871672898858,auto_bootstrap_lr
NTV Kenya,Trump nominates Henry Wooster as new US ambassador to Kenya,,https://ntvkenya.co.ke/politics/trump-nominates-career-diplomat-henry-wooster-as-new-ambassador-to-kenya/,neutral,0.9140390753746032,trump nominates henry wooster new u ambassador kenya,positive,0.5959504615374518,auto_bootstrap_lr
NTV Kenya,Gachagua says State agents secretly recorded his meeting with late MP...,,https://ntvkenya.co.ke/news/gachagua-says-state-agents-secretly-recorded-his-meeting-with-late-mp-johana-ngeno/,neutral,0.7159057259559631,gachagua say state agent secretly recorded meeting late mp,negative,0.5504857069597225,auto_bootstrap_lr
NTV Kenya,Homa Bay Deputy Governor Oyugi Magwanga resigns,,https://ntvkenya.co.ke/politics/homa-bay-deputy-governor-oyugi-magwanga-resigns/,neutral,0.7206949591636658,homa bay deputy governor oyugi magwanga resigns,negative,0.6171334317563106,auto_bootstrap_lr
NTV Kenya,Isaac Rutto faces calls for removal from JSC after attending UDA meeting,,https://ntvkenya.co.ke/news/isaac-rutto-faces-calls-for-removal-from-jsc-after-attending-uda-meeting/,neutral,0.5233039259910583,isaac rutto face call removal jsc attending uda meeting,negative,0.520612112845467,auto_bootstrap_lr
NTV Kenya,Sibling rivalry as brother and sister face off in Isiolo South by-election,,https://ntvkenya.co.ke/news/sibling-rivalry-as-brother-and-sister-face-off-in-isiolo-south-by-election/,neutral,0.9091978073120116,sibling rivalry brother sister face isiolo south election,negative,0.6926666396548948,auto_bootstrap_lr
NTV Kenya,Tanzania’s main opposition Chadema calls for annulment of Suluhu’s...,,https://ntvkenya.co.ke/news/tanzanias-main-opposition-chadema-calls-for-annulment-of-suluhus-election-win/,neutral,0.8856784701347351,tanzania main opposition chadema call annulment suluhu,negative,0.5645130011326495,auto_bootstrap_lr
NTV Kenya,Muturi in physical confrontations as voter bribery accusations fly in...,,https://ntvkenya.co.ke/news/muturi-in-physical-confrontations-as-voter-bribery-accusations-fly-in-mbeere-north/,neutral,0.7163393497467041,muturi physical confrontation voter bribery accusation fly,negative,0.5709202843669702,auto_bootstrap_lr
NTV Kenya,Impeachment – Nyamira MCAs oust Governor Amos Nyaribo,,https://ntvkenya.co.ke/news/impeachment-nyamira-mcas-oust-governor-amos-nyaribo/,neutral,0.7990984320640564,impeachment nyamira mcas oust governor amos nyaribo,negative,0.5992495613108789,auto_bootstrap_lr
NTV Kenya,"Kindiki, Gachagua trade barbs as by-election battles heat up",,https://ntvkenya.co.ke/news/kindiki-gachagua-trade-barbs-as-by-election-battles-heat-up/,neutral,0.5956830978393555,kindiki gachagua trade barb election battle heat,negative,0.5462397817832739,auto_bootstrap_lr
NTV Kenya,Former Malawi president Chakwera tapped to mediate Tanzania’s...,,https://ntvkenya.co.ke/news/former-malawi-president-chakwera-tapped-to-mediate-tanzanias-post-election-tensions/,neutral,0.9486984610557556,former malawi president chakwera tapped mediate tanzania,negative,0.5931720039961218,auto_bootstrap_lr
NTV Kenya,Baba’s barber: The man who trimmed Raila Odinga’s hair for 15 years,,https://ntvkenya.co.ke/news/babas-barber-the-man-who-trimmed-raila-odingas-hair-for-15-years/,neutral,0.8234895467758179,baba barber man trimmed raila odinga hair year,negative,0.5859745857954589,auto_bootstrap_lr
NTV Kenya,"Future ambassadors must be diplomats, new Bill proposes",,https://ntvkenya.co.ke/news/future-ambassadors-must-be-diplomats-new-bill-proposes/,neutral,0.9048200845718384,future ambassador must diplomat new bill proposes,positive,0.6491885924112556,auto_bootstrap_lr
NTV Kenya,Jacob Zuma daughter pleads not guilty over deadly South African riots as...,,https://ntvkenya.co.ke/news/jacob-zuma-daughter-pleads-not-guilty-over-deadly-south-african-riots-as-trial-begins/,neutral,0.5138996839523315,jacob zuma daughter pleads guilty deadly south african riot,negative,0.6417854226683383,auto_bootstrap_lr
NTV Kenya,"Cherargei tells Museveni, Suluhu to rein in ‘busybody’ activists",,https://ntvkenya.co.ke/news/cherargei-tells-museveni-suluhu-to-rein-in-busybody-activists/,neutral,0.8142300248146057,cherargei tell museveni suluhu rein busybody activist,negative,0.5339832664436109,auto_bootstrap_lr
NTV Kenya,Tanzania’s parliament to convene without official opposition,,https://ntvkenya.co.ke/news/tanzanias-parliament-to-convene-without-official-opposition/,neutral,0.9328491687774658,tanzania parliament convene without official opposition,negative,0.5212586657740724,auto_bootstrap_lr
Citizen Digital,"News•4 hours agoEx-Migori Governor Obado, co-accused found guilty of Sharon Otieno's murderBy Dzuya Walter",,https://citizen.digital/article/ex-migori-governor-obado-co-accused-found-guilty-of-sharon-otienos-murder-n386978,neutral,0.6672272086143494,news hour agoex migori governor obado co accused found guilty sharon otieno murderby dzuya walter,negative,0.6849347875881577,auto_bootstrap_lr
Citizen Digital,"News•1 hour agoVozinha, Haaland named in fan-voted World Cup dream teamBy Reuters",,https://citizen.digital/article/vozinha-haalandamed-in-fan-voted-world-cup-dream-team-n387004,neutral,0.8359525203704834,news hour agovozinha haaland named fan voted world cup dream teamby reuters,positive,0.6712044109162376,auto_bootstrap_lr
Citizen Digital,"2 hours agoCourt acquits Senator Mandago, two co-accused in Finland scholarship sagaBy Joseph MuiaThe ruling, which had initially been scheduled for July 21 but was postponed due to paperwork, was delivered on Wednesday by Senior Principal Magistrate Alloyce Ndege.Read More",,https://citizen.digital/article/court-acquits-senator-mandago-two-co-accused-in-finland-scholarship-saga-n387003,neutral,0.9244551062583924,hour agocourt acquits senator mandago two co accused finland scholarship sagaby joseph muiathe ruling initially scheduled july postponed due paperwork delivered wednesday senior principal magistrate alloyce ndege read,negative,0.6354229254795544,auto_bootstrap_lr
Citizen Digital,"2 hours agoPremier League champions Arsenal sign Greece winger Tzolis from BruggeBy AFPNo fee was disclosed but British media reports said the 24-year-old had arrived from Club Brugge for £34 million ($45 million), with Tzolis effectively a replacement for Leandro Trossard following his...Read More",,https://citizen.digital/article/premier-league-champions-arsenal-sign-greece-winger-tzolis-from-brugge-n387002,neutral,0.9374277591705322,hour agopremier league champion arsenal sign greece winger tzolis bruggeby afpno fee disclosed british medium report said year old arrived club brugge million million tzolis effectively replacement leandro trossard following read,positive,0.510808622578799,auto_bootstrap_lr
Citizen Digital,"3 hours agoDrama as burial of Embu man ends in chaos after wife omitted from eulogyBy Citizen ReporterFamily, friends and neighbours had gathered at Muriuki's home in Embu North sub-county for his final send-off, with the ceremony proceeding peacefully after the body arrived from the mortuary.However,...Read More",,https://citizen.digital/article/drama-as-burial-of-embu-man-ends-in-chaos-after-wife-omitted-from-eulogy-n386991,neutral,0.7856789827346802,hour agodrama burial embu man end chaos wife omitted eulogyby citizen reporterfamily friend neighbour gathered muriuki home embu north sub county final send ceremony proceeding peacefully body arrived mortuary however read,negative,0.5724242571021415,auto_bootstrap_lr
Citizen Digital,"3 hours agoProbe after 4,060 bullets suspected to be from colonial era found in MoyaleBy Citizen ReporterAccording to Marsabit County Police Commander Leonard Kimaiyo, the bullets are 8 by 50 mm in calibre, and preliminary investigations suggest they may have been left beh...Read More",,https://citizen.digital/article/probe-after-4060-bullets-suspected-to-be-from-colonial-era-found-in-moyale-n386990,neutral,0.8515499234199524,hour agoprobe bullet suspected colonial era found moyaleby citizen reporteraccording marsabit county police commander leonard kimaiyo bullet mm calibre preliminary investigation suggest may left beh read,negative,0.7060605080780761,auto_bootstrap_lr
Citizen Digital,3 hours agoAmbrose Rachier-led committee formed to plan new KPL seasonBy Angel ShantelThe top-flight competition has been operating as the FKF Premier League under the direct control of the federation.Read More,,https://citizen.digital/article/ambrose-rachier-led-committee-formed-to-plan-new-kpl-season-n386998,neutral,0.9192190170288086,hour agoambrose rachier led committee formed plan new kpl seasonby angel shantelthe top flight competition operating fkf premier league direct control federation read,positive,0.5833692669172171,auto_bootstrap_lr
Citizen Digital,4 hours agoKDA slams KMPDC over move allowing quacks to provide dental careBy Brian OkelloKDA argued that the scope of clinical dental practice cannot be expanded through administrative notices without following the required legislative and regulatory processes.It maintained that the scope...Read More,,https://citizen.digital/article/kda-slams-kmpdc-over-move-allowing-quacks-to-provide-dental-care-n386992,neutral,0.6153664588928223,hour agokda slam kmpdc move allowing quack provide dental careby brian okellokda argued scope clinical dental practice cannot expanded administrative notice without following required legislative regulatory process maintained scope read,negative,0.5356624361089131,auto_bootstrap_lr
Citizen Digital,"4 hours agoCS Kagwe defends Tea Levy as uptake hits record 93%By Citizen ReporterCS Kagwe maintained that the levy is critical to financing research, global marketing and value addition that will secure the sector's future.He argued that the 0.8 per...Read More",,https://citizen.digital/article/cs-kagwe-defends-tea-levy-as-uptake-hits-record-93-n386982,neutral,0.5055056214332581,hour agocs kagwe defends tea levy uptake hit record citizen reportercs kagwe maintained levy critical financing research global marketing value addition secure sector future argued per read,positive,0.5451976457473889,auto_bootstrap_lr
Citizen Digital,"4 hours agoChema's fairytale season sparks funding calls for community clubsBy Magdaline Thuku""Coming in second place in the first season is not a mean feat, especially for a newly promoted side and Chema embodies where we want Kenya volleyball to be,"" said Gach...Read More",,https://citizen.digital/article/chemas-fairytale-season-sparks-funding-calls-for-community-clubs-n386989,neutral,0.5277388095855713,hour agochema fairytale season spark funding call community clubsby magdaline thuku coming second place first season mean feat especially newly promoted side chema embodies want kenya volleyball said gach read,positive,0.512660359579657,auto_bootstrap_lr
Citizen Digital,5 hours agoIEBC receives Ksh.1.7B boost from UNDP to support election preparednessBy Citizen ReporterUN Resident Coordinator Garry Conille said the programme goes beyond financial and technical assistance.Read More,,https://citizen.digital/article/iebc-receives-ksh17b-boost-from-undp-to-support-election-preparedness-n386977,neutral,0.6961615085601807,hour agoiebc receives ksh b boost undp support election preparednessby citizen reporterun resident coordinator garry conille said programme go beyond financial technical assistance read,positive,0.7015050086427531,auto_bootstrap_lr
Citizen Digital,Obado had motive to eliminate Sharon Otieno - Justice Githua,,https://citizen.digital/article/obado-had-motive-to-eliminate-sharon-otieno-justice-githua-n386973,neutral,0.7595127820968628,obado motive eliminate sharon otieno justice githua,negative,0.508207557991206,auto_bootstrap_lr
Citizen Digital,"News•12 minutes agoRonald Ngala Utalii College to officially open in September, PS Bitok confirmsBy Citizen Reporter",,https://citizen.digital/article/ronald-ngala-utalii-college-to-officially-open-in-september-ps-bitok-confirms-n387023,neutral,0.92662250995636,news minute agoronald ngala utalii college officially open september p bitok confirmsby citizen reporter,negative,0.5021252063403553,auto_bootstrap_lr
Citizen Digital,Kenyan SMEs to receive Ksh.65K digital credits in Zoho-KNCCI partnership,,https://citizen.digital/article/kenyan-smes-to-receive-ksh65k-digital-credits-in-zoho-kncci-partnership-n386629,neutral,0.8708518743515015,kenyan smes receive ksh k digital credit zoho kncci partnership,positive,0.5015757051386507,auto_bootstrap_lr
Citizen Digital,A once wary Hollywood slowly warms to AI,,https://citizen.digital/article/a-once-wary-hollywood-slowly-warms-to-ai-n386872,neutral,0.726611852645874,wary hollywood slowly warms ai,positive,0.6435944886256525,auto_bootstrap_lr
Citizen Digital,Tate brothers to fight 'politically motivated' UK extradition: lawyer,,https://citizen.digital/article/tate-brothers-to-fight-politically-motivated-uk-extradition-lawyer-n386812,neutral,0.580197811126709,tate brother fight politically motivated uk extradition lawyer,negative,0.6317156889707745,auto_bootstrap_lr
Citizen Digital,US actress Skai Jackson apologises to Kenyans over controversial mirror remarks,,https://citizen.digital/article/us-actress-skai-jackson-apologises-to-kenyans-over-controversial-mirror-remarks-n386797,neutral,0.7439700365066528,u actress skai jackson apologises kenyan controversial mirror remark,negative,0.5405187377467776,auto_bootstrap_lr
Citizen Digital,Equity retirement funds post double-digit returns as assets hit Ksh.900 million,,https://citizen.digital/article/equity-retirement-funds-post-double-digit-returns-as-assets-hit-ksh900-million-n386980,neutral,0.6751325726509094,equity retirement fund post double digit return asset hit ksh million,positive,0.5906193705784935,auto_bootstrap_lr
Citizen Digital,Of moon faces and curves: How trending beauty standards are fueling steroid misuse,,https://citizen.digital/article/of-moon-faces-and-curves-how-trending-beauty-standards-are-fueling-steroid-misuse-n386787,neutral,0.598969042301178,moon face curve trending beauty standard fueling steroid misuse,negative,0.5232382015485323,auto_bootstrap_lr
The Standard,NTSA intensifies road safety crackdown as school holiday begins,,https://www.standardmedia.co.ke/national/article/2001553610/ntsa-intensifies-road-safety-crackdown-as-school-holiday-begins,neutral,0.7013501524925232,ntsa intensifies road safety crackdown school holiday begin,negative,0.6257281815279011,auto_bootstrap_lr
The Standard,CoG tells county boards to ignore Health Ministry directive to absorb UHC workers,,https://www.standardmedia.co.ke/national/article/2001553590/cog-tells-county-boards-to-ignore-health-ministry-directive-to-absorb-uhc-workers,neutral,0.6792463064193726,cog tell county board ignore health ministry directive absorb uhc worker,negative,0.5711737573590018,auto_bootstrap_lr
The Standard,Safe but scared...: Tales of Mathare floods survivors,,https://www.standardmedia.co.ke/national/article/2001553268/safe-but-scared-tales-of-mathare-floods-survivors,neutral,0.6092717051506042,safe scared tale mathare flood survivor,negative,0.5355496308503455,auto_bootstrap_lr
The Standard,Applying for a Good Conduct certificate? New DCI system cuts wait to 24 hours,,https://www.standardmedia.co.ke/national/article/2001553557/applying-for-a-good-conduct-certificate-new-dci-system-cuts-wait-to-24-hours,neutral,0.5170847773551941,applying good conduct certificate new dci system cut wait hour,positive,0.5918093227655801,auto_bootstrap_lr
The Standard,"'Execute the CBAs or prepare for a full withdrawal of labour', county workers warn",,https://www.standardmedia.co.ke/national/article/2001553463/execute-the-cbas-or-prepare-for-a-full-withdrawal-of-labour-county-workers-warn,neutral,0.6225125193595886,execute cbas prepare full withdrawal labour county worker warn,negative,0.591209045759443,auto_bootstrap_lr
The Standard,"Nairobi ramps up emergency response with 406 personnel, seven fire stations",,https://www.standardmedia.co.ke/nairobi/article/2001553599/nairobi-ramps-up-emergency-response-with-406-personnel-seven-fire-stations,neutral,0.8954547047615051,nairobi ramp emergency response personnel seven fire station,positive,0.549778912976932,auto_bootstrap_lr
The Standard,Lusaka warns finance office over audit compliance,,https://www.standardmedia.co.ke/western/article/2001553583/lusaka-warns-finance-office-over-audit-compliance,neutral,0.5671448111534119,lusaka warns finance office audit compliance,negative,0.5917049961892165,auto_bootstrap_lr
The Standard,Dual citizenship claim raises questions on abducted businessman,,https://www.standardmedia.co.ke/nairobi/article/2001553517/dual-citizenship-claim-raises-questions-on-abducted-businessman,neutral,0.7594805955886841,dual citizenship claim raise question abducted businessman,negative,0.5030059288965271,auto_bootstrap_lr
The Standard,Kamariny Stadium reaches halfway mark after years of delays,,https://www.standardmedia.co.ke/rift-valley/article/2001553482/kamariny-stadium-reaches-halfway-mark-after-years-of-delays,neutral,0.7397791743278503,kamariny stadium reach halfway mark year delay,positive,0.5160212960537383,auto_bootstrap_lr
The Standard,Tunai gains early political boost as seven Maasai clans endorse 2027 senate bid,,https://www.standardmedia.co.ke/rift-valley/article/2001553440/tunai-gains-early-political-boost-as-seven-maasai-clans-endorse-2027-senate-bid,neutral,0.7234147787094116,tunai gain early political boost seven maasai clan endorse senate bid,positive,0.7120193627957597,auto_bootstrap_lr
The Standard,Body of missing Naivasha businessman found dumped in cave,,https://www.standardmedia.co.ke/rift-valley/article/2001553292/body-of-missing-naivasha-businessman-found-dumped-in-cave,neutral,0.7048212289810181,body missing naivasha businessman found dumped cave,negative,0.6328203373129903,auto_bootstrap_lr
The Standard,Kenya researchers push African ownership of Chinese AI models,,https://www.standardmedia.co.ke/business/sci-tech/article/2001552166/kenya-researchers-push-african-ownership-of-chinese-ai-models,neutral,0.920444667339325,kenya researcher push african ownership chinese ai model,positive,0.633040344644866,auto_bootstrap_lr
The Standard,PremiumDay Nairobi city was taken over by North London,,https://www.standardmedia.co.ke/business/football/article/2001549194/day-nairobi-city-was-taken-over-by-north-london,neutral,0.8141571283340454,premiumday nairobi city taken north london,positive,0.5273196876705263,auto_bootstrap_lr
The Standard,Why the right car battery is no longer just about engine size,,https://www.standardmedia.co.ke/business/motoring/article/2001550658/why-the-right-car-battery-is-no-longer-just-about-engine-size,neutral,0.6313789486885071,right car battery longer engine size,positive,0.526814681735291,auto_bootstrap_lr
The Standard,ASEAN calls for open straits as US-Iran war casts shadow,,https://www.standardmedia.co.ke/world/article/2001553568/asean-calls-for-open-straits-as-us-iran-war-casts-shadow,neutral,0.8662115335464478,asean call open strait u iran war cast shadow,negative,0.661055343167504,auto_bootstrap_lr
The Standard,New UK PM announces tax cut for struggling pubs,,https://www.standardmedia.co.ke/europe/article/2001553561/new-uk-pm-announces-tax-cut-for-struggling-pubs,neutral,0.7655717134475708,new uk pm announces tax cut struggling pub,positive,0.5029604766282292,auto_bootstrap_lr
The Standard,Chad's desert east faces 'dire need' for access to water,,https://www.standardmedia.co.ke/africa/article/2001553536/chads-desert-east-faces-dire-need-for-access-to-water,neutral,0.632370114326477,chad desert east face dire need access water,negative,0.5801667697769074,auto_bootstrap_lr
The Standard,Six candidates in race to lead UN set for televised debate,,https://www.standardmedia.co.ke/world/article/2001553535/six-candidates-in-race-to-lead-un-set-for-televised-debate,neutral,0.933441400527954,six candidate race lead un set televised debate,positive,0.5260491012286463,auto_bootstrap_lr
The Standard,US trial of Venezuela's Maduro set for June 2027,,https://www.standardmedia.co.ke/world/article/2001553528/us-trial-of-venezuelas-maduro-set-for-june-2027,neutral,0.9059427976608276,u trial venezuela maduro set june,negative,0.5337040403643254,auto_bootstrap_lr
The Standard,Mudavadi orders review of EAC resolutions to deepen regional integration,,https://www.standardmedia.co.ke/africa/article/2001553523/mudavadi-orders-review-of-eac-resolutions-to-deepen-regional-integration,neutral,0.7999438643455505,mudavadi order review eac resolution deepen regional integration,positive,0.5169935252328596,auto_bootstrap_lr
The Standard,North Korea reaffirms support for Moscow over Ukraine,,https://www.standardmedia.co.ke/world/article/2001553333/north-korea-reaffirms-support-for-moscow-over-ukraine,neutral,0.9097375273704528,north korea reaffirms support moscow ukraine,positive,0.5153943857184105,auto_bootstrap_lr
The Standard,New UK PM Burnham stamps authority with cabinet shakeup,,https://www.standardmedia.co.ke/world/article/2001553331/new-uk-pm-burnham-stamps-authority-with-cabinet-shakeup,neutral,0.9409586787223816,new uk pm burnham stamp authority cabinet shakeup,positive,0.6093779882446761,auto_bootstrap_lr
The Standard,Burnham becomes new UK PM after meeting king,,https://www.standardmedia.co.ke/world/article/2001553261/burnham-becomes-new-uk-pm-after-meeting-king,neutral,0.9184144139289856,burnham becomes new uk pm meeting king,positive,0.6210607666488528,auto_bootstrap_lr
The Standard,Hospitals remain operational despite health workers' strike,,https://www.standardmedia.co.ke/health/health-science/article/2001553424/hospitals-remain-operational-despite-health-workers-strike,neutral,0.6872084736824036,hospital remain operational despite health worker strike,negative,0.616435103429098,auto_bootstrap_lr
The Standard,Experts call for a lasting solution to endless cycle of hunger up north,,https://www.standardmedia.co.ke/health/family-wellness/article/2001542408/experts-call-for-a-lasting-solution-to-endless-cycle-of-hunger-up-north,neutral,0.6729801297187805,expert call lasting solution endless cycle hunger north,negative,0.5608448418842037,auto_bootstrap_lr
The Standard,How womb bypass saved 'miracle' baby in rare abdominal pregnancy,,https://www.standardmedia.co.ke/health/reproductive-health/article/2001545789/how-womb-bypass-saved-miracle-baby-in-rare-abdominal-pregnancy,neutral,0.5867686867713928,womb bypass saved miracle baby rare abdominal pregnancy,negative,0.5231166641277043,auto_bootstrap_lr
The Standard,Governor Nyong'o opens up about cancer diagnosis,,https://www.standardmedia.co.ke/health/health-science/article/2001553227/governor-nyongo-opens-up-about-cancer-diagnosis,neutral,0.904635488986969,governor nyong open cancer diagnosis,negative,0.5958250721161565,auto_bootstrap_lr
The Standard,Kisumu RFC target fresh start as Prinsloo Sevens opens National Sevens Circuit,,https://www.standardmedia.co.ke/sports/rugby/article/2001553465/kisumu-rfc-target-fresh-start-as-prinsloo-sevens-opens-national-sevens-circuit,neutral,0.935741364955902,kisumu rfc target fresh start prinsloo seven open national seven circuit,positive,0.6294100179686216,auto_bootstrap_lr
The Standard,New stars emerge at MSFK national season opener,,https://www.standardmedia.co.ke/sports/motorsport/article/2001553171/new-stars-emerge-at-msfk-national-season-opener,neutral,0.5729175806045532,new star emerge msfk national season opener,positive,0.6416820864667333,auto_bootstrap_lr
The Standard,"Shun doping, Olympians tell athletes at Eldoret City race awards",,https://www.standardmedia.co.ke/sports/athletics/article/2001552486/shun-doping-olympians-tell-athletes-at-eldoret-city-race-awards,neutral,0.7795364260673523,shun doping olympian tell athlete eldoret city race award,positive,0.565296565393699,auto_bootstrap_lr
The Standard,Lessons for East Africa ahead of AFCON after successful World Cup in North America,,https://www.standardmedia.co.ke/sports/football/article/2001553433/lessons-for-east-africa-ahead-of-afcon-after-successful-world-cup-in-north-america,neutral,0.5856509804725647,lesson east africa ahead afcon successful world cup north america,positive,0.6917927627454737,auto_bootstrap_lr
The Standard,Arrogance or pride? Argentina grapples with World Cup villain label,,https://www.standardmedia.co.ke/sports/football/article/2001553337/arrogance-or-pride-argentina-grapples-with-world-cup-villain-label,neutral,0.6494892239570618,arrogance pride argentina grapple world cup villain label,positive,0.5521104061396038,auto_bootstrap_lr
The Standard,Plane carrying Spain's World Cup winning team lands in Madrid,,https://www.standardmedia.co.ke/sports/football/article/2001553295/plane-carrying-spains-world-cup-winning-team-lands-in-madrid,neutral,0.8192933201789856,plane carrying spain world cup winning team land madrid,positive,0.6012475957416642,auto_bootstrap_lr
The Standard,Kenyan stars set to battle for glory at Paris Diamond League meeting,,https://www.standardmedia.co.ke/sports/athletics/article/2001551460/kenyan-stars-set-to-battle-for-glory-at-paris-diamond-league-meeting,neutral,0.7344987988471985,kenyan star set battle glory paris diamond league meeting,positive,0.5855789234026386,auto_bootstrap_lr
The Standard,"Lemayan defends marathon title, debutant Simiyu clinches women's crown",,https://www.standardmedia.co.ke/sports/athletics/article/2001551427/lemayan-defends-marathon-title-debutant-simiyu-clinches-womens-crown,neutral,0.7742723226547241,lemayan defends marathon title debutant simiyu clinch woman crown,positive,0.5244559412338473,auto_bootstrap_lr
The Standard,Day Nairobi city was taken over by North London,,https://www.standardmedia.co.ke/sports/football/article/2001549194/day-nairobi-city-was-taken-over-by-north-london,neutral,0.8525383472442627,day nairobi city taken north london,positive,0.5756904892620465,auto_bootstrap_lr
The Standard,"African filmmakers call for better IP protection, gov't support amid industry growth",,https://www.standardmedia.co.ke/newsbeat/article/2001553584/african-filmmakers-call-for-better-ip-protection-govt-support-amid-industry-growth,neutral,0.5473171472549438,african filmmaker call better ip protection gov support amid industry growth,positive,0.5352144496355766,auto_bootstrap_lr
The Standard,WAFCON 2026 begins with Harambee Starlets back on Africa's biggest stage,,https://www.standardmedia.co.ke/sports/article/2001553560/wafcon-2026-begins-with-harambee-starlets-back-on-africas-biggest-stage,neutral,0.616673469543457,wafcon begin harambee starlet back africa biggest stage,positive,0.567711595342194,auto_bootstrap_lr
The Standard,1 in 15 million: Woman welcomes rare quadruplets sharing single placenta,,https://www.standardmedia.co.ke/diaspora/article/2001553558/1-in-15-million-woman-welcomes-rare-quadruplets-sharing-single-placenta,neutral,0.7090258598327637,million woman welcome rare quadruplet sharing single placenta,positive,0.6117989325421661,auto_bootstrap_lr
The Standard,Trinity Tatum signs with top Hollywood agency after Love Island USA win...,,https://www.standardmedia.co.ke/entertainment/article/2001553543/trinity-tatum-signs-with-top-hollywood-agency-after-love-island-usa-win,neutral,0.7655186057090759,trinity tatum sign top hollywood agency love island usa win,positive,0.6644808035123031,auto_bootstrap_lr
The Standard,Mbappe returns as EA SPORTS FC 27 cover star after four-year wait,,https://www.standardmedia.co.ke/entertainment/article/2001553474/mbappe-returns-as-ea-sports-fc-27-cover-star-after-four-year-wait,neutral,0.5064873695373535,mbappe return ea sport fc cover star four year wait,positive,0.5725612474938856,auto_bootstrap_lr
The Standard,"Selling skin, selling souls: Sheryl Gabriella and inside Kenya's underground economy of nudes an...",,https://www.standardmedia.co.ke/features/article/2001553119/selling-skin-selling-souls-sheryl-gabriella-and-inside-kenyas-underground-economy-of-nudes-and-online-sex-work,neutral,0.880944550037384,selling skin selling soul sheryl gabriella inside kenya underground economy nude,positive,0.5312620550335249,auto_bootstrap_lr
The Standard,"Haaland, Vozinha, Messi, Ronaldo: Players who gained most followers during World Cup",,https://www.standardmedia.co.ke/Sports/article/2001553481/haaland-vozinha-messi-ronaldo-players-who-gained-most-followers-during-world-cup,neutral,0.6390330791473389,haaland vozinha messi ronaldo player gained follower world cup,positive,0.5861867159390383,auto_bootstrap_lr
The Standard,Grade 10 learners to register for KNEC assessments by end of this month,,https://www.standardmedia.co.ke/education/article/2001552732/grade-10-learners-to-register-for-knec-assessments-by-end-of-this-month,neutral,0.9056175947189332,grade learner register knec assessment end month,negative,0.5168690061647777,auto_bootstrap_lr
The Standard,Murang'a School Joins Kenya's National Read Aloud World Record attempt,,https://www.standardmedia.co.ke/education/article/2001552699/muranga-school-joins-kenyas-national-read-aloud-world-record-attempt,neutral,0.7588232159614563,murang school join kenya national read aloud world record attempt,positive,0.5405017197641468,auto_bootstrap_lr
The Standard,The last stripes: How northern Kenya is fighting to save world's rarest zebra,,https://www.standardmedia.co.ke/environment-climate/article/2001553235/the-last-stripes-how-northern-kenya-is-fighting-to-save-worlds-rarest-zebra,neutral,0.8750936985015869,last stripe northern kenya fighting save world rarest zebra,positive,0.6046026708679142,auto_bootstrap_lr
The Standard,"4,642 Kenyans move to court to stop development in Nairobi National Park",,https://www.standardmedia.co.ke/environment-climate/article/2001552356/4642-kenyans-move-to-court-to-stop-development-in-nairobi-national-park,neutral,0.6075334548950195,kenyan move court stop development nairobi national park,positive,0.507814642116866,auto_bootstrap_lr
The Standard,KFS presents case for airstrip in forest as conservationists ejected,,https://www.standardmedia.co.ke/environment-climate/article/2001552318/kfs-presents-case-for-airstrip-in-forest-as-conservationists-ejected,neutral,0.8801716566085815,kfs present case airstrip forest conservationist ejected,negative,0.5920689919696694,auto_bootstrap_lr
The Standard,Dangote Lamu refinery is more than a response to the Middle East energy crisis,,https://www.standardmedia.co.ke/opinion/article/2001553475/dangote-lamu-refinery-is-more-than-a-response-to-the-middle-east-energy-crisis,neutral,0.5358617305755615,dangote lamu refinery response middle east energy crisis,negative,0.5027943582974211,auto_bootstrap_lr
The Standard,"The asymmetric India, Pakistan treaty and long overdue reckoning",,https://www.standardmedia.co.ke/opinion/article/2001553479/the-asymmetric-india-pakistan-treaty-and-long-overdue-reckoning,neutral,0.6875901222229004,asymmetric india pakistan treaty long overdue reckoning,negative,0.5019878856278007,auto_bootstrap_lr
The Standard,Ol Kalou by-election and a warning Kenya keeps on ignoring,,https://www.standardmedia.co.ke/opinion/article/2001553306/ol-kalou-by-election-and-a-warning-kenya-keeps-on-ignoring,neutral,0.5647691488265991,ol kalou election warning kenya keep ignoring,negative,0.5514187888392899,auto_bootstrap_lr
The Standard,Inside Millennials' analogue faith vs Gen Z digital minds,,https://www.standardmedia.co.ke/opinion/article/2001553241/inside-millennials-analogue-faith-vs-gen-z-digital-minds,neutral,0.9024738073349,inside millennials analogue faith v gen z digital mind,negative,0.5046342830065638,auto_bootstrap_lr
The Standard,World Bank must demand accountability before and after lending,,https://www.standardmedia.co.ke/opinion/article/2001553217/world-bank-must-demand-accountability-before-and-after-lending,neutral,0.5634759068489075,world bank must demand accountability lending,positive,0.548390603439126,auto_bootstrap_lr
The Standard,World Bank must demand for accountability before and after lending,,https://www.standardmedia.co.ke/opinion/article/2001553242/world-bank-must-demand-for-accountability-before-and-after-lending,neutral,0.6813350319862366,world bank must demand accountability lending,positive,0.548390603439126,auto_bootstrap_lr
The Standard,Calm in Kitengela as police arrest youth over looming protests,,https://www.standardmedia.co.ke/nairobi/article/2001551260/calm-in-kitengela-as-police-arrest-youth-over-looming-protests,neutral,0.796654224395752,calm kitengela police arrest youth looming protest,negative,0.6806273789453097,auto_bootstrap_lr
The Standard,Run for Dignity initiative receives Sh2 million support ahead of Karura Forest event,,https://www.standardmedia.co.ke/nairobi/article/2001551150/run-for-dignity-initiative-receives-sh2-million-support-ahead-of-karura-forest-event,neutral,0.5185086727142334,run dignity initiative receives sh million support ahead karura forest event,positive,0.562578716682973,auto_bootstrap_lr
The Star,First person gets new experimental vaccine for Ebola,,https://www.the-star.co.ke/news/world/2026-07-25-first-person-gets-new-experimental-vaccine-for-ebola,neutral,0.7790403366088867,first person get new experimental vaccine ebola,positive,0.6361465784485124,auto_bootstrap_lr
The Star,"More than 220,000 evacuated in France and Spain due to wildfiresAround 200,000 people have been evacuated in south-west France in the Gironde and Landes regions",,https://www.the-star.co.ke/news/world/2026-07-25-more-than-220000-evacuated-in-france-and-spain-due-to-wildfires,neutral,0.671554446220398,evacuated france spain due wildfiresaround people evacuated south west france gironde landes region,negative,0.5674367517615673,auto_bootstrap_lr
The Star,Five counties roll out agroecology policies to boost climate resilienceStakeholders are urging more devolved governments to fast-track implementation to strengthen food security.,,https://www.the-star.co.ke/counties/nairobi/2026-07-24-five-counties-roll-out-agroecology-policies-to-boost-climate-resilience,neutral,0.5764012932777405,five county roll agroecology policy boost climate resiliencestakeholders urging devolved government fast track implementation strengthen food security,positive,0.5197784275982267,auto_bootstrap_lr
The Star,Court upholds conviction of driver who killed two ridersJudge rules the trial court’s findings on both conviction and sentence were sound.,,https://www.the-star.co.ke/counties/nairobi/2026-07-24-court-upholds-conviction-of-driver-who-killed-two-riders,neutral,0.8304924964904785,court upholds conviction driver killed two ridersjudge rule trial court finding conviction sentence sound,negative,0.6001872655228214,auto_bootstrap_lr
The Star,Senators warn against rhetoric that could reopen 2007/08 woundsOle Kina cautioned leaders against making statements that could inflame ethnic divisions,,https://www.the-star.co.ke/counties/nairobi/2026-07-24-senators-warn-against-rhetoric-that-could-reopen-200708-wounds,neutral,0.5383593440055847,senator warn rhetoric could reopen woundsole kina cautioned leader making statement could inflame ethnic division,negative,0.5641562653578787,auto_bootstrap_lr
The Star,"Sakaja unveils City Hall fire, rescue planNairobi has trained 312 structural firefighters, 57 disaster management officers, 32 urban search and rescue specialist",,https://www.the-star.co.ke/counties/nairobi/2026-07-24-sakaja-unveils-city-hall-fire-rescue-plan,neutral,0.9121307134628296,sakaja unveils city hall fire rescue plannairobi trained structural firefighter disaster management officer urban search rescue specialist,negative,0.5217568342849195,auto_bootstrap_lr
The Star,"Garissa succession battle now exposes clan fault linesEmerging clan alignments, rival endorsements, rising political rhetoric unmask divisions",,https://www.the-star.co.ke/counties/north-eastern/2026-07-24-garissa-succession-battle-now-exposes-clan-fault-lines,neutral,0.5867226123809814,garissa succession battle expose clan fault linesemerging clan alignment rival endorsement rising political rhetoric unmask division,negative,0.5724392684214922,auto_bootstrap_lr
The Star,Kenyan firm to be first maker of pharmaceutical bottles in Africa,,https://www.the-star.co.ke/counties/coast/2026-07-25-kenyan-firm-to-be-first-maker-of-pharmaceutical-bottles-in-africa,neutral,0.8085668087005615,kenyan firm first maker pharmaceutical bottle africa,positive,0.6135205629820997,auto_bootstrap_lr
The Star,"PSV saccos urged to strengthen savings cultureThe call came during the launch of seven new public service vehicles in Othaya, Nyeri County",,https://www.the-star.co.ke/counties/central/2026-07-24-psv-saccos-urged-to-strengthen-savings-culture,neutral,0.6742569804191589,psv sacco urged strengthen saving culturethe call came launch seven new public service vehicle othaya nyeri county,positive,0.5835058148514273,auto_bootstrap_lr
The Star,Man found with heroin convictedMagistrate rules police evidence was sufficient for conviction,,https://www.the-star.co.ke/counties/central/2026-07-24-man-found-with-heroin-convicted,neutral,0.8173680901527405,man found heroin convictedmagistrate rule police evidence sufficient conviction,negative,0.7397864893535148,auto_bootstrap_lr
The Star,"Crackdown on gangs to continue in Garissa, says officerSays the government is determined to eliminate criminals that have subjected residents to fear through robberies.",,https://www.the-star.co.ke/counties/eastern/2026-07-24-crackdown-on-gangs-to-continue-in-garissa-says-officer,neutral,0.6457095146179199,crackdown gang continue garissa say officersays government determined eliminate criminal subjected resident fear robbery,negative,0.5398056425266492,auto_bootstrap_lr
The Star,Muyoti targets domestic double with Police FC,,https://www.the-star.co.ke/sports/football/2026-07-25-muyoti-targets-domestic-double-with-police-fc,neutral,0.9232024550437928,muyoti target domestic double police fc,negative,0.540236957964463,auto_bootstrap_lr
The Star,"Sportpesa League set for overhaul after FKF-club dealThe breakthrough comes after club chairmen warned they would boycott the new season, scheduled to kick off on August 22",,https://www.the-star.co.ke/sports/football/2026-07-24-sportpesa-league-set-for-overhaul-after-fkf-club-deal,neutral,0.6079282760620117,sportpesa league set overhaul fkf club dealthe breakthrough come club chairman warned would boycott new season scheduled kick august,positive,0.5004981754061314,auto_bootstrap_lr
The Star,"Pamba Jiji line up Kenya friendlies as Baraza targets improved seasonThe Mwanza-based outfit is set to face FKF Premier League champions Kenya Police and newly promoted Nairobi United in Nairobi next week, with another fixture against Shabana also under consideration.",,https://www.the-star.co.ke/sports/football/2026-07-24-pamba-jiji-line-up-kenya-friendlies-as-baraza-targets-improved-season,neutral,0.8467079997062683,pamba jiji line kenya friendly baraza target improved seasonthe mwanza based outfit set face fkf premier league champion kenya police newly promoted nairobi united nairobi next week another fixture shabana also consideration,positive,0.5654983658371113,auto_bootstrap_lr
The Star,Second junior crown in sight for world cross champion Kibet,,https://www.the-star.co.ke/sports/athletics/2026-07-24-second-global-junior-crown-in-sight-for-world-cross-champion-kibet-1,neutral,0.6216879487037659,second junior crown sight world cross champion kibet,positive,0.5833960708919275,auto_bootstrap_lr
The Star,"Kipruto hopes to topple Kiplimo as regional rivalry takes centre stage in star-studded Chicago MarathonAt last year's Chicago Marathon, Kiplimo stormed to victory in 2:02:23, comfortably holding off Kipruto, who crossed the line second in 2:03:54.",,https://www.the-star.co.ke/sports/athletics/2026-07-25-kipruto-hopes-to-topple-kiplimo-as-regional-rivalry-takes-centre-stage-in-star-studded-chicago-marathon,neutral,0.5123522877693176,kipruto hope topple kiplimo regional rivalry take centre stage star studded chicago marathonat last year chicago marathon kiplimo stormed victory comfortably holding kipruto crossed line second,positive,0.7209952534175554,auto_bootstrap_lr
The Star,"KCB hand Amaitsa, Nyangige debuts as Prinsloo Sevens title chase beginsThe duo is expected to feature in KCB’s star-studded lineup for the opening leg of the 2026 National Sevens Circuit.",,https://www.the-star.co.ke/sports/rugby/2026-07-24-kcb-hand-amaitsa-nyangige-debuts-as-prinsloo-sevens-title-chase-begins,neutral,0.8546830415725708,kcb hand amaitsa nyangige debut prinsloo seven title chase beginsthe duo expected feature kcb star studded lineup opening leg national seven circuit,positive,0.6284445843618119,auto_bootstrap_lr
The Star,BRINGING SEXY BACK: Six things women secretly wish for,,https://www.the-star.co.ke/sasa/lifestyle/2026-07-25-bringing-sexy-back-six-things-women-secretly-wish-for,neutral,0.6639924645423889,bringing sexy back six thing woman secretly wish,positive,0.5331970642883226,auto_bootstrap_lr
The Star,GEN Z CORNER: Party after party until I got tired of ‘sherehe’Calculating how much I had spent on alcohol in a month was a wake-up call,,https://www.the-star.co.ke/sasa/lifestyle/2026-07-22-gen-z-corner,neutral,0.5507826209068298,gen z corner party party got tired sherehe calculating much spent alcohol month wake call,negative,0.5211868196476986,auto_bootstrap_lr
Citizen Digital,News•6 minutes agoFury stops Wach in Thailand to close in on Joshua fightBy AFP,,https://citizen.digital/article/fury-stops-wach-in-thailand-to-close-in-on-joshua-fight-n387094,neutral,0.9537985920906068,news minute agofury stop wach thailand close joshua fightby afp,negative,0.5991306323490897,auto_bootstrap_lr
Citizen Digital,News•1 hour agoICC prosecutor Karim Khan removed over 'serious misconduct'By AFP,,https://citizen.digital/article/icc-prosecutor-karim-khan-removed-over-serious-misconduct-n387098,neutral,0.5860602855682373,news hour agoicc prosecutor karim khan removed serious misconduct afp,negative,0.6276251383335764,auto_bootstrap_lr
Citizen Digital,1 hour agoWATCH LIVE: Rigathi Gachagua in Embu for 'Meet the People' tourBy Citizen ReporterRead More,,https://citizen.digital/article/watch-live-rigathi-gachagua-in-embu-for-meet-the-people-tour-n387100,neutral,0.915607452392578,hour agowatch live rigathi gachagua embu meet people tourby citizen reporterread,negative,0.5233724860452119,auto_bootstrap_lr
Citizen Digital,"4 hours agoEquity Bank boosts transport sector with PSV fleetBy Citizen ReporterSpeaking during the flag-off ceremony at Equity Bank's Othaya branch, the bank's Central Region Manager, Stephen Mwaniki, said the vehicles were acquired through the bank's SME financing programme....Read More",,https://citizen.digital/article/equity-bank-boosts-transport-sector-with-psv-fleet-n387092,neutral,0.7901881337165833,hour agoequity bank boost transport sector psv fleetby citizen reporterspeaking flag ceremony equity bank othaya branch bank central region manager stephen mwaniki said vehicle acquired bank sme financing programme read,positive,0.6099237176165773,auto_bootstrap_lr
Citizen Digital,"4 hours agoMore than 160,000 flee out-of-control wildfires in France, SpainBy AFPFrench President Emmanuel Macron asked the army on Friday to mobilise to help contain the worst wildfire the country has ever seen after seeking European Union help, as a local official warned the bla...Read More",,https://citizen.digital/article/more-than-160000-flee-out-of-control-wildfires-in-france-spain-n387089,neutral,0.5400365591049194,hour agomore flee control wildfire france spainby afpfrench president emmanuel macron asked army friday mobilise help contain worst wildfire country ever seen seeking european union help local official warned bla read,negative,0.5631306717386598,auto_bootstrap_lr
Citizen Digital,"5 hours agoCosta Rica arrests most wanted drug trafficker 'El Diablo'By AFPThe United States had offered a $500,000 (Ksh.64.7 million) reward for the arrest of Alejandro Arias Monge, who is known as ""El Diablo,"" before he was taken into custody Friday morning in Rio Frio, in...Read More",,https://citizen.digital/article/costa-rica-arrests-most-wanted-drug-trafficker-el-diablo-n387087,neutral,0.8557543158531189,hour agocosta rica arrest wanted drug trafficker el diablo afpthe united state offered ksh million reward arrest alejandro aria monge known el diablo taken custody friday morning rio frio read,negative,0.5764054347720574,auto_bootstrap_lr
The Standard,Wa Muthende named in alleged Ol Kalou by-election robbery,,https://www.standardmedia.co.ke/national/article/2001553701/wa-muthende-named-in-alleged-ol-kalou-by-election-robbery,neutral,0.6145145893096924,wa muthende named alleged ol kalou election robbery,negative,0.6121283890390264,auto_bootstrap_lr
The Standard,Duale under probe over alleged ethnic remarks,,https://www.standardmedia.co.ke/national/article/2001553681/duale-under-probe-over-alleged-ethnic-remarks,neutral,0.5153607726097107,duale probe alleged ethnic remark,negative,0.7151673027362848,auto_bootstrap_lr
The Standard,"Ruto launches 30,000 youth internship programme",,https://www.standardmedia.co.ke/national/article/2001553654/ruto-launches-30000-youth-internship-programme,neutral,0.7191413044929504,ruto launch youth internship programme,positive,0.523884541648188,auto_bootstrap_lr
The Standard,State to turn failed maize crop into animal feed to cushion farmers,,https://www.standardmedia.co.ke/national/article/2001553643/state-to-turn-failed-maize-crop-into-animal-feed-to-cushion-farmers,neutral,0.5541187524795532,state turn failed maize crop animal feed cushion farmer,negative,0.6255858253516663,auto_bootstrap_lr
The Standard,"'My lord, I was not aware': IG Kanja pledges compliance in Gatoto School standoff",,https://www.standardmedia.co.ke/national/article/2001553639/my-lord-i-was-not-aware-ig-kanja-pledges-compliance-in-gatoto-school-standoff,neutral,0.523395299911499,lord aware ig kanja pledge compliance gatoto school standoff,negative,0.5327061538559584,auto_bootstrap_lr
The Standard,"Kwa Binzaro victims buried naked, without coffins; court told",,https://www.standardmedia.co.ke/coast/article/2001553635/kwa-binzaro-victims-buried-naked-without-coffins-court-told,neutral,0.6697387099266052,kwa binzaro victim buried naked without coffin court told,negative,0.5006343908090034,auto_bootstrap_lr
The Standard,Tana River targets livestock feed hub with new farming project,,https://www.standardmedia.co.ke/coast/article/2001553651/tana-river-targets-livestock-feed-hub-with-new-farming-project,neutral,0.9226626753807068,tana river target livestock feed hub new farming project,positive,0.5541798829369976,auto_bootstrap_lr
The Standard,Medics sound alarm over growing cases of heart attacks,,https://www.standardmedia.co.ke/coast/article/2001553587/medics-sound-alarm-over-growing-cases-of-heart-attacks,neutral,0.581459641456604,medic sound alarm growing case heart attack,negative,0.636590100346298,auto_bootstrap_lr
The Standard,EAC stakeholders in new push to end regional trade barriersThe East African Community (EAC) secretariat has reiterated calls for its partner states to eliminate domestic administrative bottlenecks that continue to delay the movement of goods and services.,,https://www.standardmedia.co.ke/business/shipping-logistics/article/2001553484/eac-stakeholders-in-new-push-to-end-regional-trade-barriers,neutral,0.8532966375350952,eac stakeholder new push end regional trade barriersthe east african community eac secretariat reiterated call partner state eliminate domestic administrative bottleneck continue delay movement good service,positive,0.5064894964797585,auto_bootstrap_lr
The Standard,"Saudi Arabia is running recruitment networks for Sudan's war, reports says",,https://www.standardmedia.co.ke/africa/article/2001553675/saudi-arabia-is-running-recruitment-networks-for-sudans-war-reports-says,neutral,0.7557179927825928,saudi arabia running recruitment network sudan war report say,negative,0.5902553594012371,auto_bootstrap_lr
The Standard,Hundreds flee French peninsula by boat to escape wildfire,,https://www.standardmedia.co.ke/europe/article/2001553648/hundreds-flee-french-peninsula-by-boat-to-escape-wildfire,neutral,0.6243228912353516,hundred flee french peninsula boat escape wildfire,negative,0.5705398938025894,auto_bootstrap_lr
The Standard,Kenya's top sharpshooters battle for glory IPSC championship,,https://www.standardmedia.co.ke/sports/sports/article/2001553670/kenyas-top-sharpshooters-battle-for-glory-ipsc-championship,neutral,0.7616118788719177,kenya top sharpshooter battle glory ipsc championship,positive,0.7186938963584453,auto_bootstrap_lr
The Standard,Laiser Hill keen to restore fading rugby 7s glory,,https://www.standardmedia.co.ke/sports/sports/article/2001553589/laiser-hill-keen-to-restore-fading-rugby-7s-glory,neutral,0.7673332095146179,laiser hill keen restore fading rugby glory,positive,0.5102453551809939,auto_bootstrap_lr
The Standard,Nyakach Girls target national football crown,,https://www.standardmedia.co.ke/sports/sports/article/2001553588/nyakach-girls-target-national-football-crown,neutral,0.8096393942832947,nyakach girl target national football crown,positive,0.5324408469226887,auto_bootstrap_lr
The Standard,Rachier to lead transition Committee for Premier League,,https://www.standardmedia.co.ke/sports/sports/article/2001553628/rachier-to-lead-transition-committee-for-premier-league,neutral,0.9472590684890748,rachier lead transition committee premier league,positive,0.5033332135579722,auto_bootstrap_lr
The Standard,"Kwa Binzaro massacre victims buried naked in shallow graves, court told",,https://www.standardmedia.co.ke/county/article/2001553719/kwa-binzaro-massacre-victims-buried-naked-in-shallow-graves-court-told,neutral,0.5030491352081299,kwa binzaro massacre victim buried naked shallow graf court told,negative,0.5309221844466041,auto_bootstrap_lr
The Standard,Kumbe ni under 18: Age doubts saves man from 10 years in jail,,https://www.standardmedia.co.ke/newsbeat/article/2001553715/kumbe-ni-under-18-age-doubts-saves-man-from-10-years-in-jail,neutral,0.7169778347015381,kumbe ni age doubt save man year jail,negative,0.5397677666007257,auto_bootstrap_lr
The Standard,"Susumila, Amoxco and Chibo Dee urge artists to embrace culture in modern music...",,https://www.standardmedia.co.ke/entertainment/article/2001553708/susumila-amoxco-and-chibo-dee-urge-artists-to-embrace-culture-in-modern-music,neutral,0.7342156767845154,susumila amoxco chibo dee urge artist embrace culture modern music,positive,0.5308143197487886,auto_bootstrap_lr
The Standard,"Shaq The Yungin claims he is King Kalala's baby daddy, shares alleged WhatsApp chats...",,https://www.standardmedia.co.ke/entertainment/article/2001553642/shaq-the-yungin-claims-he-is-king-kalalas-baby-daddy-shares-alleged-whatsapp-chats,neutral,0.7999514937400818,shaq yungin claim king kalala baby daddy share alleged whatsapp chat,negative,0.5257908226259301,auto_bootstrap_lr
The Standard,Knut withdraws 59 teachers from Isiolo schools,,https://www.standardmedia.co.ke/education/article/2001553683/knut-withdraws-59-teachers-from-isiolo-schools,neutral,0.5704535841941833,knut withdraws teacher isiolo school,negative,0.5535569763518524,auto_bootstrap_lr
The Standard,Ogamba: No student will be left out under new university funding model,,https://www.standardmedia.co.ke/education/article/2001553585/ogamba-no-student-will-be-left-out-under-new-university-funding-model,neutral,0.8171729445457458,ogamba student left new university funding model,positive,0.5779232378869384,auto_bootstrap_lr
The Standard,Why luck won't strike twice for Pauline Njoroge,,https://www.standardmedia.co.ke/opinion/article/2001553695/why-luck-wont-strike-twice-for-pauline-njoroge,neutral,0.593562126159668,luck strike twice pauline njoroge,negative,0.6011861185688965,auto_bootstrap_lr
The Standard,Letter from Mogadishu: Morocco hosts talk on piracy as India sentences Somali pirates,,https://www.standardmedia.co.ke/opinion/article/2001553644/letter-from-mogadishu-morocco-hosts-talk-on-piracy-as-india-sentences-somali-pirates,neutral,0.8111621141433716,letter mogadishu morocco host talk piracy india sentence somali pirate,negative,0.5601310941126895,auto_bootstrap_lr
The Standard,How Gachagua won Ol Kalou by-election and lost it the same day,,https://www.standardmedia.co.ke/opinion/article/2001553572/how-gachagua-won-ol-kalou-by-election-and-lost-it-the-same-day,neutral,0.6133272647857666,gachagua ol kalou election lost day,negative,0.5502371604906462,auto_bootstrap_lr
The Standard,It is time for Kenya to rethink judicial accountability design,,https://www.standardmedia.co.ke/opinion/article/2001553573/it-is-time-for-kenya-to-rethink-judicial-accountability-design,neutral,0.6910537481307983,time kenya rethink judicial accountability design,positive,0.5077179456026444,auto_bootstrap_lr
World News API,Team Kenya continues its preparations for the World Athletics U20 championships,,,neutral,0.7383372187614441,team kenya continues preparation world athletics u championship,positive,0.6499664027386016,auto_bootstrap_lr
World News API,Kenya' Legacy Football Academy U14 make Gothia Cup history,,,neutral,0.6426557898521423,kenya legacy football academy u make gothia cup history,positive,0.5879493159508103,auto_bootstrap_lr
World News API,Kazakhstan advances railway modernization with track and locomotive renewal,,,neutral,0.7418349981307983,kazakhstan advance railway modernization track locomotive renewal,positive,0.5323984838268336,auto_bootstrap_lr
World News API,Hospitals remain operational despite health workers&#039; strike,,,neutral,0.7839962244033813,hospital remain operational despite health worker strike,negative,0.616435103429098,auto_bootstrap_lr
World News API,Kenya's Commonwealth Games Debutants Eye Podium Finish as Glasgow Preparations Intensify,,,neutral,0.9112077951431274,kenya commonwealth game debutants eye podium finish glasgow preparation intensify,positive,0.6842803886206954,auto_bootstrap_lr
World News API,"Kenya, Ghana explore health partnership on UHC pharmaceutical manufacturing",,,neutral,0.8896105885505676,kenya ghana explore health partnership uhc pharmaceutical manufacturing,positive,0.5053860538910376,auto_bootstrap_lr
World News API,"US Deepens Commercial Diplomacy With Africa to Boost Trade, Investment and Innovation",,,neutral,0.5525103807449341,u deepens commercial diplomacy africa boost trade investment innovation,positive,0.6486994961076791,auto_bootstrap_lr
World News API,New bill proposes easier process for peaceful demonstrations,,,neutral,0.5328054428100586,new bill proposes easier process peaceful demonstration,positive,0.5962824306286079,auto_bootstrap_lr
World News API,AI and Digital Diplomacy Take Centre Stage at Major African Technology Conference,,,neutral,0.5093703269958496,ai digital diplomacy take centre stage major african technology conference,positive,0.5819222317267062,auto_bootstrap_lr
World News API,The Bold Standard : BOYCOTT,,,neutral,0.5247982740402222,bold standard boycott,negative,0.5633825442059072,auto_bootstrap_lr
World News API,EACC moves to recover KSh4.3 billion Kisumu prison land,,,neutral,0.9082219004631042,eacc move recover ksh billion kisumu prison land,negative,0.5438469722760191,auto_bootstrap_lr
NewsData.io,Watch Trailer: First look at Sarah Hassan as Salma in ‘Tides’,,,neutral,0.9203465580940248,watch trailer first look sarah hassan salma tide,positive,0.5614265214324595,auto_bootstrap_lr
NewsData.io,Kenya to host Africa’s first Youth Hockey 5s Championship,,,neutral,0.8240194916725159,kenya host africa first youth hockey championship,positive,0.6706175286287054,auto_bootstrap_lr
NewsData.io,Eindhoven students build world’s first solar-powered ambulance,,,neutral,0.6459140181541443,eindhoven student build world first solar powered ambulance,positive,0.5682499461872043,auto_bootstrap_lr
NewsData.io,AI-infrastructure Platform InfoBay.AI Crosses Rs 100 Crores in Revenue in FY 2025-26,,,neutral,0.693379819393158,ai infrastructure platform infobay ai cross r crore revenue fy,positive,0.535497556023567,auto_bootstrap_lr
NewsData.io,Kenya’s trade corridors open East Africa’s healthcare market to new business as WHX returns to Nairobi in September,,,neutral,0.6795728802680969,kenya trade corridor open east africa healthcare market new business whx return nairobi september,positive,0.6937933893681526,auto_bootstrap_lr
NewsData.io,Pauline Njoroge resigns from Jubilee party: Who is Pauline Njoroge?,,,neutral,0.794642984867096,pauline njoroge resigns jubilee party pauline njoroge,negative,0.5118846972865617,auto_bootstrap_lr
NewsData.io,CAK investigates Naivas over alleged price mismatch,,,neutral,0.7594591975212097,cak investigates naivas alleged price mismatch,negative,0.601502333058767,auto_bootstrap_lr
NewsData.io,Working in a Kenyan abattoir inspired founder of Kenyan fashion brand,,,neutral,0.6348451972007751,working kenyan abattoir inspired founder kenyan fashion brand,positive,0.5234699994509521,auto_bootstrap_lr
NewsData.io,Kenya’s Trade Corridors Expand East Africa’s Healthcare Market as WHX Returns to Nairobi in September,,,neutral,0.7862761616706848,kenya trade corridor expand east africa healthcare market whx return nairobi september,positive,0.6160204360796122,auto_bootstrap_lr
NewsData.io,New rules for Mobile Phone Importers and Distributors in Kenya: Full details,,,neutral,0.9442570805549622,new rule mobile phone importer distributor kenya full detail,positive,0.5552031288343201,auto_bootstrap_lr
NewsData.io,Handicrafts Market Innovation Trends,,,neutral,0.868435800075531,handicraft market innovation trend,positive,0.5162268636954512,auto_bootstrap_lr
NewsData.io,"Russia, Switzerland among countries set for Nanenane",,,neutral,0.9087721705436708,russia switzerland among country set nanenane,positive,0.5489550194391581,auto_bootstrap_lr
NewsData.io,South Africa wants every SIM to become a digital ID,,,neutral,0.7762970328330994,south africa want every sim become digital id,negative,0.5700515217885446,auto_bootstrap_lr
NewsData.io,QatarDebate takes part in World Schools Debating Championship,,,neutral,0.9296832084655762,qatardebate take part world school debating championship,positive,0.5480410715545752,auto_bootstrap_lr
NewsData.io,Morara Kebaso dismisses claims of rift in Matiang’i’s camp,,,neutral,0.8189709186553955,morara kebaso dismisses claim rift matiang camp,negative,0.5180771460719774,auto_bootstrap_lr
NewsData.io,"What is Commonwealth Mile, the iconic race returning to CWG after 60 years?",,,neutral,0.7223067879676819,commonwealth mile iconic race returning cwg year,positive,0.6995532158340203,auto_bootstrap_lr
NewsData.io,Witness Tells Court How Father’s Faith Led Him to Quit Prison Job in Shakahola Manslaughter Trial,,,neutral,0.7070552706718445,witness tell court father faith led quit prison job shakahola manslaughter trial,negative,0.5473869706741231,auto_bootstrap_lr
NewsData.io,Who is a citizen in India? The answer will determine who has rights,,,neutral,0.8940775990486145,citizen india answer determine right,negative,0.6101189146853349,auto_bootstrap_lr
NewsData.io,"KRA, AFC, Anti-FGM Board, NCK Among Institutions Recruiting",,,neutral,0.9226502776145936,kra afc anti fgm board nck among institution recruiting,negative,0.58012621241488,auto_bootstrap_lr
Currents API,Kenya: Wanyama Urges LSK to Pair Court Boycott With Crackdown On Rogue Lawyers,,,neutral,0.7408641576766968,kenya wanyama urge lsk pair court boycott crackdown rogue lawyer,negative,0.6068151823160827,auto_bootstrap_lr
Currents API,"Kenya: Saudi Arabia, UK and Canada Top Visa Applications From Kenya",,,neutral,0.8435949683189392,kenya saudi arabia uk canada top visa application kenya,positive,0.5455152511221727,auto_bootstrap_lr
Currents API,Kenya: Constituencies to Share Sh58.7bn Ng-CDF Allocation As Funding Rises By 5.1pc,,,neutral,0.8942385911941528,kenya constituency share sh bn ng cdf allocation funding rise pc,positive,0.5213145099667904,auto_bootstrap_lr
Capital FM Kenya,"CCTV forensic analysis shows Albert Ojwang entered police station alive, left unresponsive",,,neutral,0.8253673911094666,cctv forensic analysis show albert ojwang entered police station alive left unresponsive,negative,0.6219381248732642,auto_bootstrap_lr
Capital FM Kenya,NTSA outlines tougher road safety drive at UN amid rising pedestrian deaths,,,neutral,0.5504969358444214,ntsa outline tougher road safety drive un amid rising pedestrian death,negative,0.6564062089368834,auto_bootstrap_lr
KBC News,"Kenya has what it takes to become first-world, says Nyong’o",,,neutral,0.8535597920417786,kenya take become first world say nyong,positive,0.571249062993688,auto_bootstrap_lr
KBC News,"Museveni eulogises late Gen. Moses Ali as freedom fighter, peacemaker",,,neutral,0.7296552062034607,museveni eulogises late gen moses ali freedom fighter peacemaker,negative,0.5513102079163237,auto_bootstrap_lr
Nairobi Wire,All The Top Memes in Nairobi This Tuesday,,,neutral,0.7846522927284241,top meme nairobi tuesday,positive,0.6888242946426363,auto_bootstrap_lr
Nairobi Wire,Rigathi Gachagua Tells Tourists and Investors to Avoid Kenya,,,neutral,0.5351701974868774,rigathi gachagua tell tourist investor avoid kenya,negative,0.5043222556880401,auto_bootstrap_lr
Kahawa Tungu,Court told CCTV evidence shows Albert Ojwang left Central Police cells unresponsive,,,neutral,0.6910528540611267,court told cctv evidence show albert ojwang left central police cell unresponsive,negative,0.6411179633919805,auto_bootstrap_lr
Kahawa Tungu,Lebanese army says troops deploying in ‘pilot zone’ after Israeli withdrawal,,,neutral,0.9017221927642822,lebanese army say troop deploying pilot zone israeli withdrawal,negative,0.5117693343628662,auto_bootstrap_lr
Ghafla Kenya,Bolo Bespoke Challenges Oga Obinna To Boxing Match After KES 2M World Cup Win,,,neutral,0.8550390005111694,bolo bespoke challenge oga obinna boxing match kes world cup win,positive,0.5344010164091173,auto_bootstrap_lr
Business Today Kenya,Kenya’s Vision 2030 Is Coming to an End. What’s New?,,,neutral,0.6976135969161987,kenya vision coming end new,positive,0.6572584029611457,auto_bootstrap_lr
Business Today Kenya,Equity Life Retirement Funds Top Ksh900M  on Growing Demand,,,neutral,0.6165845394134521,equity life retirement fund top ksh growing demand,positive,0.6139855821451267,auto_bootstrap_lr
Business Today Kenya,CBK Supports Pan-African Payment Network to Boost Regional Trade,,,neutral,0.5852187871932983,cbk support pan african payment network boost regional trade,positive,0.6379842986636401,auto_bootstrap_lr
World News API,Meshack Babu Alenga Dhahabu Katika Debut Yake ya Commonwealth Games Jijini Glasgow,2026-07-19 00:00:00,,neutral,0.9210325479507446,meshack babu alenga dhahabu katika debut yake ya commonwealth game jijini glasgow,positive,0.6814054775139221,auto_bootstrap_lr
World News API,Ogolla: Amri ya Rais haitataua maneno ya goons. Kenya ni Uchumi la genge; usipokuwa goon hautakula,2026-07-19 00:00:00,,neutral,0.5072771906852722,ogolla amri ya rais haitataua maneno ya goon kenya ni uchumi la genge usipokuwa goon hautakula,negative,0.6331065070672233,auto_bootstrap_lr
