source,headline,published,link,sentiment,label_source
Business Daily,KBL returns to court over alleged corruption in Sh3.4bn arbitration,"Thu, 23 Jul 2026 13:38:53 GMT",https://www.businessdailyafrica.com/bd/corporate/companies/kbl-returns-to-court-over-alleged-corruption-in-arbitration-5535396,negative,auto_keyword_model_agreement
Citizen Digital,India's Gen Z protesters adapt to internet shutdown,2026-07-24 23:51:00,https://citizen.digital/article/indias-gen-z-protesters-adapt-to-internet-shutdown-n387069,negative,auto_keyword_model_agreement
Gma News Online,"Who is Karim Khan, the barrister at the center of the ICC's internal crisis?",2026-07-24 22:40:39,https://www.gmanetwork.com/news/topstories/world/996081/who-is-karim-khan-the-barrister-at-the-center-of-the-icc-s-internal-crisis/story/,negative,auto_keyword_model_agreement
Kahawa Tungu,Body found dumped along Nairobi–Naivasha Highway after murder,"Sat, 25 Jul 2026 05:18:51 +0000",https://kahawatungu.com/body-found-dumped-along-nairobi-naivasha-highway-after-murder/,negative,auto_keyword_model_agreement
Kahawa Tungu,"Two including Italian killed, two injured in Rabai road accident in Kilifi","Sat, 25 Jul 2026 05:15:51 +0000",https://kahawatungu.com/two-including-italian-killed-two-injured-in-rabai-road-accident-in-kilifi/,negative,auto_keyword_model_agreement
Nairobi Wire,"Archbishop Ole Sapit Challenges Ruto: Stop Warning Goons, Arrest Them","Thu, 23 Jul 2026 03:42:56 +0000",https://nairobiwire.com/2026/07/jackson-ole-sapit-goons-government-accountability.html,negative,auto_keyword_model_agreement
Nairobi Wire,NTSA Arrests 45 Pedestrians for Skipping Nyayo Stadium Footbridge,"Fri, 24 Jul 2026 03:41:07 +0000",https://nairobiwire.com/2026/07/ntsa-arrests-45-pedestrians-nyayo-stadium-footbridge-crackdown.html,negative,auto_keyword_model_agreement
People Daily,"DCI arrests director in claimed Qatar job scam as Kenyan job seeker loses Ksh110,000",2026-07-24 23:43:39,https://peopledaily.digital/news/dci-arrests-director-in-claimed-qatar-job-scam-as-kenyan-job-seeker-loses-ksh110000,negative,auto_keyword_model_agreement
People Daily,Will Kenya fuel prices rise? Red Sea crisis sparks government warning,2026-07-24 20:52:24,https://peopledaily.digital/business/will-kenya-fuel-prices-rise-red-sea-crisis-sparks-government-warning,negative,auto_keyword_model_agreement
The Standard,Court suspends operations of panel selected to recruit Baringo County Public Service Board,"Fri, 10 Jul 2026 11:29:36 +0300",https://www.standardmedia.co.ke/article/2001552461/court-suspends-operations-of-panel-selected-to-recruit-baringo-county-public-service-board,negative,auto_keyword_model_agreement
The Standard,"Father, son among three dead inside septic tank at Makindu Boys High School","Thu, 28 May 2026 23:03:04 +0300",https://www.standardmedia.co.ke/article/2001549000/father-son-among-three-dead-inside-septic-tank-at-makindu-boys-high-school,negative,auto_keyword_model_agreement
The Standard,PCEA Mai a Ihii Booth High School closed indefinitely after principal's arrest,"Tue, 14 Jul 2026 12:30:37 +0300",https://www.standardmedia.co.ke/article/2001552755/pcea-mai-a-ihii-booth-high-school-closed-indefinitely-after-principal-s-arrest,negative,auto_keyword_model_agreement
The Standard,Police probe lawyer's death in Athi River,"Mon, 06 Jul 2026 14:30:18 +0300",https://www.standardmedia.co.ke/article/2001552138/police-probe-lawyer-s-death-in-athi-river,negative,auto_keyword_model_agreement
The Standard,"Six dead, five injured in Nakuru-Eldoret Highway crash","Fri, 03 Jul 2026 22:29:14 +0300",https://www.standardmedia.co.ke/article/2001551990/six-dead-five-injured-in-nakuru-eldoret-highway-crash,negative,auto_keyword_model_agreement
The Standard,Two killed in Gikomba market fire tragedy,"Sun, 21 Jun 2026 16:05:00 +0300",https://www.standardmedia.co.ke/article/2001550901/two-killed-in-gikomba-market-fire-tragedy,negative,auto_keyword_model_agreement
The Standard,"Violence erupts at disputed Samburet estate as motorcycles burn, youths injured","Fri, 03 Jul 2026 17:39:00 +0300",https://www.standardmedia.co.ke/article/2001551959/violence-erupts-at-disputed-samburet-estate-as-motorcycles-burn-youths-injured,negative,auto_keyword_model_agreement
The Standard,"Where miners have searched for gold for years, yet poverty and death continue to haunt them","Sat, 25 Jul 2026 00:00:00 +0300",https://www.standardmedia.co.ke/article/2001553674/where-miners-have-searched-for-gold-for-years-yet-poverty-and-death-continue-to-haunt-them,negative,auto_keyword_model_agreement
The Standard Headlines,355 people arrested as Murkomen hails peaceful anniversary protests,"Thu, 25 Jun 2026 19:00:00 +0300",https://www.standardmedia.co.ke/article/2001551303/355-people-arrested-as-murkomen-hails-peaceful-anniversary-protests,negative,auto_keyword_model_agreement
The Standard Headlines,Opposition warns Kenya is sliding into anarchy amid rising political violence,"Sun, 05 Jul 2026 17:12:57 +0300",https://www.standardmedia.co.ke/article/2001552082/opposition-warns-kenya-is-sliding-into-anarchy-amid-rising-political-violence,negative,auto_keyword_model_agreement
The Standard Headlines,"Six protesters found dumped, tortured after arrest at Gen Z memorial march","Sat, 27 Jun 2026 18:39:56 +0300",https://www.standardmedia.co.ke/article/2001551456/six-protesters-found-dumped-tortured-after-arrest-at-gen-z-memorial-march,negative,auto_keyword_model_agreement
World News API,No reports of Jamaicans affected by anti-migrant violence in South Africa – Gov’t,,https://www.winnmediaskn.com/no-reports-of-jamaicans-affected-by-anti-migrant-violence-in-south-africa-govt,negative,auto_keyword_model_agreement
World News API,"Police probe murder of a prison warder in Sotik, Bomet county",,https://www.kenyamoja.com/video/police-probe-murder-prison-warder-sotik-bomet-county-citizen-tv-411766,negative,auto_keyword_model_agreement
Kenyans.co.ke,Journalist Alleges Death Threats Over Dangote's Lamu Refinery Plan,2026-07-19T14:33:43+0300,https://www.kenyans.co.ke/news/125409-journalist-ferdinand-omondi-reports-death-threats-over-dangote-lamu-refinery,negative,auto_keyword_model_agreement
Standard - Kenya News,"Detectives arrest 68-year-old woman, seize suspected narcotics in Nairobi","Fri, 08 May 2026 22:38:27 +0300",https://www.standardmedia.co.ke/article/2001547388/detectives-arrest-68-year-old-woman-seize-suspected-narcotics-in-nairobi,negative,auto_keyword_model_agreement
Standard - Politics,Ex-MP urges IEBC to take action against politicians fanning violence,"Sun, 19 Jul 2026 13:00:00 +0300",https://www.standardmedia.co.ke/politics/article/2001553200/ex-mp-urges-iebc-to-take-action-against-politicians-fanning-violence,negative,auto_keyword_model_agreement
Standard - Politics,Gachagua claims 68 women raped by police in Ol Kalou chaos,"Fri, 17 Jul 2026 12:40:42 +0300",https://www.standardmedia.co.ke/politics/article/2001553051/gachagua-claims-68-women-raped-by-police-in-ol-kalou-chaos,negative,auto_keyword_model_agreement
Capital FM Kenya,Kanini Kega Says State Security Withdrawn Days After Alleged Armed Attack,"Mon, 20 Jul 2026 08:15:59 +0000",https://capitalfm.africa/kanini-kega-says-state-security-withdrawn-days-after-alleged-armed-attack/,negative,auto_keyword_model_agreement
Capital FM Kenya,"Two Arrested, 220 Litres of Chang’aa Seized in Kibra Crackdown","Mon, 20 Jul 2026 05:55:13 +0000",https://capitalfm.africa/two-arrested-220-litres-of-changaa-seized-in-kibra-crackdown/,negative,auto_keyword_model_agreement
Capital FM Kenya,DCI Launches Investigation Into Violence During Ol Kalou By-Election,"Mon, 20 Jul 2026 04:40:53 +0000",https://capitalfm.africa/dci-launches-investigation-into-violence-during-ol-kalou-by-election/,negative,auto_keyword_model_agreement
Capital FM Kenya,Police Investigate Murder After Shallow Grave With Human Remains Found in Machakos,"Mon, 20 Jul 2026 04:34:30 +0000",https://capitalfm.africa/police-investigate-murder-after-shallow-grave-with-human-remains-found-in-machakos/,negative,auto_keyword_model_agreement
NTV Kenya,Joy Kanini murder: Suspect detained for 21 days pending DCI probe,"Wed, 15 Jul 2026 07:06:03 +0000",https://ntvkenya.co.ke/news/joy-kanini-murder-suspect-detained-for-21-days-pending-dci-probe/,negative,auto_keyword_model_agreement
NTV Kenya,Police investigating death of South Africa’s Jayden Adams after World Cup,"Tue, 14 Jul 2026 09:07:15 +0000",https://ntvkenya.co.ke/news/police-investigating-death-of-south-africas-jayden-adams-after-world-cup/,negative,auto_keyword_model_agreement
NTV Kenya,Court declines to lift arrest warrant for Bomet governor,"Fri, 10 Jul 2026 11:31:13 +0000",https://ntvkenya.co.ke/news/court-declines-to-lift-arrest-warrant-for-bomet-governor/,negative,auto_keyword_model_agreement
NTV Kenya,Tanzania arrests 130 people as government cracks down on dissent,"Fri, 10 Jul 2026 09:12:08 +0000",https://ntvkenya.co.ke/news/tanzania-arrests-130-people-as-government-cracks-down-on-dissent/,negative,auto_keyword_model_agreement
NTV Kenya,South African protesters go door-to-door forcing immigrants from their homes,"Fri, 10 Jul 2026 08:23:35 +0000",https://ntvkenya.co.ke/news/south-african-protesters-go-door-to-door-forcing-immigrants-from-their-homes/,negative,auto_keyword_model_agreement
NTV Kenya,Former EALA legislator Abubakar Zein dies in Nairobi,"Thu, 09 Jul 2026 11:50:46 +0000",https://ntvkenya.co.ke/news/former-eala-legislator-abubakar-zein-dies-in-nairobi/,negative,auto_keyword_model_agreement
NTV Kenya,Trump says deal to end war is ‘over’ after Iranian strikes,"Wed, 08 Jul 2026 09:09:36 +0000",https://ntvkenya.co.ke/news/trump-says-deal-to-end-war-is-over-after-iranian-strikes/,negative,auto_keyword_model_agreement
NTV Kenya,Keumbu traders count losses as customers shun market after Linda Mwananchi attack,"Wed, 08 Jul 2026 08:50:51 +0000",https://ntvkenya.co.ke/news/keumbu-traders-count-losses-as-customers-shun-market-after-linda-mwananchi-attack/,negative,auto_keyword_model_agreement
NTV Kenya,"Six killed, scores injured after bus collides with truck on Mombasa-Nairobi highway","Tue, 07 Jul 2026 09:46:14 +0000",https://ntvkenya.co.ke/news/six-killed-scores-injured-after-bus-collides-with-truck-on-mombasa-nairobi-highway/,negative,auto_keyword_model_agreement
NTV Kenya,Mbappe fires back at Paraguayan senator’s racist attack after France victory,"Tue, 07 Jul 2026 08:06:13 +0000",https://ntvkenya.co.ke/news/mbappe-fires-back-at-paraguayan-senators-racist-attack-after-france-victory/,negative,auto_keyword_model_agreement
NTV Kenya,"Trump-backed Balogun reprieve sparks FIFA crisis, but Belgium send US out of World Cup","Tue, 07 Jul 2026 04:29:49 +0000",https://ntvkenya.co.ke/news/trump-backed-balogun-reprieve-sparks-fifa-crisis-but-belgium-send-us-out-of-world-cup/,negative,auto_keyword_model_agreement
Citizen Digital (via Google News),"Venezuela earthquake death toll now at 5,208 - Citizen Digital","Mon, 20 Jul 2026 04:50:04 GMT",https://news.google.com/rss/articles/CBMiiAFBVV95cUxQc1o3NFZPOG9rOENoZXl4Y3cxTFlhWUY0Z3BWNUlkS2RqOGNUTWlRbEMzbVRZbUdqMVM5QWlZaGZzeENBd09ua0hsX2I2eVVLTEJkRnVZMGJpNzBRZThnYUNEYUVhaTlfZzYwOUh6T1B2c1N3aHR1SDl1U3J3LUJZMWtoM29CWUIx?oc=5,negative,auto_keyword_model_agreement
Citizen Digital (via Google News),"Four arrested for allegedly stealing toddler in Embakasi, baby rescued - Citizen Digital","Sat, 18 Jul 2026 07:33:01 GMT",https://news.google.com/rss/articles/CBMiqAFBVV95cUxQVktHaUw3b2hoZjRQRkFXT18wSV9sQVZNWVpzLTZPdDJJUWRWQ01oVTZYcHB5cEFlU3ljNHFITkFMZ2EzSk1USjZndVJnZlQyV3RSU3hOLTV5cWJPQ3h5Y3NGblBXdmJHczRSMmRxNUZDdVNQSVVDZk9GSzNWa0JKTVRUYjNTSE9rRU9IQjZPWDlkVWNleGNBS0VHcUhKcHBUY2p1VjdseHU?oc=5,negative,auto_keyword_model_agreement
Citizen Digital (via Google News),"Twin killed, brother injured in Kamandura road construction accident - Citizen Digital","Thu, 16 Jul 2026 08:49:48 GMT",https://news.google.com/rss/articles/CBMiqwFBVV95cUxNVWdKM0E5dWdQdjU1eTZuM3RKVXdjR1ZYa25aVzFXaVctcFYxOENicExUV195UnV5LTlTYUxzWkpGZTJPZldCTnY2V3k3eHppX2lwY2s1bHZLUWtfaEtqcE9CdVp1Y0VoZW5IOEtlTzdMWjlYVUhVMmVBcU54VFNtNGFNQlZZS2tDRk80dnJpZ3A4OWFta2dqTTZxZENUejRZTVBGdF9WdkRQVDA?oc=5,negative,auto_keyword_model_agreement
Citizen Digital (via Google News),Murkomen hits back at Gachagua over police rape claims in Ol Kalou - Citizen Digital,"Sat, 18 Jul 2026 16:38:21 GMT",https://news.google.com/rss/articles/CBMiqgFBVV95cUxOTEpFa3FyYkkwX1psVXhwWnpDY2V5MWxSdk50eURCb1J2YnRDSUpaN2xIZ0lKSm40eWhLdk9jMVhWaFVKODF4NU1HY055bWVqWUxmMzA4Nzl5Qm1wS0dYbGFOSkdfdlJEb2xMc3ktdGNDYjFuekJROE9hMzVDaTViVWFVWE94UGEzcEs5bEVCNWpqS2RZOUJSenBnSlJpUUY0TWc5cnc4Y0xTQQ?oc=5,negative,auto_keyword_model_agreement
Citizen Digital (via Google News),'Niko Kadi' mobilizer Allans Ademba arrested in Ol Kalou - Citizen Digital,"Thu, 16 Jul 2026 07:35:09 GMT",https://news.google.com/rss/articles/CBMimgFBVV95cUxOWFVvaXUwYk9RUkFNQnpiYXdHeGY1SUxxNUNIQlZ2aUpSVHlXX2xOU1k3NFMxVG8ybWVHRExOY0VqMTN1X05heUsyR0hMaTQ2TXpuRThfRFRHWnRxTkVNM1RLV2hFaWMwcloxU21sdmpPak92R3FyUjlYem9FdHFvTEhXclNPaEM5czNYLUwxWlp0QnhORXJRUDh3?oc=5,negative,auto_keyword_model_agreement
Citizen Digital (via Google News),"Four suspects arrested, 3860 litres of illicit brew seized in Kahawa West - Citizen Digital","Mon, 13 Jul 2026 09:32:50 GMT",https://news.google.com/rss/articles/CBMisgFBVV95cUxPZnNqcE9sWkltR3c4cWc3czU2Q1h3YWtCOUtBN0NCVEk4NHlZRDBQSkk0NVgxc0xNMWxXRW9DZlNQYkpmdmlSc3RELWEtYWcyQWdfY2QtOGtmRTJVZkpwUWNSVFFfWVR6OVFIaW5ZRG02emxNclFfMDFPS2wxWnRMR3NWbGpoMHU1SXplMVZNYUIzWEFqTWtWdUt3bkZpZlczYkNETDU2TmIxZ2ZnNF9jQ0hn?oc=5,negative,auto_keyword_model_agreement
Citizen Digital (via Google News),'Never forget!' Kenyans online revisit 2007/08 Post Election Violence as political tensions escalate - Citizen Digital,"Thu, 16 Jul 2026 10:44:38 GMT",https://news.google.com/rss/articles/CBMi0gFBVV95cUxObmpjMlFadkxwcm5BMGFfSG40aWhKaHE4bEVSWmcxWTdvbnVodTdWVFl2X0lBaW0xYmJ2X2IzQWYwQk1EamhPX2d0MUtFNzQ4bjBrQjJpOS1WU1pxU1ZxNDBNeWhBSm01YTVRcmRHdmdfWUZnbzI3RVJMb3NUSC1fbXJlMHhmVm1ZSV85TFZUb01tY3V1Q3JFTnpJYWZqWloySmJJM2hEVEVCbURPU25xM01NT2xCSlBjMnJqY3ZhVkMycExWSFJORlRaTFhSd2xhanc?oc=5,negative,auto_keyword_model_agreement
Citizen Digital (via Google News),Probe as unidentified man found brutally murdered in Mwea rice fields - Citizen Digital,"Sun, 19 Jul 2026 08:25:44 GMT",https://news.google.com/rss/articles/CBMirgFBVV95cUxOaXN2UHlES0twelJSX1VkVVVKM0pRVENOMDZGMnpkY3JZbFJ0Sm5KUVh2czBUOV95dmZyVHpWZlhNN0hLY2lZWjNRYmhyRW5Sa3lQV0RjUXJJQWxWUjJ6MFgySkZPaGxJaHROMHJKSG1SRENNaFQ0MDVzYWNDbWQ3blZtQkx2TTVXX2FVQXgzYW1qaHhpUnoyNUdjQ2hua3V1QnNhT01kcmtlLUFXeVE?oc=5,negative,auto_keyword_model_agreement
Citizen Digital (via Google News),Nairobi MCA among three suspects charged over robbery with violence - Citizen Digital,"Wed, 15 Jul 2026 03:40:13 GMT",https://news.google.com/rss/articles/CBMiqwFBVV95cUxPODZENVIyR1NzWHRYeWM2anRIb21Xd3lRZ1BVV2RsN21lMi1oRVE5bVY4aUJOQm14LTE1MTNKTlctLWUyLThwRkpYRDJheXBZaTBxU3BQVTA1V3FFQU40eWczOVAwQ0JoZTJQNXJ1S2NLZlg1ajlVSlkzd1ZaYzFIMmR5QTI2WmcxclF5N29oN0hDamhfbV9QRWVlbVVuMU1Rc1FCNkZ4bXBnWTg?oc=5,negative,auto_keyword_model_agreement
Citizen Digital (via Google News),Homa Bay: Man killed by hippo in shocking attack on his way home - Citizen Digital,"Sun, 19 Jul 2026 09:19:25 GMT",https://news.google.com/rss/articles/CBMipgFBVV95cUxQZWhrOW0tcHgtTldDMjVBNXBfMTdHQ1FOMmdGWm5hSklpalh0TjVSUXVQeFNtWE1YNUpyZVJpRnhSNTAxVlV6a2R2UWJUdmxWZHczSkItUVBPeU9wWmFna3B2dS01d1ZLSUlhOWcyQS1tSVFRUmF1eUNxYU50NVRNQ3p4a1hfZmZRLXFEMUdyNnlYenNLY05nUXpid1p5a3l0b2Y5ZXZ3?oc=5,negative,auto_keyword_model_agreement
Citizen Digital (via Google News),US renews strikes on Iran after two military personnel killed by Iranian attack - Citizen Digital,"Sun, 19 Jul 2026 05:03:30 GMT",https://news.google.com/rss/articles/CBMiuwFBVV95cUxPZDJaWUt2WDN3NnBOYmtqdm5MQVlOUGNFY0xPcmN4dndtZm52aV9mOGNhMkJsWHBaNi12TWZ3bVdUeEV2OGZ0X3FVcjFBbzQxWi1xRlUzMFFZazlSVUx5TUlLR0FOTTFrVTM0bG1xejlUQTVpWHktWDhOZ2ZtT1BLR01QM2xDbDRtTkM5VlB1VW0tSndJcVpYWlFyTnNPUDBzRXhoZXhFaWplTDBhNU9CLUNqdTVRaDBBUWp3?oc=5,negative,auto_keyword_model_agreement
Citizen Digital (via Google News),South African police arrest 69 at violent anti-immigrant protest - Citizen Digital,"Sat, 18 Jul 2026 02:23:29 GMT",https://news.google.com/rss/articles/CBMipwFBVV95cUxOYTMwSnFhZWh3VFlMX3NUWGUyLVZxNmhCTi03WUtIaktLRlJqN09mbzU3YlVWM0dtYUtmRkNtZlQwTUhORlJqZjlCQlRiLTRuN3JLWW8zN1k1aExwU0pOREY1TmF0OWxuRV9KeHA0V3RSMkVOQ2VpdWJLOXVwME9EZWhMd2xFWWpaaGh1WkE1ODRIYTRCZlJWWEpKZzNxZ3dNS0U2UExPTQ?oc=5,negative,auto_keyword_model_agreement
Citizen Digital (via Google News),US reports 'wave of strikes' on Iran as war returns - Citizen Digital,"Thu, 16 Jul 2026 01:11:58 GMT",https://news.google.com/rss/articles/CBMikwFBVV95cUxNNElWaENwNG0wMGM2NE1jRDJJVTBmbjlPVkxmbkRDWS1MZU9Hb2tqeFVHcnlEN1RDNE1YN1E5Q2lUVGtHQ0dwendvcmp1c0dpUWJ4S2NpTnJxSnFPMjVGUXV5UkFKU2pVYm8tUXBNRll4M001aHRIcEcyUUJFNzdUVzBxbldWSDgwNG15V2JxRXZfX1k?oc=5,negative,auto_keyword_model_agreement
Citizen Digital (via Google News),Four officials who approved collapsed South C building charged with manslaughter - Citizen Digital,"Tue, 14 Jul 2026 07:00:00 GMT",https://news.google.com/rss/articles/CBMivAFBVV95cUxPc2o5S3pHTmR0bkNlaWRDTURITHhVM2xicjlnS1lrWGFjMWpUSmpPT0J2MmZ0T0UtcHkyaENEazFILTVTNGl5aEd3NXRWSVpNczV0SFJmUXBwZlZSVTRlNl9jNlp1UGF0Z2oyckJBZ01CNW9vQzNCVDJQYU83dUpLX05RRjVDcGJhLVpDOENzZ3VOb1lxM3NRSGNYNzlUc2cwZTJDN3NMa3NnS2ZVdTZJR1lkU3VNTGxDbWFkbg?oc=5,negative,auto_keyword_model_agreement
Citizen Digital (via Google News),Three killed in accident on Mbagathi Way in Nairobi - Citizen Digital,"Sat, 11 Jul 2026 10:30:07 GMT",https://news.google.com/rss/articles/CBMilgFBVV95cUxNTjVoSEx4RkRvZnh5OU5CSDlwczgwR1VMSTAwOFVnMXJTMlE4Zll0Z2ZLMUZ3UFhvbFgtUXFEdzl4alFLYlpJbTVGMy1zRWVDR3V1QU1oOVphYlpFVkZmOWR4enpJNzVLcHRqSDJEVkFPLUZEdVBCVEphcXRUSzlqQnJWWjltZzN0dTYwREszdWJvamVJX1E?oc=5,negative,auto_keyword_model_agreement
Citizen Digital (via Google News),Iran announces execution of two anti-govt protesters - Citizen Digital,"Sun, 19 Jul 2026 13:09:42 GMT",https://news.google.com/rss/articles/CBMilwFBVV95cUxNQzdCQk9pMml6ajN2dFJzWHgtRVlXRmRBZ2Q5RDF0NnlRRFdwOGJzaHdiN1dDQmNMdHg5bTRkUm1fLW5aRlB3TzFkLXNoVzNETWU2b3pVbFpTd0xvTEpUblJraEJrNldpLU1TR3JmOXoyR1RpUkJFaXVFMFZ0VFFXZmtiUWtEOEdwMVlTUG1TTlNlMy1uZEJF?oc=5,negative,auto_keyword_model_agreement
Citizen Digital (via Google News),"Actor Sam Neill died of pneumonia, says agent - Citizen Digital","Thu, 16 Jul 2026 05:12:41 GMT",https://news.google.com/rss/articles/CBMiigFBVV95cUxNV2Q5dnVrMFBPRzFjRG9OQXZNMGJtSjBucVFJWWpTSUZheDhZMHc4NlVVNzhYNXdzYUlzY3l2bTQyTFI1QU5ub01tRWtSYzg2SUg4WXRXYVBpZHpvUGpGSmJfMTFhVnhFd3plelh6ckg4X2pJMHo4S1dPR3lQT09KekltVGxEZmZ4YXc?oc=5,negative,auto_keyword_model_agreement
Citizen Digital (via Google News),Verstappen reverts to old rear wing after successive crashes - Citizen Digital,"Fri, 17 Jul 2026 05:07:51 GMT",https://news.google.com/rss/articles/CBMiogFBVV95cUxQZ2phN3B3NkdxZUFLMWVFS0NYc3V0SFJKU0N2XzFPZ1BTRUtvN29fTklNZkZpTml3UGxMSDdqekpqQ05vUnhTRlRLeExlUXBKVWV5Sm9ZUURfNzZ0bkltNHZKYUZ2QlJBLUtIbUZGSDJ3V3pEUXg3bkt5VG5XR2xVWlRiMU82alZLVmJMVzhVUnNkOU9yNXBQRWE1TFFyWFBoNEE?oc=5,negative,auto_keyword_model_agreement
Citizen Digital (via Google News),"Death toll from Venezuela quakes rises to 5,119 - Citizen Digital","Sun, 19 Jul 2026 06:04:02 GMT",https://news.google.com/rss/articles/CBMijwFBVV95cUxQeXI1RWZhc2RrZHpMWmtRVG8zRVBYT2p2dzNFMVJOWkFkRFlBd2Vrb0hZeGxzU2xTRnJSeUJ2bGkySThNcDB6SUZZUHV0dWJrZEdPdzlDeTRsM3RvcERTRHBNUF9jUkw5NW9DWWI0dHZFRmJHRFJROTdWVDUya2VuWEZMNTVRUzNGdkVFclVTUQ?oc=5,negative,auto_keyword_model_agreement
Citizen Digital (via Google News),"US, Iran trade attacks in return to full-blown war - Citizen Digital","Sat, 18 Jul 2026 03:42:29 GMT",https://news.google.com/rss/articles/CBMikwFBVV95cUxNdThwNTIwSlNqajVVVDBXdS1BTHppMmNmVm1kQ09tM3BGbnozb0J2MHdvU1p4eUtVaEktQWlvNlJOWmhNNTZaeGMtbVJ3RkYzQk5ZRVY3X3JkSGV1OVItVFVhaDhiVG14Tm1Xa1VkWVNKQ3lJNmZvNlVlbFdEd1ZFNUNrNEh3YmhmYzdnQUVVY245VTg?oc=5,negative,auto_keyword_model_agreement
Citizen Digital (via Google News),Attacks on IEBC could lead to rejection of 2027 election results; Commissioner warns - Citizen Digital,"Wed, 15 Jul 2026 15:56:58 GMT",https://news.google.com/rss/articles/CBMiwAFBVV95cUxPUzBjeGVTc0J0c08yRDZHOXFEbm9GUzN3a2VuTVVfenp0Y29oODdYVVJwVnFFNWRaTWMwUmpmR3BRbXpidGNCdWticEdjUDA5bkZZNzBIUUpxNWFWLTBzRUs4Uk94Nlh3anh1QklJb3JZR2RZeUQ2dllmUGFIUzBxSkZXUGhmTTZPbUdNV2I2bjZrMC1SbzJNQWFKeXYtNDktQXNmOWVNR1NPbzJEUnZqOVZTdXpKeXpDTTlUZVV5dC0?oc=5,negative,auto_keyword_model_agreement
KBC,EU bans destruction of unsold clothes in push for circular economy,"Mon, 20 Jul 2026 05:50:12 +0000",https://www.kbc.co.ke/eu-bans-destruction-of-unsold-clothes-in-push-for-circular-economy/,negative,auto_keyword_model_agreement
Standard - Politics,"Ruto: No defence for goons, criminality during protests","Tue, 21 Jul 2026 14:38:05 +0300",https://www.standardmedia.co.ke/politics/article/2001553374/ruto-no-defence-for-goons-criminality-during-protests,negative,auto_keyword_model_agreement
Standard - Politics,"Njeri Maina: Kenyans on their own, govt orchestrating Ol Kalou violence","Tue, 21 Jul 2026 00:15:46 +0300",https://www.standardmedia.co.ke/politics/article/2001553327/njeri-maina-kenyans-on-their-own-govt-orchestrating-ol-kalou-violence,negative,auto_keyword_model_agreement
Standard - Business,Feed makers push for GM crops as raw material crisis bites,"Wed, 22 Jul 2026 06:00:00 +0300",https://www.standardmedia.co.ke/business/article/2001553397/feed-makers-push-for-gm-crops-as-raw-material-crisis-bites,negative,auto_keyword_model_agreement
Business Daily Africa,Bank accounts frozen on Sh282m Turkana County tender fraud,"Mon, 20 Jul 2026 16:51:57 GMT",https://www.businessdailyafrica.com/bd/economy/bank-accounts-frozen-on-turkana-county-tender-fraud-5532720,negative,auto_keyword_model_agreement
Kenyans.co.ke,School Closed Indefinitely After Fire Razes Dormitory,2026-07-21T17:41:10+0300,https://www.kenyans.co.ke/news/125474-elburgon-secondary-school-closed-indefinitely-after-dormitory-fire,negative,auto_keyword_model_agreement
Kenyans.co.ke,"Three Charged Over Alleged Fake TSC, Police Recruitment Scam",2026-07-21T12:31:17+0300,https://www.kenyans.co.ke/news/125461-three-charged-over-alleged-fake-tsc-police-recruitment-scam-bomet,negative,auto_keyword_model_agreement
Citizen Digital (via Google News),Suspect flees after killing two men at construction site in Kiambu - Citizen Digital,"Wed, 22 Jul 2026 04:46:56 GMT",https://news.google.com/rss/articles/CBMiqgFBVV95cUxNa3A5VzBTYmtlSmtSOFBfNjlWSGhRYjNMTzFlaXJMVTJfWUxmSHRuLVFrR1hWVGEtRXdRd3UteVNKMGFzX2JZTUFweENwdGpnMVM5eElmV1hQcTV4VXpHV3R1MkJLTHdkeURGSTNUbmZTMmVqTkxqZFRyX0F2bnBYLUI0d2g4OWlUQUZONTVZbnAzcFp2WkNuZ3NidjE1NnpLRGFELXJSSG9DZw?oc=5,negative,auto_keyword_model_agreement
Citizen Digital (via Google News),Three more suspects linked to Chaiiwali café robbery arrested - Citizen Digital,"Tue, 21 Jul 2026 07:37:24 GMT",https://news.google.com/rss/articles/CBMiowFBVV95cUxPWS1sbkdEVHZPeTNtT2FRZ0tMejlTQ19qcFo5anBOT3k1VnN1U2hTVkJTU0RzS05ERGhLdzJ5cWRuWm1TYkx4empaemxpMF9OTHRJZUxYZVM4MkpETFMtN1dtc1ZGdG5BUnhTOUlERnZPOF85eWpEeHRwZ2Y0N0ZCcGFSWHRSclI5cTNRZm95aTBvd3JUWnlaY05DczhnbXlsUE9N?oc=5,negative,auto_keyword_model_agreement
Citizen Digital (via Google News),Autopsy confirms hotel intern who fell from Upper Hill building died from multiple fractures - Citizen Digital,"Tue, 21 Jul 2026 17:42:19 GMT",https://news.google.com/rss/articles/CBMizAFBVV95cUxQNXhhM1RYTno1aE9ZSHg3U29EcFBJS0kxdGl3RmZqN0NaRWpSMHBEWjhTM1VIdEZ5NXFzY0tPc2FYSFNMejQ4T2JMeEpVOXJTek9IX0hndjV6MTM5Y0hST1ptZEVrQURYS1J5SkhpNlA3NFdhUjFGenpSdFlBU2hRZDR0UEFkcktWTVFRNE5XY2hJbHpGYm1ZRFFfZEZjcEVVYmcwenBRS1lIZWgwSk5mTXJHaWpxeGVpS2VJT2d3T2pFUGpZYUlVbkR0aVQ?oc=5,negative,auto_keyword_model_agreement
Citizen Digital (via Google News),Nairobi-based lawyer arrested over suspected land fraud - Citizen Digital,"Tue, 21 Jul 2026 17:27:14 GMT",https://news.google.com/rss/articles/CBMimwFBVV95cUxQX1MzQWV2elc4U00yOUtWUGtzQm1jQW81QW1lYjdnRzZGTDBLdi1VTkpRR21pYWVPYy1PeTA1V0dYZkNILVpJb0M4STlZejFmazR3MWxZSndQWTZ2dTUzMk5SVXc0emwzcGh1aUswMHZySVFGOWhhNkpMLWJBalNWZ09YOEZMd1RtekJwQVNQdE9oRGFqZ2J3Y2JiTQ?oc=5,negative,auto_keyword_model_agreement
Citizen Digital (via Google News),CCTV shows Constable Kimani as cell sentry on night of Ojwang murder - Citizen Digital,"Tue, 21 Jul 2026 09:28:13 GMT",https://news.google.com/rss/articles/CBMitwFBVV95cUxNTVN5eXhxNkNnOF9md3BoOUZWVDB2enpDZmlmTUVxSDBqS0dEZXdzNzU5VDdtT2haOE1sWUJEMGhkNmRuVElxQkdVRUEtbjNlOVVUQW1QQW1aVjBFbUFSUG0waUhxQUR6WVR6MFNiQTlaZ0pNZGhtczM3QmlHZFQxTDJFTmVkOWZOWC1jUWNaX0p3TXBKZm1HbzZrd2pmMkxYcWlPUHRVbHdwd3NubFlPbTQ5cTVLaXM?oc=5,negative,auto_keyword_model_agreement
Citizen Digital (via Google News),Kiambaa Voters protest against MP over Ol Kalou By-Election violence claims - Citizen Digital,"Mon, 20 Jul 2026 14:27:38 GMT",https://news.google.com/rss/articles/CBMitgFBVV95cUxQTExqSXNoRDUyVlZ1VVcyZ0doTXZQUDZDckgxZDZobG5CSlVxQzhlZlBSS3cwelVIVWFxUmtCYjV5UkF3MTRpUzJOS0xxQkNoZmF5cmNCUlZGWlZSMnFwMlAyQnBUZlc3cndXUm00VTg1WDV0UnE1RzBib2MyQXNqSC0xZk1JbDBSRS1nWjRGRjJsMjdTY2haVWNhUWd1Mk5odUNxdHlYZmUzQ3Q0d0wyeTd2UXc4Zw?oc=5,negative,auto_keyword_model_agreement
Citizen Digital (via Google News),Colombia president-elect alleges guerrilla plot to kill him - Citizen Digital,"Tue, 21 Jul 2026 04:53:05 GMT",https://news.google.com/rss/articles/CBMioAFBVV95cUxPNHRncEJGd2JhWm94NEZVek4yUWh0MnlwTnhyNmdFanlzbHdUR1lKbXVhNlVvdDcwNzVNMWlWdzVxaVNES3diWW9sNjlxUDFPcEpvdjAyOUM0OXNiaXoxS0FrbnFvT2NpTXQwLTBqOTNPbEJ6aC1SaWhuSS1HMGxsaFBEMTlhR0VpNy1XeUgyMlZUSXQyRXp1c3BiZjdaZW5a?oc=5,negative,auto_keyword_model_agreement
Citizen Digital (via Google News),South C building collapse: Court issues arrest warrant for accused Nairobi County official - Citizen Digital,"Mon, 20 Jul 2026 07:53:27 GMT",https://news.google.com/rss/articles/CBMiyAFBVV95cUxOeE9YWjhUNlNwOFhoSzZNTnU1cXI4ZWQwcnlhRDF3di1Hc05zUmhqNHgtazhiYmVLQmdFSFZXSXkxdEtZRlFnYVlpTHdlUTNGVTNiQmY1ZzlqNlJiTlU5Q1lyU2puZExVbW42V0F5RmlTQ1RCQ2lNVDBLc29uX3RZeEZ3ZTUzcExKUkRuYkh5blI2RlpCYXpsREdyWF91d19NODJYUGdSOEJOckdUbms0bnhyLTc1SGtVNTFKM2p5MW5pUWh4Zl9JNA?oc=5,negative,auto_keyword_model_agreement
Citizen Digital (via Google News),"OCS Talaam, co-accused deliberately assaulted Albert Ojwang to death - DPP - Citizen Digital","Mon, 20 Jul 2026 10:34:54 GMT",https://news.google.com/rss/articles/CBMisAFBVV95cUxNblhIbjZKaGhxTVdEclVNT0YzNVhNd1JYdFZubVRDQ3BpQXBTRTdyRDJpUEZhYk5ZcE02aGp4aF9td0puZU5zcW9yX2dUUEtLZktJR0JmaHAtVWJjYmcxR3FYOG55REI5YzJiaWY2UkNwYmpBSmRvejkydDFiVU5URjBTZ0tVTURlN2xLQjM0UG90TTFqWnJLVlhQdWZrdG0xTC1hWmlieGdoWjVoQzZ3cQ?oc=5,negative,auto_keyword_model_agreement
Citizen Digital (via Google News),Teen dies during Spain World Cup celebrations: local authorities - Citizen Digital,"Mon, 20 Jul 2026 07:26:40 GMT",https://news.google.com/rss/articles/CBMipgFBVV95cUxPOWoxTTl4dlJVZW1BOTRfZjVTVzdkbV8yMEhyaDVocFduN3owbVAwSUFVS1RCS012bVRQeVUyWjJIS3lWODNXTlBvb2J2M0dxM2dWQTF2TU85SHFnWXpjLTNIdW9oRGVMZG5seE1OYXJDMDAtUmY5SkF0UzlLbV9MMVd6a3U3VFhJOElJU1lYeTFTMWFhOExYWWJQZTFjbGZqU0pRTlJ3?oc=5,negative,auto_keyword_model_agreement
Citizen Digital (via Google News),India floods and landslides kill at least 19 - Citizen Digital,"Sun, 19 Jul 2026 14:39:48 GMT",https://news.google.com/rss/articles/CBMijAFBVV95cUxQNTNGZVA1c1czaUlTSDRrclhhSng2Zk5sbUR2NURBQ3A0WElCOTVKMGVJc253bEctNHpNc29vMmtZMFBoeTZPbVhYbWRSYl9mZDJjZENXa29tV3lqZ3Y3QUQ1TEwyYm5INGRTbGVtdk12dVhKYjNGWjRrTllFRFRRSHQwbUc4ZEk3VHdLbA?oc=5,negative,auto_keyword_model_agreement
K24,Michelin-starred restaurant owner faces jail for using ants as dessert garnish,"Wed, 22 Jul 2026 06:48:14 +0000",https://k24.digital/food-and-culinary/michelin-starred-restaurant-owner-faces-jail-for-using-ants-as-dessert-garnish,negative,auto_keyword_model_agreement
K24,France becomes first EU country to ban social media access for under-15s,"Wed, 22 Jul 2026 04:48:50 +0000",https://k24.digital/lifestyle/technology/france-becomes-first-eu-country-to-ban-social-media-access-for-under-15s,negative,auto_keyword_model_agreement
K24,Godzilla vs Kong actress Kaylee Hottle dies in a crash,"Wed, 22 Jul 2026 03:29:58 +0000",https://k24.digital/entertainment/celebrity/godzilla-vs-kong-actress-kaylee-hottle-dies-in-a-crash,negative,auto_keyword_model_agreement
KBC,"EACC arrests Kangema magistrate, probation officer for bribery","Wed, 22 Jul 2026 06:44:51 +0000",https://www.kbc.co.ke/eacc-arrests-kangema-magistrate-probation-officer-for-bribery/,negative,auto_keyword_model_agreement
KBC,Fired caretaker kills two casual workers at Kiambu estate,"Wed, 22 Jul 2026 06:13:50 +0000",https://www.kbc.co.ke/fired-caretaker-kills-two-casual-workers-at-kiambu-estate/,negative,auto_keyword_model_agreement
KBC,Godzilla vs Kong actress Kaylee Hottle dies in crash at 18,"Wed, 22 Jul 2026 04:59:52 +0000",https://www.kbc.co.ke/godzilla-vs-kong-actress-kaylee-hottle-dies-in-crash-at-18/,negative,auto_keyword_model_agreement
KBC,Albert Ojwang murder trial continues,"Wed, 22 Jul 2026 04:29:55 +0000",https://www.kbc.co.ke/albert-ojwang-murder-trial-continues/,negative,auto_keyword_model_agreement
Standard - Headlines,"Kangema magistrate, probation officer arrested with Sh150,000 bribe","Wed, 22 Jul 2026 10:15:54 +0300",https://www.standardmedia.co.ke/article/2001553434/kangema-magistrate-probation-officer-arrested-with-sh150-000-bribe,negative,auto_keyword_model_agreement
Capital FM Kenya,Health Unions Begin Daily Protests as Nationwide Strike Enters Third Day,"Wed, 22 Jul 2026 06:29:53 +0000",https://capitalfm.africa/health-unions-begin-daily-protests-as-nationwide-strike-enters-third-day/,negative,auto_keyword_model_agreement
Capital FM Kenya,Nairobi-Based Lawyer Arrested Over Alleged Land Fraud Scheme,"Wed, 22 Jul 2026 05:14:41 +0000",https://capitalfm.africa/nairobi-based-lawyer-arrested-over-alleged-land-fraud-scheme/,negative,auto_keyword_model_agreement
NTV Kenya,Kangema Magistrate suspended over bribery allegations,"Wed, 22 Jul 2026 12:02:46 +0000",https://ntvkenya.co.ke/news/kangema-magistrate-suspended-over-bribery-allegations/,negative,auto_keyword_model_agreement
Citizen Digital (via Google News),Court tightens rules for virtual attendance of Ojwang murder trial - Citizen Digital,"Wed, 22 Jul 2026 10:46:09 GMT",https://news.google.com/rss/articles/CBMiqgFBVV95cUxQdkRCSDN0dnNZLV9LMlhIb3Z6VzgwcUZXdDF3a19HTmkyVXZGeTRHUDVNeHp3MUtQU3F6UlpiRTBrYy0xUGRrYV9OMC0tSFA3bkppZFgtX1NSTjJlMklhcXlsYy1TalJDOUJpV2V2bTVYTGdEbHc4aVN2TnhUc2VIZnhEc2hVRFlTaXdEV3lrQ080akVLMmIxTnVqME94V1BCbTB0R0FRMk9Rdw?oc=5,negative,auto_keyword_model_agreement
Citizen Digital (via Google News),Mystery after hotel intern falls to death at Upper Hill building - Citizen Digital,"Sun, 19 Jul 2026 18:13:28 GMT",https://news.google.com/rss/articles/CBMi1gFBVV95cUxPdTJ2RDl4WHRsVjNDNXlSa1F0ZUlFY01FT0FPV2NaNEhZN1NMMEUwb2lHaFd4S3VBQ0ZkU0oxdzBON1ZCVUJ1aWRJcjNoYW5XZndvNkVUelRxRnBuTmZMb2paSjB5SjIxMGFfWFRxWEVKUEhzVDNlNm9qSHY1aTBwYS1Ic1Nxb3p4X3ZwRE93dmRna0Jfb2U2eUxrYVp3MzlnOVFyM1h0cy11NGE0VkFDWlJBeEtCUkNXNzhrTzBqWDhkWmtpN3Z0bjY0emNaZG5hQ2ZNTE9n?oc=5,negative,auto_keyword_model_agreement
Citizen Digital (via Google News),"Police officer kills partner, turns gun on self in Kirinyaga - Citizen Digital","Mon, 20 Jul 2026 13:21:07 GMT",https://news.google.com/rss/articles/CBMioAFBVV95cUxOSnF1aFh2cnZKWU9IdzFVOS04U3o4b1FBWkRzMEt5NkpOcTJWTW52eFp0LWt2NFNXaVpfZHNwVDdvd0ZGWjR3d2ZqRURzbXRsS041MnpSRWp0UDBTckoyeHZGQ25SVXBESmdwZWRXTFptdnNMbnBGYzBnZHFsR2lQS1VRaDhpTUgyc3BRTEZTVUV5cVBQVWJmbExJMEZ4Xzl4?oc=5,negative,auto_keyword_model_agreement
K24,Penalties pedestrians face when arrested for jaywalking in Nairobi,"Wed, 22 Jul 2026 12:33:52 +0000",https://k24.digital/news/penalties-pedestrians-face-when-arrested-for-jaywalking-in-nairobi,negative,auto_keyword_model_agreement
KBC,DCI arrests suspect over murder of TUK lecturer Edgar Mokua,"Wed, 22 Jul 2026 13:12:29 +0000",https://www.kbc.co.ke/dci-arrests-suspect-over-murder-of-tuk-lecturer-edgar-mokua/,negative,auto_keyword_model_agreement
KBC,CJ Koome suspends Kangema magistrate after arrest over alleged bribery,"Wed, 22 Jul 2026 11:42:26 +0000",https://www.kbc.co.ke/cj-koome-suspends-kangema-magistrate-after-arrest-over-alleged-bribery/,negative,auto_keyword_model_agreement
Capital FM Kenya,CoG blames Duale-led MoH for fuelling health worker strikes,"Thu, 23 Jul 2026 11:48:41 +0000",https://capitalfm.africa/cog-blamesduale-led-moh-for-fuelling-health-worker-strikes/,negative,auto_keyword_model_agreement
Kenyans.co.ke,DCI Arrests Prime Suspect in Murder of TUK Lecturer,2026-07-22T15:26:54+0300,https://www.kenyans.co.ke/news/125511-dci-arrests-prime-suspect-murder-tuk-lecturer,negative,auto_keyword_model_agreement
Kenyans.co.ke,Learning Disrupted as Teachers Protest Colleague's Killings,2026-07-22T14:12:34+0300,https://www.kenyans.co.ke/news/125505-learning-disrupted-kitui-kuppet-teachers-protest-colleagues-killings,negative,auto_keyword_model_agreement
Kenyans.co.ke,CJ Koome Acts After EACC Arrests Kangema Magistrate,2026-07-22T13:19:12+0300,https://www.kenyans.co.ke/news/125503-cj-koome-relieves-kangema-magistrate-duties-after-eacc-arrest,negative,auto_keyword_model_agreement
Kenyans.co.ke,5 Killed as Gold Mine Collapses,2026-07-22T12:33:54+0300,https://www.kenyans.co.ke/news/125499-5-killed-gold-mine-collapse-narok-county,negative,auto_keyword_model_agreement
Kenyans.co.ke,New Details Emerge After 21-Year-Old Dies in Fall From Nairobi Apartment,2026-07-22T12:21:15+0300,https://www.kenyans.co.ke/news/125495-police-rule-out-foul-play-death-21-year-old-after-nairobi-apartment-fall,negative,auto_keyword_model_agreement
NTV Kenya,"Silence from authorities on Ol Kalou bribery, violence allegations fuels cover-up fears","Thu, 23 Jul 2026 06:17:52 +0000",https://ntvkenya.co.ke/news/silence-from-authorities-on-ol-kalou-bribery-violence-allegations-fuels-cover-up-fears/,negative,auto_keyword_model_agreement
Citizen Digital (via Google News),"Sharon Otieno murder: Ex-Governor Obado, two co-accused to know their fate today - Citizen Digital","Thu, 23 Jul 2026 03:33:11 GMT",https://news.google.com/rss/articles/CBMitAFBVV95cUxOZHNmZGFaX3kxYV9hbE5Da0JrOWxSY3BlYkFNT0FHU3hxdm9oZEdVZ3NISVk0dEZIam9tVFlwd1d2aHJpYTlDWFY0dzBlaWRlUG1UVkZIZ1J6Y1NxaUd3U0dpX1hqOGxjWjhQT0JxQmhCX2FwOV81Z25RQ1lIUFd6TG1hVGdhSi1WV013cXVvMEVyZmV4R1Zsd3RIVV9IY042TVo5ZWVaRVlHVndTMmtNS1lBV2E?oc=5,negative,auto_keyword_model_agreement
Citizen Digital (via Google News),Suspect arrested over murder of TUK lecturer Edgar Mokua - Citizen Digital,"Wed, 22 Jul 2026 18:52:02 GMT",https://news.google.com/rss/articles/CBMinAFBVV95cUxQaW9HUTBTaWZISWNKdWxsX3RDMlI5TG1wM1BFd2FpSUVtZGpicHF2MWFHTG9GcXZuVHFVT2JlU2hIZGJOSU5aNEdWVl9JTmlYSTgzcEVrR2IzR2xmZGJGazJZei1WbWlpdTZ0T1AycU53VDJfUjlHcjNzRDJKZ3FIWHpJQnkzWFItTXJKLVlYcEJfVFg3RTBHLWtiRFU?oc=5,negative,auto_keyword_model_agreement
Citizen Digital (via Google News),"France records over 5,700 excess deaths in June heatwave - Citizen Digital","Thu, 23 Jul 2026 03:02:14 GMT",https://news.google.com/rss/articles/CBMimwFBVV95cUxPRi1tM3FOVC1xZTVydlNmd2Y3UVdjcTBRZ0d5eFZYVVNLaEg4Rko1WmFSVUxBVnBhQlAyODFqNTJfemUtNVdXMmVWRUhBa28teEdRbUpqQl84aW1MdjhmdjNEWnJHUW1KZTB4TDVtQzBxQVNWbkhzdE11bVllcld1SDEtckx1UVdDYWpzMVR2OWEwNlhjNEd4WEN3UQ?oc=5,negative,auto_keyword_model_agreement
Citizen Digital (via Google News),Modi vows punishment for exam fraud fuelling India protests - Citizen Digital,"Thu, 23 Jul 2026 04:51:58 GMT",https://news.google.com/rss/articles/CBMioAFBVV95cUxOTHVUS3hrSlFaWkNnalN4bGRqUW1MQmc1S09sYzB2bS1IeE5TUThLQVZGWndfcmdScVEzRDNIZTk1MEl6a29YaHQtS0I1WUw3Nmh6c21Hd1ZPcDBxSWQzbmMyTWVQUHZkU3Q2M0pfNDFQVU9NT1lFMkdxU3pMVGxvSGt6Y0s5XzJJVk5GREN0TmtjaG1oWjl3dzJDSGRUZkhq?oc=5,negative,auto_keyword_model_agreement
Citizen Digital (via Google News),KMPDU threatens nationwide doctors' strike over delayed salary adjustments - Citizen Digital,"Wed, 22 Jul 2026 14:42:43 GMT",https://news.google.com/rss/articles/CBMiswFBVV95cUxOZUN4RmNTdVc5Zy03bHZIYUFlOHpNbDVaYnZHb2lFUUg5MXJwU1FOLXFfWmlMclgzUWlsWHY4ZW5VRXpOZUdrdFZvZmhCMGZYeGMyTGdpUDRVOFFVeFowLTk1OTJXRkx0OHFRQ3pDcTFtaWItb1NQWHRqaVFHNEFZLThuWnNJNmpSRzB0aDA4WkJZcUVHUm5BWlp3dUNDeHVCdUdmLTMyRFF1c0VVcFdDUUF3OA?oc=5,negative,auto_keyword_model_agreement
K24,Spanish star Gavi opposes calls to ban Argentina’s Paredes after chaotic World Cup final,"Thu, 23 Jul 2026 04:07:55 +0000",https://k24.digital/sports/world-cup/spanish-star-gavi-opposes-calls-to-ban-argentinas-paredes-after-chaotic-world-cup-final,negative,auto_keyword_model_agreement
Kenya News Agency,Five miners killed after gold mine collapses in Trans Mara South,"Thu, 23 Jul 2026 08:44:27 +0000",https://www.kenyanews.go.ke/five-miners-killed-after-gold-mine-collapses-in-trans-mara-south/,negative,auto_keyword_model_agreement
Capital FM Kenya,Kuria challenges Gachagua to produce evidence linking him to Ol Kalou poll violence,"Thu, 23 Jul 2026 17:38:29 +0000",https://capitalfm.africa/kuria-challenges-gachagua-to-produce-evidence-linking-him-to-ol-kalou-poll-violence/,negative,auto_keyword_model_agreement
Capital FM Kenya,"Judge revokes Obado’s bond after murder conviction, orders pre-sentence reports","Thu, 23 Jul 2026 13:23:13 +0000",https://capitalfm.africa/judge-revokes-obados-bond-after-murder-conviction-orders-pre-sentence-reports/,negative,auto_keyword_model_agreement
Capital FM Kenya,"Court convicts Obado, Oyamo and Obiero over Sharon Otieno murder","Thu, 23 Jul 2026 12:26:53 +0000",https://capitalfm.africa/court-convicts-obado-oyamo-and-obiero-over-sharon-otieno-murder/,negative,auto_keyword_model_agreement
NTV Kenya,"Guilty: Ex-Governor Obado, two others convicted of Sharon Otieno’s murder","Thu, 23 Jul 2026 12:27:57 +0000",https://ntvkenya.co.ke/news/guilty-ex-governor-obado-two-others-convicted-of-sharon-otienos-murder/,negative,auto_keyword_model_agreement
Citizen Digital (via Google News),"Ex-Migori Governor Obado, co-accused found guilty of Sharon Otieno's murder - Citizen Digital","Thu, 23 Jul 2026 12:34:52 GMT",https://news.google.com/rss/articles/CBMiswFBVV95cUxOZnN2QnoyUjhScmZ1aE92elBVbnZKd2dwRWM3eVpGTjdlQTR3QlJQeDRwNkJfODVqZGl2NFRwZkxHOGQ1aUx5N0pwVjRHTGc2b1ZHajhXZ0hsV3FHRGJjRVFVTXU3dkNUT2pUNDdjZ2ZxZlIxQU1jYTRlanVBZWtGVVdJT3Z6NnJZa1doNXAwRllfcDYwZnBhOWMxMWFPdUZ0MWpsNk1LeWkyaGRFUVNwdEZPZw?oc=5,negative,auto_keyword_model_agreement
Citizen Digital (via Google News),"Sharon Otieno murder case: Obado, co-accused placed in police custody as bond cancelled after conviction - Citizen Digital","Thu, 23 Jul 2026 13:30:29 GMT",https://news.google.com/rss/articles/CBMi2gFBVV95cUxPTFE5eGQyUXozU1hnRF9hX2plakQtSXNhX1J6Z01GQXdKUVFOZ1oyVEdXdHBBMG5CYXpaNTNRa3hqZkI2SE1UWU00NGN3ckV2N2J4a2FNYlV5aTZDWlRaeHVCdUlCYnJqOTRKYURfa2NLZmpfdWZENk93VWpiWmFrbkRwa3hUcUpBV2R6SURxeE85cjhyZEl6aTluLUU1ZUVwLTV3eHNnRzR2MXlrMnpWZERiZUlFaDJvRmowRl9QMm5qSm5xd0Q5cmV2Y3BOQW0wb25OT0p3X0U3dw?oc=5,negative,auto_keyword_model_agreement
Citizen Digital (via Google News),Moses Kuria fires back at Gachagua over Ol Kalou violence allegations - Citizen Digital,"Thu, 23 Jul 2026 14:36:05 GMT",https://news.google.com/rss/articles/CBMirgFBVV95cUxOZUNDUE8wZExodGYyUTZVSlhiaXNIbXhnZ3NxVVI2eTVoMzlwQWpSS2EtbWl3MGhqYXRsZW82VVgwQUJIM3E4NWc5UE44blNXc0g2SFNnenY3RkNFOU9PYV9BLS0tbWdpbnRLQ1NwbnVCWWhPS2oyU3BIMngyclRIakpzU0ktUHRnR0lLbFk3c0Z2Ylpxc29WZUtVajhyN2NHRWszMHpCc2ZDTG1fVmc?oc=5,negative,auto_keyword_model_agreement
Citizen Digital (via Google News),"Death toll from Venezuela earthquakes increases to 5,398 - Citizen Digital","Thu, 23 Jul 2026 04:53:08 GMT",https://news.google.com/rss/articles/CBMimwFBVV95cUxNZU5aV2dWOTBjOGNQcUxmNUhSdTZMMVJmeDlsMFpMXzNVbk53cm1yUXkxWFpJNWF6SkozbjA5N2pEcTVYelpDTVNIZkQ5WTdIdVptZkl0cjV0U3VLeGo4eG42UW8yNGpKdXk3RUZPYkJxQnFZVEo1WGY4cFpkVHhrTHVYc2Nic1pTd2N3RTRxY0tWbWFYUmttbzZ5QQ?oc=5,negative,auto_keyword_model_agreement
K24,Mosiria calls for ban on healthcare workers using personal phones while on duty,"Thu, 23 Jul 2026 19:21:50 +0000",https://k24.digital/entertainment/celebrity/mosiria-calls-for-ban-on-healthcare-workers-using-personal-phones-while-on-duty,negative,auto_keyword_model_agreement
K24,"Night Shift Crisis: When Kenya’s youth need help most, the health system is asleep","Thu, 23 Jul 2026 15:48:01 +0000",https://k24.digital/lifestyle/mental-wellnes/night-shift-crisis-when-kenyas-youth-need-help-most-the-health-system-is-asleep,negative,auto_keyword_model_agreement
K24,Okoth Obado conviction: The rise and fall of former Migori governor,"Thu, 23 Jul 2026 15:02:27 +0000",https://k24.digital/news/okoth-obado-criminal-conviction-the-rise-and-fall-of-former-migori-governor,negative,auto_keyword_model_agreement
K24,Court remands Obado and 2 others pending sentencing in Sharon Otieno murder case,"Thu, 23 Jul 2026 13:13:48 +0000",https://k24.digital/news/court-remands-obado-and-2-others-pending-sentencing-in-sharon-otieno-murder-case,negative,auto_keyword_model_agreement
K24,Former Migori governor Okoth Obado found guilty of Sharon Otieno’s murder,"Thu, 23 Jul 2026 12:24:37 +0000",https://k24.digital/news/former-migori-governor-okoth-obado-found-guilty-of-sharon-otienos-murder,negative,auto_keyword_model_agreement
K24,Boda boda procession brings Ol Kalou to standstill as riders honour men killed during by-election,"Thu, 23 Jul 2026 12:12:56 +0000",https://k24.digital/entertainment/events/boda-boda-procession-brings-ol-kalou-to-standstill-as-riders-honour-men-killed-during-by-election,negative,auto_keyword_model_agreement
KBC,"Court finds Obado, co-accused guilty in Sharon Otieno murder case","Thu, 23 Jul 2026 16:00:24 +0000",https://www.kbc.co.ke/court-finds-obado-co-accused-guilty-in-sharon-otieno-murder-case/,negative,auto_keyword_model_agreement
Kenyans.co.ke,Tragedy as Student Kills Classmate After Dispute at School,2026-07-24T11:51:26+0300,https://www.kenyans.co.ke/news/125559-grade-9-student-arrested-over-alleged-killing-classmate-migori,negative,auto_keyword_model_agreement
Citizen Digital (via Google News),Preacher's road crash prophecy triggers confrontation in Embu - Citizen Digital,"Sat, 25 Jul 2026 07:03:54 GMT",https://news.google.com/rss/articles/CBMinAFBVV95cUxPczlmSF96Zmc3OGFoVkpxbmVaanBXa2pnaG5rcXk2eU9jYlZEYWZsZWRqeXNLYmRkZWpOMmVyTWd4SldydlIyTWVNcDNKUU1QOFZzY3diZEN2c2NyY20xeHRwMXJ1eFZqaU9DdGt2OEx3UXpsMGdNdDZRVWhaUkwyYzl3U1ZIYUdRc253R2stM3Qxc01od2c0QlA3OFI?oc=5,negative,auto_keyword_model_agreement
Citizen Digital (via Google News),Grade 9 student arrested for allegedly killing classmate in Migori - Citizen Digital,"Fri, 24 Jul 2026 05:22:44 GMT",https://news.google.com/rss/articles/CBMiqgFBVV95cUxNODJWcUU4OXhfUU5wR2tpTzZUYV8zSkctMUtkcHNJUWZnNjdKR2ZiODNtUWVGakJlMjYycWx6SE0wV0VQM1hkNy0xQ2hrUURTSzdkSXA1aUx2bGtUNjg2eVdSNF9lc05mR0lfY2d0TUx3c0dXc0VqUmw3SzMxMmx0LVYyMTUtMlF6cWREZXp6YVBwcElESFpPcU5jZ1JFdExkeWFGdG84b3EwUQ?oc=5,negative,auto_keyword_model_agreement
Citizen Digital (via Google News),'You are organising Mungiki... We will deal with you!' Murkomen goes after Gachagua in fiery attack - Citizen Digital,"Fri, 24 Jul 2026 14:27:05 GMT",https://news.google.com/rss/articles/CBMizgFBVV95cUxNN2V0ekpTR1M4SUY5UVhzOWd4Y0pqWU1nZDRzSG9sb0pBVlFPNVRaejlLOG12bklicVdZY0FCSFBWWmdOZ0ZGVjRfRVpudlg1enp3djBPdzc3UTRfT1VoMGFFVUN1eEt1R1VuODBUUGIwUnVnSXFleDN4Mi1fUmk5Qll3dVB0SlQ2Y09BTWdEZEZKUHZ3bzVPZ0JTbklwTkpnR19mbm14SHJEcUxQSVp0UnFUcjQxRVdqTE80NzBmNW1ZSVdhOUdCTUtRTFBSZw?oc=5,negative,auto_keyword_model_agreement
Citizen Digital (via Google News),FDI warns against illegal dental practice as Kenya death exposes risks of unlicensed treatment - Citizen Digital,"Fri, 24 Jul 2026 10:44:42 GMT",https://news.google.com/rss/articles/CBMizwFBVV95cUxPS2FvV2V2a1FIS2xhZ2R5S2NmeG11TXVxNGgydkd5ZDhidFYtZWJ6bkh0Yy1XdE5Qb0IxU0QtdUM0TUhRVnBDZ0czcjJiY1loRk9RZW9leXNueWsxcmZkVmZTZExvSzFMOVRHTWVCcHQxVm11aFRiY3E0NWF6ZktDQmlhWkN2eTZvaVM3alRoUHVHWUl3Z05zbmZXcXVDZzhGZkpaVWgxRFhlTUt5ZkFDU3Z3Vl9WY0ctaUlSaHk4Nkd4SnFtUTktTmhkUlNha00?oc=5,negative,auto_keyword_model_agreement
K24,Sean ‘Diddy’ faces solitary confinement after being involved in prison fight,"Sat, 25 Jul 2026 09:02:48 +0000",https://k24.digital/entertainment/celebrity/sean-diddy-faces-solitary-confinement-after-being-involved-in-prison-fight,negative,auto_keyword_model_agreement
The Star,"ChatGPT medical advice brought man 'to brink of death', lawsuit alleges",,https://www.the-star.co.ke/news/world/2026-07-23-chatgpt-medical-advice-brought-man-to-brink-of-death-lawsuit-alleges,negative,auto_keyword_model_agreement
The Star,Houthi attacks raise fears of wider Middle East conflictThe Iran-backed group in Yemen has threatened to target Saudi vessels in a vital shipping route.,,https://www.the-star.co.ke/news/world/2026-07-23-houthi-attacks-raise-fears-of-wider-middle-east-conflict-and-more-global-economic-damage,negative,auto_keyword_model_agreement
The Star,"'I am still alive': Indian activist on hunger strike for 26 days loses 11kgThe activist has grown increasingly frail, concerns over his health have mounted",,https://www.the-star.co.ke/news/world/2026-07-23-i-am-still-alive-indian-activist-on-hunger-strike-for-26-days-loses-11kg,negative,auto_keyword_model_agreement
The Star,Houthis claim attack on oil tankers as US launches more strikesIranian state media said two people had been killed in the US strikes on Wednesday,,https://www.the-star.co.ke/news/world/2026-07-23-houthis-claim-attack-on-oil-tankers-as-us-launches-more-strikes,negative,auto_keyword_model_agreement
The Star,Wreckage of Pan Am plane that shaped aviation safety found 74 years onThe deaths of 52 people on the Clipper Endeavor led to the introduction of mandatory pre-flight safety briefings.,,https://www.the-star.co.ke/news/world/2026-07-22-wreckage-of-pan-am-plane-that-shaped-aviation-safety-found-74-years-on,negative,auto_keyword_model_agreement
The Star,"Many feared dead in another Nigeria boat disasterLast month, a boat accident on the River Benue in central Nigeria claimed the lives of 12 people.",,https://www.the-star.co.ke/news/africa/2026-07-21-many-feared-dead-in-another-nigeria-boat-disaster-but-why-do-they-keep-happening,negative,auto_keyword_model_agreement
The Star,Eight die in crush at Burundi preacher's gatheringProminent Burundian preacher Chris Ndikumana was appearing at the event attended by thousands of people.,,https://www.the-star.co.ke/news/africa/2026-07-20-eight-die-in-crush-at-burundi-preachers-gathering,negative,auto_keyword_model_agreement
The Star,Uganda's Gen Moses Ali dies at 87Museveni announced that Ali died at Nakasero Hospital at 4 pm.,,https://www.the-star.co.ke/news/africa/2026-07-18-ugandas-gen-moses-ali-dies-at-87,negative,auto_keyword_model_agreement
The Star,Second tanker hijacked off Yemen by suspected Somali piratesThere have also been several unsuccessful attacks in a region where piracy appears to be making a comeback.,,https://www.the-star.co.ke/news/africa/2026-07-18-second-tanker-hijacked-off-yemen-by-suspected-somali-pirates,negative,auto_keyword_model_agreement
The Star,"Uganda suspends school trips after 20 pupils die in bus crashDozens of others, including staff, were injured in the accident",,https://www.the-star.co.ke/news/africa/2026-07-18-uganda-suspends-school-trips-after-20-pupils-die-in-bus-crash,negative,auto_keyword_model_agreement
The Star,Ghana TikToker jailed after sharing false news about the presidentCamilla Alhassan alleged without evidence the president had conducted a ritual to help win an election.,,https://www.the-star.co.ke/news/africa/2026-07-17-ghana-tiktoker-jailed-after-sharing-false-news-about-the-president-1,negative,auto_keyword_model_agreement
The Star,"Suspended school boss in frantic pleas to state honcho for helpInsiders, however, say the senior official is grappling with his own political uncertainty.",,https://www.the-star.co.ke/news/corridors-of-power/2026-07-20-suspended-school-boss-in-frantic-pleas-to-state-honcho-for-help,negative,auto_keyword_model_agreement
The Star,Man collapses and dies in Nairobi CBDThe scene was processed and documented even as the body was moved to the City mortuary.,,https://www.the-star.co.ke/news/news-brief/2024-10-15-man-collapses-and-dies-in-nairobi-cbd,negative,auto_keyword_model_agreement
The Star,Tragedy as 28-year-old woman hacked to death in KisiiThe body was moved to Kisii Teaching and Referral Hospital mortuary awaiting postmortem.,,https://www.the-star.co.ke/news/news-brief/2024-10-14-tragedy-as-28-year-old-woman-hacked-to-death-in-kisii,negative,auto_keyword_model_agreement
The Star,Three arrested for allegedly producing counterfeit alcoholDCI said the three were arrested in a godown in Nakuru,,https://www.the-star.co.ke/news/news-brief/2024-10-11-three-arrested-for-allegedly-producing-counterfeit-alcohol,negative,auto_keyword_model_agreement
The Star,Tragedy as two teens die by suicide in Busia and NyamiraPolice say the teens were aged 16 and 14 respectively.,,https://www.the-star.co.ke/news/news-brief/2024-10-11-tragedy-as-two-teens-die-by-suicide-in-busia-and-nyamira,negative,auto_keyword_model_agreement
The Star,Residents protest Kaptagat Forest fence vandalism,,https://www.the-star.co.ke/counties/rift-valley/2026-07-23-protests-in-elgeyo-marakwet-after-vandalism-of-part-of-electric-fence-erected-by-kfs-around-kaptagat-forest,negative,auto_keyword_model_agreement
The Star,"4.1 million Kenyans facing hunger as Africa becomes world's hungriest region, UN report saysKenya continues to battle worsening food insecurity driven by recurrent droughts, erratic rainfall, floods, conflict, disease outbreaks and displacement",,https://www.the-star.co.ke/counties/nairobi/2026-07-23-41-million-kenyans-facing-hunger-as-africa-becomes-worlds-hungriest-region-un-report-says,negative,auto_keyword_model_agreement
The Star,"UNEP report lists Kenya among countries grappling with air pollutionMore than 26,000 Kenyans die every year due to household air pollution",,https://www.the-star.co.ke/counties/nairobi/2026-07-22-unep-report-lists-kenya-among-countries-grappling-with-air-pollution,negative,auto_keyword_model_agreement
The Star,"Construction worker dies, one injured after trench collapses",,https://www.the-star.co.ke/counties/central/2026-07-23-construction-worker-dies-one-injured-after-trench-collapses,negative,auto_keyword_model_agreement
The Star,Woman dies following alleged domestic assault in Homa BayThe husband surrendered to the local police,,https://www.the-star.co.ke/counties/nyanza/2026-07-21-woman-dies-following-alleged-domestic-assault-in-homa-bay,negative,auto_keyword_model_agreement
The Star,Senators demand clarity on Sh2bn payout plan for protest victimsVihiga Senator Godfrey Osotsi and Nairobi Senator Edwin Sifuna raised questions over the programme’s implementation,,https://www.the-star.co.ke/counties/nyanza/2026-07-16-senators-demand-clarity-on-sh2bn-payout-plan-for-protest-victims,negative,auto_keyword_model_agreement
The Star,"Savula, Khalwale clash over support for SifunaSavula asked Khalwale to stop wasting his time on opposition politics because the die is already cast",,https://www.the-star.co.ke/counties/western/2026-07-20-savula-khalwale-clash-over-support-for-sifuna,negative,auto_keyword_model_agreement
The Star,"Man, 41, dies after falling from avocado treePolice who visited the scene said the man lost his footing and fell, dying on the spot",,https://www.the-star.co.ke/counties/eastern/2026-07-21-man-41-dies-after-falling-from-avocado-tree-in-tharaka-nithi-county,negative,auto_keyword_model_agreement
The Star,Village tombs? Time to stop ongoing celestial land grabThe dead have no business locking our valuable agricultural or commercial properties for eternity,,https://www.the-star.co.ke/opinion/columnists/2026-07-23-village-tombs-time-to-stop-ongoing-celestial-land-grab,negative,auto_keyword_model_agreement
The Star,Attack on journalist: Do not shoot the messengerKenya's democracy cannot survive if journalists must wear helmets instead of press badges,,https://www.the-star.co.ke/opinion/leader/2026-07-18-attack-on-journalist-do-not-shoot-the-messenger,negative,auto_keyword_model_agreement
The Star,"KANYADUDI: Economic development requires political stabilityRoutine protests cause disruption, death and injury, crime and property destruction.",,https://www.the-star.co.ke/siasa/2026-07-19-kanyadudi-economic-development-requires-political-stability,negative,auto_keyword_model_agreement
NTV Kenya,Authorities ban Ol Kalou rallies past 6pm after violence,,https://ntvkenya.co.ke/news/authorities-ban-ol-kalou-rallies-past-6pm-after-violence/,negative,auto_keyword_model_agreement
NTV Kenya,26 Kenyans repatriated as anti-immigrant protests erupt in South Africa,,https://ntvkenya.co.ke/news/26-kenyans-repatriated-as-anti-immigrant-protests-erupt-in-south-africa/,negative,auto_keyword_model_agreement
NTV Kenya,What is behind South Africa’s anti-immigrant protests?,,https://ntvkenya.co.ke/news/what-is-behind-south-africas-anti-immigrant-protests/,negative,auto_keyword_model_agreement
NTV Kenya,"Gen Z protests: Two years on, IPOA and DPP on the spot over justice",,https://ntvkenya.co.ke/news/gen-z-protests-two-years-on-ipoa-and-dpp-on-the-spot-over-justice/,negative,auto_keyword_model_agreement
NTV Kenya,United Opposition calls for protest at police headquarters,,https://ntvkenya.co.ke/politics/united-opposition-call-for-demonstrations-at-police-headquarters/,negative,auto_keyword_model_agreement
NTV Kenya,CCTV reveals new twists in fatal crash that killed Jirongo,,https://ntvkenya.co.ke/news/cctv-reveals-new-twists-in-fatal-crash-that-killed-jirongo/,negative,auto_keyword_model_agreement
NTV Kenya,Jirongo’s family demands swift probe into fatal crash amid foul play...,,https://ntvkenya.co.ke/news/jirongos-family-demands-swift-probe-into-fatal-crash-amid-foul-play-claims/,negative,auto_keyword_model_agreement
NTV Kenya,Former Lugari MP Cyrus Jirongo dies in a road crash,,https://ntvkenya.co.ke/news/former-lugari-mp-cyrus-jirongo-dies-in-a-road-crash/,negative,auto_keyword_model_agreement
NTV Kenya,Bobi Wine runs to regional courts over Uganda poll violence,,https://ntvkenya.co.ke/politics/bobi-wine-runs-to-regional-courts-over-uganda-poll-violence/,negative,auto_keyword_model_agreement
NTV Kenya,Nigeria’s defence minister quits as government faces rising violence,,https://ntvkenya.co.ke/news/nigerias-defence-minister-quits-as-government-faces-rising-violence/,negative,auto_keyword_model_agreement
NTV Kenya,Raila’s sister Beryl Achieng dies in Nairobi,,https://ntvkenya.co.ke/news/railas-sister-beryl-achieng-dies-in-nairobi/,negative,auto_keyword_model_agreement
NTV Kenya,Ex-Bangladesh leader sentenced to death for brutal crackdown on...,,https://ntvkenya.co.ke/news/ex-bangladesh-leader-sentenced-to-death-for-lethal-crackdown-on-anti-government-protesters/,negative,auto_keyword_model_agreement
NTV Kenya,Bangladesh’s ousted PM Hasina convicted in students crackdown case,,https://ntvkenya.co.ke/news/bangladeshs-ousted-pm-hasina-convicted-in-students-crackdown-case/,negative,auto_keyword_model_agreement
NTV Kenya,"Turkish prosecutor seeks 2,000 years for jailed opposition mayor",,https://ntvkenya.co.ke/news/turkish-prosecutor-seeks-2000-years-for-jailed-opposition-mayor/,negative,auto_keyword_model_agreement
NTV Kenya,Isiolo South MP Bidu Mohamed Tubi dies at Nairobi Hospital,,https://ntvkenya.co.ke/news/isiolo-south-mp-bidu-mohamed-tubi-dies-at-nairobi-hospital/,negative,auto_keyword_model_agreement
NTV Kenya,"UN believes hundreds killed in Tanzania polls unrest, bodies reportedly...",,https://ntvkenya.co.ke/news/un-believes-hundreds-killed-in-tanzania-polls-unrest-bodies-reportedly-hidden/,negative,auto_keyword_model_agreement
NTV Kenya,Tanzania police arrest senior opposition party official after deadly...,,https://ntvkenya.co.ke/news/tanzania-police-arrest-senior-opposition-party-official-after-deadly-protests/,negative,auto_keyword_model_agreement
NTV Kenya,Tanzania charges 98 people with treason over election protests,,https://ntvkenya.co.ke/news/tanzania-charges-98-people-with-treason-over-election-protests/,negative,auto_keyword_model_agreement
NTV Kenya,Politics and power: Raila Odinga’s death reshapes 2027 political...,,https://ntvkenya.co.ke/news/politics-and-power-raila-odingas-death-reshapes-2027-political-alliances/,negative,auto_keyword_model_agreement
Citizen Digital,News•4 minutes agoAviation workers issue seven-day strike notice over labour disputesBy Jasmine Wambui,,https://citizen.digital/article/aviation-workers-issue-seven-day-strike-notice-over-labour-disputes-n387021,negative,auto_keyword_model_agreement
Citizen Digital,4 hours agoMoses Kuria fires back at Gachagua over Ol Kalou violence allegationsBy Kenneth GachieKuria dismissed Gachagua's latest claims linking him to electoral chaos and the hiring of goons during the recently concluded by-elections. The former Ruto adviser...Read More,,https://citizen.digital/article/moses-kuria-fires-back-at-gachagua-over-ol-kalou-violence-allegations-n386986,negative,auto_keyword_model_agreement
Citizen Digital,"5 hours agoSharon Otieno murder case: Obado, co-accused placed in police custody as bond cancelled after convictionBy Dzuya WalterThe court hence directed that the accused persons be remanded to police custody until after 21 days when the matter shall be mentioned again to confirm compliance with orders.Judge Cecilia Githua had...Read More",,https://citizen.digital/article/sharon-otieno-murder-case-obado-co-accused-placed-in-police-custody-as-bond-cancelled-after-conviction-n386985,negative,auto_keyword_model_agreement
Citizen Digital,"Sharon Otieno murder: Ex-Governor Obado, two co-accused to know their fate today",,https://citizen.digital/article/sharon-otieno-murder-ex-governor-obado-two-others-to-know-their-fate-today-n386917,negative,auto_keyword_model_agreement
Citizen Digital,"France records over 5,700 excess deaths in June heatwave",,https://citizen.digital/article/france-records-over-5700-excess-deaths-in-june-heatwave-n386919,negative,auto_keyword_model_agreement
Citizen Digital,"Death toll from Venezuela earthquakes increases to 5,398",,https://citizen.digital/article/death-toll-from-venezuela-earthquakes-increases-to-5398-n386948,negative,auto_keyword_model_agreement
Citizen Digital,From political titan to convicted killer: The rise and fall of Okoth Obado,,https://citizen.digital/article/from-political-titan-to-convicted-killer-the-rise-and-fall-of-okoth-obado-n387010,negative,auto_keyword_model_agreement
Citizen Digital,Influencer Andrew Tate and brother arrested in Miami,,https://citizen.digital/article/influencer-andrew-tate-and-brother-arrested-in-miami-1-n386736,negative,auto_keyword_model_agreement
Citizen Digital,Kisumu: Man stabbed to death after relief food distribution exercise in Nyando,,https://citizen.digital/article/kisumu-man-stabbed-to-death-after-relief-food-distribution-exercise-in-nyando-n386945,negative,auto_keyword_model_agreement
Citizen Digital,Homa Bay: Man killed by hippo in shocking attack on his way home,,https://citizen.digital/article/homa-bay-man-killed-by-hippo-in-shocking-attack-on-his-way-home-n386731,negative,auto_keyword_model_agreement
The Standard,DPP hails Obado murder conviction,,https://www.standardmedia.co.ke/national/article/2001553594/dpp-hails-obado-murder-conviction,negative,auto_keyword_model_agreement
The Standard,Why nurses are threatening a nationwide strike from July 29,,https://www.standardmedia.co.ke/national/article/2001553571/why-nurses-are-threatening-a-nationwide-strike-from-july-29,negative,auto_keyword_model_agreement
The Standard,45 pedestrians charged in fresh NTSA crackdown,,https://www.standardmedia.co.ke/national/article/2001553554/45-pedestrians-charged-in-fresh-ntsa-crackdown,negative,auto_keyword_model_agreement
The Standard,Airport disruption looms as aviation workers hold firm on strike,,https://www.standardmedia.co.ke/national/article/2001553548/airport-disruption-looms-as-aviation-workers-hold-firm-on-strike,negative,auto_keyword_model_agreement
The Standard,DCI arrests prime suspect in TUK don murder,,https://www.standardmedia.co.ke/national/article/2001553529/dci-arrests-prime-suspect-in-tuk-don-murder,negative,auto_keyword_model_agreement
The Standard,Life in prison for Minnesota man who killed state lawmaker,,https://www.standardmedia.co.ke/world/article/2001553623/life-in-prison-for-minnesota-man-who-killed-state-lawmaker,negative,auto_keyword_model_agreement
The Standard,"Fire guts dormitory at Lugulu Boarding Comprehensive School, displacing 350 pupils",,https://www.standardmedia.co.ke/western/article/2001553570/fire-guts-dormitory-at-lugulu-boarding-comprehensive-school-displacing-350-pupils,negative,auto_keyword_model_agreement
The Standard,Health services disrupted as Kakamega health workers strike,,https://www.standardmedia.co.ke/western/article/2001553547/health-services-disrupted-as-kakamega-health-workers-strike,negative,auto_keyword_model_agreement
The Standard,Five killed as gold mine tunnel collapses in Narok,,https://www.standardmedia.co.ke/rift-valley/article/2001553467/five-killed-as-gold-mine-tunnel-collapses-in-narok,negative,auto_keyword_model_agreement
The Standard,"Protest over insecurity after Isiolo businesswoman is killed, rider injured",,https://www.standardmedia.co.ke/eastern/article/2001553453/protest-over-insecurity-after-isiolo-businesswoman-is-killed-rider-injured,negative,auto_keyword_model_agreement
The Standard,Suspect on the run after killing two colleagues,,https://www.standardmedia.co.ke/central/article/2001553428/suspect-on-the-run-after-killing-two-colleagues,negative,auto_keyword_model_agreement
The Standard,"Karamoja, Turkana pastoralists stare at water crisis as Kobebe dam runs dry",,https://www.standardmedia.co.ke/rift-valley/article/2001553380/karamoja-turkana-pastoralists-stare-at-water-crisis-as-kobebe-dam-runs-dry,negative,auto_keyword_model_agreement
The Standard,"'Let investigators do their work,' Mwaura says on Ol Kalou  rape claims",,https://www.standardmedia.co.ke/central/article/2001553350/let-investigators-do-their-work-mwaura-says-on-ol-kalou-rape-claims,negative,auto_keyword_model_agreement
The Standard,Alcohol related deaths jerk Kiambu leadership into action,,https://www.standardmedia.co.ke/central/article/2001553321/alcohol-related-deaths-jerk-kiambu-leadership-into-action,negative,auto_keyword_model_agreement
The Standard,Malindi village elder killed over alleged illicit affair,,https://www.standardmedia.co.ke/coast/article/2001553296/malindi-village-elder-killed-over-alleged-illicit-affair,negative,auto_keyword_model_agreement
The Standard,20 fishermen arrested over illegal fishing in Lake Victoria,,https://www.standardmedia.co.ke/nyanza/article/2001553290/20-fishermen-arrested-over-illegal-fishing-in-lake-victoria,negative,auto_keyword_model_agreement
The Standard,"Sri Lanka warns of drought, floods from El Nino",,https://www.standardmedia.co.ke/asia/article/2001553540/sri-lanka-warns-of-drought-floods-from-el-nino,negative,auto_keyword_model_agreement
The Standard,"Tokyo reports most heat-related hospitalisations since 2010, one dead",,https://www.standardmedia.co.ke/europe/article/2001553537/tokyo-reports-most-heat-related-hospitalisations-since-2010-one-dead,negative,auto_keyword_model_agreement
The Standard,"Over 1,000 deaths recorded in Ebola outbreak in DRC, Uganda: WHO",,https://www.standardmedia.co.ke/africa/article/2001553495/over-1000-deaths-recorded-in-ebola-outbreak-in-drc-uganda-who,negative,auto_keyword_model_agreement
The Standard,India's 'Cockroach' movement vows to protest until education minister resigns,,https://www.standardmedia.co.ke/world/article/2001553328/indias-cockroach-movement-vows-to-protest-until-education-minister-resigns,negative,auto_keyword_model_agreement
The Standard,Indian police fire tear gas at exam protesters in capital,,https://www.standardmedia.co.ke/asia/article/2001553279/indian-police-fire-tear-gas-at-exam-protesters-in-capital,negative,auto_keyword_model_agreement
The Standard,Doctors threaten nationwide strike over delayed salary adjustments,,https://www.standardmedia.co.ke/health/health-science/article/2001553471/doctors-threaten-nationwide-strike-over-delayed-salary-adjustments,negative,auto_keyword_model_agreement
The Standard,DRC Ebola deaths top 900 as WHO warns outbreak is outpacing response,,https://www.standardmedia.co.ke/health/health-science/article/2001553278/drc-ebola-deaths-top-900-as-who-warns-outbreak-is-outpacing-response,negative,auto_keyword_model_agreement
The Standard,"Marsabit drought: Even adults are malnourished, we're waiting on God",,https://www.standardmedia.co.ke/health/nutrition-wellness/article/2001444213/marsabit-drought-even-adults-are-malnourished-were-waiting-on-god,negative,auto_keyword_model_agreement
The Standard,Killing the mood: How smartphones are reducing birth rate,,https://www.standardmedia.co.ke/health/reproductive-health/article/2001549867/killing-the-mood-how-smartphones-are-reducing-birth-rate,negative,auto_keyword_model_agreement
The Standard,Father of five dies by suicide in Naivasha,,https://www.standardmedia.co.ke/health/mental-health/article/2001552776/father-of-five-dies-by-suicide-in-naivasha,negative,auto_keyword_model_agreement
The Standard,"Giant of the game: Liverpool and England legend Keegan dies aged 75Former Liverpool and England star Kevin Keegan has died aged 75 after battling cancer, his family announced on Monday.",,https://www.standardmedia.co.ke/sports/football/article/2001553332/giant-of-the-game-liverpool-and-england-legend-keegan-dies-aged-75,negative,auto_keyword_model_agreement
The Standard,Teen dies during Spain World Cup celebrations,,https://www.standardmedia.co.ke/sports/football/article/2001553294/teen-dies-during-spain-world-cup-celebrations,negative,auto_keyword_model_agreement
The Standard,"Toxic patient? Mystery of Gloria Ramirez, woman who made doctors collapse mid-surgery",,https://www.standardmedia.co.ke/flashback/article/2001553567/toxic-patient-mystery-of-gloria-ramirez-woman-who-made-doctors-collapse-mid-surgery,negative,auto_keyword_model_agreement
The Standard,Westlands robbery suspects arrested after dramatic sixth-floor escape bid failed,,https://www.standardmedia.co.ke/news/article/2001553358/westlands-robbery-suspects-arrested-after-dramatic-sixth-floor-escape-bid-failed,negative,auto_keyword_model_agreement
The Standard,Uganda's oldest MP Gen Moses Ali dies aged 87,,https://www.standardmedia.co.ke/news/article/2001553198/ugandas-oldest-mp-gen-moses-ali-dies-aged-87,negative,auto_keyword_model_agreement
The Standard,"Brenda Fricker, Oscar-winning actress and beloved 'Home Alone 2' Pigeon Lady, dies at 81",,https://www.standardmedia.co.ke/news/article/2001553132/brenda-fricker-oscar-winning-actress-and-beloved-home-alone-2-pigeon-lady-dies-at-81,negative,auto_keyword_model_agreement
The Standard,ESPN analyst Ryan Clark fired mid-broadcast in sweeping network layoffs,,https://www.standardmedia.co.ke/Sports/article/2001553441/espn-analyst-ryan-clark-fired-mid-broadcast-in-sweeping-network-layoffs,negative,auto_keyword_model_agreement
The Standard,Ronaldo sparks controversy after liking video accusing FIFA of corruption,,https://www.standardmedia.co.ke/Sports/article/2001553427/ronaldo-sparks-controversy-after-liking-video-accusing-fifa-of-corruption,negative,auto_keyword_model_agreement
The Standard,PS Inyangala admits crisis in university funding model,,https://www.standardmedia.co.ke/education/article/2001552989/ps-inyangala-admits-crisis-in-university-funding-model,negative,auto_keyword_model_agreement
The Standard,MPs warn delayed capitation is driving institutions into financial crisis,,https://www.standardmedia.co.ke/education/article/2001552919/mps-warn-delayed-capitation-is-driving-institutions-into-financial-crisis,negative,auto_keyword_model_agreement
The Standard,"TVET enrolment drops by 213,000 as funding crisis deepens",,https://www.standardmedia.co.ke/education/article/2001552886/tvet-enrolment-drops-by-213000-as-funding-crisis-deepens,negative,auto_keyword_model_agreement
The Standard,How corruption is bleeding schools,,https://www.standardmedia.co.ke/education/article/2001552579/how-corruption-is-bleeding-schools,negative,auto_keyword_model_agreement
The Standard,Food crisis looms as dry spell wipes out maize crop,,https://www.standardmedia.co.ke/environment-climate/article/2001552780/food-crisis-looms-as-dry-spell-wipes-out-maize-crop,negative,auto_keyword_model_agreement
The Standard,Drought devastates maize farms in Western Kenya,,https://www.standardmedia.co.ke/environment-climate/article/2001552462/drought-devastates-maize-farms-in-western-kenya,negative,auto_keyword_model_agreement
The Standard,Great elephant exodus: Racing Drought Across Northern Kenya,,https://www.standardmedia.co.ke/environment-climate/article/2001551542/great-elephant-exodus-racing-drought-across-northern-kenya,negative,auto_keyword_model_agreement
The Standard,Kenya's Saba Saba protest tradition,,https://www.standardmedia.co.ke/opinion/article/2001553175/kenyas-saba-saba-protest-tradition,negative,auto_keyword_model_agreement
The Standard,Three killed in bizarre road accident,,https://www.standardmedia.co.ke/nairobi/article/2001552574/three-killed-in-bizarre-road-accident,negative,auto_keyword_model_agreement
The Star,"Teen jailed for exam cheating in Guinea dies after sickle cell complications, father says",,https://www.the-star.co.ke/news/world/2026-07-23-teen-jailed-for-exam-cheating-in-guinea-dies-after-sickle-cell-complications-father-says,negative,auto_keyword_model_agreement
The Standard,Police officer arrested with 20 Kgs Cannabis,,https://www.standardmedia.co.ke/national/article/2001553627/police-officer-arrested-with-20-kgs-cannabis,negative,auto_keyword_model_agreement
The Star,Iran-backed Houthis claim missile attack on Saudi ArabiaUS military says it disabled a tanker that was attempting to evade the American blockade on Iranian ports.,,https://www.the-star.co.ke/news/world/2026-07-25-iran-backed-houthis-claim-missile-attack-on-saudi-arabia,negative,auto_keyword_model_agreement
The Star,"ICC top prosecutor removed over sexual misconduct allegationsElected the ICC's third prosecutor in 2021, Khan was suspended last month",,https://www.the-star.co.ke/news/world/2026-07-25-icc-top-prosecutor-removed-over-sexual-misconduct-allegations,negative,auto_keyword_model_agreement
The Star,Teenage boy dies after stabbing in Luton as police launch murder probeOne teenage boy has been arrested on suspicion of violent disorder and is in custody for questioning,,https://www.the-star.co.ke/news/world/2026-07-25-teenage-boy-dies-after-stabbing-in-luton-as-police-launch-murder-probe,negative,auto_keyword_model_agreement
The Star,"US, Iran trade more strikes in Gulf as fears of escalation mountIt comes as Iran condemned the US plan to use frozen Iranian assets to pay for war damages.",,https://www.the-star.co.ke/news/world/2026-07-24-us-iran-trade-more-strikes-in-gulf-as-fears-of-escalation-mount,negative,auto_keyword_model_agreement
The Star,Renewed concerns as 680 die by suicide in Mt Kenya region,,https://www.the-star.co.ke/counties/central/2026-07-25-renewed-concerns-as-680-die-by-suicide-in-mt-kenya-region,negative,auto_keyword_model_agreement
The Star,"Commonwealth Games: Rotich out to hurdle past Accra heartbreak in GlasgowAt the continental showpiece in Accra, Ghana, in May, Rotich crashed out in the men's 400m hurdles final after clipping a barrier, eventually crossing the line last in 1:08.56 as his dreams of a place on the podium slipped away.",,https://www.the-star.co.ke/sports/athletics/2026-07-24-commonwealth-games-rotich-out-to-hurdle-past-accra-heartbreak-in-glasgow,negative,auto_keyword_model_agreement
Citizen Digital,News•7 minutes ago‘Kama wewe ni mwanaume niweke kwa cell!’ Gachagua dares Murkomen to arrest him over Mungiki claimsBy Joseph Muia,,https://citizen.digital/article/kama-wewe-ni-mwanaume-niweke-kwa-cell-gachagua-dares-murkomen-to-arrest-him-over-mungiki-claims-n387103,negative,auto_keyword_model_agreement
Citizen Digital,4 hours agoTension in Embu after preacher prophesies death of threeBy Anthony NdwigaApostle John Robert of Power of God Church Prophetic Ministry publicly claimed that a road accident along the Riamaciri route would claim the lives of three people.Read More,,https://citizen.digital/article/tension-in-embu-after-preacher-prophesies-death-of-three-n387088,negative,auto_keyword_model_agreement
Citizen Digital,'You are organising Mungiki... We will deal with you!' Murkomen goes after Gachagua in fiery attack,,https://citizen.digital/article/you-are-organising-mungiki-we-will-deal-with-you-murkomen-goes-after-gachagua-in-fiery-attack-n387060,negative,auto_keyword_model_agreement
The Standard,"The reality of looming health crisis as CoG, Ministry trade blame",,https://www.standardmedia.co.ke/national/article/2001553612/the-reality-of-looming-health-crisis-as-cog-ministry-trade-blame,negative,auto_keyword_model_agreement
The Standard,Murkomen deflects criticism over goon violence to Kanja,,https://www.standardmedia.co.ke/national/article/2001553616/murkomen-deflects-criticism-over-goon-violence-to-kanja,negative,auto_keyword_model_agreement
The Standard,Aviation workers oppose NYS deployment as strike deadline nears,,https://www.standardmedia.co.ke/national/article/2001553617/aviation-workers-oppose-nys-deployment-as-strike-deadline-nears,negative,auto_keyword_model_agreement
The Standard,Masalani family call for arrest of Reservist after alleged shooting of a herder,,https://www.standardmedia.co.ke/north-eastern/article/2001553625/masalani-family-call-for-arrest-of-reservist-after-alleged-shooting-of-a-herder,negative,auto_keyword_model_agreement
The Standard,"PremiumArchbishop Harrison Ng'ang'a at centre of affair allegations, accuser lands in jail",,https://www.standardmedia.co.ke/business/newsbeat/article/2001553703/archbishop-harrison-nganga-at-centre-of-affair-allegations-accuser-lands-in-jail,negative,auto_keyword_model_agreement
The Standard,At least 17 killed in Russian and Ukrainian long-range strikes,,https://www.standardmedia.co.ke/asia/article/2001553649/at-least-17-killed-in-russian-and-ukrainian-long-range-strikes,negative,auto_keyword_model_agreement
The Standard,Veteran coach Juma Abdallah dies after prolonged illness,,https://www.standardmedia.co.ke/sports/sports/article/2001553641/veteran-coach-juma-abdallah-dies-after-prolonged-illness,negative,auto_keyword_model_agreement
The Standard,"Archbishop Harrison Ng'ang'a at centre of affair allegations, accuser lands in jail",,https://www.standardmedia.co.ke/newsbeat/article/2001553703/archbishop-harrison-nganga-at-centre-of-affair-allegations-accuser-lands-in-jail,negative,auto_keyword_model_agreement
The Standard,"TikToker Gee Gee dies after collapsing following night out, fans mourn online",,https://www.standardmedia.co.ke/newsbeat/article/2001553725/tiktoker-gee-gee-dies-after-collapsing-following-night-out-fans-mourn-online,negative,auto_keyword_model_agreement
The Standard,"Two Nairobi touts charged with assaulting police officer, resisting arrest in Ruaraka",,https://www.standardmedia.co.ke/news/article/2001553709/two-nairobi-touts-charged-with-assaulting-police-officer-resisting-arrest-in-ruaraka,negative,auto_keyword_model_agreement
The Standard,When easy cash fuels drug crisis among youth,,https://www.standardmedia.co.ke/opinion/article/2001553700/when-easy-cash-fuels-drug-crisis-among-youth,negative,auto_keyword_model_agreement
World News API,Kenya's decades-long cycle of school fires and unrest: Why do they keep happening?,,,negative,auto_keyword_model_agreement
World News API,Health Workers' Strike Begins as Counties Fail to Meet Union Demands,,,negative,auto_keyword_model_agreement
NewsData.io,Three Suspects Arrested Over Westlands Restaurant Robbery as Police Recover Two Pistols,,,negative,auto_keyword_model_agreement
NewsData.io,Owalo warns against using youth to fuel political violence,,,negative,auto_keyword_model_agreement
NewsData.io,Three more suspects linked to Chaiiwali café robbery arrested,,,negative,auto_keyword_model_agreement
NewsData.io,Kanjama: Lawyers can strike despite being essential service providers,,,negative,auto_keyword_model_agreement
NewsData.io,Prominent Isiolo businesswoman shot dead in robbery near bus stage,,,negative,auto_keyword_model_agreement
NewsData.io,Tributes Pour In After Former TUM Student Leader Dies Following Medical Emergency,,,negative,auto_keyword_model_agreement
Currents API,Kenya: Isiolo Businesswoman Shot Dead in Suspected Targeted Attack As Governor Demands Swift Probe,,,negative,auto_keyword_model_agreement
Capital FM Kenya,"Gachagua dismisses Ruto’s anti-goon order as ‘theatrics,’ claims police-goon alliance is fueling violence",,,negative,auto_keyword_model_agreement
Capital FM Kenya,"Mother, daughter and son-in-law arrested as DCI busts alleged online sex trafficking ring in Embakasi East",,,negative,auto_keyword_model_agreement
KBC News,22 charged over footbridge traffic obstruction,,,negative,auto_keyword_model_agreement
Nairobi Wire,Civil Servants Threaten Historic Nationwide Strike Over New SRC Salary Review,,,negative,auto_keyword_model_agreement
Nairobi Wire,How Prosecutors Plan to Prove Albert Ojwang’ Was Killed in Custody,,,negative,auto_keyword_model_agreement
Nairobi Wire,Clinical Officers Begin Nationwide Strike in All 47 Counties,,,negative,auto_keyword_model_agreement
Nairobi Wire,“You Are a Loser”: Murkomen Slams Gachagua Over Ol Kalou Rape Claims,,,negative,auto_keyword_model_agreement
Kahawa Tungu,Lawyer arrested over land fraud scandal,,,negative,auto_keyword_model_agreement
Kahawa Tungu,New documents detail rape charges against the Tate brothers in the UK,,,negative,auto_keyword_model_agreement
Kahawa Tungu,Police officers arrested for allegedly seeking roadside bribe from Nigeria’s anti-corruption boss,,,negative,auto_keyword_model_agreement
Kahawa Tungu,"Rights groups condemn violence, journalist attacks during Ol Kalou by-election",,,negative,auto_keyword_model_agreement
Kahawa Tungu,22 pedestrians charged over blocking traffic at Allsops footbridge,,,negative,auto_keyword_model_agreement
Kahawa Tungu,India’s ‘cockroach’ protest continues a day after police crackdown,,,negative,auto_keyword_model_agreement
Ghafla Kenya,Medical Findings Contradict Police Account As Ojwang’s Murder Trial Opens For Former Central OCS & 5 Officers,,,negative,auto_keyword_model_agreement
Ghafla Kenya,"DCI Launches Probe Into Ol Kalou By-Election Violence, Targets Armed & Hooded Goons",,,negative,auto_keyword_model_agreement
Airdrie News,Commonwealth Games: Canada claims first gold medal in gymnastics,2026-07-24 21:18:58,https://www.airdriecityview.com/national-sports/commonwealth-games-canada-claims-first-gold-medal-in-gymnastics-12590973,positive,auto_cardiffnlp_positive
Allafrica Tanzania,"Uganda: AFCON 2027 - A Golden Opportunity for Ugandans to Serve, Earn and Showcase the Nation",2026-07-24 20:41:56,https://allafrica.com/stories/202607240682.html,positive,auto_cardiffnlp_positive
Ani (asian News International),Merck Foundation marks 'World Assisted Reproductive Technology Day 2026' by providing 800+ Scholarships of Fertility and Reproductive care,2026-07-25 00:00:00,https://www.aninews.in/news/business/merck-foundation-marks-world-assisted-reproductive-technology-day-2026-by-providing-800-scholarships-of-fertility-and-reproductive-care20260725130502/,positive,auto_cardiffnlp_positive
Business Daily,"Co-founder of first budget airline Fly540 takes a bow, years after failed grand dream","Thu, 23 Jul 2026 14:13:35 GMT",https://www.businessdailyafrica.com/bd/corporate/shipping-logistics/co-founder-of-first-budget-airline-fly540-takes-a-bow-5535498,positive,auto_cardiffnlp_positive
Business Daily,SBM Bank net profit jumps 88pc on lower deposit costs,"Wed, 22 Jul 2026 14:28:48 GMT",https://www.businessdailyafrica.com/bd/corporate/companies/sbm-bank-net-profit-jumps-88pc-on-lower-deposit-costs-5534530,positive,auto_cardiffnlp_positive
Capital FM,12 Startups Get Sh13 Million to Scale Inclusive Education,"Sat, 25 Jul 2026 07:22:29 +0000",https://capitalfm.africa/12-startups-get-sh13-million-to-scale-inclusive-education/,positive,auto_cardiffnlp_positive
Capital FM,"13 East African researchers complete BioInnovate Bootcamp, eye seed funding for innovative ventures","Sat, 25 Jul 2026 10:11:06 +0000",https://capitalfm.africa/13-east-african-researchers-complete-bioinnovate-bootcamp-eye-seed-funding-for-innovative-ventures/,positive,auto_cardiffnlp_positive
Capital FM,KPA wins eight top awards as Kisumu Port cements regional trade hub status,"Sat, 25 Jul 2026 08:55:49 +0000",https://capitalfm.africa/kpa-wins-eight-top-awards-as-kisumu-port-cements-regional-trade-hub-status/,positive,auto_cardiffnlp_positive
Ghanamma,"Kenya’s Elite Sharpshooters Dominate IPSC Championship, Showcasing Nation’s Rising Talent in Practical Shooting",2026-07-24 21:00:46,https://www.ghanamma.com/2026/07/24/kenyas-elite-sharpshooters-dominate-ipsc-championship-showcasing-nations-rising-talent-in-practical-shooting/,positive,auto_cardiffnlp_positive
K24 Tv,PCEA announces major milestone after receiving five-year tax exemption from KRA,2026-07-24 22:10:38,https://k24.digital/entertainment/events/pcea-announces-major-milestone-after-receiving-five-year-tax-exemption-from-kra,positive,auto_cardiffnlp_positive
KBC,African football triumph: Continent’s biggest achievements at Globe Cup 2026,"Fri, 24 Jul 2026 15:26:22 +0000",https://www.kbc.co.ke/african-football-triumph-continents-biggest-achievements-at-globe-cup-2026/,positive,auto_cardiffnlp_positive
Kawowo Sports,Commonwealth Games 2026: Brave start for Uganda’s Batte after victory over Nigerian Abdulwahab | Welterweight,2026-07-24 20:19:40,https://kawowo.com/2026/07/24/commonwealth-games-2026-brave-start-for-ugandas-batte-after-victory-over-nigerian-abdulwahab-welterweight/,positive,auto_cardiffnlp_positive
Kenya News Agency,Campus experience sharpens students’ entrepreneurial skills,"Sat, 25 Jul 2026 07:24:28 +0000",https://www.kenyanews.go.ke/campus-experience-sharpens-students-entrepreneurial-skills/,positive,auto_cardiffnlp_positive
Kenya News Agency,Mombasa embraces RPL to drive economic growth,"Sat, 25 Jul 2026 10:10:02 +0000",https://www.kenyanews.go.ke/mombasa-embraces-rpl-to-drive-economic-growth/,positive,auto_cardiffnlp_positive
Nairobi Wire,All The Hottest Memes in Nairobi This Friday,"Fri, 24 Jul 2026 03:48:56 +0000",https://nairobiwire.com/2026/07/all-the-hottest-memes-in-nairobi-this-friday.html,positive,auto_cardiffnlp_positive
Nairobi Wire,Hilarious Memes in Nairobi This Wednesday,"Wed, 22 Jul 2026 03:48:09 +0000",https://nairobiwire.com/2026/07/hilarious-memes-in-nairobi-this-wednesday-9.html,positive,auto_cardiffnlp_positive
Nairobi Wire,The Funniest Memes in Nairobi This Thursday,"Thu, 23 Jul 2026 03:48:42 +0000",https://nairobiwire.com/2026/07/the-funniest-memes-in-nairobi-this-thursday-16.html,positive,auto_cardiffnlp_positive
Nation,All the best to Starlets,2026-07-24 21:01:00,https://nation.africa/kenya/blogs-opinion/editorials/all-the-best-to-starlets-5536762,positive,auto_cardiffnlp_positive
Nation,Kenya’s foundational learning reforms bearing fruit,2026-07-24 21:03:00,https://nation.africa/kenya/blogs-opinion/blogs/kenya-s-foundational-learning-reforms-bearing-fruit--5536590,positive,auto_cardiffnlp_positive
Sportsnet,Canada claims first gold medal at Commonwealth Games in gymnastics,2026-07-24 23:22:10,https://www.sportsnet.ca/more/article/canada-claims-first-gold-medal-at-commonwealth-games-in-gymnastics/,positive,auto_cardiffnlp_positive
The Standard,Counties to receive Sh428 billion boost after MPs approve Revenue Bill,"Thu, 25 Jun 2026 22:56:12 +0300",https://www.standardmedia.co.ke/article/2001551319/counties-to-receive-sh428-billion-boost-after-mps-approve-revenue-bill,positive,auto_cardiffnlp_positive
The Standard Headlines,Why Kalonzo's calm resolve and Sifuna's fire are the winning bet,"Sun, 21 Jun 2026 16:05:00 +0300",https://www.standardmedia.co.ke/article/2001550893/why-kalonzo-s-calm-resolve-and-sifuna-s-fire-are-the-winning-bet,positive,auto_cardiffnlp_positive
World News API,Business News | Merck Foundation Marks 'World Assisted Reproductive Technology Day 2026' by Providing 800+ Scholarships of Fertility and Reproductive Care,,https://www.latestly.com/agency-news/business-news-merck-foundation-marks-world-assisted-reproductive-technology-day-2026-by-providing-800-scholarships-of-fertility-and-reproductive-care-7531469.html,positive,auto_cardiffnlp_positive
World News API,Improved veterinary regulation big boon for livestock farmers,,https://www.standardmedia.co.ke/smart-harvest/article/2001553727/improved-veterinary-regulation-big-boon-for-livestock-farmers,positive,auto_cardiffnlp_positive
World News API,Jhandu Kumar shines in CWG 2026 men’s heavyweight para-powerlifting,,https://assamtribune.com/sports/jhandu-kumar-shines-in-cwg-2026-mens-heavyweight-para-powerlifting-1614740,positive,auto_cardiffnlp_positive
World News API,Junior Silverbacks open title defence with victory,,https://www.newvision.co.ug/category/sports/junior-silverbacks-open-title-defence-with-vi-NV_237651_072026,positive,auto_cardiffnlp_positive
World News API,Justice served: Sharon Otieno&#039;s family welcomes Obado conviction,,https://www.standardmedia.co.ke/crime-and-justice/article/2001553682/justice-served-sharon-otienos-family-welcomes-obado-conviction,positive,auto_cardiffnlp_positive
World News API,KIRDI trains leather sector players to boost global competitiveness,,https://www.kenyamoja.com/index.php/video/kirdi-trains-leather-sector-players-boost-global-competitiveness-ktn-news-411357,positive,auto_cardiffnlp_positive
World News API,Kenya's 3x3 women revive Commonwealth hopes with dramatic Fiji victory,,https://www.kenyamoja.com/video/kenyas-3x3-women-revive-commonwealth-hopes-dramatic-fiji-victory-ntv-video-411805,positive,auto_cardiffnlp_positive
World News API,Merck Foundation together with African and Asian First Ladies mark ‘World Assisted Reproductive Technology Day’ 2026 through their ‘More Than a Mother’ Campaign,,https://www.socialnews.xyz/2026/07/25/merck-foundation-together-with-african-and-asian-first-ladies-mark-world-assisted-reproductive-technology-day-2026-through-their-more-than-a-mother-campaign,positive,auto_cardiffnlp_positive
World News API,Safal awards celebrate photographers championing Africa's natural heritage,,https://www.kenyamoja.com/video/safal-awards-celebrate-photographers-championing-africas-natural-heritage-ntv-video-411804,positive,auto_cardiffnlp_positive
World News API,Six North Rift counties unite to celebrate lasting Kerio Valley peace,,https://www.kenyamoja.com/video/six-north-rift-counties-unite-celebrate-lasting-kerio-valley-peace-ntv-video-411784,positive,auto_cardiffnlp_positive
World News API,Why the Congolese Seben is Africa&#039;s greatest cultural gift,,https://www.standardmedia.co.ke/opinion/article/2001553673/why-the-congolese-seben-is-africas-greatest-cultural-gift,positive,auto_cardiffnlp_positive
Business Daily Africa,SafariLink steps up fleet expansion as tourism boom fuels demand,"Sun, 19 Jul 2026 16:40:16 GMT",https://www.businessdailyafrica.com/bd/corporate/companies/safarilink-steps-up-fleet-expansion-as-tourism-boom-5531842,positive,auto_cardiffnlp_positive
Business Daily Africa,Industrial sugar imports surge on improved product demand,"Sun, 19 Jul 2026 06:18:16 GMT",https://www.businessdailyafrica.com/bd/economy/industrial-sugar-imports-surge-on-improved-product-demand-5531310,positive,auto_cardiffnlp_positive
Business Daily Africa,"At nearly 50, she's still pushing her body to new limits and it’s paying off","Fri, 17 Jul 2026 20:16:45 GMT",https://www.businessdailyafrica.com/bd/lifestyle/health-fitness/at-nearly-50-she-s-still-pushing-her-body-to-new-limits-5530360,positive,auto_cardiffnlp_positive
Business Daily Africa,Gala honours young women driving impact,"Thu, 16 Jul 2026 18:05:54 GMT",https://www.businessdailyafrica.com/bd/news/gala-honours-young-women-driving-impact-5529552,positive,auto_cardiffnlp_positive
Business Daily Africa,Insurers’ NSE portfolio climbs to four-year high amid rally,"Thu, 16 Jul 2026 15:44:15 GMT",https://www.businessdailyafrica.com/bd/markets/capital-markets/insurers-nse-portfolio-climbs-to-four-year-high-amid-rally-5529374,positive,auto_cardiffnlp_positive
K24,FIFA World Cup: Life lessons we can learn from football,"Sun, 19 Jul 2026 23:24:27 +0000",https://k24.digital/sports/world-cup/fifa-world-cup-life-lessons-we-can-learn-from-football,positive,auto_cardiffnlp_positive
K24,"Mbappé wins Golden Boot as Rodri, Simón headline 2026 World Cup individual awards","Sun, 19 Jul 2026 23:03:16 +0000",https://k24.digital/sports/world-cup/mbappe-wins-golden-boot-as-rodri-simon-headline-2026-world-cup-individual-awards,positive,auto_cardiffnlp_positive
K24,Spain crowned 2026 FIFA World Cup champions after edging Argentina in historic New York final,"Sun, 19 Jul 2026 22:22:40 +0000",https://k24.digital/sports/world-cup/spain-crowned-2026-fifa-world-cup-champions-after-edging-argentina-in-historic-new-york-final,positive,auto_cardiffnlp_positive
K24,Five habits that can make your Monday more productive,"Sun, 19 Jul 2026 20:30:05 +0000",https://k24.digital/lifestyle/life-hacks/five-habits-that-can-make-your-monday-more-productive,positive,auto_cardiffnlp_positive
K24,What makes a World Cup Final so special?,"Sun, 19 Jul 2026 19:21:27 +0000",https://k24.digital/mytake/what-makes-a-world-cup-final-so-special,positive,auto_cardiffnlp_positive
KBC,Xi voices firm support for UN in meeting with Guterres,"Sun, 19 Jul 2026 08:25:12 +0000",https://www.kbc.co.ke/xi-voices-firm-support-for-un-in-meeting-with-guterres/,positive,auto_cardiffnlp_positive
KBC,Enziu River Bridge nears completion as Govt commits more funds,"Sun, 19 Jul 2026 08:22:25 +0000",https://www.kbc.co.ke/enziu-river-bridge-nears-completion-as-govt-commits-more-funds/,positive,auto_cardiffnlp_positive
KBC,Ol Kalou residents lauded for defending democratic space,"Sun, 19 Jul 2026 08:05:17 +0000",https://www.kbc.co.ke/ol-kalou-residents-lauded-for-defending-democratic-space/,positive,auto_cardiffnlp_positive
KBC,Global leaders back new framework for AI governance at Shanghai Summit,"Sat, 18 Jul 2026 22:42:24 +0000",https://www.kbc.co.ke/global-leaders-back-new-framework-for-ai-governance-at-shanghai-summit/,positive,auto_cardiffnlp_positive
Kenya News Agency,Uasin Gishu launches football tournament to nurture youth talent,"Sun, 19 Jul 2026 13:04:01 +0000",https://www.kenyanews.go.ke/uasin-gishu-launches-football-tournament-to-nurture-youth-talent/,positive,auto_cardiffnlp_positive
Standard - Headlines,"Kenya to benefit from G7-backed financial reforms, Ruto says","Wed, 17 Jun 2026 20:15:01 +0300",https://www.standardmedia.co.ke/article/2001550603/kenya-to-benefit-from-g7-backed-financial-reforms-ruto-says,positive,auto_cardiffnlp_positive
Standard - Business,Kenya's economy creates more millionaires,"Sun, 19 Jul 2026 10:00:00 +0300",https://www.standardmedia.co.ke/business/article/2001553164/kenya-s-economy-creates-more-millionaires,positive,auto_cardiffnlp_positive
NTV Kenya,"Kylian Mbappe wins second World Cup Golden Boot, Spain claim other awards","Mon, 20 Jul 2026 07:50:27 +0000",https://ntvkenya.co.ke/sports/kylian-mbappe-wins-second-world-cup-golden-boot-spain-claim-other-awards/,positive,auto_cardiffnlp_positive
NTV Kenya,Historic run earns Wanyonyi multi-million payday,"Mon, 13 Jul 2026 09:24:49 +0000",https://ntvkenya.co.ke/news/historic-run-earns-wanyonyi-multi-million-payday/,positive,auto_cardiffnlp_positive
NTV Kenya,"COACH CHARLES AKONNOR STEERS GOR MAHIA TO GLORY, RECOUNTS HIS EXPERIENCE IN KENYA","Fri, 10 Jul 2026 10:18:40 +0000",https://ntvkenya.co.ke/sports/coach-charles-akonnor-steers-gor-mahia-to-glory-recounts-his-experience-in-kenya/,positive,auto_cardiffnlp_positive
NTV Kenya,Queen Nozizwe Mulela-Zulu | Royalty With Many Hats!,"Fri, 10 Jul 2026 09:16:30 +0000",https://ntvkenya.co.ke/arts-lifestyle/queen-nozizwe-mulela-zulu-royalty-with-many-hats/,positive,auto_cardiffnlp_positive
NTV Kenya,Obrigado! Heroes’ welcome for Cape Verde squad on return from World Cup,"Mon, 06 Jul 2026 06:39:36 +0000",https://ntvkenya.co.ke/news/obrigado-heroes-welcome-for-cape-verde-squad-on-return-from-world-cup/,positive,auto_cardiffnlp_positive
Citizen Digital (via Google News),Gachagua celebrates Sammy Kamau's historic win in Ol Kalou by-election - Citizen Digital,"Fri, 17 Jul 2026 05:31:48 GMT",https://news.google.com/rss/articles/CBMirgFBVV95cUxNV1hIOGpJMFBMVnJ4aGl2MDVSb1RFTU91cW05THpwREVPOUJuemlDUWhCc3BHR3hWeEhDVjFUazVocFV3eDJsNl9vZTJHblFDamJGVjV5alVrSy1CVVkzTFNPLS01bktCdDdJcFk1WFNaOXRWTXA3SlNJbVdPQXVpbUJiWXotaV95UnR1bUo0SHlVMldGSC16ZnNOZV9iSHVkajJNOWNieEgzT21jU3c?oc=5,positive,auto_cardiffnlp_positive
Citizen Digital (via Google News),Infantino's enlarged World Cup gamble pays off with punters - Citizen Digital,"Sat, 18 Jul 2026 17:29:06 GMT",https://news.google.com/rss/articles/CBMinwFBVV95cUxOWDdEVlVYVGE2VTN2aWJObmE4SGlCdkUtTDVjNHhaM1ZUWVF2aERzZ25FdldGM2UwYVhKMGFsVHZHcDlQV3diTXpuWm1OanFhdVZ6N0p0c05sQUFCU1h5VXc3SUgyWnNuOFJoNEc3akZhNjAyc1E0MTUxQXJOZURiaWo1cWNkSUNRY1lRX0ZIVFZZN2RtdWhKRVNzcG5ULWc?oc=5,positive,auto_cardiffnlp_positive
Citizen Digital (via Google News),Departing Deschamps looks back on 'wonderful' World Cup - Citizen Digital,"Sun, 19 Jul 2026 07:19:44 GMT",https://news.google.com/rss/articles/CBMimAFBVV95cUxNUWxpbkJPNXdPWWVwdkIwZTR3bkhUTE9HZ05qVlRQYUczY00xY2N6TXNsb2dKZkI0VFNYZUkwOGE3ZlotQTVudFJYeUVRUjhocjNFQ0JBVzI1WHFDQlFBQnRNMlMtRGZBUXBpODdNa3RvQldNRFk1QTNVbGlQRGdXa1dFVGxUU092dGZfT2E2TlhyNGtJNEo0cw?oc=5,positive,auto_cardiffnlp_positive
Citizen Digital (via Google News),Greasy Tunes: Inside the Spotify showcase that brought Kenyan music and fashion together - Citizen Digital,"Sat, 18 Jul 2026 12:29:37 GMT",https://news.google.com/rss/articles/CBMixgFBVV95cUxNb1hkVlAwYWE1eFhQZ09oNFlueFB4SDJ1N254SU5mNkVFUkFhY3Z6NGEtWGxRamtYNV9WS2V6cVh1QU1OVkZIOG1Qc2QwR2ZoYnZSOGtPc0dmaHNHNEZ2S2stczZaMlBLVmswRUlRbkQ4QjR4RUNZSDY4OGZweGl4anpvNmM4bjF2MWdWaUdvOHV3Q3RqWGpxZGcyd0dRek4zbzJSZjBXd2JFTjV0WDNmSzJvZmhuOFc2RzFtaUpyWWFBOHFZWWc?oc=5,positive,auto_cardiffnlp_positive
Citizen Digital (via Google News),Pocket-size AI: Powerful phones star at China show - Citizen Digital,"Sun, 19 Jul 2026 06:24:11 GMT",https://news.google.com/rss/articles/CBMikwFBVV95cUxPaU1TY2hfN2tuNk9tbEpVRERWcks0NlBYMDN4T2pJZ1N6Z0FsUklvUThuLXp4QXl0bm9lNFV1QlBoa3pwTDU4WVhzUXRfS09CS1BZYThSMzdrZGhZSHFjb3hsOVZ0ZlVJZFI5dlZTTDhWOFBDNEZqRnJYTTlUSVIyVUFiTElTOG1ZRThLWkV6YU1SaDA?oc=5,positive,auto_cardiffnlp_positive
Citizen Digital (via Google News),Calm Antonelli takes sixth win of the season with victory at Belgian GP - Citizen Digital,"Sun, 19 Jul 2026 15:51:20 GMT",https://news.google.com/rss/articles/CBMisAFBVV95cUxPN1Q2MUJERXpRN1gya044VXdiemYxZlJCcG9yMlNrUGN1YmQ4eFZMME13UlNfNnoyMXBVTUJoNEptUkE3cDcySmgySkJaTTlzVVVTY3lCcEdyUGdtWnFiNXdGZWxrU2VWVC1XZThTWXlRYWJlbzZCQTNWVEExR0E1NmNCRUE3dG5iV21NMzIyMVV4TVMzcV9BaGhfcC0yN3FaZmF1WXVnR2JONEtneVFoaw?oc=5,positive,auto_cardiffnlp_positive
Citizen Digital (via Google News),Ecstatic celebrations as Spaniards fete World Cup triumph - Citizen Digital,"Mon, 20 Jul 2026 03:40:42 GMT",https://news.google.com/rss/articles/CBMingFBVV95cUxOOHpOa0NPaFU2alJfUG9iaG9nSWhpRUprQmNSbTYySzZ1N0swdVlBVUlFSVZabFdTSXp3eXZFT1BPT0hyVkE4M1Z4RTlpeGJ3bVYwalZVTnVwRVJiVHdwTlBXdnJQaVNEMnRiX0JZc0dPTlkxcWtUa1R1S3Z5eUUxLUtaUlV5M3UxSHlnTTVNU0ZjT3d4emNIS3lDcmRuQQ?oc=5,positive,auto_cardiffnlp_positive
K24,Spain coach De la Fuente hopes his players will keep their tattoo promise after World Cup triumph,"Mon, 20 Jul 2026 08:45:40 +0000",https://k24.digital/sports/world-cup/spain-coach-de-la-fuente-hopes-his-players-will-keep-their-tattoo-promise-after-world-cup-triumph,positive,auto_cardiffnlp_positive
K24,5 movies worth leaving your house for after immersive weeks of World Cup,"Mon, 20 Jul 2026 08:17:55 +0000",https://k24.digital/entertainment/movies/5-movies-worth-leaving-your-house-for-after-immersive-weeks-of-world-cup,positive,auto_cardiffnlp_positive
K24,Spain coach revels in deserved World Cup triumph after win over Argentina,"Mon, 20 Jul 2026 06:33:43 +0000",https://k24.digital/sports/world-cup/spain-coach-revels-in-deserved-world-cup-triumph-after-win-over-argentina,positive,auto_cardiffnlp_positive
K24,IShowSpeed celebrates historic career milestone after performing at FIFA World Cup final,"Mon, 20 Jul 2026 06:13:52 +0000",https://k24.digital/entertainment/celebrity/ishowspeed-celebrates-historic-career-milestone-after-performing-at-fifa-world-cup-final,positive,auto_cardiffnlp_positive
K24,Shakira shines during historic FIFA World Cup final halftime show with Burna Boy,"Mon, 20 Jul 2026 05:58:35 +0000",https://k24.digital/entertainment/celebrity/shakira-shines-during-historic-fifa-world-cup-final-halftime-show-with-burna-boy,positive,auto_cardiffnlp_positive
K24,Unbelievable! Ferran Torres reacts after his World Cup goal sinks Messi and Argentina,"Mon, 20 Jul 2026 05:18:15 +0000",https://k24.digital/sports/world-cup/unbelievable-ferran-torres-reacts-after-his-world-cup-goal-sinks-messi-and-argentina,positive,auto_cardiffnlp_positive
KBC,Dock workers welcome bonus after KPA record performance,"Mon, 20 Jul 2026 08:10:07 +0000",https://www.kbc.co.ke/dock-workers-welcome-bonus-after-kpa-record-performance/,positive,auto_cardiffnlp_positive
KBC,Philanthropists trek over 200km to raise education funds for needy children,"Mon, 20 Jul 2026 08:03:11 +0000",https://www.kbc.co.ke/philanthropists-trek-over-200km-to-raise-education-funds-for-needy-children/,positive,auto_cardiffnlp_positive
KBC,Kenya showcases Affordable Housing financing model at UN urban development forum,"Mon, 20 Jul 2026 07:39:52 +0000",https://www.kbc.co.ke/kenya-showcases-affordable-housing-financing-model-at-un-urban-development-forum/,positive,auto_cardiffnlp_positive
KBC,China’s H1 industrial output up 5.4% as innovation accelerates,"Mon, 20 Jul 2026 06:31:11 +0000",https://www.kbc.co.ke/chinas-h1-industrial-output-up-5-4-as-innovation-accelerates/,positive,auto_cardiffnlp_positive
Standard - Politics,Sifuna's Western tour sparks excitement and tension,"Wed, 22 Jul 2026 07:50:00 +0300",https://www.standardmedia.co.ke/politics/article/2001553401/sifuna-s-western-tour-sparks-excitement-and-tension,positive,auto_cardiffnlp_positive
Standard - Politics,"Leaders urge Ruto to increase development in Nyanza, pledge 2027 support","Mon, 20 Jul 2026 11:54:16 +0300",https://www.standardmedia.co.ke/politics/article/2001553271/leaders-urge-ruto-to-increase-development-in-nyanza-pledge-2027-support,positive,auto_cardiffnlp_positive
Standard - Business,The future of our workforce depends on the skills we build today,"Wed, 22 Jul 2026 07:00:00 +0300",https://www.standardmedia.co.ke/business/article/2001553412/the-future-of-our-workforce-depends-on-the-skills-we-build-today,positive,auto_cardiffnlp_positive
Standard - Business,"Radical schools' agricultural project eases technology transfer to learners, families","Wed, 22 Jul 2026 06:00:00 +0300",https://www.standardmedia.co.ke/business/article/2001553404/radical-schools-agricultural-project-eases-technology-transfer-to-learners-families,positive,auto_cardiffnlp_positive
Standard - Business,Local lenders scoop top honours at 2026 Euromoney Awards,"Wed, 22 Jul 2026 06:00:00 +0300",https://www.standardmedia.co.ke/business/article/2001553391/local-lenders-scoop-top-honours-at-2026-euromoney-awards,positive,auto_cardiffnlp_positive
Standard - Business,New programme backs women-led businesses with Sh645m pledge,"Tue, 21 Jul 2026 14:32:33 +0300",https://www.standardmedia.co.ke/business/article/2001553373/new-programme-backs-women-led-businesses-with-sh645m-pledge,positive,auto_cardiffnlp_positive
Standard - Business,"Co-op Bank named Kenya's best retail, digital bank at 2026 Euromoney Awards","Tue, 21 Jul 2026 14:06:43 +0300",https://www.standardmedia.co.ke/business/article/2001553371/co-op-bank-named-kenya-s-best-retail-digital-bank-at-2026-euromoney-awards,positive,auto_cardiffnlp_positive
Standard - Business,How Kenya's green energy revolution is attracting global climate capital,"Tue, 21 Jul 2026 06:00:00 +0300",https://www.standardmedia.co.ke/business/article/2001553315/how-kenya-s-green-energy-revolution-is-attracting-global-climate-capital,positive,auto_cardiffnlp_positive
The East African,"AI could lift Sub-Saharan Africa economy 4pc if power, internet improve, IMF says","Tue, 21 Jul 2026 23:06:11 GMT",https://www.theeastafrican.co.ke/tea/sustainability/innovation/ai-could-lift-sub-saharan-africa-economy-5533876,positive,auto_cardiffnlp_positive
NTV Kenya,"Spain go back to top of FIFA rankings, Morocco reach record high","Tue, 21 Jul 2026 09:36:07 +0000",https://ntvkenya.co.ke/sports/spain-go-back-to-top-of-fifa-rankings-morocco-reach-record-high/,positive,auto_cardiffnlp_positive
NTV Kenya,Morocco to boost hotel beds by a fifth ahead of 2030 World Cup,"Mon, 20 Jul 2026 12:58:41 +0000",https://ntvkenya.co.ke/sports/morocco-to-boost-hotel-beds-by-a-fifth-ahead-of-2030-world-cup/,positive,auto_cardiffnlp_positive
Citizen Digital (via Google News),"Ruto welcomes blueprint to replace Vision 2030, promises public participation - Citizen Digital","Tue, 21 Jul 2026 14:10:24 GMT",https://news.google.com/rss/articles/CBMitwFBVV95cUxQOHhaMG15NGZJb3FuZHZ0LUFPNDc0a3JWWXZqblJiUlRsc2hjby1La3NjaHh6OXlxQlR2N1dRQzFXYVhxVmxONnJGVTVRWFBWQnRJZWl3Ty1LdW5NY1hjUzNXUVJERUUwa20xTzlESVQ1clBEbTJoR3Ayc1NYMmduSFpyUThxcXo3MUs4eTB1NUlVN3Q4T2FhNThJWk1ibTVVQ2VGZnNGdXNjSHp3UnVacTIyQTByVHc?oc=5,positive,auto_cardiffnlp_positive
Citizen Digital (via Google News),Gachagua returns to Ol Kalou for DCP 'Thank You' tour after landslide by-election win - Citizen Digital,"Fri, 17 Jul 2026 05:11:46 GMT",https://news.google.com/rss/articles/CBMiwAFBVV95cUxOczNrU2h4N0pNX3VtWUVFaXp4Q3FaSmp6b2lJYjJUMHZtVFgyclBkcWlOOE16S19VdVFMdWI2aWRWSmhjWldEd25tMmQzNWJLSUdnX2UtMDRoXzRUclBkcElXRmVBUG5UZzVZd3BOU0ctUW1PNzI2MlFRLWYxZDJ4bGV4Unc2eTNsMkluMnpMZkVNRVc0Tk1wbEpXVWxJcnV3VUtxazNSa3BHNTdkRUt5WnROLUxSS0hLUURuVFVKbEI?oc=5,positive,auto_cardiffnlp_positive
Citizen Digital (via Google News),Kenya to continue spearheading equitable development with focus on youth - Mudavadi - Citizen Digital,"Tue, 21 Jul 2026 06:41:55 GMT",https://news.google.com/rss/articles/CBMivgFBVV95cUxPUHlRRTJEclhVZUpaNnE5eTh4VzZBdkhWdG1ZMzZ6QWVFYUJsX0FPelcyZEEzM1ZOazVSY0syVFlvQkVzcnJYLXFleVk5cncyLWxmZk83dFowMVBhVm9sMF82NDNpV1pobjlPM1BQVWZ1RTNoN0FjLVNBSE4xbXRQbTFWcnE4T216LTY5a292dnNpejlIak95VXh4amNyRjNfT2tSY1dmeWNURU9nTHRLbC1Pc3pOQnIzQXNlZmZB?oc=5,positive,auto_cardiffnlp_positive
Citizen Digital (via Google News),A million people expected to welcome home Spain's World Cup champions - Citizen Digital,"Mon, 20 Jul 2026 05:41:21 GMT",https://news.google.com/rss/articles/CBMiqwFBVV95cUxOQmZDTzhFWUR3dzdaellXR0p3elFtdnQ1cjk4NWhxc2VXQTFRcVVWUEd1QlZBYTN1WkJuQTRJOEt2UnFKWXBYTV9hQVUwWFJCcTdMaGJZU09zUDRpWmx0cEtaczdzYl9HVWRlWUpQSmpVZGs3ZGh0V0dsU3hmZFJWNHViUmVNeDdQVVJlM1BlUVc2VWU3U3lWX3Jmd0hBckFXcktaUjFzR3JhSW8?oc=5,positive,auto_cardiffnlp_positive
K24,Grammy-winning artiste Chance the Rapper visits Kenya,"Wed, 22 Jul 2026 05:56:53 +0000",https://k24.digital/entertainment/celebrity/grammy-winning-artiste-chance-the-rapper-visits-kenya,positive,auto_cardiffnlp_positive
K24,Simple ways to make your house feel more like home,"Tue, 21 Jul 2026 20:44:30 +0000",https://k24.digital/lifestyle/home-and-living/simple-ways-to-make-your-house-feel-more-like-home,positive,auto_cardiffnlp_positive
K24,Simple ways to stay connected with friends despite busy schedules,"Tue, 21 Jul 2026 20:03:34 +0000",https://k24.digital/lifestyle/love-and-relationships/simple-ways-to-stay-connected-with-friends-despite-busy-schedules,positive,auto_cardiffnlp_positive
K24,The history of pasta and how it became a global favourite,"Tue, 21 Jul 2026 19:43:09 +0000",https://k24.digital/lifestyle/food-and-culinary/the-history-of-pasta-and-how-it-became-a-global-favourite,positive,auto_cardiffnlp_positive
K24,Skilled workforce key to fast-tracking Kamariny Stadium construction,"Tue, 21 Jul 2026 19:14:07 +0000",https://k24.digital/sports/skilled-workforce-key-to-fast-tracking-kamariny-stadium-construction,positive,auto_cardiffnlp_positive
Capital FM Kenya,Linda Mwananchi campaign raises over half a million in 10 hours,"Wed, 22 Jul 2026 06:11:49 +0000",https://capitalfm.africa/linda-mwananchi-campaign-raises-over-half-a-million-in-10-hours/,positive,auto_cardiffnlp_positive
Capital FM Kenya,Makau Mutua Congratulates Duncan Ojwang on Nomination as IPOA Chairperson,"Wed, 22 Jul 2026 05:09:23 +0000",https://capitalfm.africa/makau-mutua-congratulates-duncan-ojwang-on-nomination-as-ipoa-chairperson/,positive,auto_cardiffnlp_positive
K24,De Zerbi delighted with Tottenham’s progress as he outlines ambitious plans for new season,"Wed, 22 Jul 2026 18:23:05 +0000",https://k24.digital/sports/epl/de-zerbi-delighted-with-tottenhams-progress-as-he-outlines-ambitious-plans-for-new-season,positive,auto_cardiffnlp_positive
K24,Motsepe hails African teams at World Cup 2026 as CAF announces key plans,"Wed, 22 Jul 2026 13:29:27 +0000",https://k24.digital/sports/world-cup/motsepe-hails-african-teams-at-world-cup-2026-as-caf-announces-key-plans,positive,auto_cardiffnlp_positive
K24,5 outstanding moments African teams left at FIFA World Cup 2026,"Wed, 22 Jul 2026 13:10:26 +0000",https://k24.digital/sports/world-cup/5-outstanding-moments-african-teams-left-at-fifa-world-cup-2026,positive,auto_cardiffnlp_positive
K24,Ciru Muriuki praises tailor behind DCP-allied senators’ matching green blazers,"Wed, 22 Jul 2026 11:50:04 +0000",https://k24.digital/entertainment/celebrity/ciru-muriuki-praises-tailor-behind-dcp-allied-senators-matching-green-blazers,positive,auto_cardiffnlp_positive
Standard - Politics,Women MPs push for stronger political support ahead of 2027 polls,"Wed, 22 Jul 2026 23:54:46 +0300",https://www.standardmedia.co.ke/politics/article/2001553530/women-mps-push-for-stronger-political-support-ahead-of-2027-polls,positive,auto_cardiffnlp_positive
Standard - Business,SBM Bank Kenya's profit jumps 171pc as deposits near Sh100b,"Thu, 23 Jul 2026 07:00:00 +0300",https://www.standardmedia.co.ke/business/article/2001553498/sbm-bank-kenya-s-profit-jumps-171pc-as-deposits-near-sh100b,positive,auto_cardiffnlp_positive
K24,"Jaymo Ule Msee backs Nairobi underground railway line, praises Sakaja’s bold vision","Thu, 23 Jul 2026 04:30:58 +0000",https://k24.digital/entertainment/celebrity/jaymo-ule-msee-backs-nairobi-underground-railway-line-praises-sakajas-bold-vision,positive,auto_cardiffnlp_positive
K24,"2026 World Cup XI: Vozinha in, Cubarsi out as FIFA reveals fans’ best line up","Thu, 23 Jul 2026 04:14:12 +0000",https://k24.digital/sports/world-cup/2026-world-cup-xi-vozinha-in-cubarsi-out-as-fifa-reveals-fans-best-line-up,positive,auto_cardiffnlp_positive
Standard - Business,Women engineers urged to lead Kenya's innovation drive,"Thu, 23 Jul 2026 16:50:31 +0300",https://www.standardmedia.co.ke/business/article/2001553586/women-engineers-urged-to-lead-kenya-s-innovation-drive,positive,auto_cardiffnlp_positive
K24,World Athletics officially ratifies Sebastian Sawe’s sub-2-hour marathon record,"Thu, 23 Jul 2026 17:34:55 +0000",https://k24.digital/sports/athletics/world-athletics-officially-ratifies-sebastian-sawes-sub-2-hour-marathon-record,positive,auto_cardiffnlp_positive
K24,Triza Njeri lands in Dubai after well-wisher rewards her with seven-day holiday,"Thu, 23 Jul 2026 15:26:28 +0000",https://k24.digital/entertainment/celebrity/triza-njeri-lands-in-dubai-after-well-wisher-rewards-her-with-seven-day-holiday,positive,auto_cardiffnlp_positive
KBC,"Ruto unveils jobs boost for Nairobi artisans, mechanics","Thu, 23 Jul 2026 15:06:57 +0000",https://www.kbc.co.ke/ruto-unveils-jobs-boost-for-nairobi-artisans-mechanics/,positive,auto_cardiffnlp_positive
Standard - Business,BAT posts Sh3.1 billion half-year net profit,"Fri, 24 Jul 2026 06:00:00 +0300",https://www.standardmedia.co.ke/business/article/2001553595/bat-posts-sh3-1-billion-half-year-net-profit,positive,auto_cardiffnlp_positive
Kenyans.co.ke,Kenyan Firm Belva Digital Wins Global AI Innovation Award,2026-07-24T11:14:25+0300,https://www.kenyans.co.ke/featured/125550-kenyan-firm-belva-digital-wins-global-ai-innovation-award-cannes-lions-2026,positive,auto_cardiffnlp_positive
Citizen Digital (via Google News),Equity Bank boosts transport sector with PSV fleet - Citizen Digital,"Sat, 25 Jul 2026 07:48:13 GMT",https://news.google.com/rss/articles/CBMilAFBVV95cUxNNTRBZzdMeDQ0ektrT1d3LUlLRUdfNGgzN25JaWZDd3VpWjhXdm5maHRZM2lMX1JCczVDTEQxYU13VFp0MEpia2JXLWxZOGZFZFFjT3Njb1FiOEpjNFk2NUFCa1BUZzVTWkdJcVhjV2dWaF9DME5sUHBRUWhyQUNJQ2llWHNJZ09Mc2x0a3dUdDA2NjJI?oc=5,positive,auto_cardiffnlp_positive
Citizen Digital (via Google News),'The time feels right for a new chapter': Esther Waititu speaks after Safaricom exit announcement - Citizen Digital,"Tue, 21 Jul 2026 13:34:14 GMT",https://news.google.com/rss/articles/CBMizwFBVV95cUxOYkg0S3YxTERONDl4bGtiWXNNVmc5SWdlbjNyalZTdEQ2OUxHMUtVNHBNNmd0dDhvSUx6Q3F6a2EyRE91eUI2a3BlVUZUcEtmY0dSMU5rc1U4U01RanVScW5kNWw2OHZMQzVHSVJVTlBib0Y5LU43X2QzQjBZem1wekx2cmN0YmVNVXljVl9OTDNKaWRreEZGREFOZ2NzOWFXeEZ4MWRoQ3Z3LS12WlVGRnFONnBQc1RpOFRlUU5JbkZRY1F2T3llWDZneUxvTjA?oc=5,positive,auto_cardiffnlp_positive
Citizen Digital (via Google News),Hamilton proud of recovery after hitting rock bottom a year ago - Citizen Digital,"Fri, 24 Jul 2026 06:04:40 GMT",https://news.google.com/rss/articles/CBMipgFBVV95cUxOVzZyZ25uQ0ZJVW5iT2hwU2ttdlJtWHdnWEIyVDJNQUd0cE5LTVJwVVpEbkEwRDBtU0p1X3J2MVNrQ284d20xZkFaWF9heWVReHgwRUVaNXV2NVNNY0E2Yy1KQWJCeFk0SnhHLTBWMUFwUndlYWVja01VeTJkVVE0UEJoWUhxNUdXNjlsVVFLYngyTC1hY0hQZkh0U2ZEaUxQblBWZ09B?oc=5,positive,auto_cardiffnlp_positive
K24,"Nicholas Kioko praises wife Wambo, says he’ll never take her motherhood journey for granted","Sat, 25 Jul 2026 07:58:50 +0000",https://k24.digital/entertainment/celebrity/nicholas-kioko-praises-wife-wambo-says-hell-never-take-her-motherhood-journey-for-granted,positive,auto_cardiffnlp_positive
K24,Kinuthia shares inspirational self-love message reflecting on personal growth,"Sat, 25 Jul 2026 06:58:17 +0000",https://k24.digital/entertainment/celebrity/kinuthia-shares-inspirational-self-love-message-reflecting-on-personal-growth,positive,auto_cardiffnlp_positive
K24,"Shakira celebrates Ghetto Kids, urges govts to invest in children for equal opportunities","Sat, 25 Jul 2026 05:37:46 +0000",https://k24.digital/entertainment/celebrity/shakira-celebrates-ghetto-kids-urges-govts-to-invest-in-children-for-equal-opportunities,positive,auto_cardiffnlp_positive
K24,Analysis: Klopp returns to Germany with mission to revive national team fortunes,"Sat, 25 Jul 2026 04:42:34 +0000",https://k24.digital/sports/analysis-klopp-returns-to-germany-with-mission-to-revive-national-team-fortunes,positive,auto_cardiffnlp_positive
The Star,The D+ student who caught Obama’s eyeMwangi Mukami is now a multi-degree icon mentoring others to never give up,,https://www.the-star.co.ke/news/big-read/2026-07-20-the-d-student-who-caught-obamas-eye,positive,auto_cardiffnlp_positive
The Star,From conductor to the driver's seat: Njeri's 11-year matatu journeyShe started as a conductor and built a career that transformed her family's future.,,https://www.the-star.co.ke/news/big-read/2026-07-15-from-conductor-to-the-drivers-seat-njeris-11-year-matatu-journey,positive,auto_cardiffnlp_positive
The Star,"‘I did not look for a job’: Furniture craft pays offMercy Munyi, known as Shawry for Wood, is making a mark in male-dominated industry",,https://www.the-star.co.ke/news/big-read/2026-07-09-i-did-not-look-for-a-job-furniture-craft-pays-off,positive,auto_cardiffnlp_positive
The Star,From street corner sewing machine to a textile empireNakuru family business keen to dress the world is developing EPZ for global markets,,https://www.the-star.co.ke/news/big-read/2026-07-06-from-street-corner-sewing-machine-to-a-textile-empire,positive,auto_cardiffnlp_positive
The Star,Uasin Gishu secures Sh53m medical equipment boost from AMPATHExecutive says new health equipment will boost service delivery,,https://www.the-star.co.ke/counties/rift-valley/2026-07-23-uasin-gishu-secures-sh53m-medical-equipment-boost-from-ampath,positive,auto_cardiffnlp_positive
The Star,Nandi MPs praise Ruto for Sh6 billion projects across the countySay President deserves reelection for equitable development projects across the country,,https://www.the-star.co.ke/counties/rift-valley/2026-07-22-nandi-mps-praise-ruto-for-sh6-billion-projects-across-the-county,positive,auto_cardiffnlp_positive
The Star,Basil Koech: It’s time for generational changeMany young people are now bravely offering themselves up for leadership.,,https://www.the-star.co.ke/counties/rift-valley/2026-07-21-basil-koech-its-time-for-generational-change,positive,auto_cardiffnlp_positive
The Star,"After City Hall approval, Nairobi Metro rail project secures national backingMeeting underscored the growing collaboration between the national government and Nairobi",,https://www.the-star.co.ke/counties/nairobi/2026-07-23-after-city-hall-approval-nairobi-metro-rail-project-secures-national-backing,positive,auto_cardiffnlp_positive
The Star,Hope rises for herders as Ruto set to open Sh1bn Isiolo abattoirThe project has taken 17 years to complete after stalling under successive administrations before construction resumed in 2023.,,https://www.the-star.co.ke/counties/north-eastern/2026-07-22-hope-rises-for-herders-as-ruto-set-to-open-sh1bn-isiolo-abattoir,positive,auto_cardiffnlp_positive
The Star,Garissa to benefit from World Bank essential services projectsThe investments are part of the wider Isiolo-Mandera road development programme,,https://www.the-star.co.ke/counties/north-eastern/2026-07-19-northeastern-page-story-2-garissa-to-benefit-from-world-bank-essential-services-projects-1,positive,auto_cardiffnlp_positive
The Star,New Sh190 million dams bring hope to drought-hit Tana River communitiesWater is no longer a daily struggle for thousands of pastoral families,,https://www.the-star.co.ke/counties/coast/2026-07-20-new-sh190-million-dams-bring-hope-to-drought-hit-tana-river-communities,positive,auto_cardiffnlp_positive
The Star,"Kwale residents seek ecotourism boost after mangrove restorationKwale has 21,003 acres of mangroves, with slightly over 4,900 acres being in the Tsunza peninsula",,https://www.the-star.co.ke/counties/coast/2026-07-20-kwale-residents-seek-ecotourism-boost-after-mangrove-restoration,positive,auto_cardiffnlp_positive
The Star,No dropout as Murang'a school mentorship programme records 100% successAim is to remove barriers that prevent girls from completing their secondary education,,https://www.the-star.co.ke/counties/central/2026-07-23-no-dropout-as-muranga-school-mentorship-programme-records-100-success,positive,auto_cardiffnlp_positive
The Star,"Economy has stabilised despite global shocks, says PSPS says Kenya has escaped Iran war disruption because of measures taken to strengthen the economy",,https://www.the-star.co.ke/counties/central/2026-07-20-economy-has-stabilised-despite-global-shocks-says-ps,positive,auto_cardiffnlp_positive
The Star,Leaders say Ol Kalou win a sign of shifting political tide in Mt KenyaThe leaders said the outcome had strengthened DCP's confidence ahead of next year's polls,,https://www.the-star.co.ke/counties/central/2026-07-20-leaders-say-ol-kalou-win-a-sign-of-shifting-political-tide-in-mt-kenya,positive,auto_cardiffnlp_positive
The Star,"Women in Teso North stitch their way to financial freedomProgramme aims to empower participants through training in tailoring, fashion, design",,https://www.the-star.co.ke/counties/western/2026-07-17-women-in-teso-north-stitch-their-way-to-financial-freedom,positive,auto_cardiffnlp_positive
The Star,"Ruto has fulfilled key promises, so let's reelect him - Wetang'ulaHe urged the women of Bungoma to spearhead voter registration and rally support for Ruto",,https://www.the-star.co.ke/counties/western/2026-07-15-ruto-has-fulfilled-key-promises-so-lets-reelect-him-wetangula,positive,auto_cardiffnlp_positive
The Star,Mozzart Kenya restores dignity in Embu with modern sanitation facilitiesThe newly launched facilities include: a 14-door toilet block comprising seven units for boys and seven for girls,,https://www.the-star.co.ke/counties/eastern/2026-07-22-mozzart-kenya-restores-dignity-in-embu-with-modern-sanitation-facilities,positive,auto_cardiffnlp_positive
The Star,"Chiefs key to BETA success, says Ruto adviserBanda says administrators are indispensable to the successful rollout of the Kenya Kwanza administration's flagship development programme.",,https://www.the-star.co.ke/counties/eastern/2026-07-22-chiefs-key-to-beta-success-says-ruto-adviser,positive,auto_cardiffnlp_positive
The Star,"UDA leaders urge Kitui to support Ruto re-electionThe county has witnessed unprecedented development during his first term, three MPs said",,https://www.the-star.co.ke/counties/eastern/2026-07-20-uda-leaders-urge-kitui-to-support-ruto-re-election,positive,auto_cardiffnlp_positive
The Star,SBM Bank Kenya profit jumps 171% as deposits hit Sh94bn,,https://www.the-star.co.ke/business/kenya/2026-07-23-sbm-bank-kenya-profit-jumps-171-as-deposits-hit-sh94bn,positive,auto_cardiffnlp_positive
The Star,"Equity Group, AMREF University ink deal to boost healthcareThe move is aimed at improving access to quality healthcare across Africa.",,https://www.the-star.co.ke/business/kenya/2026-07-22-equity-group-amref-university-ink-deal-to-boost-healthcare,positive,auto_cardiffnlp_positive
The Star,"Kenya strengthens regional banking lead as Co-op joins Africa’s top 25 by capitalAll Kenya's top three banks appeared in the global top 1,000 list.",,https://www.the-star.co.ke/business/kenya/2026-07-20-kenya-strengthens-regional-banking-lead-as-co-op-joins-africas-top-25-by-capital,positive,auto_cardiffnlp_positive
The Star,"ADMI driven Ganjisha project equips over 7,800 Kenyan youth with digital skillsThe initiative was implemented by the Africa Digital Media Institute (ADMI) in partnership with Digital Opportunity Trust (DOT) Kenya.",,https://www.the-star.co.ke/business/kenya/2026-07-20-admi-driven-ganjisha-project-equips-over-7800-kenyan-youth-with-digital-skills,positive,auto_cardiffnlp_positive
The Star,Women lead Kenya's online house hunting boomThe shift is being fuelled by a tech-savvy generation that is comfortable making major decisions online,,https://www.the-star.co.ke/business/kenya/2026-07-17-women-lead-kenyas-online-house-hunting-boom,positive,auto_cardiffnlp_positive
The Star,Kenyan banks defy rate cuts to deliver record returns in Q1 – reportCooperative Bank Group and Equity Group Holdings reported strongest earnings growth among top tier lenders,,https://www.the-star.co.ke/business/kenya/2026-07-17-kenyan-banks-defy-rate-cuts-to-deliver-record-returns-in-q1-report,positive,auto_cardiffnlp_positive
The Star,"New car sales up 23% on affordable credit, stable economic activitiesNew car sales up 23% on affordable credit, stable economic activities",,https://www.the-star.co.ke/business/markets/2026-07-23-new-car-sales-up-23-on-affordable-credit-stable-economic-activities,positive,auto_cardiffnlp_positive
The Star,"Co-op Bank overtakes EABL in Nairobi bourse shake-up as market rally reshapes top fiveThe lender now ranks behind Safaricom, Equity Group Holdings and KCB Group in terms of market capitalisation.",,https://www.the-star.co.ke/business/markets/2026-07-22-co-op-bank-overtakes-eabl-in-nairobi-bourse-shake-up-as-market-rally-reshapes-top-five,positive,auto_cardiffnlp_positive
The Star,"KQ's London return signals bigger win for farmers, tourism and avaiationKenya is banking on the return of Kenya Airways' Boeing 777-300ER",,https://www.the-star.co.ke/business/markets/2026-07-20-kqs-london-return-signals-bigger-win-for-farmers-tourism-and-avaiation,positive,auto_cardiffnlp_positive
The Star,"KILEMI: Reforms, not fear, will secure the future of CooperativesProposed reforms provide an opportunity to strengthen oversight and improve accountability.",,https://www.the-star.co.ke/business/commentary/2026-07-13-kilemi-reforms-not-fear-will-secure-the-future-of-cooperatives,positive,auto_cardiffnlp_positive
The Star,MARTIN CHOMBA: Turkana oil success depends on disciplineEqually important is ensuring that local communities see tangible benefits.,,https://www.the-star.co.ke/business/commentary/2026-06-08-martin-chomba-turkana-oil-success-depends-on-discipline,positive,auto_cardiffnlp_positive
The Star,"ALIO: Why LAPFUND remains Kenya’s most trusted retirement partnerInstitutions like LAPFUND are central to ensuring that workers retire with security, confidence",,https://www.the-star.co.ke/business/commentary/2026-06-03-alio-why-lapfund-remains-kenyas-most-trusted-retirement-partner,positive,auto_cardiffnlp_positive
The Star,"SULTAN: How Kenya can fuel productivity through social investmentsInvest in youth and sports to empower young Kenyans to earn, innovate and compete globally",,https://www.the-star.co.ke/opinion/columnists/2026-07-14-wednesday-oped-sultan-how-kenya-can-fuel-productivity-through-social-investments-1,positive,auto_cardiffnlp_positive
The Star,EDITORIAL: Turn Nyota support into lasting businessesIts success will be measured by the businesses that continue to grow long after the programme ends,,https://www.the-star.co.ke/opinion/leader/2026-07-14-editorial-turn-nyota-support-into-lasting-businesses,positive,auto_cardiffnlp_positive
The Star,Mette sees Kagame Cup as perfect CAF Confederation Cup rehearsal,,https://www.the-star.co.ke/sports/football/2026-07-23-mette-sees-kagame-cup-as-perfect-caf-confederation-cup-rehearsal,positive,auto_cardiffnlp_positive
The Star,Ingavi sets sights on trophies after joining ShabanaThe pacey striker said his ambition is to help the Glamour Boys challenge for silverware while also hitting double figures in goals during the 2026/27 season.,,https://www.the-star.co.ke/sports/football/2026-07-23-ingavi-sets-sights-on-trophies-after-joining-shabana,positive,auto_cardiffnlp_positive
The Star,"Odemba says Nekesa’s Spain move highlights the strength of the country’s school football system in nurturing elite talentThe 18-year-old forward, became only the third Kenyan woman to sign for a club in Spain after Cynthia Shilwatso and Vivian Corazon Aquino.",,https://www.the-star.co.ke/sports/football/2026-07-23-odemba-says-nekesas-spain-move-highlights-the-strength-of-the-countrys-school-football-system-in-nurturing-elite-talent,positive,auto_cardiffnlp_positive
The Star,AFC Leopards reload for title assault with Ambani’s dream squadAmbani trusts that the arrival of Gambian striker Musa Ceesay adds a sharp new edge to the attack,,https://www.the-star.co.ke/sports/football/2026-07-22-afc-leopards-reload-for-title-assault-with-ambanis-dream-squad,positive,auto_cardiffnlp_positive
The Star,Owili relishing next chapter after dream rise after rising from lower leagues to KCBOwili completed his move to the bankers after an outstanding debut top-flight campaign with Mara Sugar FC,,https://www.the-star.co.ke/sports/football/2026-07-21-tuesday-against-all-odds-owili-relishing-next-chapter-after-dream-rise-after-rising-from-lower-leagues-to-kcb-1,positive,auto_cardiffnlp_positive
The Star,"Kenya’s athletics stars eye Commonwealth glory in GlasgowA formidable 52-member athletics squad will carry the nation's hopes, determined to fly the Kenyan flag high and add another memorable chapter to the country's rich Commonwealth legacy.",,https://www.the-star.co.ke/sports/athletics/2026-07-21-tuesday-kenyas-athletics-stars-eye-commonwealth-glory-in-glasgow-1,positive,auto_cardiffnlp_positive
The Star,"Phanuel's comeback gathers pace as U20 record holder rebuilds after injury setbackThe youngster's optimism follows a commanding performance on Tuesday evening at the Hungarian Athletics Grand Prix, where he surged to victory in the men's 1,500m, stopping the clock at 3:31.09.",,https://www.the-star.co.ke/sports/athletics/2026-07-21-phanuels-comeback-gathers-pace-as-u20-record-holder-rebuilds-after-injury-setback,positive,auto_cardiffnlp_positive
The Star,"Veteran race walker Kemboi chases maiden global medal in GlasgowHaving won bronze and silver at the continental championships, Kemboi is now targeting a breakthrough on the global stage.",,https://www.the-star.co.ke/sports/athletics/2026-07-20-veteran-race-walker-kemboi-chases-maiden-global-medal-in-glasgow-1,positive,auto_cardiffnlp_positive
The Star,"Kiplimo chases back-to-back Bogota Half Marathon crownKiplimo stamped his authority at last year's race with a commanding performance, slicing through the tape in 1:02:55 to lift the title.",,https://www.the-star.co.ke/sports/athletics/2026-07-20-kiplimo-chases-back-to-back-bogota-half-marathon-crown-1,positive,auto_cardiffnlp_positive
The Star,"Over 1,000 Kenyans rally in support of older personsEvent supports vulnerable older persons through feeding, healthcare and social welfare programmes.",,https://www.the-star.co.ke/sports/athletics/2026-07-18-over-1000-kenyans-rally-in-support-of-older-persons,positive,auto_cardiffnlp_positive
The Star,"Yego chasing fairytale Commonwealth farewell in GlasgowYego is now a veteran of four Commonwealth Games, making him one of the longest-serving athletes in Kenyan track and field history",,https://www.the-star.co.ke/sports/athletics/2026-07-17-yego-chasing-fairytale-commonwealth-farewell-in-glasgow,positive,auto_cardiffnlp_positive
The Star,"Monaco masterclass fires up Koech's Commonwealth Games medal chargeThe 22-year-old stamped his authority on the field at the Monaco meeting last Friday, producing a composed display to cruise to his first Diamond League victory of the season in 8:03.35.",,https://www.the-star.co.ke/sports/athletics/2026-07-16-monaco-masterclass-fires-up-koechs-commonwealth-games-medal-charge-1,positive,auto_cardiffnlp_positive
The Star,Longisa ready to carry Kipyegon’s legacy as rising star sets sights on Commonwealth gloryThe 21-year-old is convinced she has what it takes to carry that responsibility.,,https://www.the-star.co.ke/sports/athletics/2026-07-15-longisa-ready-to-carry-kipyegons-legacy-as-rising-star-sets-sights-on-commonwealth-glory,positive,auto_cardiffnlp_positive
The Star,Okwemba shifts focus to mental strength after Bokoli’s historic Western rugby Sevens triumphThe experienced tactician believes his players have what it takes to compete despite making their debut at the National Championships.,,https://www.the-star.co.ke/sports/rugby/2026-07-12-okwemba-shifts-focus-to-mental-strength-after-bokolis-historic-western-rugby-sevens-triumph-1,positive,auto_cardiffnlp_positive
The Star,Shimza honours his roots with ‘sunset in Pretoria’ EP,,https://www.the-star.co.ke/sasa/lifestyle/2026-07-22-shimza-honours-his-roots-with-sunset-in-pretoria-ep,positive,auto_cardiffnlp_positive
The Star,Samsung steps up battle for Kenya's screen marketLaunch comes at a time when consumers have a growing choice of display devices,,https://www.the-star.co.ke/sasa/technology/2026-07-17-samsung-steps-up-battle-for-kenyas-screen-market,positive,auto_cardiffnlp_positive
The Star,TikTok expands AI literacy drive across Sub-Saharan AfricaIntiatives part of TikTok continued investments to help its community better understand AI,,https://www.the-star.co.ke/sasa/technology/2026-07-14-tiktok-expands-ai-literacy-drive-across-sub-saharan-africa,positive,auto_cardiffnlp_positive
The Star,Over 500 Pioneer School students complete AI trainingStakeholders say Kenya needs to align its education system with AI which is increasingly shaping industries,,https://www.the-star.co.ke/sasa/technology/2026-07-13-over-500-pioneer-school-students-complete-ai-training,positive,auto_cardiffnlp_positive
The Star,"Gospel overtakes drill as Gen Z embraces diverse music tastesBeyond music, Nairobi's Gen Z audience is also consuming more podcasts",,https://www.the-star.co.ke/sasa/entertainment/2026-07-14-gospel-overtakes-drill-as-nairobis-gen-z-embraces-diverse-music-tastes,positive,auto_cardiffnlp_positive
The Star,Khaligraph Jones lands ambassadorial roleThe partnership is expected to strengthen efforts to promote electric mobility,,https://www.the-star.co.ke/sasa/entertainment/2026-07-10-khaligraph-jones-lands-an-ambassadorial-role,positive,auto_cardiffnlp_positive
The Star,Health advocates want faster implementation of Digital Health ActThe legislation lays strong foundation for protecting patients' sensitive health information,,https://www.the-star.co.ke/health/2026-07-21-health-advocates-want-faster-implementation-of-digital-health-act,positive,auto_cardiffnlp_positive
The Star,Square Pharmaceuticals bolsters Kenya's healthcare ambitionsThe firm highlighted that expanding local pharmaceutical production will reduce import dependency,,https://www.the-star.co.ke/health/2026-07-18-square-pharmaceuticals-bolsters-kenyas-healthcare-ambitions,positive,auto_cardiffnlp_positive
The Star,"Hope for premature babies as lobby donates incubatorsNarok, Kajiado, Kericho and Bomet hospitals received neonatal incubators",,https://www.the-star.co.ke/health/2026-07-02-hope-for-premature-babies-as-lobby-donates-incubators,positive,auto_cardiffnlp_positive
The Star,"Climate, health stories take centre stage in regional journalism awardsJournalists from six African countries recognised for outstanding reporting in awards organised by Mesha and supported by IDRC.",,https://www.the-star.co.ke/health/2026-07-01-climate-health-stories-take-centre-stage-in-regional-journalism-awards,positive,auto_cardiffnlp_positive
The Star,"Survey: Throat cancer patients wait 2 months for treatmentKNH patient support navigators did not shorten waiting times, they greatly improved follow-up and survival",,https://www.the-star.co.ke/health/2026-06-29-survey-throat-cancer-patients-wait-2-months-for-treatment,positive,auto_cardiffnlp_positive
The Star,NG’ANG’A: Agoa extension win for Kenyan traders,,https://www.the-star.co.ke/siasa/2026-07-19-nganga-agoa-extension-win-for-kenyan-traders,positive,auto_cardiffnlp_positive
The Star,WANTING: Kenya cannot ignore the retirement crisis aheadKenya has made progress in increasing life expectancy.,,https://www.the-star.co.ke/siasa/2026-07-19-wanting-kenya-cannot-ignore-the-retirement-crisis-ahead,positive,auto_cardiffnlp_positive
The Star,Climate-smart innovators honouredAwards recognised entrepreneurs advancing clean water and climate-smart farming,,https://www.the-star.co.ke/climate-change/2026-07-03-climate-smart-innovators-honoured,positive,auto_cardiffnlp_positive
The Star,"Nairobi takes centre stage as global climate leaders chart path for sustainable citiesThe 3-day conference has brought together mayors, urban planners, academics, and development partners from across the world",,https://www.the-star.co.ke/climate-change/2026-06-22-nairobi-takes-centre-stage-as-global-climate-leaders-chart-path-for-sustainable-cities,positive,auto_cardiffnlp_positive
The Star,100 Viwandani households get clean cooking kits in KPC driveKPC Foundation rolls out Phase 2 of clean cooking initiative in Nairobi,,https://www.the-star.co.ke/climate-change/2026-06-22-100-viwandani-households-get-clean-cooking-kits-in-kpc-drive,positive,auto_cardiffnlp_positive
The Star,Nairobi opens global climate conference with street art initiativeCommunity artists transformed public spaces with colourful murals depicting their vision for Nairobi’s future,,https://www.the-star.co.ke/climate-change/2026-06-21-nairobi-opens-global-climate-conference-with-street-art-initiative,positive,auto_cardiffnlp_positive
NTV Kenya,Swansea celebrity co-owner Snoop Dogg receives grand welcome on first visit,,https://ntvkenya.co.ke/news/swansea-celebrity-co-owner-snoop-dogg-receives-grand-welcome-on-first-visit/,positive,auto_cardiffnlp_positive
NTV Kenya,Kenya wins big in regional race for Rwanda fuel imports,,https://ntvkenya.co.ke/news/kenya-wins-big-in-regional-race-for-rwanda-fuel-imports/,positive,auto_cardiffnlp_positive
NTV Kenya,"Sifuna’s political manoeuvres stir debate, attract new supporters",,https://ntvkenya.co.ke/politics/sifunas-political-manoeuvres-stir-debate-attract-new-supporters/,positive,auto_cardiffnlp_positive
NTV Kenya,IEBC officials: We’re ready to deliver credible by-elections,,https://ntvkenya.co.ke/news/iebc-officials-were-ready-to-deliver-credible-by-elections/,positive,auto_cardiffnlp_positive
NTV Kenya,Museveni cites gains from nearly 40-year rule in bid for re-election,,https://ntvkenya.co.ke/news/museveni-cites-gains-from-nearly-40-year-rule-in-bid-for-re-election/,positive,auto_cardiffnlp_positive
Citizen Digital,"Belva Digital, WildMango earn Distinction for Innovation as new AI tool wins in global hackathon",,https://citizen.digital/article/belva-digital-wildmango-earn-distinction-for-innovation-as-new-ai-tool-wins-in-global-hackathon-n386955,positive,auto_cardiffnlp_positive
Citizen Digital,"Google-parent Alphabet beats expectations, cloud revenue nearly doubles",,https://citizen.digital/article/google-parent-alphabet-beats-expectations-cloud-revenueearly-doubles-n386957,positive,auto_cardiffnlp_positive
Citizen Digital,"Prince Indah, Ywaya Tajiri lead Spotify's biggest streaming gains among Nairobi Gen Z listeners",,https://citizen.digital/article/prince-indah-ywaya-tajiri-lead-spotifys-biggest-streaming-gains-among-nairobi-gen-z-listeners-n386923,positive,auto_cardiffnlp_positive
Citizen Digital,Greasy Tunes: Inside the Spotify showcase that brought Kenyan music and fashion together,,https://citizen.digital/article/greasy-tunes-inside-the-spotify-showcase-that-brought-kenyan-music-and-fashion-together-n386694,positive,auto_cardiffnlp_positive
Citizen Digital,CPF Group pension schemes post strong asset growth as County Pension Fund tops Ksh.68.3B,,https://citizen.digital/article/cpf-group-pension-schemes-post-strong-asset-growth-as-county-pension-fund-tops-ksh683b-n387022,positive,auto_cardiffnlp_positive
Citizen Digital,"Equity Group, AMREF university partner to advance healthcare, leadership, innovation",,https://citizen.digital/article/equity-group-amref-university-partner-to-advance-healthcare-leadership-innovation-n386913,positive,auto_cardiffnlp_positive
Citizen Digital,Stakeholders hail Kenya for advancing sickle cell disease care,,https://citizen.digital/article/stakeholders-hail-kenya-for-advancing-sickle-cell-disease-care-n386738,positive,auto_cardiffnlp_positive
The Standard,Doctors save six-day-old infant in historic surgical procedure,,https://www.standardmedia.co.ke/rift-valley/article/2001553310/doctors-save-six-day-old-infant-in-historic-surgical-procedure,positive,auto_cardiffnlp_positive
The Standard,"Agoa extension gives industry breathing room, results in highest-ever export earnings",,https://www.standardmedia.co.ke/business/financial-standard/article/2001552711/agoa-extension-gives-industry-breathing-room-results-in-highest-ever-export-earnings,positive,auto_cardiffnlp_positive
The Standard,New app to boost emergency security response,,https://www.standardmedia.co.ke/business/sci-tech/article/2001552802/new-app-to-boost-emergency-security-response,positive,auto_cardiffnlp_positive
The Standard,"Lessons for East Africa ahead of AFCON after successful World Cup in North America10 African nations qualified for this World Cup, the most in history. Nine survived the group stage.",,https://www.standardmedia.co.ke/business/football/article/2001553433/lessons-for-east-africa-ahead-of-afcon-after-successful-world-cup-in-north-america,positive,auto_cardiffnlp_positive
The Standard,From waitress to property mogul: Gamble that paid off,,https://www.standardmedia.co.ke/business/work-life/article/2001551344/from-waitress-to-property-mogul-gamble-that-paid-off,positive,auto_cardiffnlp_positive
The Standard,How high-value bee products can unlock millions for Kenyans,,https://www.standardmedia.co.ke/business/dr-pesa/article/2001542202/how-high-value-bee-products-can-unlock-millions-for-kenyans,positive,auto_cardiffnlp_positive
The Standard,"Pay in bits, glow in full: New wallet lets Nairobians save for skincare",,https://www.standardmedia.co.ke/business/dr-pesa/article/2001546742/pay-in-bits-glow-in-full-new-wallet-lets-nairobians-save-for-skincare,positive,auto_cardiffnlp_positive
The Standard,Suzuki eyes value-conscious Kenyan buyers with affordable mobility deals,,https://www.standardmedia.co.ke/business/motoring/article/2001551704/suzuki-eyes-value-conscious-kenyan-buyers-with-affordable-mobility-deals,positive,auto_cardiffnlp_positive
The Standard,Kenyan boxers beaming with confidence as Commonwealth Games kick off,,https://www.standardmedia.co.ke/sports/sports/article/2001553502/kenyan-boxers-beaming-with-confidence-as-commonwealth-games-kick-off,positive,auto_cardiffnlp_positive
The Standard,Nairobi champions keen to end their long wait for national glory,,https://www.standardmedia.co.ke/sports/sports/article/2001553500/nairobi-champions-keen-to-end-their-long-wait-for-national-glory,positive,auto_cardiffnlp_positive
The Standard,Tusker target strong start as CECAFA Kagame Cup offers ideal CAF test,,https://www.standardmedia.co.ke/sports/football/article/2001553451/tusker-target-strong-start-as-cecafa-kagame-cup-offers-ideal-caf-test,positive,auto_cardiffnlp_positive
The Standard,World champions Spain supplant Argentina to top FIFA rankings,,https://www.standardmedia.co.ke/sports/football/article/2001553338/world-champions-spain-supplant-argentina-to-top-fifa-rankings,positive,auto_cardiffnlp_positive
The Standard,"With more matches, World Cup shatters attendance and TV recordsThe 2026 World Cup created a stadium attendance high while FIFA boss Gianni Infantino said that TV viewership broke the previous record ""many, many times over"".",,https://www.standardmedia.co.ke/sports/football/article/2001553335/with-more-matches-world-cup-shatters-attendance-and-tv-records,positive,auto_cardiffnlp_positive
The Standard,Spain stars lap up adulation of estimated two million on World Cup parade,,https://www.standardmedia.co.ke/sports/football/article/2001553330/spain-stars-lap-up-adulation-of-estimated-two-million-on-world-cup-parade,positive,auto_cardiffnlp_positive
The Standard,"Thousands welcome home Argentina squad, without Messi, despite World Cup loss",,https://www.standardmedia.co.ke/sports/football/article/2001553329/thousands-welcome-home-argentina-squad-without-messi-despite-world-cup-loss,positive,auto_cardiffnlp_positive
The Standard,Spanish World Cup celebrations detected by seismic sensors after final goal,,https://www.standardmedia.co.ke/sports/football/article/2001553293/spanish-world-cup-celebrations-detected-by-seismic-sensors-after-final-goal,positive,auto_cardiffnlp_positive
The Standard,Burna Boy makes history as first man to top Spotify's Global Music Video Chart,,https://www.standardmedia.co.ke/entertainment/article/2001553559/burna-boy-makes-history-as-first-man-to-top-spotifys-global-music-video-chart,positive,auto_cardiffnlp_positive
The Standard,Khaligraph Jones stuns fans with new look after dramatic 47kg weight lo...,,https://www.standardmedia.co.ke/entertainment/article/2001553551/khaligraph-jones-stuns-fans-with-new-look-after-dramatic-47kg-weight-loss,positive,auto_cardiffnlp_positive
The Standard,Warren Gakuo's 'Portraits to Remain' celebrates Nairobi's creatives through monochrome photography,,https://www.standardmedia.co.ke/arts-culture/article/2001553459/warren-gakuos-portraits-to-remain-celebrates-nairobis-creatives-through-monochrome-photography,positive,auto_cardiffnlp_positive
The Standard,Teachers set to reap big as SRC approves Phase II salary review,,https://www.standardmedia.co.ke/education/article/2001553308/teachers-set-to-reap-big-as-src-approves-phase-ii-salary-review,positive,auto_cardiffnlp_positive
The Standard,"How dignity kits keep Samburu girls in class, help boost their confidence",,https://www.standardmedia.co.ke/education/article/2001553008/how-dignity-kits-keep-samburu-girls-in-class-help-boost-their-confidence,positive,auto_cardiffnlp_positive
The Standard,"Siyoi-Muruny dam promises water, opportunity and shared prosperity",,https://www.standardmedia.co.ke/opinion/article/2001553359/siyoi-muruny-dam-promises-water-opportunity-and-shared-prosperity,positive,auto_cardiffnlp_positive
The Standard,Power of football and World Cup beyond entertainment,,https://www.standardmedia.co.ke/opinion/article/2001553303/power-of-football-and-world-cup-beyond-entertainment,positive,auto_cardiffnlp_positive
The Standard,Let every family participate in building Kenya's future,,https://www.standardmedia.co.ke/opinion/article/2001553150/let-every-family-participate-in-building-kenyas-future,positive,auto_cardiffnlp_positive
The Standard,Kenyan journalist among three Africans honoured in global journalism awards,,https://www.standardmedia.co.ke/nairobi/article/2001551526/kenyan-journalist-among-three-africans-honoured-in-global-journalism-awards,positive,auto_cardiffnlp_positive
The Star,"Dancing with Shakira at World Cup was 'very, very good' - Ghetto KidsThe child stars tell of their excitement entertaining their biggest crowd yet at the World Cup final.",,https://www.the-star.co.ke/news/world/2026-07-24-dancing-with-shakira-at-world-cup-was-very-very-good-ghetto-kids,positive,auto_cardiffnlp_positive
The Star,"Kenya becomes hub for medical tourism as UK patients flock inAccessibility and affordability, especially in cardiovascular care, attracting patients.",,https://www.the-star.co.ke/counties/coast/2026-07-24-kenya-becomes-hub-for-medical-tourism-as-uk-patients-flock-in,positive,auto_cardiffnlp_positive
The Star,Aussems prioritises keeping Nairobi United core despite transfer overhaulThe Belgian coach has overseen a busy transfer window but believes continuity will be crucial after the team earned promotion through a strong domestic campaign.,,https://www.the-star.co.ke/sports/football/2026-07-24-aussems-prioritises-keeping-nairobi-united-core-despite-transfer-overhaul,positive,auto_cardiffnlp_positive
The Star,"World champion Odira to launch Commonwealth gold quest on MondayOdira boasts continental silver from the 2024 African Championships in Douala, Cameroon.",,https://www.the-star.co.ke/sports/athletics/2026-07-25-world-champion-odira-to-launch-commonwealth-gold-quest-on-monday,positive,auto_cardiffnlp_positive
The Star,Leos' Ojal buoyant as race for National Sevens Circuit starts today at Prinsloo 7s,,https://www.the-star.co.ke/sports/rugby/2026-07-25-leos-ojal-buoyant-as-race-for-national-sevens-circuit-starts-today-at-prinsloo-7s,positive,auto_cardiffnlp_positive
The Star,"Kenya's Sharpshooters battle for the IPSC glory in NaivashaKenya's finest practical shooter delivered a spectacular display on the field of speed, precision and nerves of steel",,https://www.the-star.co.ke/sasa/lifestyle/2026-07-24-kenyas-sharpshooters-battle-for-the-ipsc-glory-in-naivasha,positive,auto_cardiffnlp_positive
The Star,How Lego Braille Bricks boost kids’ right to playIt helps blind and visually impaired children and adults learn braille through play,,https://www.the-star.co.ke/sasa/society/2026-07-22-braille,positive,auto_cardiffnlp_positive
Citizen Digital,1 hour agoLyles wins US 100m title in world-leading 9.79secBy AFPHe matched the personal best he set in winning Olympic gold in Paris in 2024 and improved on the previous world leading time this year of 9.82 set by Oblique Seville at the Jamaican championships in J...Read More,,https://citizen.digital/article/lyles-wins-us-100m-title-in-world-leading-979sec-n387091,positive,auto_cardiffnlp_positive
Citizen Digital,"3 hours agoLocal brands feted as Kenya gears towards sustainable developmentBy Citizen ReporterThe Dependable Brands awards brought together brands from different sectors, including real estate, automobile, education, healthcare and travel.Read More",,https://citizen.digital/article/local-brands-feted-as-kenya-gears-towards-sustainable-development-n387085,positive,auto_cardiffnlp_positive
Citizen Digital,"6 hours agoMaresca says it's a 'privilege' to succeed Guardiola, expects Rodri to stayBy AFPThe Italian also expects to begin his first season in charge of the Premier League giants with Rodri still in his squad, although the World Cup Golden Ball winner requires back surgery....Read More",,https://citizen.digital/article/maresca-says-its-a-privilege-to-succeed-guardiola-expects-rodri-to-stay-n387082,positive,auto_cardiffnlp_positive
The Standard,FIDA: Sharon Otieno verdict restores faith in justice,,https://www.standardmedia.co.ke/national/article/2001553637/fida-sharon-otieno-verdict-restores-faith-in-justice,positive,auto_cardiffnlp_positive
The Standard,Gor Mahia thrash APR 5-0 to kick off Cecafa Kagame Cup with a bang,,https://www.standardmedia.co.ke/sports/sports/article/2001553716/gor-mahia-thrash-apr-5-0-to-kick-off-cecafa-kagame-cup-with-a-bang,positive,auto_cardiffnlp_positive
The Standard,"Free university is possible if Prezzo Ruto declares, because he knows what he's doing",,https://www.standardmedia.co.ke/opinion/article/2001553600/free-university-is-possible-if-prezzo-ruto-declares-because-he-knows-what-hes-doing,positive,auto_cardiffnlp_positive
World News API,Report urges faster AI adoption to strengthen Africa’s health supply chains,,,positive,auto_cardiffnlp_positive
World News API,Meshack Babu Targets Strong Debut Performance at Commonwealth Games in Glasgow,,,positive,auto_cardiffnlp_positive
World News API,Co-op Bank wins two Euromoney awards; Kenya’s Best Retail Bank and Best Digital Bank,,,positive,auto_cardiffnlp_positive
NewsData.io,Kenya is a robustly democratic country -Ruto,,,positive,auto_cardiffnlp_positive
NewsData.io,AfCFTA Services Protocol Opens A New Era For Africa’s Services Sector,,,positive,auto_cardiffnlp_positive
NewsData.io,"Co-operative Bank Named Best Retail, Digital Bank at Euromoney Awards",,,positive,auto_cardiffnlp_positive
NewsData.io,Team Kenya athletes get boost ahead of Commonwealth Games as gov't revamps reward scheme,,,positive,auto_cardiffnlp_positive
NewsData.io,Team Kenya eyes Commonwealth glory,,,positive,auto_cardiffnlp_positive
NewsData.io,SpeedOfMe Ranks UK 14th Fastest in World for Broadband Speeds in H1 2026,,,positive,auto_cardiffnlp_positive
NewsData.io,Infinix Kenya ignites Nairobi with 'The Night of HOT' as it officially launches HOT 70 series - Best value smartphone under Sh20K,,,positive,auto_cardiffnlp_positive
NewsData.io,"PSC, KSG and Nursing Council announce fresh job opportunities for Kenyans",,,positive,auto_cardiffnlp_positive
NewsData.io,"FG, UNESCO, AU unveil mobile learning initiative for teacher development",,,positive,auto_cardiffnlp_positive
NewsData.io,Kenya to continue spearheading equitable development with focus on youth - Mudavadi,,,positive,auto_cardiffnlp_positive
Currents API,Africa: Over $1.6m and Counting - How Betpawa's Model Is Improving Athlete Payment in Africa,,,positive,auto_cardiffnlp_positive
Currents API,"Kenya: Employer-Led Training Delivers Returns, Boosts SME Productivity",,,positive,auto_cardiffnlp_positive
KBC News,Kamariny Stadium construction back on track as construction gains momentum,,,positive,auto_cardiffnlp_positive
KBC News,"Ruto announces full funding for all students placed in universities, colleges",,,positive,auto_cardiffnlp_positive
Nairobi Wire,Funny Trending Memes To Kickstart New Week,,,positive,auto_cardiffnlp_positive
Nairobi Wire,Hilarious Kenyan Tweets on X to Beat the Monday Blues,,,positive,auto_cardiffnlp_positive
Nairobi Wire,Good Hustler Fund Repayers Set for Major Credit Boost Under New Plan,,,positive,auto_cardiffnlp_positive
Nairobi Wire,Hilarious Memes in Nairobi This Friday,,,positive,auto_cardiffnlp_positive
Business Today Kenya,World Cup Bets Turn Into Big Wins as Odibets Rewards Players with Smartphones and 55” Hisense TVs,,,positive,auto_cardiffnlp_positive
Business Daily Africa,Why trio in cannabis trafficking case lost six vehicles to State,"Sun, 19 Jul 2026 18:55:34 GMT",https://www.businessdailyafrica.com/bd/economy/why-trio-in-cannabis-trafficking-case-lost-vehicles-to-state-5531916,negative,manual
Business Daily Africa,Africa contributes over 40pc of Kenya's export earnings in new trade shift,"Sun, 19 Jul 2026 17:48:12 GMT",https://www.businessdailyafrica.com/bd/economy/africa-contributes-over-40pc-of-kenya-s-export-earnings-5531880,positive,manual
Business Daily Africa,M-Pesa joint venture in first Sh102m profit,"Sun, 19 Jul 2026 16:23:55 GMT",https://www.businessdailyafrica.com/bd/corporate/companies/m-pesa-joint-venture-in-first-sh102m-profit-5531822,positive,manual
Business Daily Africa,Kenya's new refugee arrivals dip nearly 70pc,"Fri, 17 Jul 2026 10:02:31 GMT",https://www.businessdailyafrica.com/bd/economy/kenya-new-refugee-arrivals-dip-5529820,positive,manual
Business Daily Africa,Stanbic taps Safaricom’s top strategy executive as CEO,"Thu, 16 Jul 2026 17:45:07 GMT",https://www.businessdailyafrica.com/bd/corporate/companies/stanbic-taps-safaricom-s-top-strategy-executive-as-ceo-5529534,positive,manual
Business Daily Africa,"Williamson, Kapchorua pay UK parent Sh582m royalties and dividends","Sun, 19 Jul 2026 16:48:30 GMT",https://www.businessdailyafrica.com/bd/corporate/companies/williamson-kapchorua-pay-uk-parent-royalties-and-dividends-5531848,positive,manual
Business Daily Africa,Stanbic Holdings pays Sh1.1bn franchise fee to SA parent firm,"Sun, 19 Jul 2026 16:35:43 GMT",https://www.businessdailyafrica.com/bd/corporate/companies/stanbic-holdings-pays-sh1-1bn-franchise-fee-to-sa-parent-firm-5531836,positive,manual
Business Daily Africa,Heineken beats Sh56m fee claim by its lawyers,"Thu, 16 Jul 2026 17:03:24 GMT",https://www.businessdailyafrica.com/bd/corporate/companies/heineken-beats-sh56m-fee-claim-by-its-lawyers-5529488,neutral,manual
Business Daily Africa,Banks to protect disputed funds after payment errors,"Thu, 16 Jul 2026 16:59:09 GMT",https://www.businessdailyafrica.com/bd/corporate/companies/banks-to-protect-disputed-funds-after-payment-errors-5529480,neutral,manual
Business Daily Africa,IVF demand surges in Kenya but the high cost locks out many couples,"Thu, 16 Jul 2026 14:35:55 GMT",https://www.businessdailyafrica.com/bd/corporate/health/ivf-demand-surges-in-kenya-but-the-high-cost-locks-out-many-5529278,negative,manual
Business Daily Africa,Rerec to integrate solar into 20 diesel power plants in cost-cutting push,"Thu, 16 Jul 2026 11:32:30 GMT",https://www.businessdailyafrica.com/bd/corporate/industry/rerec-to-integrate-solar-into-diesel-power-plants-5528816,neutral,manual
Business Daily Africa,Insurer MUA Kenya to get extra capital after Sh1.6bn hole,"Thu, 16 Jul 2026 14:29:44 GMT",https://www.businessdailyafrica.com/bd/corporate/companies/insurer-mua-kenya-to-get-extra-capital-after-sh1-6bn-hole-5529258,neutral,manual
Business Daily Africa,Court shields KTDA from corruption probe over tea factory loans,"Sun, 19 Jul 2026 19:07:13 GMT",https://www.businessdailyafrica.com/bd/corporate/companies/court-shields-ktda-from-corruption-probe-over-tea-loans-5531926,neutral,manual
Business Daily Africa,Billionaire Kirima’s firm locked in rental income tax row,"Thu, 16 Jul 2026 09:24:04 GMT",https://www.businessdailyafrica.com/bd/corporate/companies/billionaire-kirima-s-firm-locked-in-rental-income-tax-row-5528554,neutral,manual
Capital FM Kenya,President Ruto’s Website Restored as Government Rules Out Data Breach,"Sun, 19 Jul 2026 13:40:00 +0000",https://capitalfm.africa/president-rutos-website-restored-as-government-rules-out-data-breach/,neutral,manual
Capital FM Kenya,"Gachagua Explains Why Ruto Lost Ol Kalou, Says Mt Kenya Revolt Is Just Beginning","Sun, 19 Jul 2026 13:09:51 +0000",https://capitalfm.africa/gachagua-explains-why-ruto-lost-ol-kalou-says-mt-kenya-revolt-is-just-beginning/,neutral,manual
Capital FM Kenya,Kindiki: Mt Kenya Remains Firmly in Kenya Kwanza Despite Ol Kalou Setback,"Sun, 19 Jul 2026 12:07:07 +0000",https://capitalfm.africa/kindiki-mt-kenya-remains-firmly-in-kenya-kwanza-despite-ol-kalou-setback/,neutral,manual
Capital FM Kenya,"Kindiki drops ‘fireman’ swagger after Ol Kalou loss, preaches humility","Sun, 19 Jul 2026 11:56:51 +0000",https://capitalfm.africa/kindiki-drops-fireman-swagger-after-ol-kalou-loss-preaches-humility/,neutral,manual
Capital FM Kenya,Senate Backs Thika’s Elevation to City Status in Major Milestone for Kiambu,"Sun, 19 Jul 2026 10:00:00 +0000",https://capitalfm.africa/senate-backs-thikas-elevation-to-city-status-in-major-milestone-for-kiambu/,positive,manual
Capital FM Kenya,Linda Mwananchi Steps Up Campaign to Reclaim ODM’s Western Stronghold,"Sun, 19 Jul 2026 09:31:35 +0000",https://capitalfm.africa/linda-mwananchi-steps-up-campaign-to-reclaim-odms-western-stronghold/,neutral,manual
Capital FM Kenya,ODM Hands Ottichilo Key Vihiga Role in Fresh Leadership Overhaul,"Sun, 19 Jul 2026 09:02:23 +0000",https://capitalfm.africa/odm-hands-ottichilo-key-vihiga-role-in-fresh-leadership-overhaul/,neutral,manual
Capital FM Kenya,Facebook Outage Locks Out Thousands of Users as Platform Reports Temporary Site Issue,"Sun, 19 Jul 2026 08:46:08 +0000",https://capitalfm.africa/facebook-outage-locks-out-thousands-of-users-as-platform-reports-temporary-site-issue/,negative,manual
Capital FM Kenya,Kenya woos diplomats to back pharmaceutical manufacturing drive,"Sun, 19 Jul 2026 08:03:14 +0000",https://capitalfm.africa/kenya-woos-diplomats-to-back-pharmaceutical-manufacturing-drive/,positive,manual
The East African,Africa climate disaster: Warnings have improved but preparedness still lags,"Sun, 19 Jul 2026 06:36:59 GMT",https://www.theeastafrican.co.ke/tea/sustainability/climate/africa-climate-disaster-warnings-and-preparedness-5531316,negative,manual
The East African,Matonya: My trial and tribulations in Kenya,"Sat, 18 Jul 2026 11:29:35 GMT",https://www.theeastafrican.co.ke/tea/magazine/matonya-my-trial-and-tribulations-in-kenya-5530752,negative,manual
The East African,Signs of a steep ‘Mt Kenya’ climb for Ruto emerge after party’s loss in by-election,"Fri, 17 Jul 2026 18:45:38 GMT",https://www.theeastafrican.co.ke/tea/news/east-africa/signs-of-a-steep-mt-kenya-climb-for-ruto-5530480,neutral,manual
The East African,How Africa’s power politics became a high stakes affair,"Fri, 17 Jul 2026 19:58:57 GMT",https://www.theeastafrican.co.ke/tea/news/east-africa/how-africa-s-power-politics-became-a-high-stakes-affair-5530600,neutral,manual
The East African,"7 Americans quarantine at Kenya Ebola facility, Aid group says","Fri, 17 Jul 2026 09:05:24 GMT",https://www.theeastafrican.co.ke/tea/sustainability/health/7-americans-quarantine-at-kenya-ebola-facility-5529762,negative,manual
The East African,Macky Sall reaches out for ‘handshake’ with Faye,"Thu, 16 Jul 2026 10:00:22 GMT",https://www.theeastafrican.co.ke/tea/news/west-africa/macky-sall-reaches-out-for-handshake-with-faye-over-un-top-job-5528640,neutral,manual
The East African,The problem with Africa’s financial architecture,"Thu, 16 Jul 2026 07:30:31 GMT",https://www.theeastafrican.co.ke/tea/business-tech/the-problem-with-africa-s-financial-architecture-5528374,negative,manual
The East African,Uganda discharges last Ebola patient,"Thu, 16 Jul 2026 14:14:42 GMT",https://www.theeastafrican.co.ke/tea/sustainability/health/uganda-discharges-last-ebola-patient-5529232,positive,manual
The East African,Opinion divided on Rwanda-Aston Villa sponsorship deal,"Thu, 16 Jul 2026 08:49:04 GMT",https://www.theeastafrican.co.ke/tea/business-tech/opinion-divided-on-rwanda-aston-villa-sponsorship-deal-5528512,neutral,manual
The East African,"Kenyan court freezes Burundian firm’s $274,000","Tue, 14 Jul 2026 05:16:15 GMT",https://www.theeastafrican.co.ke/tea/news/east-africa/kenyan-court-freezes-burundian-firm-account-money-laundering-5526198,positive,manual
The East African,Congo forms new council in push for war crimes justice,"Wed, 15 Jul 2026 13:21:42 GMT",https://www.theeastafrican.co.ke/tea/news/east-africa/congo-forms-new-council-in-push-for-war-crimes-justice-5527890,positive,manual
The East African,Somalia detains four youth for 'desecrating US flag,"Tue, 14 Jul 2026 07:57:21 GMT",https://www.theeastafrican.co.ke/tea/news/east-africa/somalia-detains-four-youth-for-desecrating-us-flag-5526314,neutral,manual
The East African,"Uganda still low-income as Kenya, Tanzania hold lower-middle-income status","Sat, 11 Jul 2026 21:30:51 GMT",https://www.theeastafrican.co.ke/tea/business-tech/uganda-still-low-income-kenya-tanzania-lower-middle-income-5524450,neutral,manual
The East African,Afreximbank banks on intra-African trade,"Sat, 11 Jul 2026 21:25:22 GMT",https://www.theeastafrican.co.ke/tea/business-tech/afreximbank-banks-on-intra-african-trade-5524444,positive,manual
The East African,OECD pricing reforms to affect multinationals,"Sat, 11 Jul 2026 21:19:33 GMT",https://www.theeastafrican.co.ke/tea/business-tech/oecd-pricing-reforms-to-affect-multinationals-5524448,neutral,manual
The East African,Uganda bets on oil city as East Africa’s petrochemical Hub,"Sat, 11 Jul 2026 14:14:28 GMT",https://www.theeastafrican.co.ke/tea/business-tech/uganda-bets-on-oil-city-as-east-africa-s-petrochemical-hub-5524278,positive,manual
The East African,Africa in ‘reverse remittances’ as cost of visa to the West rises,"Fri, 10 Jul 2026 21:58:27 GMT",https://www.theeastafrican.co.ke/tea/business-tech/africa-in-reverse-remittances-cost-of-visa-to-the-west-rises-5524106,positive,manual
The East African,Tanzania ahead of peers in trading under AfCFTA,"Fri, 10 Jul 2026 21:26:10 GMT",https://www.theeastafrican.co.ke/tea/business-tech/tanzania-ahead-of-peers-in-trading-under-afcfta-5524096,positive,manual
Kenyans.co.ke,"Meaning of ETC, MTC, and Other Markings on Nairobi Expressway",2026-07-19T19:32:22+0300,https://www.kenyans.co.ke/news/125417-meaning-etc-mtc-and-other-markings-nairobi-expressway,neutral,manual
Kenyans.co.ke,Pressure on Sifuna as Gachagua Team Makes Stand on 2027 Presidential Race,2026-07-19T18:17:12+0300,https://www.kenyans.co.ke/news/125416-njeri-maina-challenges-opposition-co-principals-face-gachagua-presidential-race,neutral,manual
Kenyans.co.ke,Immigration Department Makes Major Changes to Passport Application,2026-07-19T17:21:30+0300,https://www.kenyans.co.ke/news/125415-immigration-revises-passport-application-rules-makes-recommending-officer-optional,neutral,manual
Kenyans.co.ke,"Bandits Ambush Police, Trigger Fierce Gunfight",2026-07-19T16:18:09+0300,https://www.kenyans.co.ke/news/125414-police-repel-bandit-gun-attack-recover-45-stolen-cattle,negative,manual
Kenyans.co.ke,President's Official Website Restored After Reported Cyberattack,2026-07-19T15:12:03+0300,https://www.kenyans.co.ke/news/125412-presidents-official-website-restored-after-reported-cyberattack,positive,manual
Kenyans.co.ke,CS Ogamba Gives New Orders on School Fees,2026-07-19T14:40:17+0300,https://www.kenyans.co.ke/news/125411-education-cs-ogamba-warns-principals-against-illegal-school-levies,positive,manual
Kenyans.co.ke,Court Deals Blow to Digital Lenders Over Excessive Interest Charges,2026-07-19T14:24:33+0300,https://www.kenyans.co.ke/news/125410-court-bars-digital-lenders-recovering-excessive-interest-unexplained-charges,positive,manual
Kenyans.co.ke,Infotrak Explains Poll That Projected UDA Win in Ol Kalou,2026-07-19T13:36:42+0300,https://www.kenyans.co.ke/news/125408-infotrack-disowns-fake-ol-kalou-election-opinion-poll,neutral,manual
Kenyans.co.ke,Lobby Group Demands Audit of IEBC KIEMS After Ol Kalou By-Election,2026-07-19T13:23:14+0300,https://www.kenyans.co.ke/news/125407-elog-raises-security-kiems-concerns-over-ol-kalou-election,positive,manual
Kenyans.co.ke,Kenya Railways Gives Update on Construction of Line Linking Kenya to Tanzania,2026-07-19T12:50:28+0300,https://www.kenyans.co.ke/news/125406-construction-voi-taveta-railway-project-reaches-70-completion-milestone,positive,manual
Kenyans.co.ke,High Court Announces Plan to Destroy Jomo-Moi-Kibaki Era Court Records,2026-07-19T12:38:53+0300,https://www.kenyans.co.ke/news/125405-high-court-destroy-court-records-spanning-35-years,neutral,manual
Kenyans.co.ke,Health Experts Raise Alarm Over Rising Cervical Cancer Cases,2026-07-19T12:10:04+0300,https://www.kenyans.co.ke/news/125404-health-experts-raise-alarm-over-rising-cervical-cancer-cases,negative,manual
Kenyans.co.ke,State Gives Update on New Project Aimed at Lowering Cooking Gas Prices,2026-07-19T11:30:39+0300,https://www.kenyans.co.ke/news/125403-govt-says-dongo-kundu-taifa-gas-terminal-nears-completion,positive,manual
Kenyans.co.ke,"U.S. Issues Worldwide Security, Travel Advisory Covering Kenya",2026-07-19T11:16:13+0300,https://www.kenyans.co.ke/news/125401-us-issues-worldwide-security-alert-citizens-including-those-kenya,negative,manual
Kenyans.co.ke,Facebook Hit by Global Outage Affecting Users,2026-07-19T11:08:34+0300,https://www.kenyans.co.ke/news/125402-facebook-hit-outage-affecting-pc-users-kenya,negative,manual
Kenyans.co.ke,KRA Gives Traders New 30-Day Notice on Goods,2026-07-19T10:40:41+0300,https://www.kenyans.co.ke/news/125400-kra-gives-importers-30-days-claim-goods-or-face-auction,positive,manual
Kenyans.co.ke,Murkomen Faces Fresh Resignation Calls Ahead of 2027 General Elections,2026-07-19T09:35:23+0300,https://www.kenyans.co.ke/news/125399-machakos-dg-demands-murkomens-resignation-over-rising-goonism,positive,manual
Kenyans.co.ke,"NLC, KeNHA Issue Notice to Landowners Over Airport, Road Expansion",2026-07-19T09:18:19+0300,https://www.kenyans.co.ke/news/125398-nlc-acquire-land-kabunde-airstrip-expansion-homabay-rongo-road-realignment,neutral,manual
Kenyans.co.ke,Court Orders Freeze on Over Ksh 100M Held by Two Kenyans,2026-07-19T08:58:46+0300,https://www.kenyans.co.ke/news/125397-high-court-freezes-ksh105-million-held-two-kenyans-crypto-bank-accounts,neutral,manual
K24,Former FIFA World Cup official dismisses favouritism reports,"Sun, 19 Jul 2026 23:38:35 +0000",https://k24.digital/sports/world-cup/former-fifa-world-cup-official-dismisses-favouritism-reports,positive,manual
K24,Dozens missing after passenger ferry sinks off coast of Guyana,"Sun, 19 Jul 2026 22:43:58 +0000",https://k24.digital/news/dozens-missing-after-passenger-ferry-sinks-off-coast-of-guyana,negative,manual
K24,Here’s the amount Argentina will receive for reaching 2026 World Cup Final,"Sun, 19 Jul 2026 22:15:52 +0000",https://k24.digital/sports/world-cup/heres-the-amount-argentina-will-receive-for-reaching-2026-world-cup-final,positive,manual
K24,Here’s the amount Spain will receive for winning World Cup 2026,"Sun, 19 Jul 2026 22:08:41 +0000",https://k24.digital/sports/world-cup/heres-the-amount-spain-will-receive-for-winning-world-cup-2026,positive,manual
K24,Lenacapavir: The HIV injection people are dangerously misunderstanding,"Sun, 19 Jul 2026 21:57:26 +0000",https://k24.digital/lifestyle/health-and-fitness/lenacapavir-the-hiv-injection-people-are-dangerously-misunderstanding,positive,manual
K24,FIFA World Cup 2026: Follow Spain vs Argentina match live here,"Sun, 19 Jul 2026 20:10:56 +0000",https://k24.digital/sports/world-cup/fifa-world-cup-2026-follow-spain-vs-argentina-match-live-here,positive,manual
K24,How to beat the Monday blues after a long weekend,"Sun, 19 Jul 2026 20:01:21 +0000",https://k24.digital/lifestyle/mental-wellnes/how-to-beat-the-monday-blues-after-a-long-weekend,positive,manual
K24,Spain vs Argentina: Line ups revealed as Yamal and Messi stand eyeball to eyeball for World Cup glory,"Sun, 19 Jul 2026 18:24:38 +0000",https://k24.digital/sports/world-cup/spain-vs-argentina-line-ups-revealed-as-yamal-and-messi-go-eyeball-to-eyeball-for-world-cup-glory,positive,manual
K24,"Who will win World Cup, Spain or Argentina? Supercomputer predicts champion","Sun, 19 Jul 2026 18:13:18 +0000",https://k24.digital/sports/world-cup/who-will-win-world-cup-spain-or-argentina-supercomputer-predicts-champion,neutral,manual
K24,Gospel singer Stella Mengele reveals family prepared for mother’s death before cancer miracle,"Sun, 19 Jul 2026 17:47:20 +0000",https://k24.digital/entertainment/celebrity/gospel-singer-stella-mengele-reveals-family-prepared-for-mothers-death-before-cancer-miracle,negative,manual
K24,South America vs Europe rivalry in numbers at the World Cup finals,"Sun, 19 Jul 2026 17:21:10 +0000",https://k24.digital/sports/world-cup/south-america-vs-europe-rivalry-in-numbers-at-the-world-cup-finals,positive,manual
K24,Home sounds that mean something is wrong,"Sun, 19 Jul 2026 17:14:19 +0000",https://k24.digital/lifestyle/home-and-living/home-sounds-that-mean-something-is-wrong,neutral,manual
K24,How salt affects athletic performance,"Sun, 19 Jul 2026 17:11:35 +0000",https://k24.digital/lifestyle/health-and-fitness/how-salt-affects-athletic-performance,neutral,manual
K24,"Kai Cenat forced to use chopper after Streamer University students sneak out, hold huge party","Sun, 19 Jul 2026 16:21:29 +0000",https://k24.digital/entertainment/celebrity/kai-cenat-forced-to-use-chopper-after-streamer-university-students-sneak-out-hold-huge-party,neutral,manual
K24,Kenya Power lists areas facing Monday blackout,"Sun, 19 Jul 2026 16:11:00 +0000",https://k24.digital/news/kenya-power-lists-areas-facing-monday-blackout,neutral,manual
K24,Do you know how the World Cup trophy is made? This is how,"Sun, 19 Jul 2026 16:03:42 +0000",https://k24.digital/sports/world-cup/do-you-know-how-the-world-cup-trophy-is-made-this-is-how,neutral,manual
K24,What chronic phone checking is doing to attention spans,"Sun, 19 Jul 2026 15:34:16 +0000",https://k24.digital/lifestyle/mental-wellnes/what-chronic-phone-checking-is-doing-to-attention-spans,positive,manual
K24,Lulu Hassan emotional as woman remembers her from school after more than 30 years,"Sun, 19 Jul 2026 15:04:29 +0000",https://k24.digital/entertainment/celebrity/lulu-hassan-emotional-as-woman-remembers-her-from-school-after-more-than-30-years,positive,manual
K24,Makueni Huduma Centre extends working hours from 7am to 7pm,"Sun, 19 Jul 2026 14:34:04 +0000",https://k24.digital/news/makueni-huduma-centre-extends-working-hours-from-7am-to-7pm,positive,manual
K24,"Spain or Argentina, who will win the FIFA World Cup? Owen, Zlatan and John Terry give their predictions","Sun, 19 Jul 2026 13:58:53 +0000",https://k24.digital/sports/world-cup/spain-or-argentina-who-will-win-the-fifa-world-cup-owen-zlatan-and-john-terry-give-their-predictions,neutral,manual
K24,Pastor Kanyari recalls questioning his own anointing after woman he prayed for got twins,"Sun, 19 Jul 2026 13:54:31 +0000",https://k24.digital/entertainment/celebrity/pastor-kanyari-recalls-questioning-his-own-anointing-after-woman-he-prayed-for-got-twins,neutral,manual
K24,How to spot scammers on Ziidi Trader,"Sun, 19 Jul 2026 13:50:16 +0000",https://k24.digital/lifestyle/money/how-to-spot-scammers-on-ziidi-trader,positive,manual
K24,‘Harusi tunayo’: Anne Waiguru confirms wedding plans after son Don’s Ngurario ceremony,"Sun, 19 Jul 2026 12:43:21 +0000",https://k24.digital/entertainment/events/harusi-tunayo-anne-waiguru-confirms-wedding-plans-after-son-dons-ngurario-ceremony,neutral,manual
KBC,Prabowo Subianto: Indonesia becomes first country in world to introduce biodiesel containing 50% palm oil,"Sun, 19 Jul 2026 17:47:52 +0000",https://www.kbc.co.ke/prabowo-subianto-indonesia-becomes-first-country-in-world-to-introduce-biodiesel-containing-50-palm-oil/,positive,manual
KBC,Presidential aspirant Onyango Oloo seeks Mt. Kenya support,"Sun, 19 Jul 2026 14:26:01 +0000",https://www.kbc.co.ke/presidential-aspirant-onyango-oloo-seeks-mt-kenya-support/,neutral,manual
KBC,Probe launched into alleged goon activity in Ol Kalou,"Sun, 19 Jul 2026 14:13:00 +0000",https://www.kbc.co.ke/probe-launched-into-alleged-goon-activity-in-ol-kalou/,positive,manual
KBC,First global intergovernmental AI cooperation organization,"Sun, 19 Jul 2026 08:29:53 +0000",https://www.kbc.co.ke/first-global-intergovernmental-ai-cooperation-organization/,positive,manual
KBC,‎Tharaka Nithi to establish constituency museums to preserve cultural heritage,"Sun, 19 Jul 2026 08:00:31 +0000",https://www.kbc.co.ke/tharaka-nithi-to-establish-constituency-museums-to-preserve-cultural-heritage/,positive,manual
KBC,Fear grips Ruiru as mysterious attacker bites victims in night assaults,"Sun, 19 Jul 2026 07:33:29 +0000",https://www.kbc.co.ke/fear-grips-ruiru-as-mysterious-attacker-bites-victims-in-night-assaults/,negative,manual
Kenya News Agency,Koskei calls for shift to high-value crops to transform Mt Elgon economy,"Sun, 19 Jul 2026 13:06:54 +0000",https://www.kenyanews.go.ke/koskei-calls-for-shift-to-high-value-crops-to-transform-mt-elgon-economy/,positive,manual
Kenya News Agency,Over 20 teams set for action-packed Prinsloo Sevens Championship,"Sun, 19 Jul 2026 13:01:58 +0000",https://www.kenyanews.go.ke/over-20-teams-set-for-action-packed-prinsloo-sevens-championship/,positive,manual
Kenya News Agency,Archbishop warns youth against political exploitation and violent gangs,"Sun, 19 Jul 2026 12:59:26 +0000",https://www.kenyanews.go.ke/archbishop-warns-youth-against-political-exploitation-and-violent-gangs/,positive,manual
Standard - Headlines,Political earthquake: The making of tired but defiant voters,"Mon, 20 Jul 2026 08:40:00 +0300",https://www.standardmedia.co.ke/article/2001553223/political-earthquake-the-making-of-tired-but-defiant-voters,positive,manual
Standard - Headlines,Why public servants have less than a month to update pension records,"Sat, 18 Jul 2026 18:33:00 +0300",https://www.standardmedia.co.ke/article/2001553092/why-public-servants-have-less-than-a-month-to-update-pension-records,neutral,manual
Standard - Headlines,Inside Kenya's Ebola defences as seven Americans enter quarantine,"Fri, 17 Jul 2026 16:33:43 +0300",https://www.standardmedia.co.ke/article/2001553086/inside-kenya-s-ebola-defences-as-seven-americans-enter-quarantine,positive,manual
Standard - Headlines,MPs push for urgent resolution of higher education funding crisis,"Thu, 16 Jul 2026 18:27:20 +0300",https://www.standardmedia.co.ke/article/2001552991/mps-push-for-urgent-resolution-of-higher-education-funding-crisis,positive,manual
Standard - Headlines,Gachagua accuses IEBC of bias ahead of Ol Kalou by-election,"Tue, 14 Jul 2026 19:33:18 +0300",https://www.standardmedia.co.ke/article/2001552811/gachagua-accuses-iebc-of-bias-ahead-of-ol-kalou-by-election,negative,manual
Standard - Headlines,"Oburu declares ODM won't field presidential candidate, endorses Ruto","Sun, 12 Jul 2026 17:51:07 +0300",https://www.standardmedia.co.ke/article/2001552630/oburu-declares-odm-won-t-field-presidential-candidate-endorses-ruto,neutral,manual
Standard - Headlines,Why Linda Mwananchi leaders cancelled Ol Kalou tour,"Sat, 11 Jul 2026 20:29:32 +0300",https://www.standardmedia.co.ke/article/2001552582/why-linda-mwananchi-leaders-cancelled-ol-kalou-tour,neutral,manual
Standard - Headlines,Registrar of Political Parties okays Sifuna's removal as ODM secretary general,"Thu, 09 Jul 2026 20:17:21 +0300",https://www.standardmedia.co.ke/article/2001552431/registrar-of-political-parties-okays-sifuna-s-removal-as-odm-secretary-general,positive,manual
Standard - Headlines,Kalonzo condemns police over their conduct during Saba Saba Day,"Tue, 07 Jul 2026 20:49:00 +0300",https://www.standardmedia.co.ke/article/2001552263/kalonzo-condemns-police-over-their-conduct-during-saba-saba-day,positive,manual
Standard - Headlines,"Kenya Kwanza leaders tell Uhuru to stay out of politics, act like a statesman","Mon, 06 Jul 2026 16:04:17 +0300",https://www.standardmedia.co.ke/article/2001552150/kenya-kwanza-leaders-tell-uhuru-to-stay-out-of-politics-act-like-a-statesman,neutral,manual
Standard - Headlines,Kalonzo: Sale of Safaricom was a national abduction,"Sat, 04 Jul 2026 18:00:40 +0300",https://www.standardmedia.co.ke/article/2001552028/kalonzo-sale-of-safaricom-was-a-national-abduction,negative,manual
Standard - Headlines,Inside NTSA's move to take instant traffic fine payments off eCitizen,"Wed, 01 Jul 2026 15:35:20 +0300",https://www.standardmedia.co.ke/article/2001551780/inside-ntsa-s-move-to-take-instant-traffic-fine-payments-off-ecitizen,positive,manual
Standard - Headlines,Court orders Ruto to reshuffle Cabinet within 120 Days,"Tue, 30 Jun 2026 20:24:04 +0300",https://www.standardmedia.co.ke/article/2001551714/court-orders-ruto-to-reshuffle-cabinet-within-120-days,positive,manual
Standard - Headlines,Russia begins process to compensate kin of Kenyans killed in Ukraine war,"Sun, 28 Jun 2026 15:00:57 +0300",https://www.standardmedia.co.ke/article/2001551509/russia-begins-process-to-compensate-kin-of-kenyans-killed-in-ukraine-war,positive,manual
Standard - Headlines,Duale summoned for contempt sentencing over Ebola quarantine facility,"Mon, 22 Jun 2026 16:36:19 +0300",https://www.standardmedia.co.ke/article/2001550991/duale-summoned-for-contempt-sentencing-over-ebola-quarantine-facility,positive,manual
Standard - Headlines,Three nursing gunshot wounds in rally chaos linked to MP,"Fri, 19 Jun 2026 19:35:00 +0300",https://www.standardmedia.co.ke/article/2001550780/three-nursing-gunshot-wounds-in-rally-chaos-linked-to-mp,negative,manual
Standard - Headlines,"SHA hasn't paid healthcare centres Sh5.5b since February, say workers","Tue, 16 Jun 2026 08:50:00 +0300",https://www.standardmedia.co.ke/article/2001550507/sha-hasn-t-paid-healthcare-centres-sh5-5b-since-february-say-workers,negative,manual
Standard - Headlines,Opposition unveils 'People's Budget' ahead of 202627 fiscal plan,"Wed, 10 Jun 2026 19:28:29 +0300",https://www.standardmedia.co.ke/article/2001550016/opposition-unveils-people-s-budget-ahead-of-202627-fiscal-plan,neutral,manual
Standard - Kenya News,"Ruai, Kariobangi upgrade expand Nairobi sewer treatment plant","Thu, 16 Jul 2026 21:17:23 +0300",https://www.standardmedia.co.ke/article/2001553017/ruai-kariobangi-upgrade-expand-nairobi-sewer-treatment-plant,positive,manual
Standard - Kenya News,Methu warns against hooded police as Ol Kalou's polls continue,"Thu, 16 Jul 2026 11:36:02 +0300",https://www.standardmedia.co.ke/article/2001552939/methu-warns-against-hooded-police-as-ol-kalou-s-polls-continue,negative,manual
Standard - Kenya News,Ol Kalou by-election: DCP's Sammy Kamau says victory guaranteed,"Thu, 16 Jul 2026 11:26:13 +0300",https://www.standardmedia.co.ke/article/2001552937/ol-kalou-by-election-dcp-s-sammy-kamau-says-victory-guaranteed,positive,manual
Standard - Kenya News,British High Commissioner visits Laikipia County,"Tue, 14 Jul 2026 21:51:39 +0300",https://www.standardmedia.co.ke/article/2001552823/british-high-commissioner-visits-laikipia-county,positive,manual
Thewill News,WAFCON 2026 Delayed At Last Minute: Here Are 7 Reasons Fans Won’t Regret The Wait,2026-07-24 21:04:49,https://thewillnews.com/wafcon-2026-delayed-at-last-minute-here-are-7-reasons-fans-wont-regret-the-wait/,positive,manual
KBC,Senator Methu claims recent intense by-election campaign led to weight loss,"Wed, 22 Jul 2026 05:45:56 +0000",https://www.kbc.co.ke/senator-methu-claims-recent-intense-by-election-campaign-led-to-weight-loss/,negative,manual
The Star,Tusker plot fast start at Kagame Cup as pre-season preps gather paceTusker kick off their Group C fixtures against Sudanese giants Al Hilal SC on Sunday at the Amahoro Stadium.,,https://www.the-star.co.ke/sports/football/2026-07-24-tusker-plot-fast-start-at-kagame-cup-as-pre-season-preps-gather-pace-1,positive,manual
Newsroom,Comm Games Day 1: Semi-sweet first medal for Erika Fairweather,2026-07-24 21:20:09,https://newsroom.co.nz/2026/07/25/comm-games-day-1-semi-sweet-first-medal-for-erika-fairweather/,positive,manual
World News API,Azerbaijan lists banks by their operational expenses,,,neutral,manual
K24 Tv,Crowds gather in Kisumu to receive TikToker Zack Apela’s body days after his death in US,2026-07-24 21:19:44,https://k24.digital/entertainment/celebrity/crowds-gather-in-kisumu-to-receive-tiktoker-zack-apelas-body-days-after-his-death-in-us,negative,manual
People Daily,Poor harvest before El Niño: Kenya faces double food security threat as rains shift to January,2026-07-24 22:52:15,https://peopledaily.digital/news/poor-harvest-before-el-nino-kenya-faces-double-food-security-threat-as-rains-shift-to-january,negative,manual
The Star,"GT Bank managing director to exit as sector shake-up continuesThe lender said the MD has been recalled to parent company Guaranty Trust Bank Limited in Nigeria,",,https://www.the-star.co.ke/business/kenya/2026-07-20-gt-bank-managing-director-to-exit-as-sector-shake-up-continues,neutral,manual
Citizen Digital (via Google News),"Fresh petition filed to remove Kenya Re CEO Hillary Wachinga over mismanagement, staff harassment claims - Citizen Digital","Fri, 24 Jul 2026 08:12:35 GMT",https://news.google.com/rss/articles/CBMi2wFBVV95cUxNOEthRnJ2YW5NRlpxX3dyb3h1QmxhODlnWUttaDNfaFBHUE1lLVdQakNVU3FRcjM1TV96UmlRbXEydWRoTXBMTGUyN0drOTN3TGxpQWlUemJSX1E1dk5rQnpnZVgzdGtzWDluYVh5TncwMXJpLWplWDRuWU1PVWZiYjZISk83bFdZc2pwdlpHTURqcDc0TkFhbGhpOFdHb0tsa2w3V2pHOHJlUVM5am40N3pLczNzOERLYUt5T3pDX1RFSHJnWWlVNEhwQnBRMXJHckZ6eTF5OFBJbXM?oc=5,neutral,manual
Capital FM,"Kirinyaga, Wajir, Nyeri, Kiambu and Mombasa top Politrack governors’ performance index","Sat, 25 Jul 2026 08:10:48 +0000",https://capitalfm.africa/kirinyaga-wajir-nyeri-kiambu-and-mombasa-top-politrack-governors-performance-index/,neutral,manual
World News API,Ministry to tighten food safety after study detects pesticide residues in vegetables,,https://www.standardmedia.co.ke/health/health-science/article/2001553711/ministry-to-tighten-food-safety-after-study-detects-pesticide-residues-in-vegetables,positive,manual
People Daily,"How Kang’ata’s DCP switch boosts Gachagua’s Mt Kenya grip, rattles Ruto’s 2027 plans",2026-07-24 22:15:44,https://peopledaily.digital/inside-politics/how-kangatas-dcp-switch-boosts-gachaguas-mt-kenya-grip-rattles-rutos-2027-plans,neutral,manual
K24,Bruised Banana: History behind Arsenal’s new away kit,"Sat, 25 Jul 2026 05:40:13 +0000",https://k24.digital/sports/epl/bruised-banana-history-behind-arsenals-new-away-kit,neutral,manual
Kenyans.co.ke,Blow to Politicians as Police Threaten to Withdraw Security,2026-07-21T15:35:12+0300,https://www.kenyans.co.ke/news/125471-police-withdraw-security-politicians-who-hire-goons-coast-commander-warns,negative,manual
Kenyans.co.ke,Ruto Appoints Ol Kalou UDA Candidate Samuel Muchina to Govt,2026-07-22T15:08:46+0300,https://www.kenyans.co.ke/news/125510-ruto-appoints-ol-kalou-uda-candidate-samuel-muchina-nairobi-rivers-commission,neutral,manual
Citizen Digital (via Google News),Aston Villa sign Joao Gomes from Wolves - Citizen Digital,"Mon, 20 Jul 2026 13:31:16 GMT",https://news.google.com/rss/articles/CBMihgFBVV95cUxNUkFNLVpfdVR5d1VPZTBNaFRqMkt3Q2R6aFpMamVvLXIzbEN4R1BNNkowRXpBcy0xeTFlMWxFWVVpak4yalo5anRNVkd3c1J3SUtocTNCTlNsX05oNWdpWFBUajh2UXhIYUVVeXU0OU1YU25ua1RXNnh6U05SS1R0UjhrWDB6UQ?oc=5,positive,manual
The Standard,Nairobi National Park hosts court inspection in orphanage relocation dispute,,https://www.standardmedia.co.ke/environment-climate/article/2001553429/nairobi-national-park-hosts-court-inspection-in-orphanage-relocation-dispute,positive,manual
The Star,Kirimi: How emergency responses save lives during Kenya’s disastersJoy Kirimi explains how significant the golden hour is during emergencies,,https://www.the-star.co.ke/health/2026-07-08-kirimi-how-emergency-responses-save-lives-during-kenyas-disasters,positive,manual
Capital FM Kenya,Gachagua says UDA will lose every seat in Mt Kenya,"Wed, 22 Jul 2026 17:12:22 +0000",https://capitalfm.africa/gachagua-says-uda-will-lose-every-seat-in-mt-kenya/,neutral,manual
Standard - Politics,Bleak future: Why DP Kindiki is now walking on political egg shells,"Sun, 19 Jul 2026 10:00:00 +0300",https://www.standardmedia.co.ke/politics/article/2001553165/bleak-future-why-dp-kindiki-is-now-walking-on-political-egg-shells,negative,manual
Citizen Digital (via Google News),Kerugoya court issues conservatory orders stopping rice importation - Citizen Digital,"Wed, 22 Jul 2026 11:26:31 GMT",https://news.google.com/rss/articles/CBMiqwFBVV95cUxNMXlkZUdfZ0N2LVR0VXRpanBTUlI1RHp4T2Y1Q2lQWl9YV3U0MWFrRjFOY19rYkRpTEYzMXFvVGtqcFo0aHo2OURNMzc0dzVnRDFfYURDNUR1d2IxUmJueUFEQWhCZXFHZTF5UXFHZ1cwV0hqR2lzWEZoeVFFVXhTUGtPdjFEUUZleXlpNjhVN0tXUWxPdXhtQUw0Z29ZamtvRnNIdTRqTUJTWGc?oc=5,positive,manual
The Star,"Young Mwamba ready for National Sevens Series challenge, says MurungaMurunga said the club’s focus will be on giving young players valuable exposure rather than piling pressure on them.",,https://www.the-star.co.ke/sports/rugby/2026-07-09-young-mwamba-ready-for-national-sevens-series-challenge-says-murunga,positive,manual
Capital FM Kenya,"High Court strikes out ‘premature’ bid to bar Wetang’ula, Kingi from political activities","Thu, 23 Jul 2026 13:48:43 +0000",https://capitalfm.africa/high-court-strikes-out-premature-bid-to-bar-wetangula-kingi-from-political-activities/,positive,manual
People Daily,Inside govt’s 30-year recruitment plan transforming Kenya’s public service workforce by 2055,2026-07-24 20:18:44,https://peopledaily.digital/news/inside-govts-30-year-recruitment-plan-transforming-kenyas-public-service-workforce-by-2055,positive,manual
K24,Five common misconceptions about tetanus,"Tue, 21 Jul 2026 22:27:56 +0000",https://k24.digital/lifestyle/health-and-fitness/five-common-misconceptions-about-tetanus,neutral,manual
The Star,Rival dismisses Otuoma-Ojaamong alliance ahead of 2027 Busia contestOsiya says deal too late to save Otuoma's dwindling reelection bid,,https://www.the-star.co.ke/counties/western/2026-07-23-rival-dismisses-otuoma-ojaamong-alliance-ahead-of-2027-busia-contest,neutral,manual
Citizen Digital,Family land dispute disrupts burial in Kirinyaga,,https://citizen.digital/article/family-land-dispute-disrupts-burial-in-kirinyaga-n386642,negative,manual
The Star,"Nairobi saves Sh8.48bn by strengthening in-house legal teamDuring the review period, the county concluded 174 court cases, with 84 of them handled by internal lawyers.",,https://www.the-star.co.ke/counties/nairobi/2026-07-22-nairobi-saves-sh848bn-by-strengthening-in-house-legal-team,positive,manual
Standard - Politics,How Sifuna's Western tour has rattled Kenya Kwanza,"Fri, 24 Jul 2026 09:00:00 +0300",https://www.standardmedia.co.ke/politics/article/2001553598/how-sifuna-s-western-tour-has-rattled-kenya-kwanza,neutral,manual
World News API,"Genesis, The Last Chapter - Changing Lanes without Missing a beat",,https://www.kenyamoja.com/video/genesis-last-chapter-changing-lanes-without-missing-beat-ntv-video-411429,positive,manual
Business Daily Africa,Court rejects bid to oust lawyers in EABL sale dispute,"Tue, 21 Jul 2026 12:56:34 GMT",https://www.businessdailyafrica.com/bd/corporate/companies/court-rejects-bid-to-oust-lawyers-in-eabl-sale-dispute-5533320,negative,manual
Capital FM,"Mombasa Airport Handles 17,000 Passengers in 10 Days","Sat, 25 Jul 2026 07:55:29 +0000",https://capitalfm.africa/mombasa-airport-handles-17000-passengers-in-10-days/,positive,manual
Ghafla Kenya,Kindiki Defended As Ruto’s Running Mate In 2027 Amid Pressure Following UDA’s Ol Kalou Loss,,,neutral,manual
Capital FM Kenya,Britain moves Haraka Storm military drills out of Kenya after licence setback,"Thu, 23 Jul 2026 12:03:58 +0000",https://capitalfm.africa/britain-moves-haraka-storm-military-drills-out-of-kenya-after-licence-setback/,neutral,manual
The Standard,New Bill recommends compulsory annual emissions tests for all vehicles,,https://www.standardmedia.co.ke/environment-climate/article/2001552336/new-bill-recommends-compulsory-annual-emissions-tests-for-all-vehicles,positive,manual
K24,Aston Villa reach agreement to sign Alejandro Garnacho from Chelsea on Ksh7.3B loan deal,"Thu, 23 Jul 2026 07:11:11 +0000",https://k24.digital/sports/epl/aston-villa-reach-agreement-to-sign-alejandro-garnacho-from-chelsea-on-ksh7-3b-loan-deal,positive,manual
NTV Kenya,Sifuna: I am no one’s project,,https://ntvkenya.co.ke/news/sifuna-i-am-no-ones-project/,neutral,manual
K24,7 Practical ways to leave work at work,"Tue, 21 Jul 2026 20:32:31 +0000",https://k24.digital/lifestyle/mental-wellnes/7-practical-ways-to-leave-work-at-work,neutral,manual
World News API,IATA launches safety workshops under Focus Africa,,https://economist.com.na/108606/human-resources/iata-launches-safety-workshops-under-focus-africa,positive,manual
Standard - Business,Lamu refinery eyes Africa's 86 million tonnes fuel import gap,"Mon, 20 Jul 2026 06:30:00 +0300",https://www.standardmedia.co.ke/business/article/2001553243/lamu-refinery-eyes-africa-s-86-million-tonnes-fuel-import-gap,neutral,manual
The Standard Headlines,Scammed and abandoned: Who will save Uasin Gishu parents in Finland education saga?,"Sat, 25 Jul 2026 07:15:00 +0300",https://www.standardmedia.co.ke/article/2001553686/scammed-and-abandoned-who-will-save-uasin-gishu-parents-in-finland-education-saga,negative,manual
The Star,"SRC approves Sh45,625 monthly allowance for police bodyguardsThere are about 12,000 police officers serving as bodyguards and providing protection to the President, judges, CSs, PSs and other senior public officials",,https://www.the-star.co.ke/counties/nairobi/2026-07-23-src-approves-sh45625-monthly-allowance-for-police-bodyguards,positive,manual
K24,Why Alex Mwakideu wants erectile dysfunction recognised as a disability,"Thu, 23 Jul 2026 08:25:10 +0000",https://k24.digital/entertainment/celebrity/why-alex-mwakideu-wants-erectile-dysfunction-recognised-as-a-disability,positive,manual
The East African,Africa pushes for unlocking untapped critical minerals,"Mon, 20 Jul 2026 16:16:34 GMT",https://www.theeastafrican.co.ke/tea/business-tech/africa-pushes-for-unlocking-untapped-critical-minerals-5532528,positive,manual
Fox News,"EXCLUSIVE: ICE removes former NFL player Daniel Ogama Adongo after visa overstay, criminal record",2026-07-24 22:13:02,https://www.foxnews.com/politics/exclusive-ice-removes-former-nfl-player-daniel-ogama-adongo-after-visa-overstay-criminal-record,negative,manual
The Star,"Young girl standing up to hereditary bone cancerFrida Lakita, 18, got amputated but the cancer recurred, requiring Sh9m treatment",,https://www.the-star.co.ke/sasa/society/2026-07-10-lakita-cancer-battle,negative,manual
The African Exponent,Why do Africans send money home - and how big is the remittance economy?,2026-07-24 22:31:56,https://www.africanexponent.com/why-do-africans-send-money-home-and-how-big-is-the-remittance-economy/,neutral,manual
Naijaonpoint.com.ng,"Fake jobs, tourist visas: Inside Russia’s vast network luring foreigners to fight Ukraine war",2026-07-24 22:50:05,https://naijaonpoint.com.ng/fake-jobs-tourist-visas-inside-russias-vast-network-luring-foreigners-to-fight-ukraine-war/,negative,manual
Allafrica Tanzania,Uganda: Here Comes the Mandatory Monthly National Cleaning Days,2026-07-24 20:41:51,https://allafrica.com/stories/202607240671.html,neutral,manual
K24,10 customer service mistakes that make people walk away for good,"Thu, 23 Jul 2026 12:44:03 +0000",https://k24.digital/lifestyle/life-hacks/10-customer-service-mistakes-that-make-people-walk-away-for-good,neutral,manual
Standard - Kenya News,Four-month closure of Eldoret Road for Nairobi River Bridge works,"Mon, 11 May 2026 10:58:13 +0300",https://www.standardmedia.co.ke/article/2001547536/four-month-closure-of-eldoret-road-for-nairobi-river-bridge-works,negative,manual
The Star,GEN Z CORNER: Pretty privilege in plain sightWhat opens doors for some frustrates those who are overlooked,,https://www.the-star.co.ke/sasa/lifestyle/2026-07-17-gen-z-corner,negative,manual
The Standard Headlines,Murkomen: Police no longer rely on Gachagua's 'gossip',"Thu, 23 Jul 2026 16:40:19 +0300",https://www.standardmedia.co.ke/article/2001553582/murkomen-police-no-longer-rely-on-gachagua-s-gossip,positive,manual
K24,I don’t believe in God: Tileh reveals why he left religion to become an atheist,"Thu, 23 Jul 2026 10:27:20 +0000",https://k24.digital/entertainment/celebrity/i-dont-believe-in-god-tileh-reveals-why-he-left-religion-to-become-an-atheist,negative,manual
KBC,Ruto appoints Ol Kalou UDA candidate Muchina to Nairobi Rivers Commission,"Wed, 22 Jul 2026 12:43:26 +0000",https://www.kbc.co.ke/ruto-appoints-ol-kalou-uda-candidate-muchina-to-nairobi-rivers-commission/,neutral,manual
World News API,Team Kenya receives donations and other essential items ahead of their trip to Glasgow,,,positive,manual
Citizen Digital (via Google News),Spain beat France 2-0 to reach World Cup final - Citizen Digital,"Tue, 14 Jul 2026 21:58:56 GMT",https://news.google.com/rss/articles/CBMijwFBVV95cUxQWnRXcm9tYW5pMENob0RMcEt3aXhqM0EzQlFVYl9jb01WRDE3WGNxVmlQRlBUenRrUXBZYTNWM055NHMzVEhpVTVaUmZnOTZzQWJfVThCTW15YnBMNjBPMzlQVWNFbjZ0bFU4ckRJOVFGd0xia0V6TUk4TGhhblh0ajJkb2w5V2p0T0xIVHN3WQ?oc=5,neutral,manual
NewsData.io,Medical Spa Market Revenue Forecast 2033,,,neutral,manual
Ghafla Kenya,Drake’s World Cup Bet Backfires as Argentina’s Final Defeat Costs Him $1.5 Million,,,neutral,manual
KBC News,"Wetang’ula rallies Mandera to back Ruto’s re-election bid, cites ID reforms and mega projects",,,negative,manual
Citizen Digital (via Google News),"Not us, Not our children: Kaptagat residents deny cutting forest fence - Citizen Digital","Wed, 22 Jul 2026 19:57:31 GMT",https://news.google.com/rss/articles/CBMirAFBVV95cUxQRlZoZEhHZDJLcmhNdjRqZmxnY2YydlQwRGdkN3o3NzlhMFRINzNsWFZwWlN2d1pjeEhVcEpsS0lXZzZkZS05QzZBOEJOR0NvUFN6ZHJTUThvYXdHWjU4OVFSRDdPdEYwbUNOM2picEF6bVpyN2gxNFFQRlMxTlgxTTR6LW1qN2pnVEZfVnpnX1VuRFNjWWJaM0h1dG85ZGVwZFYtUGlBSmxKcUlW?oc=5,neutral,manual
Ghafla Kenya,Kanyari Says He Has Alleged Daughter but Is Yet to Take DNA Test,,,neutral,manual
K24,Man United defender Martinez addresses injury fears after World Cup heartbreak,"Wed, 22 Jul 2026 05:18:31 +0000",https://k24.digital/sports/epl/man-united-defender-martinez-addresses-injury-fears-after-world-cup-heartbreak,neutral,manual
Standard - Kenya News,Partial closure on Ngong road as KURA finalises Sh3.8 B junction mall viaduct,"Sun, 17 May 2026 11:47:54 +0300",https://www.standardmedia.co.ke/article/2001548033/partial-closure-on-ngong-road-as-kura-finalises-sh3-8-b-junction-mall-viaduct,negative,manual
K24,How to wash knitted sweaters without ruining them,"Tue, 21 Jul 2026 21:06:08 +0000",https://k24.digital/lifestyle/life-hacks/how-to-wash-knitted-sweaters-without-ruining-them,neutral,manual
Ghafla Kenya,Kenya Airways Partners With Yemi Alade to Boost West Africa Expansion,,,positive,manual
Standard - Politics,Ruto forced back to the drawing board after Ol Kalou defeat,"Sun, 19 Jul 2026 10:00:00 +0300",https://www.standardmedia.co.ke/politics/article/2001553156/ruto-forced-back-to-the-drawing-board-after-ol-kalou-defeat,negative,manual
Capital FM Kenya,Kenya Air Force advances modernization drive through strategic UK defence engagements,"Wed, 22 Jul 2026 16:11:56 +0000",https://capitalfm.africa/kenya-air-force-advances-modernization-drive-through-strategic-uk-defence-engagements/,positive,manual
NewsData.io,Ambassador Programme: Shaping a generation through dialogue,,,positive,manual
Citizen Digital (via Google News),Tackling Messi 'huge challenge' for Spain: Merino - Citizen Digital,"Fri, 17 Jul 2026 19:59:22 GMT",https://news.google.com/rss/articles/CBMijwFBVV95cUxPay13WlBNUzBLTlRpXzI0dktwWXNDN1Iwdm96TXhCUmp2S3k0RXp5c0RNblZaV19MTndGYVI4VXE1cTdDaVQxQnRldXhjT1p5TEdNYy0tTzdRWUxRMDBNQUxwUUczVlgtNzA1a0lGNzRXcnRBWTBUWF9acnRCMlFLN2JHYnR2LUZUTmlpTDBOZw?oc=5,neutral,manual
NewsData.io,"Dennis Ombachi Raises Eyebrows After Wrangling A Live Ostrich, Cooking It For Viral Burger Video",,,neutral,manual
Business Daily Africa,Why ghosting your employer could cost you up to Sh3.2m,"Tue, 21 Jul 2026 14:44:45 GMT",https://www.businessdailyafrica.com/bd/lifestyle/workplace/why-ghosting-your-employer-could-cost-you-up-to-sh3-2m-5533556,neutral,manual
KBC,"Wetang’ula, allies enlist boda boda riders in Ruto 2027 campaign machine","Sat, 25 Jul 2026 06:52:21 +0000",https://www.kbc.co.ke/wetangula-allies-enlist-boda-boda-riders-in-ruto-2027-campaign-machine/,neutral,manual
NewsData.io,Reforming tourism from the superstructure to the substructure,,,positive,manual
Citizen Digital (via Google News),What Kenyans searched for during the 2026 FIFA World Cup: Google reveals - Citizen Digital,"Tue, 21 Jul 2026 13:50:16 GMT",https://news.google.com/rss/articles/CBMisAFBVV95cUxQWFBIMUg3NjN4Z2dicE9FaDd2VUJsRlRQZ2NuSFBIU3BscUV2ZjN2MFR3Mlc2eVhDWDl4SjlodkwxNkhzUEhfeXctT0F0Mm5ZWnMtWUdMS0h6aFpWbURjNmw5bTI0VHpXUXpLS3pMalVqb1JYUTNjSzVraWVKdHlMSU1INjRZVVJOVkpVQUFXU0UyeGdJNWVrRHpmNm93MVRmR3YxdWduaXF5cjRXanRVRg?oc=5,neutral,manual
Business Daily,Jubilee taps embedded insurance to widen health cover access,"Thu, 23 Jul 2026 13:35:22 GMT",https://www.businessdailyafrica.com/bd/corporate/companies/jubilee-taps-embedded-insurance-to-widen-health-cover-5535390,positive,manual
The East African,Uganda launches emergency food aid for drought-hit Karamoja,"Tue, 21 Jul 2026 03:36:14 GMT",https://www.theeastafrican.co.ke/tea/news/east-africa/uganda-launches-emergency-food-aid-for-drought-hit-karamoja-5532882,positive,manual
The Standard,Prophetic challenge facing the Kenyan church today,,https://www.standardmedia.co.ke/opinion/article/2001553304/prophetic-challenge-facing-the-kenyan-church-today,neutral,manual
The Star,Why Nairobi matters in a changing world,,https://www.the-star.co.ke/opinion/columnists/2026-07-23-why-nairobi-matters-in-a-changing-world,neutral,manual
K24,Casemiro completes move to Inter Miami after Manchester United exit,"Wed, 22 Jul 2026 18:08:57 +0000",https://k24.digital/sports/casemiro-completes-move-to-inter-miami-after-manchester-united-exit,positive,manual
NTV Kenya,"Popular Kenyan women converge for a wellness, glam, and sisterhood experience | The Glam","Thu, 09 Jul 2026 09:42:04 +0000",https://ntvkenya.co.ke/arts-lifestyle/popular-kenyan-women-converge-for-a-wellness-glam-and-sisterhood-experience-the-glam/,neutral,manual
Capital FM Kenya,Gachagua claims police will refuse to rig 2027 poll,"Wed, 22 Jul 2026 18:37:45 +0000",https://capitalfm.africa/gachagua-claims-police-will-refuse-to-rig-2027-poll/,positive,manual
The Star,A teenager’s mission to help bridge Kenya’s emergency response gaps,,https://www.the-star.co.ke/sasa/technology/2026-07-09-a-teenagers-mission-to-help-bridge-kenyas-emergency-response-gaps,positive,manual
World News API,GSU storms into Kenya Cup semi-finals,,https://www.kenyamoja.com/index.php/video/gsu-storms-kenya-cup-semi-finals-citizen-tv-411410,negative,manual
Citizen Digital,How Dahlia Safaris is using golf tourism to market Kenya beyond traditional destinations,,https://citizen.digital/article/how-dahlia-safaris-is-using-golf-tourism-to-market-kenya-beyond-traditional-destinations-n385872,positive,manual
The Standard,Wines agency KWAL banks on menstrual leave to champion wellbeing at work,,https://www.standardmedia.co.ke/health/reproductive-health/article/2001549473/wines-agency-kwal-banks-on-menstrual-leave-to-champion-wellbeing-at-work,positive,manual
NTV Kenya,Nairobi International Financial Centre | Business Redefined,"Tue, 14 Jul 2026 16:35:46 +0000",https://ntvkenya.co.ke/business/nairobi-international-financial-centre-business-redefined/,neutral,manual
Kenya News Agency,Government establishes committee to review unconstitutional laws,"Wed, 22 Jul 2026 13:27:26 +0000",https://www.kenyanews.go.ke/government-establishes-committee-to-review-unconstitutional-laws/,positive,manual
Nairobi Wire,Thika Inches Closer to Becoming Kenya’s Newest City,,,positive,manual
NTV Kenya,Samia hits back at foreign critics: “Who are you to lecture Tanzania on...,,https://ntvkenya.co.ke/news/samia-hits-back-at-foreign-critics-who-are-you-to-lecture-tanzania-on-its-affairs/,negative,manual
NTV Kenya,Bongo icon Professor Jay confirms major stage comeback,,https://ntvkenya.co.ke/news/bongo-icon-professor-jay-confirms-major-stage-comeback/,positive,manual
The Standard,"Kenyan businesses ready to electrify, but grid constraints slow progress",,https://www.standardmedia.co.ke/environment-climate/article/2001552676/kenyan-businesses-ready-to-electrify-but-grid-constraints-slow-progress,negative,manual
Currents API,"Kenya: KMJA Appeals to LSK to Reconsider Court Boycott, Cites Harm to Litigants",,,negative,manual
Riauone.com | Berita Nusantara Terkini,"QUBIC Goes Global on Alchemy Pay: Now Purchasable in 173 Countries, Including the US",2026-07-24 23:56:00,https://www.riauone.com/global/QUBIC-Goes-Global-on-Alchemy-Pay--Now-Purchasable-in-173-Countries--Including-the-US,positive,manual
The Star,Police seem helpless as war drums soundIG Kanja long on warnings and short of action,,https://www.the-star.co.ke/opinion/leader/2026-07-22-police-seem-helpless-as-war-drums-sound,negative,manual
Citizen Digital (via Google News),Rosenior ready for Paris FC challenge after 'learning lessons' at Chelsea - Citizen Digital,"Thu, 16 Jul 2026 18:49:02 GMT",https://news.google.com/rss/articles/CBMisAFBVV95cUxPTXRjRzJpUTE4aWN5N0tCenVxYU9wVDFHano5NUFfc0E3dGt5WjQ3U0hhaXZhZEFfNDd6OFFIQXE0REIybkNVVnFMeHlwSUIycmlPNm1sNlluaTUzZVhRTm1RaHZDdkxVNjRSTTdDVHNYby1qN0taX1JUQk5GdTM4SkVtdExIdmxxNG8wWXZ5aVBMZ3VScnhZMkVPTVJDd1RvUmgxazd2QUp2VnNWNG9Waw?oc=5,neutral,manual
Nairobi Wire,Parking Fees in Nairobi Could Change as County Adopts New Pricing Policy,,,neutral,manual
NewsData.io,Why the youth jobs crisis is becoming global,,,neutral,manual_resolved
Capital FM Kenya,Omollo: Don’t allow politicians to exploit you for violence,"Sun, 19 Jul 2026 09:43:29 +0000",https://capitalfm.africa/omollo-dont-allow-politicians-to-exploit-you-for-violence/,positive,manual_resolved
Capital FM,"Ruto defends SHA, says it is ‘ten times better’ than NHIF","Sat, 25 Jul 2026 09:51:32 +0000",https://capitalfm.africa/ruto-defends-sha-says-it-is-ten-times-better-than-nhif/,positive,manual_resolved
K24,Key reasons why some employees actually look forward to Mondays,"Sun, 19 Jul 2026 21:08:05 +0000",https://k24.digital/lifestyle/life-hacks/key-reasons-why-some-employees-actually-look-forward-to-mondays,neutral,manual_resolved
Citizen Digital (via Google News),Ebola: 7 Americans quarantined in Kenya after US travel ban - Citizen Digital,"Fri, 17 Jul 2026 12:44:37 GMT",https://news.google.com/rss/articles/CBMinwFBVV95cUxOcTdRMUY0NmhIeWpxSWJhRmhGUVA3TC13bjVTTlNVTENhX084Qi1pbTc1aHZzZ3N2T0VCVFlIOUFKd0VwRnZxQldpeWQ2N3lKN0IwMDUzNHFvVV9yV05DSkhuYTBXdGVkbzFxZnphaHNGbnpGR09FUzZwNWlVU05jTTRVTE5UelY4NWZqdVk2dXo3bXVJVzc5V01YMEFQLVU?oc=5,negative,manual_resolved
NTV Kenya,Brazil’s former President Bolsonaro begins serving 27-year prison...,,https://ntvkenya.co.ke/news/brazil-former-president-bolsonaro-begins-serving-27-year-prison-sentence/,negative,manual_resolved
NTV Kenya,South Korea court gives ex-First Lady 7-year jail term for bribery,,https://ntvkenya.co.ke/news/south-korea-court-gives-ex-first-lady-7-year-jail-term-for-bribery/,negative,manual_resolved
Business Daily Africa,State ordered to produce key records in Kenya Pipeline sale,"Thu, 16 Jul 2026 16:48:14 GMT",https://www.businessdailyafrica.com/bd/economy/government-ordered-to-produce-records-in-kenya-pipeline-sale-5529468,neutral,manual_resolved
Digital Spy,'The perfect comfort-watch': Judi Dench's beloved BBC sitcom is streaming right now,2026-07-24 21:12:00,https://www.digitalspy.com/tv/a73258583/judi-dench-as-time-goes-by-streaming/,positive,manual_resolved
World News API,Inside Savinaah's World: From Childhood Dreams to Music Success,,https://www.kenyamoja.com/video/inside-savinaahs-world-childhood-dreams-music-success-ntv-video-411744,positive,manual_resolved
Kenyans.co.ke,High Court Issues Orders Ahead of Aviation Workers Strike,2026-07-24T12:19:03+0300,https://www.kenyans.co.ke/news/125560-high-court-suspends-planned-nationwide-aviation-strike-over-labour-dispute,neutral,manual_resolved
Standard - Headlines,"Kang'ata attends Linda Mwananchi rally in Thika, criticises Ruto policies","Sun, 14 Jun 2026 18:17:44 +0300",https://www.standardmedia.co.ke/article/2001550328/kang-ata-attends-linda-mwananchi-rally-in-thika-criticises-ruto-policies,negative,manual_resolved
The Standard Headlines,"Luo nation will not take part in protests, MPs say","Wed, 24 Jun 2026 20:19:00 +0300",https://www.standardmedia.co.ke/article/2001551221/luo-nation-will-not-take-part-in-protests-mps-say,neutral,manual_resolved
The Standard Headlines,IG Kanja faces jail for contempt over roadblocks during protests,"Fri, 26 Jun 2026 20:14:36 +0300",https://www.standardmedia.co.ke/article/2001551391/ig-kanja-faces-jail-for-contempt-over-roadblocks-during-protests,negative,manual_resolved
Standard - Headlines,Ndindi Nyoro seeks annulment of Safaricom stake sale,"Wed, 08 Jul 2026 20:11:00 +0300",https://www.standardmedia.co.ke/article/2001552322/ndindi-nyoro-seeks-annulment-of-safaricom-stake-sale,positive,manual_resolved
The Standard Headlines,"Karua condemns convoy attack, blames police lapse","Fri, 10 Jul 2026 20:58:00 +0300",https://www.standardmedia.co.ke/article/2001552520/karua-condemns-convoy-attack-blames-police-lapse,negative,manual_resolved
The Standard Headlines,Wetang'ula risks jail over alleged breach of court orders on political campaigns,"Mon, 13 Jul 2026 16:39:03 +0300",https://www.standardmedia.co.ke/article/2001552695/wetang-ula-risks-jail-over-alleged-breach-of-court-orders-on-political-campaigns,negative,manual_resolved
The Standard Headlines,High court suspends President Ruto's executive order placing IPOA under Interior Ministry,"Wed, 15 Jul 2026 20:15:39 +0300",https://www.standardmedia.co.ke/article/2001552906/high-court-suspends-president-ruto-s-executive-order-placing-ipoa-under-interior-ministry,neutral,manual_resolved
The Standard,The best financial lesson from the World Cup: Prepare,,https://www.standardmedia.co.ke/opinion/article/2001553159/the-best-financial-lesson-from-the-world-cup-prepare,positive,manual_resolved
The East African,"Sudan’s RSF leader Hemedti, 15 others sentenced to death by hanging","Mon, 13 Jul 2026 13:55:57 GMT",https://www.theeastafrican.co.ke/tea/news/north-africa/sudan-s-rsf-leader-hemedti-15-others-sentenced-to-death-5525756,negative,manual_resolved
The East African,Washington’s attacks on ICC pose dilemma for its African partners,"Fri, 17 Jul 2026 22:56:13 GMT",https://www.theeastafrican.co.ke/tea/news/world/washington-attacks-on-icc-pose-dilemma-for-its-african-partners-5530612,negative,manual_resolved
The Standard,The Commonwealth's greatest prize lies beyond the games,,https://www.standardmedia.co.ke/opinion/article/2001553480/the-commonwealths-greatest-prize-lies-beyond-the-games,positive,manual_resolved
Business Daily,Bank customers left empty-handed after 22-year fight for refunds,"Tue, 21 Jul 2026 11:04:04 GMT",https://www.businessdailyafrica.com/bd/corporate/companies/bank-customers-left-empty-handed-22-year-fight-for-refunds-5533228,negative,auto_cardiffnlp
Business Daily,Idle GDC drilling machines put Sh15bn investment into question,"Thu, 23 Jul 2026 12:58:10 GMT",https://www.businessdailyafrica.com/bd/corporate/industry/idle-gdc-drilling-machines-put-sh15bn-investment-into-question-5535316,negative,auto_cardiffnlp
Business Daily,Kenyans unable to afford a healthy diet rise by 9m,"Wed, 22 Jul 2026 17:10:54 GMT",https://www.businessdailyafrica.com/bd/economy/kenyans-unable-to-afford-a-healthy-diet-rise-by-9m-5534718,negative,auto_cardiffnlp
KBC,ICC dismisses prosecutor Karim Khan over serious misconduct,"Sat, 25 Jul 2026 07:35:30 +0000",https://www.kbc.co.ke/icc-dismisses-prosecutor-karim-khan-over-serious-misconduct/,negative,auto_cardiffnlp
Kahawa Tungu,Panic as Safarilink plane veers off Wilson Airport runway after tyre burst,"Sat, 25 Jul 2026 05:12:03 +0000",https://kahawatungu.com/safarilink-plane-veers-off-wilson-airport-runway-after-tyre-burst/,negative,auto_cardiffnlp
Nairobi Wire,Five Women Rescued as DCI Busts Suspected Online Sexual Exploitation Ring,"Wed, 22 Jul 2026 03:49:05 +0000",https://nairobiwire.com/2026/07/dci-arrests-three-suspected-online-sexual-exploitation-nairobi.html,negative,auto_cardiffnlp
Nairobi Wire,Gachagua Warns of ‘Civil War’ if Murkomen Stays as Interior CS,"Fri, 24 Jul 2026 03:43:30 +0000",https://nairobiwire.com/2026/07/rigathi-gachagua-accuses-kipchumba-murkomen-police-militia-claims.html,negative,auto_cardiffnlp
Nairobi Wire,Government Targets Buildings Without Disability Access in Fresh Crackdown,"Thu, 23 Jul 2026 03:41:01 +0000",https://nairobiwire.com/2026/07/alfred-mutua-disability-accessibility-building-crackdown.html,negative,auto_cardiffnlp
Nairobi Wire,Murkomen Orders Police to Deal With Goons ‘Ruthlessly’,"Fri, 24 Jul 2026 03:42:38 +0000",https://nairobiwire.com/2026/07/murkomen-orders-police-ruthless-crackdown-goons.html,negative,auto_cardiffnlp
Nairobi Wire,Mutua Orders Nationwide Crackdown on Employers Defying Minimum Wage,"Thu, 23 Jul 2026 03:49:22 +0000",https://nairobiwire.com/2026/07/kenya-minimum-wage-inspections-alfred-mutua-employers.html,negative,auto_cardiffnlp
Nairobi Wire,Ruto Appoints Ol Kalou By-Election Loser to Key State Role,"Thu, 23 Jul 2026 03:40:32 +0000",https://nairobiwire.com/2026/07/ruto-appoints-muchina-nyaga-nairobi-rivers-commission.html,negative,auto_cardiffnlp
The Mt Kenya Times,The analogy of plight and plunder: The case of a haemorrhaging nation,2026-07-24 22:34:05,https://mountkenyatimes.co.ke/the-analogy-of-plight-and-plunder-the-case-of-a-haemorrhaging-nation/,negative,auto_cardiffnlp
The Standard,'Reggae na Lami': Western Kenya's dangerous and bizarre culture,"Wed, 01 Jul 2026 09:10:00 +0300",https://www.standardmedia.co.ke/article/2001551684/reggae-na-lami-western-kenya-s-dangerous-and-bizarre-culture,negative,auto_cardiffnlp
The Standard,Counties face solid waste nightmare,"Tue, 02 Jun 2026 17:31:39 +0300",https://www.standardmedia.co.ke/article/2001549350/counties-face-solid-waste-nightmare,negative,auto_cardiffnlp
The Standard,"Giant python terrorises Kapseret village, residents want it relocated","Tue, 30 Jun 2026 18:38:00 +0300",https://www.standardmedia.co.ke/article/2001551676/giant-python-terrorises-kapseret-village-residents-want-it-relocated,negative,auto_cardiffnlp
The Standard,Police face hard time while booking body at Tigoni mortuary,"Sat, 25 Jul 2026 07:15:00 +0300",https://www.standardmedia.co.ke/article/2001553677/police-face-hard-time-while-booking-body-at-tigoni-mortuary,negative,auto_cardiffnlp
The Standard,"Senators grill Sakaja over pending bills, procurement gaps","Thu, 18 Jun 2026 23:20:37 +0300",https://www.standardmedia.co.ke/article/2001550710/senators-grill-sakaja-over-pending-bills-procurement-gaps,negative,auto_cardiffnlp
The Standard,Senators put Duale on the spot over utterances that may arouse ethnic tensions in the country,2026-07-24 21:00:00,https://www.standardmedia.co.ke/politics/article/2001553691/senators-put-duale-on-the-spot-over-utterances-that-may-arouse-ethnic-tensions-in-the-country,negative,auto_cardiffnlp
The Standard Headlines,"As repression soars, East Africans are finding fragile refuge in Nairobi","Mon, 20 Jul 2026 14:05:00 +0300",https://www.standardmedia.co.ke/article/2001553281/as-repression-soars-east-africans-are-finding-fragile-refuge-in-nairobi,negative,auto_cardiffnlp
World News API,"CBD pavement works disrupt movement, business for Nairobi commuters",,https://www.kenyamoja.com/video/cbd-pavement-works-disrupt-movement-business-nairobi-commuters-ntv-video-411775,negative,auto_cardiffnlp
World News API,Ebola at State House? 14 staff quarantined as Ruto&#039;s Congo trip shelved,,https://www.standardmedia.co.ke/health/health-science/article/2001553663/ebola-at-state-house-14-staff-quarantined-as-rutos-congo-trip-shelved,negative,auto_cardiffnlp
World News API,"How poverty, traffickers turned Mat’land into a pipeline for Russia’s war",,https://www.newsday.co.zw/local-news/article/200058696/how-poverty-traffickers-turned-matland-into-a-pipeline-for-russias-war,negative,auto_cardiffnlp
World News API,KNUT Withdraws 59 Teachers as Insecurity Forces Closure of Four Primary Schools in Isiolo County,,https://www.kenyamoja.com/video/knut-withdraws-59-teachers-insecurity-forces-closure-four-primary-schools-isiolo-county-ktn,negative,auto_cardiffnlp
World News API,Machakos Deputy Governor Dismisses Ruto's Free University Education Promise as Political Propaganda,,https://www.kenyamoja.com/video/machakos-deputy-governor-dismisses-rutos-free-university-education-promise-political,negative,auto_cardiffnlp
World News API,Mau Mau freedom fighters' descendants decry decades of neglect,,https://www.kenyamoja.com/video/mau-mau-freedom-fighters-descendants-decry-decades-neglect-ktn-news-411838,negative,auto_cardiffnlp
World News API,No one should assume public office without a legitimate democratic mandate,,https://www.newsday.co.zw/opinion-analysis/article/200058689/no-one-should-assume-public-office-without-a-legitimate-democratic-mandate,negative,auto_cardiffnlp
World News API,One injured as Siaya nuclear project meeting turns chaotic,,https://www.kenyamoja.com/video/one-injured-siaya-nuclear-project-meeting-turns-chaotic-ntv-video-411777,negative,auto_cardiffnlp
World News API,"Outrage as Journalists, Traders Barred from Controversial Kieni Forest Government Log Auction",,https://www.kenyamoja.com/video/outrage-journalists-traders-barred-controversial-kieni-forest-government-log-auction-ktn-news,negative,auto_cardiffnlp
World News API,"Police-linked brutality victims in court, claim opaque compensation process",,https://www.standardmedia.co.ke/crime-and-justice/article/2001553685/police-linked-brutality-victims-in-court-claim-opaque-compensation-process,negative,auto_cardiffnlp
World News API,Team Kenya struggles on Commonwealth Games opening day,,https://www.kenyamoja.com/video/team-kenya-struggles-commonwealth-games-opening-day-citizen-tv-411412,negative,auto_cardiffnlp
World News API,The closing of the Anglophile mind,,https://www.newstatesman.com/ideas/2026/07/the-closing-of-the-anglophile-mind-0,negative,auto_cardiffnlp
World News API,There&#039;s no road to the promised First World in a nation ruled by kleptocrats,,https://www.standardmedia.co.ke/opinion/article/2001553721/theres-no-road-to-the-promised-first-world-in-a-nation-ruled-by-kleptocrats,negative,auto_cardiffnlp
World News API,Two losses in pre-tournament friendlies in Morocco not exuding any confidence on Scorchers ahead of WAfCON Morocco 2026,,https://www.maraviexpress.com/two-losses-in-pre-tournament-friendlies-in-morocco-not-exuding-any-confidence-on-scorchers-ahead-of-wafcon-morocco-2026,negative,auto_cardiffnlp
World News API,Why CS Duale is in the spot over alleged ethnic remarks,,https://www.standardmedia.co.ke/politics/article/2001553691/why-cs-duale-is-in-the-spot-over-alleged-ethnic-remarks,negative,auto_cardiffnlp
World News API,Why the 13th Parliament should never be forgiven,,https://www.standardmedia.co.ke/opinion/article/2001553699/why-the-13th-parliament-should-never-be-forgiven,negative,auto_cardiffnlp
Standard - Politics,Whitewashed: Ol Kalou's crushing blow to UDA,"Fri, 17 Jul 2026 08:00:00 +0300",https://www.standardmedia.co.ke/politics/article/2001553018/whitewashed-ol-kalou-s-crushing-blow-to-uda,negative,auto_cardiffnlp
Standard - Business,Why Kenya's middle class could be shrinking fast,"Sun, 19 Jul 2026 10:00:00 +0300",https://www.standardmedia.co.ke/business/article/2001553158/why-kenya-s-middle-class-could-be-shrinking-fast,negative,auto_cardiffnlp
Standard - Business,"State repeating costly errors of secrecy, debts in SGR extension to Malaba","Thu, 16 Jul 2026 07:55:00 +0300",https://www.standardmedia.co.ke/business/article/2001552897/state-repeating-costly-errors-of-secrecy-debts-in-sgr-extension-to-malaba,negative,auto_cardiffnlp
Standard - Business,Lamu refinery dream faces one major hurdle: Kenya's skills gap,"Thu, 16 Jul 2026 07:55:00 +0300",https://www.standardmedia.co.ke/business/article/2001552895/lamu-refinery-dream-faces-one-major-hurdle-kenya-s-skills-gap,negative,auto_cardiffnlp
Standard - Business,Why Africa's middle class no longer wants to retire in the village,"Thu, 16 Jul 2026 07:00:00 +0300",https://www.standardmedia.co.ke/business/article/2001552893/why-africa-s-middle-class-no-longer-wants-to-retire-in-the-village,negative,auto_cardiffnlp
Standard - Business,Why Dangote decided to build mega oil refinery in Lamu,"Wed, 15 Jul 2026 11:32:00 +0300",https://www.standardmedia.co.ke/business/article/2001552825/why-dangote-decided-to-build-mega-oil-refinery-in-lamu,negative,auto_cardiffnlp
Capital FM Kenya,KDF Foils Multiple Terror Plots After Recovering Four IEDs in Lamu,"Mon, 20 Jul 2026 05:27:41 +0000",https://capitalfm.africa/kdf-foils-multiple-terror-plots-after-recovering-four-ieds-in-lamu/,negative,auto_cardiffnlp
NTV Kenya,Unmasking faces behind Ol Kalou by-election terror and bribery,"Mon, 20 Jul 2026 06:31:53 +0000",https://ntvkenya.co.ke/news/ntv-unmasks-faces-behind-ol-kalou-by-election-terror-and-bribery/,negative,auto_cardiffnlp
NTV Kenya,Trump administration launches effort to dismantle International Criminal Court,"Wed, 15 Jul 2026 08:19:53 +0000",https://ntvkenya.co.ke/news/trump-administration-launches-effort-to-isolate-international-criminal-court/,negative,auto_cardiffnlp
NTV Kenya,"Ex-KDF Major Peter Mugure sentenced to life for murdering wife, two children","Wed, 15 Jul 2026 07:44:45 +0000",https://ntvkenya.co.ke/news/ex-kdf-major-peter-mugure-sentenced-to-life-for-murdering-wife-two-children/,negative,auto_cardiffnlp
NTV Kenya,Nakuru: Students torch school after being served soda instead of promised meat,"Tue, 14 Jul 2026 09:00:13 +0000",https://ntvkenya.co.ke/news/nakuru-students-torch-school-after-being-served-soda-instead-of-promised-meat/,negative,auto_cardiffnlp
NTV Kenya,‘VARgentina’ reach semi-finals under cloud of complaints,"Tue, 14 Jul 2026 08:18:08 +0000",https://ntvkenya.co.ke/news/vargentina-reach-semi-finals-under-cloud-of-complaints/,negative,auto_cardiffnlp
NTV Kenya,"US to block citizens in Congo from immediate travel home, citing Ebola","Tue, 14 Jul 2026 07:34:20 +0000",https://ntvkenya.co.ke/news/us-to-block-citizens-in-congo-from-immediate-travel-home-citing-ebola/,negative,auto_cardiffnlp
NTV Kenya,"EP9: Kabla ucomment social media, umewahi fikiria vile maneno Yako inaeza affect mtu?","Mon, 13 Jul 2026 10:33:31 +0000",https://ntvkenya.co.ke/podcast/e9-kabla-ucomment-social-media-umewahi-fikiria-vile-maneno-yako-inaeza-affect-mtu/,negative,auto_cardiffnlp
NTV Kenya,DCP accuses IEBC of bias after Wanjiku Muhia fine ahead of Ol Kalou mini poll,"Mon, 13 Jul 2026 07:11:45 +0000",https://ntvkenya.co.ke/politics/dcp-accuses-iebc-of-bias-after-wanjiku-muhia-fine-ahead-of-ol-kalou-mini-poll/,negative,auto_cardiffnlp
NTV Kenya,FIFA’s embrace of technology backfires in controversy-riven World Cup,"Fri, 10 Jul 2026 12:22:58 +0000",https://ntvkenya.co.ke/news/fifas-embrace-of-technology-backfires-in-controversy-riven-world-cup/,negative,auto_cardiffnlp
NTV Kenya,IEBC warns it could postpone Ol Kalou mini-poll over alleged malpractice,"Fri, 10 Jul 2026 07:17:24 +0000",https://ntvkenya.co.ke/news/iebc-warns-it-could-postpone-ol-kalou-mini-poll-over-alleged-malpractice/,negative,auto_cardiffnlp
NTV Kenya,"For all his records, Cristiano Ronaldo could not crack the World Cup","Thu, 09 Jul 2026 07:12:07 +0000",https://ntvkenya.co.ke/sports/for-all-his-records-ronaldo-could-not-crack-the-world-cup/,negative,auto_cardiffnlp
NTV Kenya,9000 students opt for non-degree courses despite qualifying for university,"Thu, 09 Jul 2026 07:05:14 +0000",https://ntvkenya.co.ke/news/9000-students-opt-for-non-degree-courses-despite-qualifying-for-university/,negative,auto_cardiffnlp
NTV Kenya,Oburu links ‘too much democracy’ to slow economic reforms,"Thu, 09 Jul 2026 06:33:21 +0000",https://ntvkenya.co.ke/politics/oburu-links-too-much-democracy-to-slow-economic-reforms/,negative,auto_cardiffnlp
NTV Kenya,Egypt FA criticises VAR after dramatic World Cup defeat by Argentina,"Wed, 08 Jul 2026 12:44:01 +0000",https://ntvkenya.co.ke/news/egypt-fa-criticises-var-after-dramatic-world-cup-defeat-by-argentina/,negative,auto_cardiffnlp
NTV Kenya,Egypt coach blasts refereeing and turns his back on World Cup,"Wed, 08 Jul 2026 07:03:59 +0000",https://ntvkenya.co.ke/sports-2/egypt-coach-blasts-refereeing-and-turns-his-back-on-world-cup/,negative,auto_cardiffnlp
NTV Kenya,Ship hit in Hormuz; Iran says no talks unless Trump halts threats,"Tue, 07 Jul 2026 10:25:31 +0000",https://ntvkenya.co.ke/news/ship-hit-in-hormuz-iran-says-no-talks-unless-trump-halts-threats/,negative,auto_cardiffnlp
NTV Kenya,Racist commentary about Black players comes under scrutiny at World Cup,"Mon, 06 Jul 2026 11:30:12 +0000",https://ntvkenya.co.ke/news/racist-commentary-about-black-players-comes-under-scrutiny-at-world-cup/,negative,auto_cardiffnlp
Citizen Digital (via Google News),"President Ruto's official State House website hacked, hackers demand Ksh.41 million - Citizen Digital","Sat, 18 Jul 2026 10:05:38 GMT",https://news.google.com/rss/articles/CBMivAFBVV95cUxOSzFrdEdFRTJuVGVBVG5CVFBRb21GSWdDQVU5Z1B0aTZTbHdxVVlDY3FMTVd0QnY3TUNqY1BYaG50ZW1oYlREdUlCQ1YxTEc1TVNUNG9IVjVmdGhvZ1prd0ozQnExLWNyaVhjU0dZZjVncWJQX3FJVXZpbFZfdVlpelQ1V2hRTUxuOUU4eGdfbEtXNUlEQnZVRVhRR3BFbGl6ZmUxSHc0QjFsNEpONDQxWGtTM1psOHM4Mk4yZA?oc=5,negative,auto_cardiffnlp
Citizen Digital (via Google News),"Ferry capsizes off Guyana, 66 people missing - Citizen Digital","Sun, 19 Jul 2026 18:55:29 GMT",https://news.google.com/rss/articles/CBMiiwFBVV95cUxOUDBqejFjVTFCcnJUR05nNi1VR09sQ3FXVW8ybUY2cjdISGJnMzAtQWtneUppSHFxbHV2VWZ3czNWaEpjWGJJVWhhZjJxTk40UVhkX2F5OFBPR3VVdmJOUGhRanktNW03cU9VaDIyNU1NajhaU2xYbnJXZW5FVzYtSWY2dmRDVHJQZ1Nr?oc=5,negative,auto_cardiffnlp
Citizen Digital (via Google News),Ex-police officer sentenced to 40 years for shooting colleague 10 times - Citizen Digital,"Fri, 17 Jul 2026 07:03:48 GMT",https://news.google.com/rss/articles/CBMisAFBVV95cUxNVkRIRWh3eU43eHBiZGI0M1RrU2xPRDFzdTA0WXhpdFlWVGRiQ0xUVW1rYU5qSnNWQUhlMG12NC16WWRpZnFSUjFzRU5McWZYNFUwWVFxemR5Q2l2aWtfZjF0dFdPQVdpeXdYQk5QeXJUQS1fUXp2MzdLZ1d4V1dWTG1ydGdYMmpGV09MaTBmVU5ZQ1BCVHJiSFBaMlliUG02MHN6bERianJucU5VbUg1YQ?oc=5,negative,auto_cardiffnlp
Citizen Digital (via Google News),"'Stay away from Kenya,' Gachagua tells tourists, investors over insecurity - Citizen Digital","Sun, 19 Jul 2026 11:23:16 GMT",https://news.google.com/rss/articles/CBMirwFBVV95cUxPaFBfaHZBV204YWhZNGFZTXRkY0pkbm1Qa0JkM3o3R2E2bjcyaGpoMnpCMFBoNFBxYlJ6X1R2cjBtZkwtRFQtWkpnYlhkVkhES2xMRUV6RDV5NVVnSk40aElSVTMwal84cWs4RGNzdzhFLWVHWThuejM0Z2Q1cUt4OVRrdFRfRnZ4bG5rRnd0M3N3X0FiVGVuMHhxOVRBb3RSYlBWa0NtSkUtcjJHRmdv?oc=5,negative,auto_cardiffnlp
Citizen Digital (via Google News),"Ol Kalou polls: UDA’s Muchina claims vehicle burnt, voter bribery in polling stations - Citizen Digital","Thu, 16 Jul 2026 19:13:17 GMT",https://news.google.com/rss/articles/CBMivwFBVV95cUxOQVNZbzY4UE1mR0hMVTd0bm5MX1pYSkFVRGJNZ3ItWE55a0R4ajZZSWxUa2JWU2VHNlVaemtIN1hxLS1lbUd2WFd1YTZ2VGl2ekRiblV3WC1DMWJfMWhEX2Zua3V1cVRkbUFoUnIxRWp6VlduSV9fVVVKQVdvQTV5WFVzUGJRVW9KOVBaaS1XalVVNFpZWVdaS1hxQ18zQkNnMzRFcEt5di1wMnBmUUtzSklqZld6emJjRGgwc01haw?oc=5,negative,auto_cardiffnlp
Citizen Digital (via Google News),"'Broad-based leaders are arrogant, don't listen to voters,' Millie Odhiambo on losing Ol Kalou poll - Citizen Digital","Sat, 18 Jul 2026 10:51:07 GMT",https://news.google.com/rss/articles/CBMizwFBVV95cUxNd2NNRWtuNXJUSkxNZmlISDFxckZQcTk5TnBIcWRTVVNtaFJLdlYweTZERFhvN0NYVk02YnpUUG1pbEJhYmdlY2F4ZkRSTURhTEV2S2RFZGJlZDJiSUdIQ3lmQ1l0YjJTekstQzNJUnRmZVNDSEdXQUd6a2xNUVR1R2lUT2NPQkI5NmtoWC1sS2tQTHZWM3VTTXZLbW9yQ25rT2NHWWtiNFVFeVh5dk5oNzduLXJwdTRfOEhVMHd5Wm92ZE1qQmtZdllhNkkxUDA?oc=5,negative,auto_cardiffnlp
Citizen Digital (via Google News),"'UDA is repeating Jubilee mistakes', Kang'ata says over Ol Kalou by-election outcome - Citizen Digital","Fri, 17 Jul 2026 13:26:23 GMT",https://news.google.com/rss/articles/CBMivAFBVV95cUxOUGtuYXJZTk1uVm1Tay16Tjc2d0xQczVlMFk5WlM3NFNsTlRPdHJRUEtqMy1OVmJRLVhXUUxValBCbkRjVGxvazl6cEdPQzNpT1NfNXhrMUpzelNmZ1diamtPMUxzLTMweFZsYlBCOU9Xa3A2dG1mQ0hIRGNBV19IVnBEV1ZNdGtIRVQ2cjk5dmxiNkpjaXFfaDQ2Q3NrOVlUbEg3YlNJeVhhLU9zdUoyQmx5Ny00NzlITWZzUg?oc=5,negative,auto_cardiffnlp
Citizen Digital (via Google News),"Gachagua: IG Kanja plotting to disrupt Ol Kalou poll with deployment of 2,000 police - Citizen Digital","Wed, 15 Jul 2026 10:42:20 GMT",https://news.google.com/rss/articles/CBMivwFBVV95cUxPZXJzUFVNS1djNjJiVzBjOE1PUEVsUFRHSDBOZ0ZuamVrdFNuQVkzN0VUalZ1UEdDQzVIRXZyRGxfSklKSWdkTGZrOE9ZM1pGODNMUWJtZFB2dm5UTjlOcXBncFVLU0hTYWxZNDZhby1PSDZWTmhobzE5dW5UV245M0pMbmlVS1FCZHFCZ1dUdVZZbVNKR1ZqRjlBeW9CaVBtVG1MNlp1Vk9wekdLbjB6c3p1ekNYVURpOUhnLUFnNA?oc=5,negative,auto_cardiffnlp
Citizen Digital (via Google News),Thousands of Ethiopians rally against Tigray recruitment drive - Citizen Digital,"Sun, 19 Jul 2026 01:29:15 GMT",https://news.google.com/rss/articles/CBMi1wFBVV95cUxQcVYzX2toOEx5TS1fZV9Odkx6eWVKT2dSQldJWHlrczAwaWNsS3dZcFVnVl9YX3d2SWVWdVJfbnBIclkzVEUzOEFjdzhfMUlWRFBVOUE2VF9teS04ejRBVUI1MGhKV1ZTVko0Rkd5TEJ0dlZ1cXZyTlI4UzZqbG9lN0J3R3Eyb01PWVVZb3BNTEdGNDZ6bThoeGJmejE0NV9vLVVhaXYweDJYZ09CLUtLSXFpbW9xSnpuV3otY3kyeWRraGh4Y21GVTg4bjdaU1FtQmlWYmZuQQ?oc=5,negative,auto_cardiffnlp
Citizen Digital (via Google News),UN experts say migrants abused at Tunisia-Libya border - Citizen Digital,"Thu, 16 Jul 2026 21:11:17 GMT",https://news.google.com/rss/articles/CBMi1wFBVV95cUxPWFFuZWVjdG1qSzlNdDRTdnFNcjMzejd3NUp1eTlaLTNZN2k4dFM1UWVyX2tNZDgxUVdkREEzUTUwNFg2eUl0WnF5LUFQVDllNklvREUxVThmQ2pGbXhudzNYd3JLbnR6Z3NUNV9nOW1faUhpNDJzQTNkTzg1T3ZJc0JMZEtlTE1NQzF0VHFhZGlKdXBoRDdGQW5Bc1VHbG1KQl85clR6UzFUc0RSUnBRQzVwaXFud3dWNExNM2NaTW04eHRiX196ejBncm9JMkFzUTRDS2VNYw?oc=5,negative,auto_cardiffnlp
Citizen Digital (via Google News),Trump's fiery China allegations may threaten superpower truce - Citizen Digital,"Fri, 17 Jul 2026 22:37:43 GMT",https://news.google.com/rss/articles/CBMiogFBVV95cUxOUG16MnlQWnl5X2ZfeC1uV0NLb25GcE5INjd2NWZzTDhsVnU4QW53X0pVRWwzLU42N1VJMHVKTFpTcno4eUtXRUl1U3AxVGhSVkMtX0h3Yi1PTFR1akRudXZLRF9Tc0VKYS1pczlqVm9HZnZmS2VaSUVGamgtc2UxQXVKcmxMb3VSS3NLUkpBY0dadjNjV19DeTJSYk1jRWZ2M3c?oc=5,negative,auto_cardiffnlp
Citizen Digital (via Google News),LSK announces nationwide court boycott over justice system concerns - Citizen Digital,"Sat, 18 Jul 2026 13:15:11 GMT",https://news.google.com/rss/articles/CBMiqwFBVV95cUxPcjIwd0tTajZDRlBaMFNZSUw5T0h4NWthZExYTW02b2VsV1RFbmdNR2hYWFlqbGFsM0E4dVJ0d01NU2psNk5BZ2pXVzhOZmMxS1I5dHFfeXBtN3lJLTU5X0lNSFZHb0NTOGU0YVcyTjRuZTNIb0xwdUUyQklnNUtJRE5hT0dJeW56Ml9aQ1FqLXpKTUZwY3Q1b3pRNEtSZHpreFFCeTdtdmh2VlE?oc=5,negative,auto_cardiffnlp
K24,World Cup: Scaloni breaks down during interview in emotional scenes after Argentina’s defeat,"Mon, 20 Jul 2026 05:56:15 +0000",https://k24.digital/sports/world-cup/world-cup-scaloni-breaks-down-during-interview-in-emotional-scenes-after-argentinas-defeat,negative,auto_cardiffnlp
K24,Lilian Ng’ang’a: Stop punishing children over poor exam performance,"Mon, 20 Jul 2026 03:04:58 +0000",https://k24.digital/entertainment/celebrity/lilian-nganga-stop-punishing-children-over-poor-exam-performance,negative,auto_cardiffnlp
KBC,"KDF foils multiple terror plots, neutralises four IEDs in Lamu","Mon, 20 Jul 2026 08:26:52 +0000",https://www.kbc.co.ke/kdf-foils-multiple-terror-plots-neutralises-four-ieds-in-lamu/,negative,auto_cardiffnlp
Standard - Politics,"Nakuru senator blames Ruto's inner circle for UDA woes, Ol Kalou defeat","Tue, 21 Jul 2026 11:53:09 +0300",https://www.standardmedia.co.ke/politics/article/2001553351/nakuru-senator-blames-ruto-s-inner-circle-for-uda-woes-ol-kalou-defeat,negative,auto_cardiffnlp
Standard - Politics,Of Ruto's 'monumental threat' and vote-securing calls: Inside Rift Valley's panic,"Tue, 21 Jul 2026 09:00:00 +0300",https://www.standardmedia.co.ke/politics/article/2001553305/of-ruto-s-monumental-threat-and-vote-securing-calls-inside-rift-valley-s-panic,negative,auto_cardiffnlp
Standard - Politics,Jubilee condemns Gachagua's call for tourists to boycott Kenya,"Mon, 20 Jul 2026 23:18:29 +0300",https://www.standardmedia.co.ke/politics/article/2001553326/jubilee-condemns-gachagua-s-call-for-tourists-to-boycott-kenya,negative,auto_cardiffnlp
Standard - Business,"Your biggest debt collector isn't human, it's the app you downloaded","Wed, 22 Jul 2026 06:00:00 +0300",https://www.standardmedia.co.ke/business/article/2001553414/your-biggest-debt-collector-isn-t-human-it-s-the-app-you-downloaded,negative,auto_cardiffnlp
Standard - Business,Borrowing spree: How expensive loans have pushed debt servicing to Sh862b,"Tue, 21 Jul 2026 09:00:00 +0300",https://www.standardmedia.co.ke/business/article/2001553316/borrowing-spree-how-expensive-loans-have-pushed-debt-servicing-to-sh862b,negative,auto_cardiffnlp
Business Daily Africa,Nairobi County locked out of World Bank billions,"Tue, 21 Jul 2026 11:57:54 GMT",https://www.businessdailyafrica.com/bd/economy/failed-reforms-lock-out-nairobi-county-world-bank-billions-5533276,negative,auto_cardiffnlp
Business Daily Africa,The cost of a healthy diet in Kenya up 76pc in eight years,"Tue, 21 Jul 2026 13:20:25 GMT",https://www.businessdailyafrica.com/bd/corporate/health/the-cost-of-a-healthy-diet-in-kenya-up-76pc-in-eight-years-5533394,negative,auto_cardiffnlp
Business Daily Africa,CAK probes supermarkets over misleading price tags,"Mon, 20 Jul 2026 17:37:15 GMT",https://www.businessdailyafrica.com/bd/economy/cak-probes-supermarkets-over-misleading-price-tags-5532774,negative,auto_cardiffnlp
The East African,"Dirty money curse: How voter bribery, unchecked spending sways democracy in Africa","Tue, 21 Jul 2026 16:08:40 GMT",https://www.theeastafrican.co.ke/tea/news/east-africa/how-voter-bribery-unchecked-spending-sways-democracy-in-africa-5533676,negative,auto_cardiffnlp
Kenyans.co.ke,DCI Warns of Online Exploitation Ring Targeting Women,2026-07-21T17:07:01+0300,https://www.kenyans.co.ke/news/125473-dci-rescues-5-women-suspected-online-sex-exploitation-ring-nairobi,negative,auto_cardiffnlp
Kenyans.co.ke,Global Experts Warn Kenyan Visa Applicants Amid Rising Scams,2026-07-21T15:19:23+0300,https://www.kenyans.co.ke/news/125470-vfs-global-warns-kenyans-against-visa-scams-applications-rise-20,negative,auto_cardiffnlp
Kenyans.co.ke,Ruto Issues Fresh Orders After Goons Terrorise Ol Kalou Residents,2026-07-21T15:12:07+0300,https://www.kenyans.co.ke/news/125469-ruto-orders-security-agencies-crush-all-criminality-linked-goonism,negative,auto_cardiffnlp
NTV Kenya,Messi says Argentina’s defeat by Spain left immense pain,"Tue, 21 Jul 2026 12:38:47 +0000",https://ntvkenya.co.ke/news/messi-says-argentinas-defeat-by-spain-left-immense-pain/,negative,auto_cardiffnlp
NTV Kenya,"Reckless social media posts could derail foreign scholarships, warns Mudavadi","Tue, 21 Jul 2026 10:06:26 +0000",https://ntvkenya.co.ke/news/reckless-social-media-posts-could-derail-foreign-scholarships-warns-mudavadi/,negative,auto_cardiffnlp
Citizen Digital (via Google News),"Over 17,000 packets of suspected counterfeit cigarettes seized in Thika - Citizen Digital","Tue, 21 Jul 2026 16:41:53 GMT",https://news.google.com/rss/articles/CBMirwFBVV95cUxQYW9sQlZteDM3ZjlBdzBfU3R1T3c2UXoxbnBzU1hzazF1Yi1mRkI4dC1xazZuaGV6Y0Z1ZHRSZW9Pck1iU1dCbGN3ZUZFejFUaDJNYWoxd29lLXZGQnhmU2JrLXZ5bjhyZmo0YXZFY3RQRHZ0N1B0REN6T3RIZTVzSFA3ZWhsWE5TbXJudklxNkNXb1R2MUowMzJmOU9PUzRLMmJBTFVoN2pGQzZha0Zr?oc=5,negative,auto_cardiffnlp
Citizen Digital (via Google News),Jubilee condemns Gachagua remarks on tourism boycott ahead of 2027 polls - Citizen Digital,"Tue, 21 Jul 2026 07:04:33 GMT",https://news.google.com/rss/articles/CBMisgFBVV95cUxPOHhTaVZVUVBObFVLbXhQUEI3VXRULTg4dTBjVDh1WWc3Q1UzOGR0NWdhY3BETkZtVDJxX2JIVlM2MVVqRFJkaHhMcFdVcF9IN1VWbU03Q2Y2V3lfbW1PY3lheFlkM1NiT1BYS24tbnlLTTB0Z2hPcmxDUEdQT2paS1lBT2E2dmhzYmlFU2hIQUNTY0hMbWg5a00tc1FkYmZzYVA2SkxhOTBCY3FiRzM5LU1n?oc=5,negative,auto_cardiffnlp
Citizen Digital (via Google News),East Africans find fragile refuge in Kenya as repression soars - Citizen Digital,"Mon, 20 Jul 2026 08:00:50 GMT",https://news.google.com/rss/articles/CBMipAFBVV95cUxNd21McUFlR2NvbXhQU2NSd19xRHZmYUQ3eERsbUZ3RlBFTzM3bmVTOWN4Y1Rkb1V3YUkxYTlFQkx0MDdqUmVubkV6Z3NLNHg4SGg0TGhtQWM4MlpsTGZhcXRiVmd3bWhxakdqbWtoVnhBaHR6NTNWRndKV0pKa050R2J6dGFmdjdEemNhTVhaZkgydE5xLVo5d2lfcUJWdWRJcFpreA?oc=5,negative,auto_cardiffnlp
Citizen Digital (via Google News),Messi denied dream farewell as abject Argentina lose World Cup final - Citizen Digital,"Mon, 20 Jul 2026 02:40:21 GMT",https://news.google.com/rss/articles/CBMirAFBVV95cUxObklzR0EyLXdrU1d4b1BzalhYbFJXS0FteFVVVjBrV0phTDRWOUFNc3phSmxyemplOWNzcktRb0xHOXRSV0lFSHJlMXN4eURCTExkdndZdVFWYTI0alJHVDdNb0s0Y0tMY0JqYkFabFFhVWlBMjhfYWt2cTY2dnhlZVQ5aXBWVEFQLUJHbXdnbXZpZk01Q0ZLS2p1R0dVbzJnR2pJVkpET0hGSEZU?oc=5,negative,auto_cardiffnlp
Citizen Digital (via Google News),La Liga chief says FIFA 'destroying football industry' - Citizen Digital,"Tue, 21 Jul 2026 18:53:48 GMT",https://news.google.com/rss/articles/CBMilwFBVV95cUxQdGFDMlFHaVBqTGpIWEdUUEVDNGxXRk1TZUNILWlGLXhSeElRMFlpaGpLWXNmbllRVHE4MUZlQ0NBUnJqaFJMZnJjSHN4SXlpUEhqb1JYT3ZqR294SWhFWU9FSXo0LXhUNVRzSG1vR1Zqblh1eGxMek5ZeHRxS21yc2dCZmw5Zk9XMVlfSFJUbjM4VTdUeTJZ?oc=5,negative,auto_cardiffnlp
K24,World Cup fatigue and injuries hit Arsenal harder than most EPL rivals,"Wed, 22 Jul 2026 06:57:18 +0000",https://k24.digital/sports/epl/world-cup-fatigue-and-injuries-hit-arsenal-harder-than-most-epl-rivals,negative,auto_cardiffnlp
K24,Peripartum cardiomyopathy: When pregnancy breaks the heart,"Tue, 21 Jul 2026 22:49:43 +0000",https://k24.digital/lifestyle/health-and-fitness/peripartum-cardiomyopathy-when-pregnancy-breaks-the-heart,negative,auto_cardiffnlp
K24,How to remove carpet odours without buying expensive products,"Tue, 21 Jul 2026 21:45:21 +0000",https://k24.digital/lifestyle/home-and-living/how-to-remove-carpet-odours-without-buying-expensive-products,negative,auto_cardiffnlp
K24,The explosion is what I remember: Man nearly sucked out of Ryanair plane recounts ordeal,"Tue, 21 Jul 2026 19:23:50 +0000",https://k24.digital/news/the-explosion-is-what-i-remember-man-nearly-sucked-out-of-ryanair-plane-recounts-ordeal,negative,auto_cardiffnlp
Kenya News Agency,Council of elders want action taken against goons,"Wed, 22 Jul 2026 08:12:15 +0000",https://www.kenyanews.go.ke/council-of-elders-want-action-taken-against-goons/,negative,auto_cardiffnlp
Capital FM Kenya,"Politicians Sponsoring Goons Risk Losing State Security, Coast Police Commander Warns","Wed, 22 Jul 2026 05:41:16 +0000",https://capitalfm.africa/politicians-sponsoring-goons-risk-losing-state-security-coast-police-commander-warns/,negative,auto_cardiffnlp
Capital FM Kenya,"Witness Says Brother Abandoned Schooling, Medical Care After Embracing Mackenzie Teachings","Wed, 22 Jul 2026 05:34:34 +0000",https://capitalfm.africa/witness-says-brother-abandoned-schooling-medical-care-after-embracing-mackenzie-teachings/,negative,auto_cardiffnlp
Capital FM Kenya,Lawyers Nationwide to Boycott Courts Over Orders Halting JSC Probes of Judges,"Wed, 22 Jul 2026 04:48:10 +0000",https://capitalfm.africa/lawyers-nationwide-to-boycott-courts-over-orders-halting-jsc-probes-of-judges/,negative,auto_cardiffnlp
Standard - Business,How poor planning costs Africa 80pc of its infrastructure projects,"Wed, 22 Jul 2026 13:44:00 +0300",https://www.standardmedia.co.ke/business/article/2001553476/how-poor-planning-costs-africa-80pc-of-its-infrastructure-projects,negative,auto_cardiffnlp
Capital FM Kenya,Gachagua reveals why he now believes Ruto was ‘overrated’,"Wed, 22 Jul 2026 17:21:56 +0000",https://capitalfm.africa/gachagua-reveals-why-he-now-believes-ruto-was-overrated/,negative,auto_cardiffnlp
NTV Kenya,Video analysis links police officer to Ol Kalou bribery allegations,"Wed, 22 Jul 2026 13:18:44 +0000",https://ntvkenya.co.ke/news/video-analysis-links-police-officer-to-ol-kalou-bribery-allegations/,negative,auto_cardiffnlp
NTV Kenya,"OpenAI AI models went rogue during testing, triggering hack at startup","Wed, 22 Jul 2026 11:57:59 +0000",https://ntvkenya.co.ke/news/openai-ai-models-went-rogue-during-testing-triggering-hack-at-startup/,negative,auto_cardiffnlp
NTV Kenya,"La Liga chief accuses FIFA of ‘destroying football industry’, calls for Infantino to quit","Wed, 22 Jul 2026 08:49:25 +0000",https://ntvkenya.co.ke/sports/la-liga-chief-accuses-fifa-of-destroying-football-industry-calls-for-infantino-to-quit/,negative,auto_cardiffnlp
Citizen Digital (via Google News),"Teachers reject SRC salary increments, cite disparities with other civil servants - Citizen Digital","Wed, 22 Jul 2026 12:26:57 GMT",https://news.google.com/rss/articles/CBMivAFBVV95cUxOUTNUNVNwQm5kdVlhR2pHWmZjZDNlcm1FRkI1SHBrcUxXbHZfTkRoLTk2ZGx3MnNhMnhKT0sydWpaMkd4bzdLMWM0dkRZR3FjQ3NlclhqSDNIcjVxcFUwUFRjcTl1WHBPRDBBaDl4NUJoZTgxZTdxUjhaalhoOV9mUUFIRUFoamE1NzVWS0lXbEhVN3RBMUxHYjh1SnVnQWVDLXpCTGc4ck9RNTI0eThaYUFreTVJYjFUb01sQQ?oc=5,negative,auto_cardiffnlp
Citizen Digital (via Google News),"Lawyers begin court boycott, mount pressure on Judicial accountability - Citizen Digital","Wed, 22 Jul 2026 09:45:42 GMT",https://news.google.com/rss/articles/CBMirwFBVV95cUxQTURTdzJNRUkwQXE0WGNCYlliSWFtUUNDYlNxV3BrM0lnU1g2M3RmT0dpV1ZOa2kxOVRpem5tU2ZYeWpVYlFFWWtPZWFNY3hUeDIwNnJkWEJHMzFuTktuQXlpNWlhRDRhV2hyeGdtd0ZhckMyb2xCdjlucnRKNV9iN3J2cEZiRUM2eldNb1pySHB2bDlkZ0V3MENwZVlqM3lMenB3VXAxSFljdF9yZDFz?oc=5,negative,auto_cardiffnlp
Citizen Digital (via Google News),Gov't speaks on viral video of Kenyan man harassing Burundian tea vendor - Citizen Digital,"Wed, 22 Jul 2026 14:48:03 GMT",https://news.google.com/rss/articles/CBMisAFBVV95cUxQNnZIbmVNZl9lV3RWYmxpRzgtaFlFY25rcUltN3FhNU9BQzZKZm5IMVdmNUFaRmpwZVJPVEFPQ2hOTERRdnJNYzRsN003dWp4OFBUT3FITUJhSWgwdkppNzNKVkVmWVVEcEZvR2NOVUIxeDZOaE5mTXVMRUY0WUpvQ25IazNfdzNVSF9hY3NYeHZ3eVNtMWkzM0pVSUM5eXhQSnU1QnVCdnZTRC03dGthTA?oc=5,negative,auto_cardiffnlp
Citizen Digital (via Google News),"'Talk without action will not work,' Archbishop Ole Sapit dares gov't on taming goonism - Citizen Digital","Wed, 22 Jul 2026 08:20:34 GMT",https://news.google.com/rss/articles/CBMiwAFBVV95cUxNRUpmWm1FYklxdGRkR2NSakU3dFhIblNrRTBnQ1diV2gyMUdEZnVxUDlYN1hZM2lzUXZGR2lJWDdvU0poSGctMkpaT0gzWTZwcUs5ZmhqNmZRcHRVa2pRWV84V1l4OFAyY1FjRlhTZnNXX3N3dEVYdnhuZ2JlVzM1cHNDb3JtZGpJaWVrdWliUURKTE5JWkFvNEFsUmEwTzZIbHNXMmdDRS1zMWdRSkdRVE1FODVHOWNiRkU4UUp4bzQ?oc=5,negative,auto_cardiffnlp
Citizen Digital (via Google News),'They want us gone' - Man Utd fans' fury over ticket ultimatum - Citizen Digital,"Wed, 22 Jul 2026 06:06:06 GMT",https://news.google.com/rss/articles/CBMingFBVV95cUxPa1BKY052bU4tOFhnc0FHOVltZ0tPemloMFVXSklwUmlteEFmOVZCSXRjVEVDNWNrdTNZU3hNYy0tUGxGLU4ta1ptTmlfNmY3WGJwS3RRanBTbWxEVTFwS2Q3YWNRbE5sRU9YVlI0Q0FVTjFMMHhRUTZSQ1VCYVN5UWQ3SFlJZ0daSTk1WldObW1QazFNa3pPV1g0Z2xKZw?oc=5,negative,auto_cardiffnlp
Citizen Digital (via Google News),ChatGPT creator says its model went rogue and hacked into another AI company - Citizen Digital,"Wed, 22 Jul 2026 14:02:10 GMT",https://news.google.com/rss/articles/CBMitwFBVV95cUxNaEdBbWRBcF90eTIxZkJSeUJORVRBRVg4cUxLdjJCNmN5V0l0NGdfY1lsWmI2UFJ6dTlUYmJ1VVM2R0hpNkI1ZGlQMWF2d0dVUk5YLTZkNmtXQkhoWTRwN3R3SGdWUXg0SFFVTmdzWlVNaGtwcUoxd29KVUh6OWtzXzRuRnNIbTVYTDV0U09SYXF0ZHk5WFVEWTMtam9TQmRxYnNrSU41WHh2OEhtZDRFcU03cVZwRGs?oc=5,negative,auto_cardiffnlp
K24,Foods that worsen anxiety: What to avoid on a stressful day,"Wed, 22 Jul 2026 18:20:31 +0000",https://k24.digital/lifestyle/food-and-culinary/foods-that-worsen-anxiety-what-to-avoid-on-a-stressful-day,negative,auto_cardiffnlp
K24,What jealousy in relationships signals and why suppressing it makes it worse,"Wed, 22 Jul 2026 16:53:11 +0000",https://k24.digital/lifestyle/love-and-relationships/what-jealousy-in-relationships-signals-and-why-suppressing-it-makes-it-worse,negative,auto_cardiffnlp
K24,Kenya Power highlights dangers of handling electrical appliances with wet hands,"Wed, 22 Jul 2026 14:20:40 +0000",https://k24.digital/lifestyle/home-and-living/kenya-power-highlights-dangers-of-handling-electrical-appliances-with-wet-hands,negative,auto_cardiffnlp
Standard - Politics,Clergy: 2027 elections may be flawed if goons are not tamed,"Thu, 23 Jul 2026 07:30:00 +0300",https://www.standardmedia.co.ke/politics/article/2001553511/clergy-2027-elections-may-be-flawed-if-goons-are-not-tamed,negative,auto_cardiffnlp
Standard - Politics,Why the President's allies are desperate for a divided Mt Kenya,"Thu, 23 Jul 2026 06:00:00 +0300",https://www.standardmedia.co.ke/politics/article/2001553506/why-the-president-s-allies-are-desperate-for-a-divided-mt-kenya,negative,auto_cardiffnlp
Capital FM Kenya,Murkomen accuses Gachagua of plotting militia ahead of 2027 polls,"Thu, 23 Jul 2026 11:31:05 +0000",https://capitalfm.africa/murkomen-accuses-gachagua-of-plotting-militia-ahead-of-2027-polls/,negative,auto_cardiffnlp
Capital FM Kenya,High Court Nullifies Ruto’s Public Debt Audit Task Force as Unconstitutional,"Thu, 23 Jul 2026 11:19:52 +0000",https://capitalfm.africa/high-court-nullifies-rutos-public-debt-audit-task-force-as-unconstitutional/,negative,auto_cardiffnlp
Capital FM Kenya,Murkomen orders ruthless nationwide crackdown on goons,"Thu, 23 Jul 2026 10:46:23 +0000",https://capitalfm.africa/murkomen-orders-ruthless-nationwide-crackdown-on-goons/,negative,auto_cardiffnlp
Kenyans.co.ke,KRA Announces 20-Hour Service Disruption Affecting eTIMS,2026-07-22T16:44:18+0300,https://www.kenyans.co.ke/news/125514-kra-announces-20-hour-scheduled-maintenance-etims-and-tims,negative,auto_cardiffnlp
Kenyans.co.ke,Drama at Nairobi National Park as KWS Locks Out Environmental Activists,2026-07-22T14:32:40+0300,https://www.kenyans.co.ke/news/125507-kws-blocks-activists-court-ordered-inspection-nairobi-national-park,negative,auto_cardiffnlp
Kenyans.co.ke,New Report Exposes Abuse of Kenyan Women Under Al-Shabaab Control,2026-07-22T13:32:19+0300,https://www.kenyans.co.ke/news/125496-new-report-exposes-abuse-kenyan-women-under-al-shabaab-control,negative,auto_cardiffnlp
NTV Kenya,Israelis fear US-Saudi nuclear deal could ignite Mideast arms race,"Thu, 23 Jul 2026 08:42:45 +0000",https://ntvkenya.co.ke/news/israelis-fear-us-saudi-nuclear-deal-could-ignite-mideast-arms-race/,negative,auto_cardiffnlp
Citizen Digital (via Google News),Father suspected of slitting 3-year-old son's throat in Gatundu - Citizen Digital,"Thu, 23 Jul 2026 08:33:00 GMT",https://news.google.com/rss/articles/CBMipAFBVV95cUxQOS1UUld0U3doQi1DODI1TWhWTkxESHZsbDVMbTN4V1VSbjhodUpJeG1HaGdBZkx0N0lmTzR3ck9HYzhZU3Rpci1sMDhDMzhzTm1abGZpNWlXT0hwTGQ2SG5ULUtWZnRRemYySFZNWEUxSmZHdlhoRTBmUGtZTnJHNVQyX2lOOFB4dUhvdVdtMWRlQk1IRHI3VFhYcHVKejVJYzNrZA?oc=5,negative,auto_cardiffnlp
Citizen Digital (via Google News),High Court declares Ruto's Public Debt Audit taskforce unconstitutional - Citizen Digital,"Thu, 23 Jul 2026 10:11:46 GMT",https://news.google.com/rss/articles/CBMirwFBVV95cUxQV1ZJYklEcEI4cE1mVzd3UFFqQmpyTTJJbWhoWFdrYVZXU3YwUkhyc0dRcG1vYzA1bk1pX0FBVU5pOVdFZ1FVcFhGWnlMeFpUM0pLTFlnQndCemp3eV9VVGpRQ2l4em9FdVQtSTdWdTRxMlJ1aXk4dEhsNC1VX1pmdFlHZlVOX3VXa0szdmNSSzZQdWJHUzhRRnQ0YlVOMFhuMTM3dGN2TnZ0YWxvdmlB?oc=5,negative,auto_cardiffnlp
Citizen Digital (via Google News),"TikTok removes 884,591 videos in Kenya over community guideline violations - Citizen Digital","Thu, 23 Jul 2026 08:27:08 GMT",https://news.google.com/rss/articles/CBMiswFBVV95cUxOLWZJaktkdFN0dmpyQnJRc1RfdTNoMmZ0SFpyOFNBbEh2VXJSdzhxcjFmVDA5bXB5NWpjcEVvOFBOdk9POFhkc1VIazBqd1BYTFdMTFFSWVlWc3FXdkg4NUpzMkI1V3JBVEVMRjNIeVI4NVcwQndjUFVmZlJkQTFhMy1oenlCeVVoSG9kUTBheHpscXZnS2VfZEZ5OVNxekJOZU5kblQzZ09xYmFMaFJqaHJCOA?oc=5,negative,auto_cardiffnlp
Citizen Digital (via Google News),"There's no place for goons in Kenya, perpetrators will face full force of the law - DP Kindiki - Citizen Digital","Wed, 22 Jul 2026 13:41:39 GMT",https://news.google.com/rss/articles/CBMizAFBVV95cUxNb0VtOHBJTlJQa0w0RkdvTGswdDNPbi1OckdlbjdKS0dCTEVOZjUxSE1hTWhEX200YTZmV1gwamZ2Tkt3blJVZlpWYUtWYjgtN0ZUYjhnai1hYVVabEJXNmxOaGVDVHY5WEpyUl9qaWpDSVl0S1RoZkR2bUxhNjRRZEI2dDZ1eTRqemc2V0VkSlNUbWEzQXFhUENMSEZWTGFRbldkZ1RHRXdUdjJlWVdzQ3VjV2tUVndxV1pXal9ibGZJTkhLRUdRZk1ncHI?oc=5,negative,auto_cardiffnlp
K24,Why your Bluetooth earbuds stutter whenever the microwave is running,"Thu, 23 Jul 2026 09:48:28 +0000",https://k24.digital/lifestyle/technology/why-your-bluetooth-earbuds-stutter-whenever-the-microwave-is-running,negative,auto_cardiffnlp
K24,"TikTok removes 884,591 videos in Kenya over community guideline violations","Thu, 23 Jul 2026 09:45:17 +0000",https://k24.digital/news/tiktok-removes-884591-videos-in-kenya-over-community-guideline-violations,negative,auto_cardiffnlp
K24,Pritty Vishy breaks down after faulty equipment disrupts her first DJ gig,"Thu, 23 Jul 2026 07:16:50 +0000",https://k24.digital/entertainment/celebrity/pritty-vishy-breaks-down-after-faulty-equipment-disrupts-her-first-dj-gig,negative,auto_cardiffnlp
K24,How consuming piping-hot beverages increases oesophageal cancer risk,"Thu, 23 Jul 2026 07:13:39 +0000",https://k24.digital/lifestyle/health-and-fitness/how-consuming-piping-hot-beverages-increases-oesophageal-cancer-risk,negative,auto_cardiffnlp
KBC,KUPPET says new teachers’ salary review fails to address pay inequality,"Thu, 23 Jul 2026 09:26:40 +0000",https://www.kbc.co.ke/kuppet-says-new-teachers-salary-review-fails-to-address-pay-inequality/,negative,auto_cardiffnlp
Standard - Politics,Orengo: ODM has been reduced to a Luo party,"Thu, 23 Jul 2026 15:50:03 +0300",https://www.standardmedia.co.ke/politics/article/2001553569/orengo-odm-has-been-reduced-to-a-luo-party,negative,auto_cardiffnlp
Capital FM Kenya,Dentists reject KMPDC plan to let non-dentists offer dental care,"Thu, 23 Jul 2026 15:09:30 +0000",https://capitalfm.africa/dentists-reject-kmpdc-plan-to-let-non-dentists-offer-dental-care/,negative,auto_cardiffnlp
NTV Kenya,US tests GMO flies in rush to fight flesh-eating livestock pest,"Thu, 23 Jul 2026 13:40:00 +0000",https://ntvkenya.co.ke/news/us-tests-gmo-flies-in-rush-to-fight-flesh-eating-livestock-pest/,negative,auto_cardiffnlp
Citizen Digital (via Google News),Drama as burial of Embu man ends in chaos after wife omitted from eulogy - Citizen Digital,"Thu, 23 Jul 2026 15:54:01 GMT",https://news.google.com/rss/articles/CBMisgFBVV95cUxPVGtyUUhNMWxiZlZIWWY0TjZQS2l5dkRlbUlkZ0lNUDNkWm9QSkJLTksxRGRfT3MzUVFwbWFoTzVETW1OWGVzZTMzZFBMb1pKQW1RTWVIangwR1FueWJ3ZWVuQVVtSGozV0UzSFVTd29xa29JY1lVcXhpS1Z5TFNkcWFrZ2o3cnZPSV9MQUN4SnN0ekxrd1FRNnp3V3dRbWRFX0ROQ1k2dW9tRTJoWmxiZXRn?oc=5,negative,auto_cardiffnlp
Citizen Digital (via Google News),Obado's claim that he accepted Sharon Otieno's pregnancy was not sincere; court rules - Citizen Digital,"Thu, 23 Jul 2026 12:19:44 GMT",https://news.google.com/rss/articles/CBMivwFBVV95cUxQU3FZTkx4RUtGTFVMQXllemZSSUx4ZlVXUVJHcjI5cFVlOF9IUU1PMk9pUnd6RkkxaDl5QUhrRndfV0FfekItRmFPeDV6ODJIYUZDd09SVWF2THFlYWZRWl9hQ3hDd1VKNFRHTW5sd21vSlhQdFFQVno4RmsySEhadlBDVUNqWF9PNFY1bUJiN0l6M0RSRU8ydmhEYUIteTd1MEpGZXZ5ekNWellkZG5TRUIteDU0VDBfRkpLN19zNA?oc=5,negative,auto_cardiffnlp
Citizen Digital (via Google News),"Gachagua claims new killer police squad being trained in Moyale, wants Murkomen sacked - Citizen Digital","Wed, 22 Jul 2026 18:31:46 GMT",https://news.google.com/rss/articles/CBMiwwFBVV95cUxQRUFvcnB0Wk5CQ3FzTjFGdS1FMUlpelpqamo3TlI5Z2pOLW0zV01YQVBvaEhsSi03Y1llZ19qTEUySUFFZEJxOXFqOWNMR05vQUpCNlBQMzdISnlFbVM5cGdCU3pWdjJqOEt3Y2FXV05yamVqcjVpSUJ4U2twbDZscHlGUjc2aHdxeWZxYWdVYWxidGE4U3BvR2p0Z3BtaHUyZHM3WGRSM0ZoTjhhaE9lckJUUFJYZEd3dFR4V3JWb01Wa28?oc=5,negative,auto_cardiffnlp
K24,Raw chicken and other foods you should not wash before cooking,"Thu, 23 Jul 2026 19:48:15 +0000",https://k24.digital/lifestyle/food-and-culinary/raw-chicken-and-other-foods-you-should-not-wash-before-cooking,negative,auto_cardiffnlp
K24,"How misusing asthma, diabetes & livestock drugs as slimming pills could land you in ICU","Thu, 23 Jul 2026 12:24:00 +0000",https://k24.digital/lifestyle/health-and-fitness/how-misusing-asthma-diabetes-livestock-drugs-as-slimming-pills-could-land-you-in-icu,negative,auto_cardiffnlp
Standard - Politics,Ruto's rating drops to 24,"Fri, 24 Jul 2026 18:05:59 +0300",https://www.standardmedia.co.ke/politics/article/2001553680/ruto-s-rating-drops-to-24,negative,auto_cardiffnlp
Standard - Politics,"Sonko blames Supreme Court for political woes, vows to fight back","Fri, 24 Jul 2026 15:17:42 +0300",https://www.standardmedia.co.ke/politics/article/2001553650/sonko-blames-supreme-court-for-political-woes-vows-to-fight-back,negative,auto_cardiffnlp
Standard - Business,"Illicit alcohol makes up 60pc of Kenya's consumption, says industry lobby","Fri, 24 Jul 2026 15:45:34 +0300",https://www.standardmedia.co.ke/business/article/2001553657/illicit-alcohol-makes-up-60pc-of-kenya-s-consumption-says-industry-lobby,negative,auto_cardiffnlp
The East African,Why Gachagua is fresh headache for opposition alliance,"Sat, 25 Jul 2026 01:25:48 GMT",https://www.theeastafrican.co.ke/tea/news/east-africa/why-gachagua-is-fresh-headache-for-opposition-alliance-5536856,negative,auto_cardiffnlp
The East African,International Criminal Court members dismiss prosecutor Khan over sexual misconduct allegation,"Sat, 25 Jul 2026 00:48:36 GMT",https://www.theeastafrican.co.ke/tea/news/world/icc-members-dismiss-prosecutor-khan-sexual-misconduct-allegation-5536846,negative,auto_cardiffnlp
The East African,International Criminal Court drops case against Darfur militia leader,"Fri, 24 Jul 2026 02:22:46 GMT",https://www.theeastafrican.co.ke/tea/news/north-africa/icc-drops-case-against-darfur-militia-leader-5535740,negative,auto_cardiffnlp
NTV Kenya,Gachagua launches ‘Operation Fagia’ targeting Kenya Kwanza loyalists,"Fri, 24 Jul 2026 09:57:37 +0000",https://ntvkenya.co.ke/news/gachagua-launches-operation-fagia-targeting-kenya-kwanza/,negative,auto_cardiffnlp
NTV Kenya,Somali pirates seize control of Tanzanian fuel tanker hijacked off Yemen,"Fri, 24 Jul 2026 08:08:53 +0000",https://ntvkenya.co.ke/news/somali-pirates-seize-control-of-tanzanian-fuel-tanker-hijacked-off-yemen/,negative,auto_cardiffnlp
Citizen Digital (via Google News),'I was misquoted!' Duale defends anti-Kikuyu remarks as NCIC opens probe - Citizen Digital,"Fri, 24 Jul 2026 17:11:32 GMT",https://news.google.com/rss/articles/CBMirgFBVV95cUxPT0xnUTRrNWEyMU5Vcy0tVVNEai1hZ3ptYXdMbHB5UHdZY0tEWW1IclVfUGNPc25jckNKNEtXQWVfTW1MM1pkbW9zd3hqWDRZdWNmTGRoR00zTXVtVjB3b05wZ3V3emtnRVBrVjU4NlAtZmVWZjVCOGpWYy13QTlTcVliM2NxaUVKcFVoS2NPWE5lSGZrWnltNllUdnFaUl9DaXZubmppcTFqSGRKaVE?oc=5,negative,auto_cardiffnlp
K24,Adelle Onyango opens up about how traditional media robbed her of confidence,"Sat, 25 Jul 2026 11:15:15 +0000",https://k24.digital/entertainment/celebrity/adelle-onyango-opens-up-about-how-traditional-media-robbed-her-of-confidence,negative,auto_cardiffnlp
K24,Why hot water shrinks cotton shirts and how to stop it,"Sat, 25 Jul 2026 09:43:25 +0000",https://k24.digital/lifestyle/fashion-and-beauty/why-hot-water-shrinks-cotton-shirts-and-how-to-stop-it,negative,auto_cardiffnlp
K24,Why airplane food tastes bland while high in the air,"Sat, 25 Jul 2026 09:41:25 +0000",https://k24.digital/lifestyle/food-and-culinary/why-airplane-food-tastes-bland-while-high-in-the-air,negative,auto_cardiffnlp
K24,"Pritty Vishy announces social media break, says DJ journey left her feeling defeated and hated","Sat, 25 Jul 2026 04:45:40 +0000",https://k24.digital/entertainment/celebrity/pritty-vishy-announces-social-media-break-says-dj-journey-left-her-feeling-defeated-and-hated,negative,auto_cardiffnlp
The Star,Google fined €890m by EU for favouring its own apps over rivalsThe total fine handed down to Google comprises of two separate breaches of the DMA,,https://www.the-star.co.ke/news/world/2026-07-23-google-fined-eur890m-by-eu-for-favouring-its-own-apps-over-rivals,negative,auto_cardiffnlp
The Star,"OpenAI says its AI went rogue and launched 'unprecedented' cyber-attackThe ChatGPT-maker said its agent - an AI system which can operate alone after human instruction – was being tested in a controlled environment but, after finding weaknesses, was able to escape the test limits.",,https://www.the-star.co.ke/news/world/2026-07-23-openai-says-its-ai-went-rogue-and-launched-unprecedented-cyber-attack,negative,auto_cardiffnlp
The Star,Cocaine worth $370m seized in Liberia's biggest-ever drugs bustVideos and photos released by police showed dozens of sealed suitcases and boxes inside a lorry.,,https://www.the-star.co.ke/news/africa/2026-07-22-cocaine-worth-370m-seized-in-liberias-biggest-ever-drugs-bust,negative,auto_cardiffnlp
The Star,"Ghanaian politician sentenced to 20 years for illegal miningBernard Antwi Boasiako, known as ""Chairman Wontumi"", was also fined more than $10,000 (£7,450).",,https://www.the-star.co.ke/news/africa/2026-07-21-ghanaian-politician-sentenced-to-20-years-for-illegal-mining,negative,auto_cardiffnlp
The Star,MPs cry foul after costly by-election defeat,,https://www.the-star.co.ke/news/corridors-of-power/2026-07-23-mps-cry-foul-after-costly-by-election-defeat,negative,auto_cardiffnlp
The Star,Dismal party resullts in by-elections raise queries on top aspirant's influenceThe results were so bad that they have triggered a debate about a principal’s grip on the party,,https://www.the-star.co.ke/news/corridors-of-power/2026-07-19-dismal-party-resullts-in-by-elections-raise-queries-on-top-aspirants-influence,negative,auto_cardiffnlp
The Star,Wedding bells on hold? Power couple hit by split rumoursThe romance hit a rough patch after the woman allegedly made away with substantial cash.,,https://www.the-star.co.ke/news/corridors-of-power/2026-07-15-wedding-bells-on-hold-power-couple-hit-by-split-rumours,negative,auto_cardiffnlp
The Star,"Ten years after losing her arms, Mwende still carries GBV scarsToday, the mother of one lives with permanent disability, says emotional wounds fresh",,https://www.the-star.co.ke/news/big-read/2026-07-17-ten-years-after-losing-her-arms-mwende-still-carries-gbv-scars,negative,auto_cardiffnlp
The Star,Mathare GBV survivors turn dumpsite into memorial parkDhobi Women’s Network turned land filled with trash into therapeutic tree-planting zone,,https://www.the-star.co.ke/news/big-read/2026-07-08-mathare-gbv-survivors-turn-dumpsite-into-memorial-park,negative,auto_cardiffnlp
The Star,Failed rains trigger digital maize damage assessmentMaize farmers in the North Rift are facing heavy losses after the rains failed soon after planting about a month ago,,https://www.the-star.co.ke/counties/rift-valley/2026-07-16-failed-rains-trigger-digital-maize-damage-assessment,negative,auto_cardiffnlp
The Star,Duale tells off Gachagua over Ol Kalou by-election victoryDuale said Gachagua's claims of delivering a major political blow to UDA were misleading,,https://www.the-star.co.ke/counties/north-eastern/2026-07-21-duale-tells-off-gachagua-over-ol-kalou-by-election-victory,negative,auto_cardiffnlp
The Star,Where's Mukhtar? Garissa family alleges man's abduction by policeMukhtar was allegedly taken on June 15 at around 5 pm while seeking medical treatment in Holugho,,https://www.the-star.co.ke/counties/north-eastern/2026-07-20-wheres-mukhtar-garissa-family-alleges-mans-abduction-by-police,negative,auto_cardiffnlp
The Star,Court rejects bid to halt fresh Dock Workers Union electionsKebira rejects attempts by ex-secretary general Owuor and six other officials to stop the implementation of the court's June 17 judgment,,https://www.the-star.co.ke/counties/coast/2026-07-23-court-rejects-bid-to-halt-fresh-dock-workers-union-elections,negative,auto_cardiffnlp
The Star,Finnish firm loses bid to overturn KPA’s Sh1 billion port equipment tender awardKPA disqualified Kalmar at financial evaluation stage after discovering the firm had altered the pre-set quantity in a section of its price schedule.,,https://www.the-star.co.ke/counties/coast/2026-07-22-finnish-firm-loses-bid-to-overturn-kpas-sh1-billion-port-equipment-tender-award,negative,auto_cardiffnlp
The Star,Mombasa turns to tech to fix Majengo sewer menaceMCA says residents bear a big portion of the blame for the broken sewer system,,https://www.the-star.co.ke/counties/coast/2026-07-18-mombasa-turns-to-tech-to-fix-majengo-sewer-menace,negative,auto_cardiffnlp
The Star,"Nassir disputes claims of medicine shortage at Coast General HospitalHe said of the 249 facilities, the county only manages 52 (about 30 per cent) which are public facilities.",,https://www.the-star.co.ke/counties/coast/2026-07-16-nassir-disputes-claims-of-medicine-shortage-at-coast-general-hospital,negative,auto_cardiffnlp
The Star,Luo elders urge politicians to engage youths as goonism threatens 2027 election PeaceCouncil chairman Nyandiko Ongadi said the elders were concerned by the conduct of some youths,,https://www.the-star.co.ke/counties/nyanza/2026-07-21-luo-elders-urge-politicians-to-engage-youths-as-goonism-threatens-2027-election-peace,negative,auto_cardiffnlp
The Star,"Reject MP Caroli in 2027, Mbadi tells Suba South residentsMbadi urged Suba South voters not to re-elect MP Caroli, cites leadership concerns",,https://www.the-star.co.ke/counties/nyanza/2026-07-20-reject-mp-caroli-in-2027-mbadi-tells-suba-south-residents,negative,auto_cardiffnlp
The Star,"Owalo: Politics cannot be anchored on handouts""Handouts are not development and handouts are not sustainable,” Owalo said",,https://www.the-star.co.ke/counties/nyanza/2026-07-20-owalo-politics-cannot-be-anchored-on-handouts,negative,auto_cardiffnlp
The Star,Magwanga: This is why I resigned as Homa Bay Deputy GovernorMagwanga claimed that the frustrations began when he tried to advise the governor to honour their campaign pledges.,,https://www.the-star.co.ke/counties/nyanza/2026-07-19-magwanga-this-is-why-i-resigned-as-homa-bay-deputy-governor,negative,auto_cardiffnlp
The Star,Police appeal for urgent facelift of Malaba police stationThe facility has a leaking roof that threatens safety of essential documents.,,https://www.the-star.co.ke/counties/western/2026-07-22-police-appeal-for-urgent-facelift-of-malaba-police-station,negative,auto_cardiffnlp
The Star,Western governors condemn use of goons to disrupt public eventsGovernor Barasa warned that the practice threatens public safety and national stability if not checked.,,https://www.the-star.co.ke/counties/western/2026-07-17-western-governors-condemn-use-of-goons-to-disrupt-public-events,negative,auto_cardiffnlp
The Star,Thieves steal 27 laptops in Teso school break-inSchool principal Ronald Orodi said the thieves also broke into the kitchen but stole nothing,,https://www.the-star.co.ke/counties/western/2026-07-16-thieves-steal-27-laptops-in-teso-school-break-in,negative,auto_cardiffnlp
The Star,Kitui teachers demand security after two colleagues killedKitui Kuppet executive secretary Philip Maanzo says the killings have exposed teachers' vulnerability and heightened fears over their safety.,,https://www.the-star.co.ke/counties/eastern/2026-07-23-kitui-teachers-demand-security-after-two-colleagues-killed,negative,auto_cardiffnlp
The Star,"Fuel subsidy deficit pressure denies consumers price reliefAs of last month, it owed Oil Marketing Companies over Sh20 billion in pending fuel subsidy arrears.",,https://www.the-star.co.ke/business/markets/2026-07-16-fuel-subsidy-deficit-pressure-denies-consumers-price-relief-1,negative,auto_cardiffnlp
The Star,MUTORO: Shrinkflation: One of Kenya's most under-litigated consumer harms,,https://www.the-star.co.ke/business/commentary/2026-07-20-mutoro-shrinkflation-one-of-kenyas-most-under-litigated-consumer-harms,negative,auto_cardiffnlp
The Star,MACHIRA: Workers savings not for solving cash flow problemsEvery month that contributions remain unremitted means lost investment income and reduced retirement benefits.,,https://www.the-star.co.ke/business/commentary/2026-06-22-machira-workers-savings-not-for-solving-cash-flow-problems,negative,auto_cardiffnlp
The Star,"MUGA: Clashing incentives in the conserving of wildlifeWithout the active participation of locals in the conserving of the elephant populations at Amboseli, the elephants would be doomed.",,https://www.the-star.co.ke/opinion/columnists/2026-07-20-muga-clashing-incentives-in-the-conserving-of-wildlife,negative,auto_cardiffnlp
The Star,"MUSAU: Cry, the beloved country lost to goons, pathetic politiciansUnholy alliance between politicians and goons poses an existential threat to the soul of our republic",,https://www.the-star.co.ke/opinion/columnists/2026-07-16-musau-cry-the-beloved-country-lost-to-goons-pathetic-politicians,negative,auto_cardiffnlp
The Star,"OKANGO: Goonism Economy threatens our democracyThose who hire goons must be named, shamed and ostracised",,https://www.the-star.co.ke/opinion/columnists/2026-07-14-wednesday-oped-okango-goonism-economy-threatens-our-democracy-1,negative,auto_cardiffnlp
The Star,"EDITORIAL: Consumers deserve honesty, not hidden inflationThis silent erosion of value has become one of the most overlooked threats to consumer welfare.",,https://www.the-star.co.ke/opinion/leader/2026-07-20-editorial-consumers-deserve-honesty-not-hidden-inflation,negative,auto_cardiffnlp
The Star,EDITORIAL: End Kenya's descent into goon ruleViolence cannot become an acceptable campaign strategy or a tool for settling political scores.,,https://www.the-star.co.ke/opinion/leader/2026-07-19-editorial-end-kenyas-descent-into-goon-rule,negative,auto_cardiffnlp
The Star,"EDITORIAL: Rein in thugs before the country collapsesWhen states surrender the monopoly of lawful force, criminal networks inevitably fill the vacuum",,https://www.the-star.co.ke/opinion/leader/2026-07-14-wednesday-leader-rein-in-thugs-before-the-country-collapses-1,negative,auto_cardiffnlp
The Star,G-SPOT: Confessions of a chronic boda boda overpayerI feel for folks undercut by ride-hailing apps even as customers welcome savings,,https://www.the-star.co.ke/sasa/lifestyle/2026-07-17-g-spot-confessions,negative,auto_cardiffnlp
The Star,"‘It got out of hand’: Fight against self-pleasuringKenyans addicted to masturbation blame adolescence, loneliness and adult entertainment",,https://www.the-star.co.ke/sasa/lifestyle/2026-07-16-guilty-pleasure,negative,auto_cardiffnlp
The Star,Weak hands and blurry vision: Are you getting a 'phone body'?Rates of myopia (near sightedness) have been skyrocketing for decades.,,https://www.the-star.co.ke/sasa/technology/2026-07-01-weak-hands-and-blurry-vision-are-you-getting-a-phone-body,negative,auto_cardiffnlp
The Star,"JIJI NDOGO: It can’t be a girl, vows SophiaSchool fire makes Makini’s pregnant wife think twice about getting a daughter",,https://www.the-star.co.ke/sasa/entertainment/2026-07-04-jiji-ndogo,negative,auto_cardiffnlp
The Star,"SOCIETY TALK: Bad house helps? Give me a breakPerfect domestic workers do not exist, so learn to co-exist",,https://www.the-star.co.ke/sasa/society/2026-08-04-society-talk-bad-house-helps-give-me-a-break,negative,auto_cardiffnlp
The Star,SOCIETY TALK: Why is Mombasa so full of beggars?Young boys are taking over the streets as though driven into begging by cartel,,https://www.the-star.co.ke/sasa/society/2026-06-25-society-talk,negative,auto_cardiffnlp
The Star,TIDBITS OF HOPE: When my friend resigned last weekI saw in her the frustration of workers fed up with 9 to 5 jobs,,https://www.the-star.co.ke/sasa/society/2026-06-25-tidbits,negative,auto_cardiffnlp
The Star,"KISIA: Inside Kenya's growing goon economyFrom campaign rallies to churches, goonism is fast becoming part of Kenya's public life.",,https://www.the-star.co.ke/siasa/2026-07-19-kisia-inside-kenyas-growing-goon-economy,negative,auto_cardiffnlp
The Star,"Why Africa's climate message is getting lost in translationAccording to Otteng, many rural communities still interpret climate change simply as changing weather patterns.",,https://www.the-star.co.ke/climate-change/2026-07-06-why-africas-climate-message-is-getting-lost-in-translation,negative,auto_cardiffnlp
The Star,"Sanitary pads rising as pollutant in oceanThe pads are threatening fish, marine ecosystems and food safety, marine scientists say",,https://www.the-star.co.ke/climate-change/2026-06-19-sanitary-pads-rising-as-pollutant-in-ocean,negative,auto_cardiffnlp
NTV Kenya,Shilling stability under threat as economic pressures mount,,https://ntvkenya.co.ke/news/shilling-stability-under-threat-as-economic-pressures-mount/,negative,auto_cardiffnlp
NTV Kenya,Iran prepares to bury slain supreme leader with week of mass mourning,,https://ntvkenya.co.ke/news/iran-prepares-to-bury-slain-supreme-leader-with-week-of-mass-mourning/,negative,auto_cardiffnlp
NTV Kenya,Scared but staying: Some migrants dig in as South Africa turns hostile,,https://ntvkenya.co.ke/news/scared-but-staying-some-migrants-dig-in-as-south-africa-turns-hostile/,negative,auto_cardiffnlp
NTV Kenya,"KRA rules out extension of tax filing deadline, warns of penalties",,https://ntvkenya.co.ke/news/kra-rules-out-extension-of-tax-filing-deadline-warns-taxpayers-of-penalties/,negative,auto_cardiffnlp
NTV Kenya,Kenyan editors condemn NMG-Uganda shutdown by Museveni’s son Gen...,,https://ntvkenya.co.ke/news/kenyan-editors-condemn-nmg-uganda-shutdown-by-musevenis-son-gen-muhoozi/,negative,auto_cardiffnlp
NTV Kenya,South Africa’s anti-migrant deadline forces fathers to leave...,,https://ntvkenya.co.ke/news/south-africas-anti-migrant-deadline-forces-fathers-to-leave-families-behind/,negative,auto_cardiffnlp
NTV Kenya,South Korea president calls for investigation after poor World Cup showing,,https://ntvkenya.co.ke/news/south-korea-president-calls-for-investigation-after-poor-world-cup-showing/,negative,auto_cardiffnlp
NTV Kenya,ODM moves to oust Sifuna as secretary general,,https://ntvkenya.co.ke/news/odm-moves-to-oust-sifuna-as-secretary-general/,negative,auto_cardiffnlp
NTV Kenya,NCIC launches probe into UDA’s Hassan Omar over alleged hate speech,,https://ntvkenya.co.ke/politics/ncic-launches-probe-into-udas-hassan-omar-over-alleged-hate-speech/,negative,auto_cardiffnlp
NTV Kenya,‘Don’t force yourself on citizens’ – Museveni warns leaders,,https://ntvkenya.co.ke/news/dont-impose-yourself-on-the-people-museveni-warns-leaders/,negative,auto_cardiffnlp
NTV Kenya,"Court rejects bid to withdraw MP Salasya’s hate speech case, orders...",,https://ntvkenya.co.ke/news/court-rejects-bid-to-withdraw-mp-salasyas-hate-speech-case-orders-public-apology/,negative,auto_cardiffnlp
NTV Kenya,Wamatangi claims political persecution after demolition of businesses near...,,https://ntvkenya.co.ke/news/wamatangi-claims-political-persecution-after-demolition-of-businesses-near-nyayo-stadium/,negative,auto_cardiffnlp
NTV Kenya,Minnesota heist debacle: North Eastern MPs accuse Gachagua of profiling...,,https://ntvkenya.co.ke/news/minnesota-heist-debacle-north-eastern-mps-accuse-gachagua-of-profiling-somali-community/,negative,auto_cardiffnlp
NTV Kenya,African Union condemns US raid in Venezuela after capture of President...,,https://ntvkenya.co.ke/news/african-union-condemns-us-raid-in-venezuela-after-capture-of-president-maduro/,negative,auto_cardiffnlp
NTV Kenya,ODM exodus: MP Caroli Omondi rules out re-election on party ticket,,https://ntvkenya.co.ke/news/several-odm-mps-may-seek-re-election-outside-party-ticket-in-2027/,negative,auto_cardiffnlp
NTV Kenya,"Church service turns chaotic as Wamatangi, Alice Ng’ang’a camps clash...",,https://ntvkenya.co.ke/news/church-service-turns-chaotic-as-rival-kiambu-gubernatorial-camps-clash-in-front-of-ruto/,negative,auto_cardiffnlp
NTV Kenya,Wamatangi claims life in danger after bullet fired near his residence,,https://ntvkenya.co.ke/news/wamatangi-claims-life-in-danger-after-bullet-fired-near-his-residence/,negative,auto_cardiffnlp
NTV Kenya,Outrage as Uganda police unleash dogs at opposition rallies,,https://ntvkenya.co.ke/news/outrage-as-uganda-police-unleash-dogs-at-opposition-rallies/,negative,auto_cardiffnlp
NTV Kenya,"Low turnout, bribery claims cloud Kariobangi North Ward by-election",,https://ntvkenya.co.ke/news/low-turnout-bribery-claims-cloud-kariobangi-north-ward-by-election/,negative,auto_cardiffnlp
NTV Kenya,Vehicle torched amid confrontations in Malava,,https://ntvkenya.co.ke/news/vehicle-torched-amid-confrontations-in-malava/,negative,auto_cardiffnlp
NTV Kenya,Natembeya accuses Ruto of intimidation after security withdrawal,,https://ntvkenya.co.ke/news/natembeya-accuses-ruto-of-intimidation-after-security-withdrawal/,negative,auto_cardiffnlp
NTV Kenya,Amnesty accuses State of weaponising technology to silence dissent,,https://ntvkenya.co.ke/news/amnesty-says-state-is-weaponising-technology-to-silence-dissent/,negative,auto_cardiffnlp
NTV Kenya,"Tanzania may struggle to get funding due to tarnished image, Samia Suluhu...",,https://ntvkenya.co.ke/news/tanzania-may-struggle-to-get-funding-due-to-tarnished-image-samia-suluhu-says/,negative,auto_cardiffnlp
NTV Kenya,South Sudan president sacks powerful VP Bol Mel,,https://ntvkenya.co.ke/news/south-sudan-president-sacks-powerful-vp-bol-mel/,negative,auto_cardiffnlp
NTV Kenya,Mali TikTok influencer abducted and executed after pro-army posts,,https://ntvkenya.co.ke/news/mali-tiktok-influencer-abducted-and-executed-after-pro-army-posts/,negative,auto_cardiffnlp
NTV Kenya,"Ex-Botswana president slams African leaders clinging to power, takes swipe...",,https://ntvkenya.co.ke/news/ex-botswana-president-slams-african-leaders-clinging-to-power-takes-swipe-at-suluhu/,negative,auto_cardiffnlp
Citizen Digital,4 hours ago'We're angry and we’ll teach you a lesson!' Gachagua warns Ruto over alleged betrayal of Mt. KenyaBy Brian KimaniGachagua noted that his party would form a historic wave that would seek to unseat President Ruto's administration. He declared that his former boss and the UDA pa...Read More,,https://citizen.digital/article/were-angry-and-well-teach-you-a-lesson-gachagua-warns-ruto-over-alleged-betrayal-of-mt-kenya-n386983,negative,auto_cardiffnlp
Citizen Digital,"News•2 minutes ago'Goonism is being exaggerated,' Murkomen says as he blames politiciansBy Willy Lusige",,https://citizen.digital/article/goonism-is-being-exaggerated-murkomen-says-as-he-blames-politicians-n387020,negative,auto_cardiffnlp
Citizen Digital,2-year-old girl drowns in a borehole in Kisumu,,https://citizen.digital/article/2-year-old-girl-drowns-in-a-borehole-in-kisumu-n386946,negative,auto_cardiffnlp
Citizen Digital,Traders count losses as Kirinyaga Road repairs drag on,,https://citizen.digital/article/traders-count-losses-as-kirinyaga-road-repairs-drag-on-n386622,negative,auto_cardiffnlp
Citizen Digital,"Kenyan football is paying the price for childhood malnutrition, warns former Gor Mahia assistant coach",,https://citizen.digital/article/kenyan-football-is-paying-the-price-for-childhood-malnutrition-warns-former-gor-mahia-assistant-coach-n386471,negative,auto_cardiffnlp
The Standard,Kenya Dental Association opposes KMPDC's proposed scope of practice,,https://www.standardmedia.co.ke/national/article/2001553580/kenya-dental-association-opposes-kmpdcs-proposed-scope-of-practice,negative,auto_cardiffnlp
The Standard,"TikTok removes more than 884,000 videos in Kenya over guideline violations",,https://www.standardmedia.co.ke/national/article/2001553549/tiktok-removes-more-than-884000-videos-in-kenya-over-guideline-violations,negative,auto_cardiffnlp
The Standard,"This man, Charles Owino: Loyalist 'spin doctor ', comes to defend the indefensible",,https://www.standardmedia.co.ke/national/article/2001553504/this-man-charles-owino-loyalist-spin-doctor-comes-to-defend-the-indefensible,negative,auto_cardiffnlp
The Standard,How missing Kiamaiko trader Zizo was abducted by armed men in police uniform,,https://www.standardmedia.co.ke/national/article/2001553460/how-missing-kiamaiko-trader-zizo-was-abducted-by-armed-men-in-police-uniform,negative,auto_cardiffnlp
The Standard,"'Like a war zone': France evacuates 20,000 due to wildfires",,https://www.standardmedia.co.ke/environment-climate/article/2001553620/like-a-war-zone-france-evacuates-20000-due-to-wildfires,negative,auto_cardiffnlp
The Standard,"Hunger bites as hundreds flee West Pokot for Uganda in search of pasture, water",,https://www.standardmedia.co.ke/rift-valley/article/2001553470/hunger-bites-as-hundreds-flee-west-pokot-for-uganda-in-search-of-pasture-water,negative,auto_cardiffnlp
The Standard,Kilifi contractors decry unpaid dues after the county scrapped stalled projects,,https://www.standardmedia.co.ke/coast/article/2001553445/kilifi-contractors-decry-unpaid-dues-after-the-county-scrapped-stalled-projects,negative,auto_cardiffnlp
The Standard,Alarm over rising cases of suicide among men in Taita Taveta,,https://www.standardmedia.co.ke/coast/article/2001553313/alarm-over-rising-cases-of-suicide-among-men-in-taita-taveta,negative,auto_cardiffnlp
The Standard,County workers' pension at risk in Sh2 billion Lapfund real estate mess,,https://www.standardmedia.co.ke/business/financial-standard/article/2001552716/county-workers-pension-at-risk-in-sh2-billion-lapfund-real-estate-mess,negative,auto_cardiffnlp
The Standard,PremiumWhy African teams keep struggling at World Cup,,https://www.standardmedia.co.ke/business/sports/article/2001552000/why-african-teams-keep-struggling-at-world-cup,negative,auto_cardiffnlp
The Standard,PremiumWhy Harambee Stars coach McCarthy is a frustrated man,,https://www.standardmedia.co.ke/business/football/article/2001549600/why-harambee-stars-coach-mccarthy-is-a-frustrated-man,negative,auto_cardiffnlp
The Standard,African hustlers did not create this xenophobia. It's Africa's failures,,https://www.standardmedia.co.ke/business/opinion/article/2001552228/african-hustlers-did-not-create-this-xenophobia-its-africas-failures,negative,auto_cardiffnlp
The Standard,Why formal jobs remain out of reach for Africa's youth,,https://www.standardmedia.co.ke/business/work-life/article/2001547082/why-formal-jobs-remain-out-of-reach-for-africas-youth,negative,auto_cardiffnlp
The Standard,"How pre-import vehicle inspection reforms birthed monopoly, unending court battles",,https://www.standardmedia.co.ke/business/motoring/article/2001552575/how-pre-import-vehicle-inspection-reforms-birthed-monopoly-unending-court-battles,negative,auto_cardiffnlp
The Standard,Deadly wildfires force thousands from homes in parts of Europe,,https://www.standardmedia.co.ke/europe/article/2001553538/deadly-wildfires-force-thousands-from-homes-in-parts-of-europe,negative,auto_cardiffnlp
The Standard,"Trump vows to bomb Iran bridges, power plants when it fires on Hormuz ships",,https://www.standardmedia.co.ke/america/article/2001553490/trump-vows-to-bomb-iran-bridges-power-plants-when-it-fires-on-hormuz-ships,negative,auto_cardiffnlp
The Standard,"AI playing a growing role in child sexual abuse, German report warns",,https://www.standardmedia.co.ke/world/article/2001553403/ai-playing-a-growing-role-in-child-sexual-abuse-german-report-warns,negative,auto_cardiffnlp
The Standard,Iran targets US military assets as Houthis threaten to expand Mideast war,,https://www.standardmedia.co.ke/world/article/2001553336/iran-targets-us-military-assets-as-houthis-threaten-to-expand-mideast-war,negative,auto_cardiffnlp
The Standard,Survivors warn of loopholes in Hong Kong sexual offence reforms,,https://www.standardmedia.co.ke/world/article/2001553263/survivors-warn-of-loopholes-in-hong-kong-sexual-offence-reforms,negative,auto_cardiffnlp
The Standard,Men with mental health issues urged to seek professional help,,https://www.standardmedia.co.ke/health/health-science/article/2001553449/men-with-mental-health-issues-urged-to-seek-professional-help,negative,auto_cardiffnlp
The Standard,25 million kids missed routine vaccinations because of Covid-19,,https://www.standardmedia.co.ke/health/nutrition-wellness/article/2001450593/25-million-kids-missed-routine-vaccinations-because-of-covid-19,negative,auto_cardiffnlp
The Standard,I feared losing my baby: Regina's journey through epileptic pregnancy,,https://www.standardmedia.co.ke/health/reproductive-health/article/2001550327/i-feared-losing-my-baby-reginas-journey-through-epileptic-pregnancy,negative,auto_cardiffnlp
The Standard,Why 'forever chemical' TFA is toxic for human reproduction,,https://www.standardmedia.co.ke/health/reproductive-health/article/2001549985/why-forever-chemical-tfa-is-toxic-for-human-reproduction,negative,auto_cardiffnlp
The Standard,Obstetric fistula exposes gaps in Kenya's maternal healthcare system,,https://www.standardmedia.co.ke/health/reproductive-health/article/2001548781/obstetric-fistula-exposes-gaps-in-kenyas-maternal-healthcare-system,negative,auto_cardiffnlp
The Standard,Low uptake of the Hepatitis B vaccine among health workers puts them at risk,,https://www.standardmedia.co.ke/health/reproductive-health/article/2001545993/low-uptake-of-the-hepatitis-b-vaccine-among-health-workers-puts-them-at-risk,negative,auto_cardiffnlp
The Standard,"Homa Bay, Garisa, Kwale and Mandera counties worst to be a new mother",,https://www.standardmedia.co.ke/health/reproductive-health/article/2001545796/homa-bay-garisa-kwale-and-mandera-counties-worst-to-be-a-new-mother,negative,auto_cardiffnlp
The Standard,"Toxic chemicals threatening Kenya's children, women",,https://www.standardmedia.co.ke/health/health-science/article/2001553218/toxic-chemicals-threatening-kenyas-children-women,negative,auto_cardiffnlp
The Standard,From war to fear: Children seeking asylum still at risks at Kakuma refugees camp,,https://www.standardmedia.co.ke/health/health-science/article/2001553091/from-war-to-fear-children-seeking-asylum-still-at-risks-at-kakuma-refugees-camp,negative,auto_cardiffnlp
The Standard,Kenya's new health policies are abandoning infertile Wanjiku,,https://www.standardmedia.co.ke/health/health-opinion/article/2001552981/kenyas-new-health-policies-are-abandoning-infertile-wanjiku,negative,auto_cardiffnlp
The Standard,"Graves, crying families as cheap, killer liquor rules Kathonzweni",,https://www.standardmedia.co.ke/health/mental-health/article/2001552251/graves-crying-families-as-cheap-killer-liquor-rules-kathonzweni,negative,auto_cardiffnlp
The Standard,"Shame of Sh300,000 reward for KVF league champs after grueling season",,https://www.standardmedia.co.ke/sports/volleyball-and-handball/article/2001553550/shame-of-sh300000-reward-for-kvf-league-champs-after-grueling-season,negative,auto_cardiffnlp
The Standard,Heartbreak as Shujaa miss HSBC SVNS Division One promotion,,https://www.standardmedia.co.ke/sports/rugby/article/2001549810/heartbreak-as-shujaa-miss-hsbc-svns-division-one-promotion,negative,auto_cardiffnlp
The Standard,'The last of Messi': Argentines mourn loss and end of an era,,https://www.standardmedia.co.ke/sports/football/article/2001553297/the-last-of-messi-argentines-mourn-loss-and-end-of-an-era,negative,auto_cardiffnlp
The Standard,Why African teams keep struggling at World Cup,,https://www.standardmedia.co.ke/sports/sports/article/2001552000/why-african-teams-keep-struggling-at-world-cup,negative,auto_cardiffnlp
The Standard,Why Harambee Stars coach McCarthy is a frustrated man,,https://www.standardmedia.co.ke/sports/football/article/2001549600/why-harambee-stars-coach-mccarthy-is-a-frustrated-man,negative,auto_cardiffnlp
The Standard,"Harmonize blasts Kajala mid-concert, accuses her of disrespecting him over age gap...",,https://www.standardmedia.co.ke/entertainment/article/2001553545/harmonize-blasts-kajala-mid-concert-accuses-her-of-disrespecting-him-over-age-gap,negative,auto_cardiffnlp
The Standard,"Early smartphone use linked to anxiety, poor self-esteem and mental health risks among children...",,https://www.standardmedia.co.ke/features/article/2001553050/early-smartphone-use-linked-to-anxiety-poor-self-esteem-and-mental-health-risks-among-children,negative,auto_cardiffnlp
The Standard,22 pedestrians arraigned for failing to use footbridge at Allsops,,https://www.standardmedia.co.ke/news/article/2001553379/22-pedestrians-arraigned-for-failing-to-use-footbridge-at-allsops,negative,auto_cardiffnlp
The Standard,"TikTok removes 884k videos, 49k underage Kenyan accounts over guideline violations",,https://www.standardmedia.co.ke/newsbeat/article/2001553546/tiktok-removes-884k-videos-49k-underage-kenyan-accounts-over-guideline-violations,negative,auto_cardiffnlp
The Standard,"KUPPET rejects SRC salary increments, cites widening pay gap",,https://www.standardmedia.co.ke/education/article/2001553525/kuppet-rejects-src-salary-increments-cites-widening-pay-gap,negative,auto_cardiffnlp
The Standard,Ruto promises free university education after three failed funding experiments,,https://www.standardmedia.co.ke/education/article/2001553405/ruto-promises-free-university-education-after-three-failed-funding-experiments,negative,auto_cardiffnlp
The Standard,REVEALED: Worst subjects among KCSE top performers,,https://www.standardmedia.co.ke/education/article/2001553154/revealed-worst-subjects-among-kcse-top-performers,negative,auto_cardiffnlp
The Standard,School in Kiambu closed following Sexual predation allegations,,https://www.standardmedia.co.ke/education/article/2001552800/school-in-kiambu-closed-following-sexual-predation-allegations,negative,auto_cardiffnlp
The Standard,Hyenas impose night lockdown in Mara villages,,https://www.standardmedia.co.ke/environment-climate/article/2001553513/hyenas-impose-night-lockdown-in-mara-villages,negative,auto_cardiffnlp
The Standard,"We have no place to go, lament Nithi bridge land owners",,https://www.standardmedia.co.ke/environment-climate/article/2001552457/we-have-no-place-to-go-lament-nithi-bridge-land-owners,negative,auto_cardiffnlp
The Standard,Government's 15b tree campaign contradicted by forest destruction,,https://www.standardmedia.co.ke/environment-climate/article/2001552436/governments-15b-tree-campaign-contradicted-by-forest-destruction,negative,auto_cardiffnlp
The Standard,Raising Lake Naivasha's water causes wildlife displacement,,https://www.standardmedia.co.ke/environment-climate/article/2001552348/raising-lake-naivashas-water-causes-wildlife-displacement,negative,auto_cardiffnlp
The Standard,Government plan for public participation in Imenti Forest project is illegal,,https://www.standardmedia.co.ke/environment-climate/article/2001552107/government-plan-for-public-participation-in-imenti-forest-project-is-illegal,negative,auto_cardiffnlp
The Standard,"Billions lost as leaks, illegal connections drain Kenya's water sector",,https://www.standardmedia.co.ke/environment-climate/article/2001551838/billions-lost-as-leaks-illegal-connections-drain-kenyas-water-sector,negative,auto_cardiffnlp
The Standard,Kenyans warned of diseases and destruction as El Nino closes in,,https://www.standardmedia.co.ke/environment-climate/article/2001551679/kenyans-warned-of-diseases-and-destruction-as-el-nino-closes-in,negative,auto_cardiffnlp
The Standard,Experts sound alarm over rising pollution in crucial Athi River,,https://www.standardmedia.co.ke/environment-climate/article/2001551539/experts-sound-alarm-over-rising-pollution-in-crucial-athi-river,negative,auto_cardiffnlp
The Standard,"How e-waste causes biodiversity loss, health challenges in humans",,https://www.standardmedia.co.ke/environment-climate/article/2001551284/how-e-waste-causes-biodiversity-loss-health-challenges-in-humans,negative,auto_cardiffnlp
The Standard,Why Kenya's artificial intelligence rush could end in expensive failure,,https://www.standardmedia.co.ke/opinion/article/2001553383/why-kenyas-artificial-intelligence-rush-could-end-in-expensive-failure,negative,auto_cardiffnlp
The Standard,Gachagua didn't just win Ol Kalou; He buried Ruto's hustler dream,,https://www.standardmedia.co.ke/opinion/article/2001553309/gachagua-didnt-just-win-ol-kalou-he-buried-rutos-hustler-dream,negative,auto_cardiffnlp
The Standard,Act now to silence the drums of war,,https://www.standardmedia.co.ke/opinion/article/2001553312/act-now-to-silence-the-drums-of-war,negative,auto_cardiffnlp
The Standard,Attacking journalists will not win UDA votes,,https://www.standardmedia.co.ke/opinion/article/2001553232/attacking-journalists-will-not-win-uda-votes,negative,auto_cardiffnlp
The Standard,Success of 'PITO' principle and the fear it has sparked in Europe and United States,,https://www.standardmedia.co.ke/opinion/article/2001553233/success-of-pito-principle-and-the-fear-it-has-sparked-in-europe-and-united-states,negative,auto_cardiffnlp
The Standard,Why management of healthcare workers should be reconsidered,,https://www.standardmedia.co.ke/opinion/article/2001553240/why-management-of-healthcare-workers-should-be-reconsidered,negative,auto_cardiffnlp
The Standard,"""When the altar blames the miniskirt!"" Perhaps it is celibacy, not women, that needs a confession",,https://www.standardmedia.co.ke/opinion/article/2001553244/when-the-altar-blames-the-miniskirt-perhaps-it-is-celibacy-not-women-that-needs-a-confession,negative,auto_cardiffnlp
The Standard,Pork barrel politics will be the end of us,,https://www.standardmedia.co.ke/opinion/article/2001553155/pork-barrel-politics-will-be-the-end-of-us,negative,auto_cardiffnlp
The Standard,From drugs to insecurity: How Nairobi's Eastleigh is being strangled,,https://www.standardmedia.co.ke/nairobi/article/2001553225/from-drugs-to-insecurity-how-nairobis-eastleigh-is-being-strangled,negative,auto_cardiffnlp
The Standard,Restaurant evicted from Uchumi's Lang'ata branch despite earlier court orders,,https://www.standardmedia.co.ke/nairobi/article/2001553152/restaurant-evicted-from-uchumis-langata-branch-despite-earlier-court-orders,negative,auto_cardiffnlp
The Standard,"Traders feel the heat as Sakaja, Kenya Power standoff persists",,https://www.standardmedia.co.ke/nairobi/article/2001552909/traders-feel-the-heat-as-sakaja-kenya-power-standoff-persists,negative,auto_cardiffnlp
The Standard,Heavy police presence brings Thika Road to a standstill on Saba Saba,,https://www.standardmedia.co.ke/nairobi/article/2001552208/heavy-police-presence-brings-thika-road-to-a-standstill-on-saba-saba,negative,auto_cardiffnlp
The Standard,Rivers Commission decries delay of clean-up exercise,,https://www.standardmedia.co.ke/nairobi/article/2001552108/rivers-commission-decries-delay-of-clean-up-exercise,negative,auto_cardiffnlp
The Standard,Activist slams state narrative over enforced disappearances,,https://www.standardmedia.co.ke/nairobi/article/2001551761/activist-slams-state-narrative-over-enforced-disappearances,negative,auto_cardiffnlp
The Standard,Construction authority cracks down on rogue developers,,https://www.standardmedia.co.ke/nairobi/article/2001551586/construction-authority-cracks-down-on-rogue-developers,negative,auto_cardiffnlp
The Standard,Embakasi-Wall Street Business Park razed down,,https://www.standardmedia.co.ke/nairobi/article/2001551359/embakasi-wall-street-business-park-razed-down,negative,auto_cardiffnlp
The Standard,Hundreds stranded as police seal off Mombasa Road at Mlolongo,,https://www.standardmedia.co.ke/nairobi/article/2001551248/hundreds-stranded-as-police-seal-off-mombasa-road-at-mlolongo,negative,auto_cardiffnlp
The Standard,"'Don't make us your goons,' boda boda riders warn politicians ahead of Gen Z demos",,https://www.standardmedia.co.ke/nairobi/article/2001551176/dont-make-us-your-goons-boda-boda-riders-warn-politicians-ahead-of-gen-z-demos,negative,auto_cardiffnlp
The Standard,"Land cartels, goons keep a tight grip on Kirimas' 1,000 acres in the city",,https://www.standardmedia.co.ke/nairobi/article/2001550942/land-cartels-goons-keep-a-tight-grip-on-kirimas-1000-acres-in-the-city,negative,auto_cardiffnlp
The Standard,Traders suffer huge losses in Gikomba fire,,https://www.standardmedia.co.ke/nairobi/article/2001550949/traders-suffer-huge-losses-in-gikomba-fire,negative,auto_cardiffnlp
The Star,Huge explosion and fire rip through Essex industrial siteA number of buildings and vehicles on farmland were gutted by the fire,,https://www.the-star.co.ke/news/world/2026-07-25-huge-explosion-and-fire-rip-through-essex-industrial-site,negative,auto_cardiffnlp
The Star,Health CS Duale under fire over remarks made in Mandera,,https://www.the-star.co.ke/counties/north-eastern/2026-07-24-health-cs-duale-under-fire-over-remarks-made-in-mandera,negative,auto_cardiffnlp
The Star,Lobby to Opposition: Stop politicising security issuesThe Mt. Kenya Political Leaders for Change decried smear campaign against CS Murkomen,,https://www.the-star.co.ke/counties/central/2026-07-24-lobby-to-opposition-stop-politicising-security-issues,negative,auto_cardiffnlp
The Star,Principal denies assaulting her estranged husbandPlea briefly delayed after defence filed two applications to stop proceedings,,https://www.the-star.co.ke/counties/central/2026-07-24-principal-denies-assaulting-her-estranged-husband,negative,auto_cardiffnlp
The Star,"Wandayi, Omollo fault Orengo over anti-Ruto campaignWandayi said Orengo's politics was unfit for the development of the Luo Nyanza region",,https://www.the-star.co.ke/counties/nyanza/2026-07-24-wandayi-omollo-fault-orengo-over-anti-ruto-campaign,negative,auto_cardiffnlp
The Star,"Kenya moves to end harassment of truck drivers in South SudanBilateral talks target illegal roadblocks, extortion as insecurity continues to disrupt regional trade",,https://www.the-star.co.ke/business/kenya/2026-07-24-kenya-moves-to-end-harassment-of-truck-drivers-in-south-sudan,negative,auto_cardiffnlp
The Star,Police CCTV should not have a delete button,,https://www.the-star.co.ke/opinion/columnists/2026-07-25-police-cctv-should-not-have-a-delete-button,negative,auto_cardiffnlp
The Star,End culture of broken promises,,https://www.the-star.co.ke/opinion/leader/2026-07-25-end-culture-of-broken-promises,negative,auto_cardiffnlp
The Star,"TIDBITS OF HOPE: The most enduring legacy of colonialismSpeaking in mother tongue would earn you a ‘disk’, embedding inferiority complex that carries elsewhere",,https://www.the-star.co.ke/sasa/lifestyle/2026-07-22-tidbits-of-hope,negative,auto_cardiffnlp
The Star,"SOCIETY TALK: Beautiful game hit by hate, bias",,https://www.the-star.co.ke/sasa/society/2026-07-22-society-talk,negative,auto_cardiffnlp
Citizen Digital,News•16 hours ago'I was misquoted!' Duale defends anti-Kikuyu remarks as NCIC opens probeBy Benjamin Muriuki,,https://citizen.digital/article/i-was-misquoted-duale-defends-anti-kikuyu-remarks-as-ncic-opens-probe-n387076,negative,auto_cardiffnlp
Citizen Digital,"7 hours agoIOC reject complaint against FIFA chief Infantino over 'political neutrality'By AFPThe FairSquare complaint alleges that Infantino has ""repeatedly breached IOC's rules on political neutrality by offering his political support for US president Donald Trump""....Read More",,https://citizen.digital/article/ioc-reject-complaint-against-fifa-chief-infantino-over-politicaleutrality-n387081,negative,auto_cardiffnlp
Citizen Digital,"7 hours agoWaiguru demands apology from Duale over Ol Kalou ethnic remarksBy Citizen ReporterIn a statement posted on her Facebook page on Friday, Waiguru said it was dangerous to reduce the government's political challenges to tribal prejudice, particularly gi...Read More",,https://citizen.digital/article/waiguru-demands-apology-from-duale-over-ol-kalou-ethnic-remarks-n386830,negative,auto_cardiffnlp
Citizen Digital,Police rescue 30 women found in Ongata Rongai house in alleged sexual exploitation,,https://citizen.digital/article/police-rescue-30-women-found-in-ongata-rongai-house-in-alleged-sexual-exploitation-n387044,negative,auto_cardiffnlp
Citizen Digital,Google fined Ksh.129B by European Union for favouring its apps in search results,,https://citizen.digital/article/google-fined-ksh129b-by-european-union-for-favouring-its-apps-in-search-results-n387036,negative,auto_cardiffnlp
The Standard,"Duale denies ethnic incitement claims, says remarks taken out of context",,https://www.standardmedia.co.ke/national/article/2001553693/duale-denies-ethnic-incitement-claims-says-remarks-taken-out-of-context,negative,auto_cardiffnlp
The Standard,Kenya denies end of UK military deal after BATUK training row,,https://www.standardmedia.co.ke/national/article/2001553671/kenya-denies-end-of-uk-military-deal-after-batuk-training-row,negative,auto_cardiffnlp
The Standard,'Immoral and illegal': Atwoli slams KCAA over NYS plan,,https://www.standardmedia.co.ke/national/article/2001553647/immoral-and-illegal-atwoli-slams-kcaa-over-nys-plan,negative,auto_cardiffnlp
The Standard,KDA opposes scope-of-practice rules over patient safety concerns,,https://www.standardmedia.co.ke/national/article/2001553591/kda-opposes-scope-of-practice-rules-over-patient-safety-concerns,negative,auto_cardiffnlp
The Standard,EADB's Kenya operations on the spot amid Sh6.6b loss fears,,https://www.standardmedia.co.ke/business/business/article/2001553730/eadbs-kenya-operations-on-the-spot-amid-sh66b-loss-fears,negative,auto_cardiffnlp
The Standard,Cancer in rural Kilifi: a different kind of pain and suffering,,https://www.standardmedia.co.ke/coast/article/2001553662/cancer-in-rural-kilifi-a-different-kind-of-pain-and-suffering,negative,auto_cardiffnlp
The Standard,Cattle rustling victims allege foul play in restocking exercise,,https://www.standardmedia.co.ke/central/article/2001553629/cattle-rustling-victims-allege-foul-play-in-restocking-exercise,negative,auto_cardiffnlp
The Standard,Day two of lawyers boycott,,https://www.standardmedia.co.ke/coast/article/2001553611/day-two-of-lawyers-boycott,negative,auto_cardiffnlp
The Standard,PremiumEbola at State House? 14 staff quarantined as Ruto's Congo trip shelved,,https://www.standardmedia.co.ke/business/health-science/article/2001553663/ebola-at-state-house-14-staff-quarantined-as-rutos-congo-trip-shelved,negative,auto_cardiffnlp
The Standard,PremiumWhy the 13th Parliament should never be forgiven,,https://www.standardmedia.co.ke/business/opinion/article/2001553699/why-the-13th-parliament-should-never-be-forgiven,negative,auto_cardiffnlp
The Standard,"Untamed wildfires force over 160,000 to flee in France, Spain",,https://www.standardmedia.co.ke/europe/article/2001553704/untamed-wildfires-force-over-160000-to-flee-in-france-spain,negative,auto_cardiffnlp
The Standard,EU accuses TikTok of exposing children to risks online,,https://www.standardmedia.co.ke/europe/article/2001553653/eu-accuses-tiktok-of-exposing-children-to-risks-online,negative,auto_cardiffnlp
The Standard,Kidney transplant patients accuse SHA of 'punitive' rules that put lives at risk,,https://www.standardmedia.co.ke/health/health-science/article/2001553656/kidney-transplant-patients-accuse-sha-of-punitive-rules-that-put-lives-at-risk,negative,auto_cardiffnlp
The Standard,"Illegal dental clinics put patients at risk despite laws, dental federation warns",,https://www.standardmedia.co.ke/health/health-science/article/2001553689/illegal-dental-clinics-put-patients-at-risk-despite-laws-dental-federation-warns,negative,auto_cardiffnlp
The Standard,"Why dating, motherhood remain lonely battles for women with sickle cell",,https://www.standardmedia.co.ke/health/reproductive-health/article/2001553633/why-dating-motherhood-remain-lonely-battles-for-women-with-sickle-cell,negative,auto_cardiffnlp
The Standard,"Poverty, childhood hunger linked to brain resilience",,https://www.standardmedia.co.ke/health/health-science/article/2001553216/poverty-childhood-hunger-linked-to-brain-resilience,negative,auto_cardiffnlp
The Standard,ICC fires former Ruto lawyer Karim Khan over sexual misconduct findings,,https://www.standardmedia.co.ke/newsbeat/article/2001553717/icc-fires-former-ruto-lawyer-karim-khan-over-sexual-misconduct-findings,negative,auto_cardiffnlp
The Standard,"Fake KDF soldier accused of stealing Sh653,000 from girlfriend after mysterious return",,https://www.standardmedia.co.ke/newsbeat/article/2001553710/fake-kdf-soldier-accused-of-stealing-sh653000-from-girlfriend-after-mysterious-return,negative,auto_cardiffnlp
The Standard,Shakib's remarks on Kenyan female artistes trigger online backlash...,,https://www.standardmedia.co.ke/entertainment/article/2001553636/shakibs-remarks-on-kenyan-female-artistes-trigger-online-backlash,negative,auto_cardiffnlp
The Standard,"This man Sossion: Controversial educationist who deflated CBC tyre, but wants to ride it",,https://www.standardmedia.co.ke/education/article/2001553669/this-man-sossion-controversial-educationist-who-deflated-cbc-tyre-but-wants-to-ride-it,negative,auto_cardiffnlp
The Standard,Why curriculum brand alone does not guarantee success,,https://www.standardmedia.co.ke/opinion/article/2001553634/why-curriculum-brand-alone-does-not-guarantee-success,negative,auto_cardiffnlp
The Standard,"'Oro Karao' poll numbers don't add up, use songs to decipher political meaning",,https://www.standardmedia.co.ke/opinion/article/2001553597/oro-karao-poll-numbers-dont-add-up-use-songs-to-decipher-political-meaning,negative,auto_cardiffnlp
The Standard,Gachagua's formula for picking flagbearer wrong,,https://www.standardmedia.co.ke/editorial/article/2001553624/gachaguas-formula-for-picking-flagbearer-wrong,negative,auto_cardiffnlp
The Standard,The Economic and human cost of neglecting mental health in Kenya,,https://www.standardmedia.co.ke/opinion/article/2001553581/the-economic-and-human-cost-of-neglecting-mental-health-in-kenya,negative,auto_cardiffnlp
World News API,"Ruto&#039;s tough talk, zero action on goons",,,negative,auto_cardiffnlp
World News API,Inside how Kenya shipped its daughters into slavery,,,negative,auto_cardiffnlp
World News API,Embu Jua Kali Association Faces Fresh Leadership Battle Following Election Dispute,,,negative,auto_cardiffnlp
NewsData.io,Why young people are struggling to find entry-level jobs,,,negative,auto_cardiffnlp
NewsData.io,IPOB blasts ‘rented traitor’ behind call to assasinate Kanu,,,negative,auto_cardiffnlp
NewsData.io,Insta360 says it wants to replace photographers with an ‘intelligent photography robot’ that will become ‘imperceptible’ — and it sounds like a nightmare for privacy and creativity,,,negative,auto_cardiffnlp
NewsData.io,MPs Blame Kenya Power-REREC Rift for Delays in Electricity Connections,,,negative,auto_cardiffnlp
NewsData.io,I don’t need your money: Sifuna fires back at Atwoli over campaign funding remarks,,,negative,auto_cardiffnlp
NewsData.io,Canals of waste: Why multibillion-shilling Coast irrigation schemes fail,,,negative,auto_cardiffnlp
NewsData.io,Why making films for African audiences remains an uphill task,,,negative,auto_cardiffnlp
NewsData.io,Rights group finds abusive conditions for migrants working on UAE renewables,,,negative,auto_cardiffnlp
NewsData.io,"Kenya: Jubilee Criticises Gachagua's Tourism Boycott Call, Warns of Economic Fallout",,,negative,auto_cardiffnlp
NewsData.io,"Jubilee Criticises Gachagua’s Tourism Boycott Call, Warns of Economic Fallout",,,negative,auto_cardiffnlp
NewsData.io,Museveni: ‘Thieves’ Tried to Double Cost of AFCON Roads,,,negative,auto_cardiffnlp
NewsData.io,Vindee opens up on how his brother was stranded in Qatar after job scam,,,negative,auto_cardiffnlp
NewsData.io,Crop theft costing Sri Lanka’s agricultural sector millions: Industry calls for urgent Government action,,,negative,auto_cardiffnlp
NewsData.io,Jubilee condemns Gachagua remarks on tourism boycott ahead of 2027 polls,,,negative,auto_cardiffnlp
NewsData.io,Kenya Presidency Website Hacked as China-Africa Trade Surges 24%,,,negative,auto_cardiffnlp
NewsData.io,Kenyan startup funding slips to Sh16.3bn in first half of 2026,,,negative,auto_cardiffnlp
Currents API,Kenya: Disregard Fake Kenyans.Co.Ke Graphic Falsely Attributing Mt Kenya MP Rankings to Infotrak,,,negative,auto_cardiffnlp
Currents API,Kenya: 22 Pedestrians Arraigned in Nairobi Over Illegal Thika Road Crossings,,,negative,auto_cardiffnlp
Nairobi Wire,"CS Ruku Downplays DCP’s Ol Kalou Win, ‘Like a Chicken That Laid One Egg’",,,negative,auto_cardiffnlp
Nairobi Wire,Did Infotrak Really Predict the Wrong Ol Kalou By-Election Winner?,,,negative,auto_cardiffnlp
Kahawa Tungu,"Ann Widdecombe was hit on head repeatedly with hammer, prosecutors say",,,negative,auto_cardiffnlp
World News API,Daughter accuses father of marrying her off at 17 for a bottle of beer,2026-07-21 17:15:00,,negative,auto_cardiffnlp
World News API,Hesbon Owilla: The real goons are politicians who have created & benefitted from this system,2026-07-19 00:00:00,,negative,auto_cardiffnlp
