source,published,link,model_label,model_score,clean_headline,confidence,label_source,auto sentiment,manual sentiment,headline
KBC,"Thu, 23 Jul 2026 10:00:55 +0000",https://www.kbc.co.ke/kiambu-county-internal-revenue-hits-record-ksh-6-5b/,neutral,0.8274185061,kiambu county internal revenue hit record ksh b,0.3366077795,auto_bootstrap_lr,neutral,positive,Kiambu County internal revenue hits record Ksh 6.5B
Currents API,,,neutral,0.9101930857,kenya high court rule bid halt upper imenti forest development july,0.3392825806,auto_bootstrap_lr,negative,positive,Kenya: High Court to Rule On Bid to Halt Upper Imenti Forest Developments On July 30
NTV Kenya,,https://ntvkenya.co.ke/news/president-rutos-full-madaraka-day-speech-in-wajir/,neutral,0.9226862788,president ruto full madaraka day speech wajir,0.3393948651,auto_bootstrap_lr,neutral,remove,President Ruto’s full Madaraka Day speech in Wajir
Capital FM Kenya,,,neutral,0.939625144,ruto appoints charles owino government spokesperson executive reshuffle,0.3394028446,auto_bootstrap_lr,negative,neutral,Ruto appoints Charles Owino Government Spokesperson in Executive reshuffle
NTV Kenya,"Mon, 06 Jul 2026 09:23:50 +0000",https://ntvkenya.co.ke/politics/ruto-defends-national-infrastructure-fund-dismisses-opposition-criticism/,neutral,0.8260336518,ruto defends national infrastructure fund dismisses opposition criticism,0.3402108535,auto_bootstrap_lr,positive,positive,"Ruto defends National Infrastructure Fund, dismisses opposition criticism"
World News API,,https://www.kenyamoja.com/video/mc-gogo-hype-machine-live-fridaynightrave-ntv-video-411419,neutral,0.814286828,mc gogo hype machine live fridaynightrave,0.3409660865,auto_bootstrap_lr,neutral,remove,"MC Gogo , The Hype Machine live on #FridayNightRave"
NTV Kenya,"Fri, 17 Jul 2026 09:20:14 +0000",https://ntvkenya.co.ke/arts-lifestyle/the-art-of-botox-injections-the-glam/,neutral,0.8477196693,art botox injection glam,0.3415059536,auto_bootstrap_lr,positive,remove,The art of Botox injections | The Glam
Standard - Politics,"Fri, 17 Jul 2026 12:53:32 +0300",https://www.standardmedia.co.ke/politics/article/2001553054/gachagua-dcp-to-field-candidates-across-47-counties-in-2027,neutral,0.9369480014,gachagua dcp field candidate across county,0.3454086712,auto_bootstrap_lr,positive,positive,Gachagua: DCP to field candidates across 47 counties in 2027
Citizen Digital (via Google News),"Thu, 23 Jul 2026 08:05:33 GMT",https://news.google.com/rss/articles/CBMimAFBVV95cUxNVmlqLVNyUHRaVWZiQm9rNGhNWnBDVnJsUEpZZUFPeUxNUWhJX3lBbHVkSVh2MUxad1BjcFRkUTBJbGFRdnNocUJOTk11MnhXYXRNc0hXYmlHbjFIcXp0S3hmQXJqQl9vaDA4ODJfUTEyaHNfVmhJQ1k1aEhrVG9GRmlGSW80bnBSVHpXRS1IUE85cWhCVloyUg?oc=5,neutral,0.868470788,opinion world looking china differently citizen digital,0.3463134428,auto_bootstrap_lr,neutral,neutral,OPINION: Why the World is looking at China differently - Citizen Digital
World News API,,,neutral,0.526227355,petitioner say armed kw personnel barred court ordered site visit nairobi national park,0.3479180165,auto_bootstrap_lr,negative,negative,Petitioners say armed KWS personnel barred court-ordered site visit of Nairobi National park
K24,"Sat, 25 Jul 2026 04:48:13 +0000",https://k24.digital/lifestyle/money/how-carrying-large-banknotes-can-help-you-spend-less,neutral,0.6869482994,carrying large banknote help spend less,0.3495422612,auto_bootstrap_lr,positive,positive,How carrying large banknotes can help you spend less
The Standard,,https://www.standardmedia.co.ke/business/motorsport/article/2001549189/sh365-million-raised-at-37th-rhino-charge-challenge,neutral,0.8018391728,premiumsh million raised th rhino charge challenge,0.3498660853,auto_bootstrap_lr,positive,positive,PremiumSh365 million raised at 37th Rhino Charge Challenge
The Star,,https://www.the-star.co.ke/counties/eastern/2026-07-24-money-now-key-to-winning-polls-shows-ncck-report,neutral,0.7744086385,money key winning poll show ncck reportabout per cent kenyan believe money material handout become key determinant electoral success,0.3499993306,auto_bootstrap_lr,neutral,negative,"Money now key to winning polls, shows NCCK reportAbout 91 per cent of Kenyans believe money and material handouts have become a key determinant of electoral success"
Standard - Business,"Wed, 22 Jul 2026 00:00:00 +0300",https://www.standardmedia.co.ke/business/article/2001553400/expanding-your-business-through-digital-trade-what-every-kenyan-sme-should-know,neutral,0.5149068236,expanding business digital trade every kenyan sme know,0.3514211429,auto_bootstrap_lr,positive,positive,Expanding your business through digital trade: What every Kenyan SME should know
Kahawa Tungu,,,neutral,0.8766694665,onyonka gusii leader back matiang stay away later,0.3518146191,auto_bootstrap_lr,neutral,neutral,Onyonka to Gusii leaders: Back Matiang’i now or stay away later
The Standard,,https://www.standardmedia.co.ke/world/article/2001553402/uk-pm-burnham-unveils-energy-tax-cut-tells-ministers-to-cut-living-costs,neutral,0.8268898129,uk pm burnham unveils energy tax cut tell minister cut living cost,0.3522204077,auto_bootstrap_lr,negative,positive,"UK PM Burnham unveils energy tax cut, tells ministers to cut living costs"
Nairobi Wire,,,neutral,0.8985484242,c ogamba reveals school legally charge parent extra fee,0.3527285317,auto_bootstrap_lr,neutral,neutral,CS Ogamba Reveals When Schools Can Legally Charge Parents Extra Fees
Citizen Digital (via Google News),"Sun, 19 Jul 2026 17:41:53 GMT",https://news.google.com/rss/articles/CBMimAFBVV95cUxOWEhWTnBJYkI0RllGRTBsbVk4b2g3ZUIxNHBJbldyODV3Y3diTFdDQVF0Qm5LOHJYWDZ4SzhqZDg2V3dJR285MVpQTUxaZkxpT205VHhqX3Z6TGNwMS1lSVU3X1lIYVNUd05wYTNVQjk3VEkyUW1nYlN6cnZ5bHVwQWJ3QmVzbmV6UzY1VFlCMk53ODYyTHQ4Xw?oc=5,neutral,0.8070515394,wakhu win fifth leg pgk equator tour ruiru citizen digital,0.3532525983,auto_bootstrap_lr,positive,positive,Wakhu wins fifth leg of the PGK Equator Tour in Ruiru - Citizen Digital
World News API,,https://www.kenyamoja.com/video/dcp-leader-rigathi-gachagua-arrives-embu-meet-people-tour-citizen-tv-411691,neutral,0.9153871536,dcp leader rigathi gachagua arrives embu meet people tour,0.3538745603,auto_bootstrap_lr,neutral,neutral,DCP leader Rigathi Gachagua arrives in Embu for 'Meet the People' tour
Citizen Digital,,https://citizen.digital/article/governor-natembeya-welcomes-linda-mwananchi-brigade-in-trans-nzoia-n387093,neutral,0.9373831153,hour agolinda mwananchi brigade arrives trans nzoia ahead rallyby joseph muiagovernor natembeya received delegation upon arrival kitale trans nzoia leader scheduled address resident various public forum western region tour read,0.3548521119,auto_bootstrap_lr,neutral,neutral,"3 hours agoLinda Mwananchi brigade arrives in Trans Nzoia ahead of rallyBy Joseph MuiaGovernor Natembeya received the delegation upon its arrival in Kitale, Trans Nzoia, where the leaders are scheduled to address residents at various public forums during the Western region tour.Read More"
Citizen Digital (via Google News),"Thu, 16 Jul 2026 13:01:16 GMT",https://news.google.com/rss/articles/CBMivAFBVV95cUxPd3AzeUZrcENTbl93QVFNaGRWMzZLd3hyNGNrRi1scGVGVk1sYldWN01pQm1VZmgxVjNHY1BIT0NKcThPSm8tbkhiX1BCTWdsZkxYUXBlb1ZTRTN2UWFvSjNROWtzcjdrcUdoeGRtNjVSbFl3VkQyeEJ3UUF3U29YenZpWXVveThEYkFIa1pSVW1fa3dXV3hWQ2w0czViajFwNXJadUFuckhaUWNpVDdIQkFnZjktQzNpVTZtZg?oc=5,neutral,0.5815349817,estate beneficiary oppose ksh million legal fee claim ojienda law firm citizen digital,0.3561484855,auto_bootstrap_lr,negative,negative,Estate beneficiaries oppose Ksh.120 million legal fees claim by Ojienda’s law firm - Citizen Digital
K24,"Thu, 23 Jul 2026 07:34:47 +0000",https://k24.digital/sports/epl/blow-to-arsenal-as-premier-league-champions-confirm-saliba-injury-setback,neutral,0.7070858479,blow arsenal premier league champion confirm saliba injury setback,0.3563071656,auto_bootstrap_lr,neutral,neutral,Blow to Arsenal as Premier League champions confirm Saliba injury setback
NTV Kenya,"Tue, 21 Jul 2026 16:35:38 +0000",https://ntvkenya.co.ke/business/scaling-family-owned-businesses-business-redefined/,neutral,0.9049480557,scaling family owned business business redefined,0.3563074538,auto_bootstrap_lr,neutral,neutral,Scaling Family Owned Businesses | Business Redefined
K24,"Thu, 23 Jul 2026 06:37:58 +0000",https://k24.digital/entertainment/celebrity/shakib-cham-says-nadia-mukami-and-tanasha-donna-are-only-kenyan-female-artistes-he-knows,neutral,0.9209451079,shakib cham say nadia mukami tanasha donna kenyan female artiste know,0.3575854602,auto_bootstrap_lr,negative,neutral,Shakib Cham says Nadia Mukami and Tanasha Donna are only Kenyan female artistes he knows
NTV Kenya,"Wed, 08 Jul 2026 06:50:19 +0000",https://ntvkenya.co.ke/news/dangote-picks-lamu-for-landmark-kenya-oil-refinery-project/,neutral,0.8814787865,dangote pick lamu landmark kenya oil refinery project,0.3582385426,auto_bootstrap_lr,neutral,neutral,Dangote picks Lamu for landmark Kenya oil refinery project
NTV Kenya,,https://ntvkenya.co.ke/politics/ichungwa-to-uhuru-heal-and-move-on/,neutral,0.8649300337,ichung wa uhuru heal move,0.3586049193,auto_bootstrap_lr,positive,neutral,Ichung’wa to Uhuru: Heal and move on
World News API,,,neutral,0.9219249487,last word lesson ol kalou,0.3587603915,auto_bootstrap_lr,negative,neutral,The Last Word | The lessons of Ol Kalou
NTV Kenya,"Thu, 23 Jul 2026 10:47:41 +0000",https://ntvkenya.co.ke/arts-lifestyle/the-lessons-from-ol-kalou-the-last-word/,neutral,0.893129468,lesson ol kalou last word,0.3587603915,auto_bootstrap_lr,negative,neutral,Lessons From Ol Kalou | The Last Word
The Star,,https://www.the-star.co.ke/counties/central/2026-07-24-kiambu-own-source-revenue-doubles-hits-a-record-sh65-billion,neutral,0.7143375278,kiambu source revenue double hit record sh billionthe collection risen sh bn increase attributed tighter financial control,0.3594119189,auto_bootstrap_lr,positive,positive,"Kiambu own-source revenue doubles, hits a record Sh6.5 billionThe collections have risen from Sh2.8bn in 2022, with the increase attributed to tighter financial controls."
World News API,,,neutral,0.843229413,nedbank seal sh bn ncba deal,0.3595928966,auto_bootstrap_lr,positive,positive,Nedbank seals Sh116bn NCBA deal
The Standard,,https://www.standardmedia.co.ke/national/article/2001553668/ruto-seeks-permanent-internship-framework-for-graduates,neutral,0.8524678946,ruto seek permanent internship framework graduate,0.3599888834,auto_bootstrap_lr,negative,positive,Ruto seeks permanent internship framework for graduates
Citizen Digital (via Google News),"Fri, 24 Jul 2026 11:25:13 GMT",https://news.google.com/rss/articles/CBMiqwFBVV95cUxQV1JaWVlJYlFhMmRxN3daV1hVZlYxYkFPMFpvZC1YWmt4TmUwWkIwMnJiRGZfMGJFa2Y0M3NaV1N3MkVjWXVaY05sNmtiRTFhNWRwMlp2NnBWOUhoQXY1UllaM3ZXMUs3X0xIOUt1SzN4QzI3S1ZzczZCMkM1V3U4SHNiSEFJUTRjZFBiNlZ2YkU3aXNEdXRqT0pKVGtwc0ZpOERzTF9rUHdlbTQ?oc=5,neutral,0.6060054898,president ruto launch ksh b job programme targeting youth citizen digital,0.3605372448,auto_bootstrap_lr,neutral,positive,"President Ruto launches Ksh.2B jobs programme targeting 100,000 youth - Citizen Digital"
World News API,,https://www.kenyamoja.com/video/watch-live-linda-mwananchi-rally-trans-nzoia-county-citizen-tv-411725,neutral,0.9402990341,watch live linda mwananchi rally trans nzoia county,0.3607417808,auto_bootstrap_lr,negative,neutral,WATCH LIVE: Linda Mwananchi Rally in Trans Nzoia County
The Star,,https://www.the-star.co.ke/counties/nairobi/2026-07-24-inside-the-ruto-sakaja-pact-five-months-after-sh80bn-deal-hit-or-miss,neutral,0.8607255816,inside ruto sakaja pact five month sh bn deal hit miss,0.3614742429,auto_bootstrap_lr,negative,neutral,Inside the Ruto–Sakaja pact: Five months after Sh80bn deal — hit or miss?
Standard - Politics,"Sat, 18 Jul 2026 07:30:00 +0300",https://www.standardmedia.co.ke/politics/article/2001553100/linda-mwananchi-vows-to-strengthen-grassroots-network,neutral,0.6845639944,linda mwananchi vow strengthen grassroots network,0.3615037646,auto_bootstrap_lr,negative,positive,Linda Mwananchi vows to strengthen grassroots network
KBC News,,,neutral,0.8891574144,visa application kenyan pc work business travel,0.3616451681,auto_bootstrap_lr,neutral,positive,"Visa applications by Kenyans up 20pc on work, business travel"
World News API,,https://www.kenyamoja.com/video/odms-omanyo-faults-sifuna-questions-his-political-influence-ntv-video-411783,neutral,0.5003502369,odm omanyo fault sifuna question political influence,0.3617302432,auto_bootstrap_lr,negative,neutral,"ODM's Omanyo faults Sifuna, questions his political influence"
NewsData.io,,,neutral,0.9258478284,street vendor bill explained could change hawker kenya,0.3632712185,auto_bootstrap_lr,negative,neutral,Street Vendors Bill Explained and What It Could Change for Hawkers in Kenya
The Star,,https://www.the-star.co.ke/counties/nairobi/2026-07-22-accessibility-gains-tested-as-ol-kalou-by-election-exposes-pwd-inclusion-gaps,neutral,0.6214555502,accessibility gain tested ol kalou election expose pwd inclusion gapsno disabled candidate made ballot despite new effort inclusion,0.3635244051,auto_bootstrap_lr,positive,negative,Accessibility gains tested as Ol Kalou by-election exposes PWD inclusion gapsNo disabled candidate made it to the ballot despite new efforts for more inclusion
NTV Kenya,,https://ntvkenya.co.ke/news/cameroon-swears-in-worlds-oldest-president-after-disputed-vote/,neutral,0.8285725713,cameroon swears world oldest president disputed vote,0.363654331,auto_bootstrap_lr,negative,negative,Cameroon swears in world’s oldest president after disputed vote
The Standard,,https://www.standardmedia.co.ke/sports/motorsport/article/2001549189/sh365-million-raised-at-37th-rhino-charge-challenge,neutral,0.8181812167,sh million raised th rhino charge challenge,0.3639967128,auto_bootstrap_lr,positive,positive,Sh365 million raised at 37th Rhino Charge Challenge
The Standard,,https://www.standardmedia.co.ke/education/article/2001553362/ruto-says-public-university-students-to-get-full-government-funding,neutral,0.8204928637,ruto say public university student get full government funding,0.3646557467,auto_bootstrap_lr,positive,positive,Ruto says public university students to get full government funding
The Standard,,https://www.standardmedia.co.ke/education/article/2001552965/kicd-yet-to-pay-publishers-sh9b-over-textbook-policy-gap-as-grade-11-rollout-nears,neutral,0.5585694313,kicd yet pay publisher sh b textbook policy gap grade rollout nears,0.3648355373,auto_bootstrap_lr,positive,negative,KICD yet to pay publishers Sh9b over textbook policy gap as Grade 11 rollout nears
Citizen Digital (via Google News),"Thu, 23 Jul 2026 13:50:38 GMT",https://news.google.com/rss/articles/CBMiwgFBVV95cUxNc3VEZEhlWlgzZnRFQ0VqM2lqMnh3NUplckhnWDR6M09jNUM1V2o5U0NWZ0ZsbmdoSzNvbVNLYnVrNFJMODY4bUE0dk9ibGpjdjdvQlNPM0gwZUh0Y2cycXVSNWJQWHVFLW9wNDlzTXgwMDVLSWhIdlNuOWI1c0U3cTA1Uk9nSGhPRmZ2OHI5cHNrUlZvM3JLV2RUMTFaSUd1ZmtBNmVaQ1RoQldxM2Jjc1RxN2szdTRmakpPbE1rTHY2Zw?oc=5,neutral,0.7407984138,ruto sifuna trade barb escalating chicken feud affordable housing citizen digital,0.3649734888,auto_bootstrap_lr,negative,negative,"Ruto, Sifuna trade barbs in escalating 'chicken' feud over affordable housing - Citizen Digital"
NTV Kenya,,https://ntvkenya.co.ke/news/nairobi-lawyer-moves-to-court-to-stop-new-ntsa-traffic-rules/,neutral,0.7597962618,nairobi lawyer move court stop new ntsa traffic rule,0.3655313218,auto_bootstrap_lr,positive,positive,Nairobi lawyer moves to court to stop new NTSA traffic rules
The Standard,,https://www.standardmedia.co.ke/national/article/2001553646/revealed-how-much-2025-national-prayer-breakfast-cost-taxpayers,neutral,0.8257257342,revealed much national prayer breakfast cost taxpayer,0.3657904266,auto_bootstrap_lr,negative,negative,Revealed: How much 2025 National Prayer Breakfast cost taxpayers
NTV Kenya,,https://ntvkenya.co.ke/news/congo-senate-adopts-bill-that-could-pave-the-way-for-tshisekedis-third-term/,neutral,0.8010386229,congo senate adopts bill could pave way tshisekedi,0.3660332563,auto_bootstrap_lr,negative,negative,Congo Senate adopts bill that could pave the way for Tshisekedi’s...
NTV Kenya,,https://ntvkenya.co.ke/news/nandi-governor-announces-plan-to-rename-kipchoge-keino-stadium-after-president-ruto/,neutral,0.9467479587,nandi governor announces plan rename kipchoge keino stadium,0.3660391338,auto_bootstrap_lr,negative,neutral,Nandi Governor announces plan to rename Kipchoge Keino Stadium after...
Standard - Politics,"Fri, 17 Jul 2026 16:57:22 +0300",https://www.standardmedia.co.ke/politics/article/2001553089/petition-filed-to-limit-nominated-mcas-tenure-to-one-term,neutral,0.8770396709,petition filed limit nominated mcas tenure one term,0.3666508498,auto_bootstrap_lr,negative,positive,Petition filed to limit nominated MCAs tenure to one term
The Star,,https://www.the-star.co.ke/counties/eastern/2026-07-18-nlp-counts-gains-despite-modest-showing-in-ol-kalou-polls,neutral,0.5011811852,nlp count gain despite modest showing ol kalou pollsmuli said nlp performance reflects growing support party still rebuilding,0.3670907526,auto_bootstrap_lr,positive,neutral,NLP counts gains despite modest showing in Ol Kalou pollsMuli said NLP’s performance reflects growing support for a party that is still rebuilding
The Standard,,https://www.standardmedia.co.ke/opinion/article/2001553160/we-must-protect-every-child-beyond-survival,neutral,0.6163936257,must protect every child beyond survival,0.3670979896,auto_bootstrap_lr,positive,positive,We must protect every child beyond survival
The Standard,,https://www.standardmedia.co.ke/national/article/2001553658/ruto-to-certify-40000-skilled-youth-without-formal-qualifications,neutral,0.7145313621,ruto certify skilled youth without formal qualification,0.3675507805,auto_bootstrap_lr,neutral,positive,"Ruto to certify 40,000 skilled youth without formal qualifications"
World News API,,https://www.kenyamoja.com/index.php/video/kindiki-unveils-plan-cushion-farmers-el-nino-and-food-shortages-ktn-news-411346,neutral,0.8513799906,kindiki unveils plan cushion farmer el ni food shortage,0.3677062529,auto_bootstrap_lr,neutral,positive,Kindiki unveils plan to cushion farmers from El Niño and food shortages
The Standard,,https://www.standardmedia.co.ke/environment-climate/article/2001551935/government-bows-to-pressure-on-airstrip-plan-convenes-public-participation,neutral,0.8164967895,government bow pressure airstrip plan convenes public participation,0.3680242269,auto_bootstrap_lr,negative,positive,"Government bows to pressure on airstrip plan, convenes public participation"
Kenyans.co.ke,2026-07-22T12:56:21+0300,https://www.kenyans.co.ke/news/125497-uk-updates-travel-advisory-warns-citizens-over-travel-parts-kenya,neutral,0.7666376233,uk issue fresh travel advisory kenya,0.3681184351,auto_bootstrap_lr,negative,negative,UK Issues Fresh Travel Advisory for Kenya
Kenyans.co.ke,2026-07-24T19:55:50+0300,https://www.kenyans.co.ke/featured/125569-drone-spraying-costs-ksh1000-acre-and-takes-seven-minutes-expert-says,neutral,0.8218117356,drone spraying cost ksh per acre take seven minute expert say,0.3683185737,auto_bootstrap_lr,positive,positive,"Drone Spraying Costs Ksh1,000 Per Acre and Takes Seven Minutes, Expert Says"
World News API,2026-07-19 0:00:00,,neutral,0.9099157453,wanariadha wa kenya wanaoshiriki kwa mara ya kwanza walenga kutwaa medali glasgow,0.3683821256,auto_bootstrap_lr,positive,positive,Wanariadha wa Kenya Wanaoshiriki Kwa Mara ya Kwanza Walenga Kutwaa Medali Glasgow
NTV Kenya,,https://ntvkenya.co.ke/news/mps-vote-on-finance-bill-2026-ammendments/,neutral,0.8039497137,mp pas finance bill awaits president ruto assent,0.3692348686,auto_bootstrap_lr,negative,negative,"MPs pass Finance Bill 2026, awaits President Ruto’s assent"
The Star,,https://www.the-star.co.ke/counties/central/2026-07-20-relief-for-embu-tea-farmers-as-state-constructs-sh22bn-key-road,neutral,0.7932158113,relief embu tea farmer state construct sh bn key roadthe rukuriri kathageri kanyuambora road link productive tea coffee dairy zone processing factory major highway,0.3697150709,auto_bootstrap_lr,neutral,positive,"Relief for Embu tea farmers as state constructs Sh2.2bn key roadThe Rukuriri-Kathageri-Kanyuambora road links productive tea, coffee and dairy zones with processing factories and major highways."
Standard - Politics,"Wed, 22 Jul 2026 15:28:23 +0300",https://www.standardmedia.co.ke/politics/article/2001553478/matiang-i-meets-sifuna-as-opposition-talks-gather-pace-ahead-of-2027-race,neutral,0.9216606617,matiang meet sifuna opposition talk gather pace ahead race,0.3697792024,auto_bootstrap_lr,neutral,neutral,Matiang'i meets Sifuna as opposition talks gather pace ahead of 2027 race
Standard - Business,"Tue, 21 Jul 2026 18:17:00 +0300",https://www.standardmedia.co.ke/business/article/2001553406/petition-filed-for-ouster-of-kenya-re-chief,neutral,0.7759780288,petition filed ouster kenya chief,0.3697946198,auto_bootstrap_lr,neutral,positive,Petition filed for ouster of Kenya Re chief
Nairobi Wire,"Wed, 22 Jul 2026 03:46:12 +0000",https://nairobiwire.com/2026/07/sifuna-rejects-atwoli-ksh1-billion-offer.html,neutral,0.6554552317,give worker sifuna snub atwoli ksh billion offer,0.3698490397,auto_bootstrap_lr,negative,neutral,‘Give It to Workers’: Sifuna Snubs Atwoli’s Ksh1 Billion Offer
KBC,"Fri, 24 Jul 2026 18:23:19 +0000",https://www.kbc.co.ke/gathuthi-tea-factory-secures-ksh-65-2m-grant-for-modernization/,neutral,0.8295546174,gathuthi tea factory secures ksh grant modernization,0.3701095863,auto_bootstrap_lr,neutral,positive,Gathuthi Tea Factory secures Ksh 65.2M grant for modernization
Citizen Digital,,https://citizen.digital/article/pirlo-set-for-italy-job-after-guardiola-rejection-report-says-n387084,neutral,0.9101607203,hour agopirlo set italy job guardiola rejection report saysby reutersthe year old spaniard held talk becoming italy head coach figc president giovanni malago suggesting financial flexibility could shown candidate stature read,0.3703414208,auto_bootstrap_lr,negative,neutral,"4 hours agoPirlo set for Italy job after Guardiola rejection, report saysBy ReutersThe 55-year-old Spaniard held talks over becoming Italy's head coach, with FIGC president Giovanni ​Malago suggesting financial flexibility could be shown for a candidate of his stature....Read More"
The Standard,,https://www.standardmedia.co.ke/opinion/article/2001553384/one-thing-the-rest-of-the-country-should-learn-from-mt-kenya-on-elections,neutral,0.7642125487,one thing rest country learn mt kenya election,0.37049661,auto_bootstrap_lr,neutral,neutral,One thing the rest of the country should learn from Mt Kenya on elections
Headtopics,2026-07-24 23:07:35,https://us.headtopics.com/news/merck-to-let-generic-makers-produce-low-cost-hiv-85917372,neutral,0.8358412385,merck let generic maker produce low cost hiv prevention pill,0.3705525235,auto_bootstrap_lr,negative,positive,Merck to let generic makers produce low-cost HIV prevention pill
Kenya News Agency,"Wed, 22 Jul 2026 13:24:42 +0000",https://www.kenyanews.go.ke/choose-your-leaders-wisely-kahiga-appeals-to-nyeri-residents/,neutral,0.6307256222,choose leader wisely kahiga appeal nyeri resident,0.3710699559,auto_bootstrap_lr,negative,positive,"Choose your leaders wisely, Kahiga appeals to Nyeri residents"
NTV Kenya,,https://ntvkenya.co.ke/news/congo-rwanda-presidents-to-sign-peace-deal-in-washington/,neutral,0.8857719898,congo rwanda president sign peace deal washington,0.3713644316,auto_bootstrap_lr,positive,positive,"Congo, Rwanda presidents to sign peace deal in Washington"
The Star,,https://www.the-star.co.ke/opinion/columnists/2026-07-16-nerima-ol-kalou-is-a-litmus-test-for-2027-polls,neutral,0.8549076915,nerima ol kalou litmus test pollswhat ultimately stake public confidence kenya electoral process,0.3713830189,auto_bootstrap_lr,neutral,neutral,NERIMA: Ol Kalou is a litmus test for 2027 pollsWhat is ultimately at stake is public confidence in Kenya’s electoral process
Citizen Digital,,https://citizen.digital/article/google-appeals-swedish-ksh194b-anti-trust-award-n386920,neutral,0.5033478141,google appeal swedish ksh b anti trust award,0.3713916246,auto_bootstrap_lr,positive,neutral,Google appeals Swedish Ksh.194B anti-trust award
Kenyans.co.ke,2026-07-22T15:54:44+0300,https://www.kenyans.co.ke/news/125509-ruto-advisors-propose-new-law-stop-presidents-governors-abandoning-projects,neutral,0.774487257,ruto advisor propose new law stop president governor abandoning project,0.3716895369,auto_bootstrap_lr,negative,positive,"Ruto Advisors Propose New Law to Stop Presidents, Governors from Abandoning Projects"
Citizen Digital,,https://citizen.digital/article/kenya-kwanza-leaders-urge-kalonzo-to-join-ruto-quit-opposition-ahead-of-2027-race-n387007,neutral,0.9262996912,news hour agokenya kwanza leader urge kalonzo join ruto quit opposition ahead raceby benjamin muriuki,0.3725541895,auto_bootstrap_lr,positive,neutral,"News•1 hour agoKenya Kwanza leaders urge Kalonzo to join Ruto, quit opposition ahead of 2027 raceBy Benjamin Muriuki"
NTV Kenya,,https://ntvkenya.co.ke/news/fifa-caf-intervene-in-fkf-leadership-crisis/,neutral,0.7157089114,fifa caf intervene fkf leadership crisis,0.3725897824,auto_bootstrap_lr,positive,positive,"FIFA, CAF intervene in FKF leadership crisis"
Citizen Digital (via Google News),"Thu, 16 Jul 2026 13:23:45 GMT",https://news.google.com/rss/articles/CBMiugFBVV95cUxQazl5SExKVkVCSEE3YjZJSFNtOV94NG45QzJZNUFST18yckhqeXZCcG8xNHc2cTA1NXdmWjhXd25RTS01TzB5VmFhZkNTcnpTT3N2QXBlbHRnRFZKM196czFNLUFmTkY1RHNaMWZrLW9iTWNfNExfWHJobXM5bFlLMTZxQmx6RWgwQkZVemtVMjctUXAxaFBwc0Vpd3I3dmlKaG45ZnB6VHpsbXB2Q2JOa2dnX0J0c0ZWWVE?oc=5,neutral,0.6732100844,petition filed removal kenya pipeline company board chair faith boinett citizen digital,0.3729775025,auto_bootstrap_lr,neutral,neutral,Petition filed for removal of Kenya Pipeline Company board Chair Faith Boinett - Citizen Digital
NTV Kenya,"Fri, 10 Jul 2026 10:25:36 +0000",https://ntvkenya.co.ke/sports/kenyas-skating-champion-kevin-kiarie-narrates-his-journey-to-stardom-amid-challenges-sport-on/,neutral,0.8334020376,kenya skating champion kevin kiarie narrates journey stardom amid challenge sport,0.3743747947,auto_bootstrap_lr,positive,positive,KENYA’S SKATING CHAMPION KEVIN KIARIE NARRATES HIS JOURNEY TO STARDOM AMID CHALLENGES | SPORT ON
NTV Kenya,"Tue, 21 Jul 2026 11:49:08 +0000",https://ntvkenya.co.ke/politics/senegal-president-faye-backs-ex-leader-macky-salls-bid-for-un-secretary-general/,neutral,0.8335207105,senegal president faye back ex leader macky sall bid un secretary general,0.3745360178,auto_bootstrap_lr,negative,neutral,Senegal President Faye backs ex-leader Macky Sall’s bid for UN Secretary-General
The Standard,,https://www.standardmedia.co.ke/nairobi/article/2001552949/high-court-lifts-jail-term-against-former-nairobi-finance-cec-kerich,neutral,0.7330316901,high court lift jail term former nairobi finance cec kerich,0.3746207783,auto_bootstrap_lr,negative,neutral,High Court lifts jail term against former Nairobi Finance CEC Kerich
NTV Kenya,,https://ntvkenya.co.ke/politics/analysis-will-a-sifuna-kalonzo-ticket-derail-rutos-2027-re-election-bid/,neutral,0.8381508589,analysis sifuna kalonzo ticket derail ruto election,0.3750714003,auto_bootstrap_lr,positive,neutral,Analysis: Will a Sifuna-Kalonzo ticket derail Ruto’s 2027 re-election...
World News API,,https://www.standardmedia.co.ke/crime-and-justice/article/2001553676/court-orders-lawfirm-to-pay-ex-secretary-sh-54-million-for-constructive-dismissal-after-assault,neutral,0.52015239,court order lawfirm pay ex secretary sh million constructive dismissal assault,0.3753481705,auto_bootstrap_lr,positive,positive,Court orders lawfirm to pay ex-secretary Sh 5.4 million for constructive dismissal after assault
NTV Kenya,"Fri, 24 Jul 2026 12:03:34 +0000",https://ntvkenya.co.ke/news/ruto-allies-woo-kalonzo-warn-against-staying-with-gachagua-ahead-of-2027/,neutral,0.6672005057,ruto ally woo kalonzo warn staying gachagua ahead,0.3753831982,auto_bootstrap_lr,negative,neutral,"Ruto allies woo Kalonzo, warn against staying with Gachagua ahead of 2027"
Business Daily,"Wed, 22 Jul 2026 12:00:54 GMT",https://www.businessdailyafrica.com/bd/markets/capital-markets/investor-loses-final-bid-against-dyer-blair-over-sh100m-deal-5534256,neutral,0.522254765,investor loses final bid dyer blair sh deal,0.376044247,auto_bootstrap_lr,negative,negative,Investor loses final bid against Dyer & Blair over Sh100m deal
NTV Kenya,,https://ntvkenya.co.ke/news/cabinet-shake-up-looms-as-ruto-races-to-meet-court-gender-rule-deadline/,neutral,0.9119186997,cabinet shake loom ruto race meet court gender rule deadline,0.3767116028,auto_bootstrap_lr,negative,positive,Cabinet shake-up looms as Ruto races to meet court gender rule deadline
World News API,,https://www.businessdaily.co.zw/index-id-africa-zk-53771.html,neutral,0.789873004,get businessdaily update alert,0.37697643,auto_bootstrap_lr,positive,remove,Get BusinessDaily Updates Alerts
NTV Kenya,,https://ntvkenya.co.ke/news/babu-owino-tops-list-as-preferred-raila-odinga-successor-infotrak/,neutral,0.9156555533,babu owino top list preferred raila odinga successor infotrak,0.3771534263,auto_bootstrap_lr,negative,neutral,Babu Owino tops list as preferred Raila Odinga successor – Infotrak
Nairobi Wire,,,neutral,0.6253946424,sifuna loses senate deputy minority whip post odm ouster,0.3771861839,auto_bootstrap_lr,neutral,neutral,Sifuna Loses Senate Deputy Minority Whip Post After ODM Ouster
The Standard,,https://www.standardmedia.co.ke/business/financial-standard/article/2001552168/ruto-clears-the-way-for-cbk-to-buy-gold-locally-flags-surge-in-demand,neutral,0.5606979132,ruto clear way cbk buy gold locally flag surge demand,0.3774256587,auto_bootstrap_lr,positive,positive,"Ruto clears the way for CBK to buy gold locally, flags surge in demand"
Kenya News Agency,"Wed, 22 Jul 2026 07:51:51 +0000",https://www.kenyanews.go.ke/6000-farmers-get-subsidised-fertilizer-in-vihiga/,neutral,0.5384730697,farmer get subsidised fertilizer vihiga,0.3778056719,auto_bootstrap_lr,positive,positive,"6,000 farmers get subsidised fertilizer in Vihiga"
Citizen Digital,,https://citizen.digital/article/gachagua-arrives-in-embu-for-meet-the-people-tour-n387096,neutral,0.6479243636,hour agogachagua arrives embu meet people tourby citizen reporterduring visit gachagua also expected officially open party embu county office part effort strengthen dcp grassroots presence mt kenya region read,0.3783343511,auto_bootstrap_lr,negative,neutral,"3 hours agoGachagua arrives in Embu for 'Meet the People' tourBy Citizen ReporterDuring the visit, Gachagua is also expected to officially open the party's Embu County offices as part of efforts to strengthen the DCP's grassroots presence in the Mt. Kenya region....Read More"
The Standard,,https://www.standardmedia.co.ke/national/article/2001553544/sh582-a-day-healthy-eating-slips-out-of-reach-for-44m-kenyans-un-report-shows,neutral,0.5032378435,sh day healthy eating slip reach kenyan un report show,0.3800037649,auto_bootstrap_lr,negative,negative,"Sh582 a day: Healthy eating slips out of reach for 44m Kenyans, UN report shows"
NTV Kenya,,https://ntvkenya.co.ke/news/odm-will-continue-to-keep-ruto-government-in-check-simba-arati/,neutral,0.7474896908,odm continue keep ruto government check simba arati,0.3802453522,auto_bootstrap_lr,negative,neutral,ODM will continue to keep Ruto government in check – Simba Arati
Kahawa Tungu,,,neutral,0.912727654,owino named govt spokesman change,0.3816990436,auto_bootstrap_lr,negative,neutral,Owino named Govt Spokesman in changes
Kenyans.co.ke,2026-07-24T18:46:50+0300,https://www.kenyans.co.ke/news/125568-batuk-deal-has-not-ended-govt-says-defence-talks-continue,neutral,0.902767837,fresh twist batuk deal govt responds exit claim,0.3817399675,auto_bootstrap_lr,negative,neutral,Fresh Twist in BATUK Deal as Govt Responds to Exit Claims
Capital FM Kenya,"Wed, 22 Jul 2026 17:38:52 +0000",https://capitalfm.africa/gachagua-offers-to-train-kenyans-on-protecting-votes-ahead-of-2027/,neutral,0.9099351168,gachagua offer train kenyan protecting vote ahead,0.3823596983,auto_bootstrap_lr,positive,positive,Gachagua offers to train Kenyans on protecting votes ahead of 2027
The Standard,,https://www.standardmedia.co.ke/nairobi/article/2001553176/glock-pistol-laptop-stolen-from-businessman-in-nairobi,neutral,0.5377885103,glock pistol laptop stolen businessman nairobi,0.3825277405,auto_bootstrap_lr,negative,negative,"Glock pistol, laptop stolen from businessman in Nairobi"
NTV Kenya,,https://ntvkenya.co.ke/news/president-ruto-leads-madaraka-day-celebrations-in-wajir/,neutral,0.7609736323,president ruto lead madaraka day celebration wajir,0.3832092047,auto_bootstrap_lr,positive,positive,President Ruto leads Madaraka Day celebrations in Wajir
NewsData.io,,,neutral,0.8353814483,nairobi governor hopeful pauline njoroge quits jubilee signal move linda mwananchi outfit,0.3833871159,auto_bootstrap_lr,neutral,neutral,"Nairobi Governor Hopeful Pauline Njoroge Quits Jubilee, Signals Move to Linda Mwananchi Outfit"
The Standard,,https://www.standardmedia.co.ke/opinion/article/2001553238/what-happens-when-financial-inclusion-outpaces-financial-literacy,neutral,0.853128016,happens financial inclusion outpaces financial literacy,0.3834645379,auto_bootstrap_lr,positive,positive,What happens when financial inclusion outpaces financial literacy?
Standard - Politics,"Sat, 18 Jul 2026 07:45:00 +0300",https://www.standardmedia.co.ke/politics/article/2001553098/we-are-allowed-by-constitution-to-campaign-wetang-ula-and-kingi-tell-court,neutral,0.852226615,allowed constitution campaign wetang ula kingi tell court,0.3835648564,auto_bootstrap_lr,neutral,neutral,We are allowed by Constitution to campaign; Wetang'ula and Kingi tell court
Citizen Digital (via Google News),"Sat, 25 Jul 2026 08:24:40 GMT",https://news.google.com/rss/articles/CBMiqgFBVV95cUxQSE9YczRxWDVUZ1Bidlp0TEdxRF9LM0hlNmZfa1hQbndoMTFwS1RNVUl6TndMWjkxWDdxeEJFaDctTWVmV0piQ0lLZUFVUGxZTHR6VEtxMWFDTlBOc0dJMEEwRnZDdVdVajd2UXl3N2VhUnI2Sm5WQWktazV3T2hIY2ZCbDVSbFktNEo0cmN2Y0tubDN0Rng1b2hpcXh1VDE4WVNSemNnZXVvdw?oc=5,neutral,0.914968431,linda mwananchi brigade arrives trans nzoia ahead rally citizen digital,0.3837450197,auto_bootstrap_lr,neutral,neutral,Linda Mwananchi brigade arrives in Trans Nzoia ahead of rally - Citizen Digital
Nairobi Wire,,,neutral,0.9159221053,meet team david maraga picked drive presidential bid,0.3838582274,auto_bootstrap_lr,positive,neutral,Meet the Team David Maraga Has Picked to Drive His 2027 Presidential Bid
Kenyans.co.ke,2026-07-22T19:10:02+0300,https://www.kenyans.co.ke/news/125515-ps-hinga-disputes-ksh-256b-boma-yangu-claims-clarifies-withdrawals,neutral,0.7190007567,p hinga explains ksh billion affordable housing refund report,0.3842560284,auto_bootstrap_lr,positive,positive,PS Hinga Explains Ksh2.56 Billion Affordable Housing Refunds After Reports
The Standard,,https://www.standardmedia.co.ke/environment-climate/article/2001553613/locals-hold-demos-in-support-of-efforts-to-fence-kaptagat-forest,neutral,0.881180644,local hold demo support effort fence kaptagat forest,0.3844589622,auto_bootstrap_lr,neutral,positive,Locals hold demos in support of efforts to fence Kaptagat Forest
NTV Kenya,,https://ntvkenya.co.ke/news/fact-checking-rutos-claims-on-al-jazeera-about-kenyas-economic-performance/,neutral,0.9072529078,fact checking ruto claim al jazeera kenya economic,0.3845266772,auto_bootstrap_lr,positive,neutral,Fact-checking Ruto’s claims on Al Jazeera about Kenya’s economic...
NewsData.io,,,neutral,0.9095998406,full list african country whose citizen qualify enter live moldova without visa,0.385184459,auto_bootstrap_lr,negative,neutral,"Full list of African countries whose citizens qualify to enter, live in Moldova without visa in 2026"
Citizen Digital,,https://citizen.digital/article/interior-ps-omollo-urges-parents-to-protect-children-from-political-goonism-n387055,neutral,0.7045737505,interior p omollo urge parent protect child political goonism,0.3852313504,auto_bootstrap_lr,positive,positive,Interior PS Omollo urges parents to protect children from political goonism
Kenyans.co.ke,2026-07-22T15:43:47+0300,https://www.kenyans.co.ke/news/125513-ps-singoei-assures-burundians-safety-after-viral-nairobi-confrontation,neutral,0.8548064232,govt responds viral confrontation kenyan burundi national,0.3853590565,auto_bootstrap_lr,positive,neutral,Govt Responds After Viral Confrontation Between Kenyan and Burundi National
Standard - Business,"Wed, 22 Jul 2026 08:50:00 +0300",https://www.standardmedia.co.ke/business/article/2001553393/will-kenyan-workers-survive-ai-jobs-onslaught,neutral,0.6139237285,kenyan worker survive ai job onslaught,0.3854223931,auto_bootstrap_lr,negative,neutral,Will Kenyan workers survive AI jobs onslaught?
The Star,,https://www.the-star.co.ke/sports/football/2026-07-25-france-camp-fuels-starlets-wafcon-belief,neutral,0.5512130857,france camp fuel starlet wafcon beliefnanjala odemba upbeat ahead morocco opener,0.3854407458,auto_bootstrap_lr,positive,positive,"France camp fuels Starlets' WAFCON beliefNanjala, Odemba upbeat ahead of Morocco opener"
NTV Kenya,,https://ntvkenya.co.ke/business/kengen-hy2026-earnings-business-redefined/,neutral,0.9133574367,kengen hy earnings business redefined,0.3864063659,auto_bootstrap_lr,neutral,neutral,KenGen HY2026 earnings | Business Redefined
K24,"Tue, 21 Jul 2026 23:03:06 +0000",https://k24.digital/entertainment/tokyo-urges-men-to-wear-shorts-to-work-but-women-say-its-leg-hair-harassment,neutral,0.5262095928,tokyo urge men wear short work woman say leg hair harassment,0.3865788653,auto_bootstrap_lr,negative,neutral,"Tokyo urges men to wear shorts to work, but women say it’s leg hair harassment"
Citizen Digital (via Google News),"Fri, 24 Jul 2026 07:03:55 GMT",https://news.google.com/rss/articles/CBMivwFBVV95cUxNVXVUVWlENDRPWXJjd21RamNHRkJBaUd4djNnZzdsTkFOd0dJV21EQzZMTV90c2RVNWtZOC1zTTZ6N2gxRDByck15OVV3bjR1bFQzWGw4OE9Rb2M1RThBM000LXRRc1NuaFd0V19IaEdIWXFmd2loZmVlcGV4QTZOY0llZzFDLUZyTzMwaUZIQ2dYNnppaHBEUFpUSjEtWWlROHB0c1ZaM05PbU94aDV6aDZjRmtyQTJTYkZWaC1OTQ?oc=5,neutral,0.7771237493,gachagua best chance beating ruto backing opposition candidate tifa citizen digital,0.3867090488,auto_bootstrap_lr,negative,neutral,Gachagua's best chance of beating Ruto in 2027 is backing Opposition candidate - TIFA - Citizen Digital
The Standard,,https://www.standardmedia.co.ke/environment-climate/article/2001551278/kenya-power-partners-with-us-firm-to-end-wildlife-electrocution,neutral,0.7814307809,kenya power partner u firm end wildlife electrocution,0.3867294665,auto_bootstrap_lr,negative,positive,Kenya Power partners with US firm to end wildlife electrocution
NTV Kenya,,https://ntvkenya.co.ke/news/museveni-how-can-i-celebrate-arsenals-win-yet-ugandans-are-in-poverty/,neutral,0.5347374082,museveni celebrate arsenal win yet ugandan poverty,0.3868085725,auto_bootstrap_lr,positive,neutral,Museveni: How can I celebrate Arsenal’s win yet Ugandans are in poverty?
The Star,,https://www.the-star.co.ke/news/big-read/2026-07-16-lessons-for-kenya-from-chinas-poverty-ending-agrirevolution,neutral,0.6017639041,lesson kenya china poverty ending agrirevolutionwhat unforgiving desert today feed people globally showing potential northeastern,0.3870793174,auto_bootstrap_lr,positive,positive,"Lessons for Kenya from China’s poverty-ending agrirevolutionWhat was once an unforgiving desert today feeds people globally, showing potential of Northeastern"
K24,"Mon, 20 Jul 2026 08:15:28 +0000",https://k24.digital/lifestyle/food-and-culinary/difference-between-sun-dried-and-machine-dried-foods-why-it-matters,neutral,0.9083735347,difference sun dried machine dried food matter,0.3871523364,auto_bootstrap_lr,neutral,neutral,Difference between sun-dried and machine-dried foods – why it matters
Nairobi Wire,"Thu, 23 Jul 2026 03:44:22 +0000",https://nairobiwire.com/2026/07/kenya-assembly-picketing-demonstration-bill-2026.html,neutral,0.8175134659,new protest bill could change kenyan organize public demonstration,0.3872847937,auto_bootstrap_lr,neutral,neutral,New Protest Bill Could Change How Kenyans Organize Public Demonstrations
Nairobi Wire,,,neutral,0.8750255108,ruto order state agency release information transparency audit,0.3874232496,auto_bootstrap_lr,negative,positive,Ruto Orders All State Agencies to Release Information for Transparency Audit
The Star,,https://www.the-star.co.ke/counties/eastern/2026-07-23-ex-nairobi-governor-kananu-defects-ditches-uda-joins-sonkos-nedp,neutral,0.8385855556,ex nairobi governor kananu defect ditch uda join sonko nedpkananu also launched bid mara parliamentary seat,0.387757806,auto_bootstrap_lr,negative,neutral,"Ex-Nairobi governor Kananu defects ditches UDA, joins Sonko's NEDPKananu has also launched a bid for Mara Parliamentary seat"
The Standard,,https://www.standardmedia.co.ke/opinion/article/2001553146/when-the-referee-joins-the-match-and-why-words-matter-at-iebc,neutral,0.8952622414,referee join match word matter iebc,0.3879732512,auto_bootstrap_lr,negative,neutral,When the referee joins the match and why words matter at IEBC
Standard - Business,"Fri, 17 Jul 2026 12:41:00 +0300",https://www.standardmedia.co.ke/business/article/2001553063/insurers-bundle-investments-with-cover-as-uptake-stalls,neutral,0.8031458855,insurer bundle investment cover uptake stall,0.38799515,auto_bootstrap_lr,positive,positive,Insurers bundle investments with cover as uptake stalls
K24,"Wed, 22 Jul 2026 14:18:41 +0000",https://k24.digital/sports/epl/manchester-uniteds-completed-summer-business,neutral,0.8853754401,manchester united completed summer business,0.3880945611,auto_bootstrap_lr,positive,neutral,Manchester United’s completed summer business
Standard - Politics,"Sat, 18 Jul 2026 07:35:00 +0300",https://www.standardmedia.co.ke/politics/article/2001553102/ol-kalou-chronicles-of-kikuyu-songs-ruto-s-response-and-trending-headline,neutral,0.9327380657,ol kalou chronicle kikuyu song ruto response trending headline,0.3885703363,auto_bootstrap_lr,negative,neutral,"Ol Kalou chronicles: Of Kikuyu songs, Ruto's response and trending headline"
NTV Kenya,,https://ntvkenya.co.ke/business/trade-via-northern-corridor-transit-business-redefined/,neutral,0.934982717,trade via northern corridor transit business redefined,0.3885711558,auto_bootstrap_lr,negative,neutral,Trade via Northern Corridor Transit | Business Redefined
KBC,"Thu, 23 Jul 2026 15:19:27 +0000",https://www.kbc.co.ke/court-dismisses-bid-to-bar-wetangula-kingi-from-politics/,neutral,0.7064294219,court dismisses bid bar wetang ula kingi politics,0.3887751705,auto_bootstrap_lr,neutral,neutral,"Court dismisses bid to bar Wetang’ula, Kingi from politics"
NTV Kenya,,https://ntvkenya.co.ke/politics/jsc-high-court-decline-to-bar-isaac-rutto-from-judges-interviews-over-uda-links/,neutral,0.8087803125,jsc high court decline bar isaac rutto judge interview,0.3888675779,auto_bootstrap_lr,negative,neutral,"JSC, High Court decline to bar Isaac Rutto from judges’ interviews over..."
Business Daily,"Thu, 23 Jul 2026 10:05:38 GMT",https://www.businessdailyafrica.com/bd/corporate/companies/kpa-suffers-setback-in-tussle-over-lucrative-forklifts-tender-5535094,neutral,0.5283191204,kpa suffers setback tussle lucrative forklift tender,0.3890144944,auto_bootstrap_lr,negative,negative,KPA suffers setback in tussle over lucrative forklifts tender
The Standard,,https://www.standardmedia.co.ke/arts-culture/article/2001553260/french-comedy-gets-a-kenyan-twist-in-the-maid-the-mboch-the-nanny,neutral,0.8856470585,french comedy get kenyan twist maid mboch nanny,0.3890469248,auto_bootstrap_lr,positive,positive,"French comedy gets a Kenyan twist in 'The Maid, The Mboch  The Nanny'"
The Mt Kenya Times,2026-07-24 21:01:39,https://mountkenyatimes.co.ke/kangata-joins-gachaguas-dcp-ahead-of-2027-polls/,neutral,0.9373588562,kang ata join gachagua dcp ahead poll,0.3891212298,auto_bootstrap_lr,negative,neutral,Kang’ata joins Gachagua’s DCP ahead of 2027 polls
Standard - Politics,"Sun, 19 Jul 2026 15:04:21 +0300",https://www.standardmedia.co.ke/politics/article/2001553210/khalwale-savula-clash-over-western-kenya-s-political-direction-ahead-of-2027-polls,neutral,0.8805356622,khalwale savula clash western kenya political direction ahead poll,0.3895788736,auto_bootstrap_lr,negative,negative,"Khalwale, Savula clash over western Kenya's political direction ahead of 2027 polls"
Kenya News Agency,"Thu, 23 Jul 2026 15:16:24 +0000",https://www.kenyanews.go.ke/vihiga-county-commits-to-promote-integrity/,neutral,0.5524238348,vihiga county commits promote integrity,0.3896085066,auto_bootstrap_lr,negative,positive,Vihiga County commits to promote integrity
NTV Kenya,,https://ntvkenya.co.ke/news/khalwale-removed-as-senate-majority-whip-in-uda-shake-up/,neutral,0.7716840506,khalwale removed senate majority whip uda shake,0.3896384271,auto_bootstrap_lr,negative,neutral,Khalwale removed as Senate Majority Whip in UDA shake-up
NewsData.io,,,neutral,0.9327088594,de identified health data market sale analysis forecast,0.3896701572,auto_bootstrap_lr,neutral,neutral,De-identified Health Data Market Sales Analysis and Forecast
Currents API,,,neutral,0.8361905217,notice disregard critical metal corp,0.3902094724,auto_bootstrap_lr,negative,remove,NOTICE TO DISREGARD -- Critical Metals Corp
Standard - Politics,"Fri, 24 Jul 2026 00:00:00 +0300",https://www.standardmedia.co.ke/politics/article/2001553602/confusion-after-sifuna-s-paybill-briefly-goes-offline-following-ruto-clash,neutral,0.6357908845,confusion sifuna paybill briefly go offline following ruto clash,0.3906836495,auto_bootstrap_lr,neutral,negative,Confusion after Sifuna's paybill briefly goes offline following Ruto clash
K24,"Wed, 22 Jul 2026 10:09:26 +0000",https://k24.digital/entertainment/celebrity/nadia-mukami-responds-after-arrow-bwoy-says-she-was-once-his-side-chick,neutral,0.8937929869,nadia mukami responds arrow bwoy say side chick,0.3908753512,auto_bootstrap_lr,negative,neutral,Nadia Mukami responds after Arrow Bwoy says she was once his side chick
Capital FM Kenya,,,neutral,0.9135996699,ruto name ipoa chair nominee raft state appointment,0.3908978261,auto_bootstrap_lr,negative,positive,Ruto names IPOA chair nominee in raft of State appointments
NTV Kenya,,https://ntvkenya.co.ke/news/king-charles-will-not-live-in-buckingham-palace-after-487m-renovation/,neutral,0.5990006328,king charles live buckingham palace renovation,0.3910211728,auto_bootstrap_lr,positive,neutral,King Charles will not live in Buckingham Palace after $487m renovation
Nairobi Wire,,,neutral,0.8561127782,raila odinga mausoleum take shape family hand site,0.3918889378,auto_bootstrap_lr,negative,positive,Raila Odinga Mausoleum Takes Shape After Family Hands Over Site
Standard - Politics,"Sat, 18 Jul 2026 16:10:07 +0300",https://www.standardmedia.co.ke/politics/article/2001553149/odm-uda-begin-joint-manifesto-talks-as-leaders-rally-behind-ruto-s-re-election-bid,neutral,0.6452400088,odm uda begin joint manifesto talk leader rally behind ruto election bid,0.3921203857,auto_bootstrap_lr,negative,neutral,"ODM, UDA begin joint manifesto talks as leaders rally behind Ruto's re-election bid"
Citizen Digital (via Google News),"Thu, 16 Jul 2026 04:11:21 GMT",https://news.google.com/rss/articles/CBMilwFBVV95cUxNMWlDZkFxSkE1ZjN2cTRpeWtmOHhWWkx6RWYyOVJEN0ZSaDdoR3l2aEx5Z21BODlZUURYcHY2Q1FZaHJNdXZIR3EzT2pkbzQwMUE2T01HZ1RRRWQtaXhyVlQtWndzdG81bDhTRVlBU3U1eUdJTmdUbzJzSnJaUUdINnRJdXlPaEpkb0h4eU9CMV9hVGN2eWhB?oc=5,neutral,0.9041854739,voting kick high stake ol kalou election citizen digital,0.3928118756,auto_bootstrap_lr,neutral,positive,Voting kicks off in high-stakes Ol Kalou By-Election - Citizen Digital
The Standard,,https://www.standardmedia.co.ke/sports/volleyball-and-handball/article/2001551981/pipeline-and-kcb-take-lead-in-kvf-play-offs,neutral,0.8801118135,pipeline kcb take lead kvf play offs,0.3929501408,auto_bootstrap_lr,positive,positive,Pipeline and KCB take lead in KVF play-offs
The Star,,https://www.the-star.co.ke/news/news-brief/2024-10-14-news-brief-big-test-for-ruto-as-central-resists-gachagua-ouster,neutral,0.8835918307,news brief big test ruto central resists gachagua ousterthese story making headline,0.3931475554,auto_bootstrap_lr,positive,neutral,News Brief: Big test for Ruto as Central resists Gachagua ousterThese are stories making the headlines
The Star,,https://www.the-star.co.ke/climate-change/2026-07-24-state-launches-sh15bn-climate-resilience-plan,neutral,0.6890561581,state launch sh bn climate resilience plan,0.3931597239,auto_bootstrap_lr,negative,positive,State launches Sh15bn climate resilience plan
The Standard,,https://www.standardmedia.co.ke/education/article/2001553443/parents-raise-concerns-over-lack-of-learner-medical-cover,neutral,0.5091500282,parent raise concern lack learner medical cover,0.3936225982,auto_bootstrap_lr,positive,negative,Parents raise concerns over lack of learner medical cover
NTV Kenya,,https://ntvkenya.co.ke/news/orengo-declares-himself-acting-odm-party-leader/,neutral,0.8970121145,orengo declares acting odm party leader,0.3941112229,auto_bootstrap_lr,neutral,neutral,Orengo declares himself acting ODM party leader
Business Daily Africa,"Mon, 20 Jul 2026 14:02:56 GMT",https://www.businessdailyafrica.com/bd/lifestyle/personal-finance/where-the-rich-grow-money-for-their-children-5532446,neutral,0.7039937377,rich grow money child,0.394161877,auto_bootstrap_lr,negative,neutral,Where the rich grow money for their children
Nairobi Wire,,,neutral,0.6464362741,india odometer law clocked car change hand every year,0.3944938409,auto_bootstrap_lr,negative,negative,India Has No Odometer Law and 300000 Clocked Cars Change Hands Every Year
NTV Kenya,,https://ntvkenya.co.ke/news/nba-superstar-lebron-james-to-leave-la-lakers/,neutral,0.9103989601,nba superstar lebron james leave la lakers,0.3945436836,auto_bootstrap_lr,negative,neutral,NBA superstar LeBron James to leave LA Lakers
Currents API,,,neutral,0.8102788329,ruto say kenya reached consensus goonism order crackdown criminality,0.3946974662,auto_bootstrap_lr,negative,positive,"Ruto says Kenya has reached consensus against goonism, orders crackdown on criminality"
The Standard,,https://www.standardmedia.co.ke/education/article/2001553099/prof-ayub-gitau-takes-over-as-uon-vc-ending-two-years-of-leadership-vacuum,neutral,0.8614102006,prof ayub gitau take uon vc ending two year leadership vacuum,0.3951306463,auto_bootstrap_lr,positive,positive,Prof Ayub Gitau takes over as UoN VC ending two years of leadership vacuum
NTV Kenya,,https://ntvkenya.co.ke/news/ruto-to-tuju-you-need-honest-friends/,neutral,0.8343800306,ruto tuju need honest friend,0.3952161786,auto_bootstrap_lr,negative,neutral,Ruto to Tuju: You need honest friends
K24,"Thu, 23 Jul 2026 09:06:50 +0000",https://k24.digital/sports/epl/arsenal-enquire-about-rb-leipzig-star-yan-diomande-after-morgan-rogers-setback,neutral,0.9424348474,arsenal enquire rb leipzig star yan diomande morgan rogers setback,0.3953312624,auto_bootstrap_lr,neutral,neutral,Arsenal enquire about RB Leipzig star Yan Diomande after Morgan Rogers’ setback
The Star,,https://www.the-star.co.ke/business/markets/2026-07-17-longer-lifespans-kenyans-must-plan-early-for-retirement-experts,neutral,0.846293211,longer lifespan kenyan must plan early retirement expertsonly kenyan workforce active pension plan,0.396029097,auto_bootstrap_lr,positive,positive,"Longer lifespans, Kenyans must plan early for retirement - expertsOnly about 26% of the Kenyan workforce has an active pension plan"
NTV Kenya,"Thu, 23 Jul 2026 07:42:18 +0000",https://ntvkenya.co.ke/news/indian-billionaire-adani-weighs-airline-launch-that-could-reshape-market-sources-say/,neutral,0.8416391611,indian billionaire adani weighs airline launch,0.396457177,auto_bootstrap_lr,negative,neutral,Indian billionaire Adani weighs airline launch
Citizen Digital (via Google News),"Sun, 19 Jul 2026 12:11:29 GMT",https://news.google.com/rss/articles/CBMiigFBVV95cUxPX3ZFR1ZtbG4tQmxPRzNfc3FnYXAtS2Z2MS1zNFU0RUZqQXhXZU1iZVUtYy1ZbzFvX3VINktpeGFwUnVVWGRKYXhJNnBKWFV2ZGNTOVhJbUxWTDBoVXJOaE45MG9BMTFxUjgtei1wdjRNbU00cU5CWGYtNVZ2LTdCNlVNdkVPMzBTcEE?oc=5,neutral,0.5305714011,trump bask world cup final spotlight citizen digital,0.3966317154,auto_bootstrap_lr,positive,neutral,Trump to bask in World Cup final spotlight - Citizen Digital
Standard - Politics,"Sat, 18 Jul 2026 07:35:00 +0300",https://www.standardmedia.co.ke/politics/article/2001553107/forget-ol-kalou-loss-and-focus-on-development-ruto-tells-leaders,neutral,0.8123762012,forget ol kalou loss focus development ruto tell leader,0.3968288071,auto_bootstrap_lr,neutral,positive,"Forget Ol kalou loss and focus on development, Ruto tells leaders"
Citizen Digital (via Google News),"Wed, 22 Jul 2026 12:11:51 GMT",https://news.google.com/rss/articles/CBMipwFBVV95cUxOT3ptQVBnUUlucUNSenN2ZDlNdkpDRm5oamp3cldZUFVyaDUyeGJ6QUFTN1BPUnplY2kzTlpjZHZGX0xoUzVUcFdNOWhiLTd3X1dhQW9vdkpkU3RJeWJLRWdIcjdaeF84dEs3SDFXNTVWa2xjX0tJNDZsUHJuUnAxT1h1RVhBWVNsN0tMaktOblIxTHB6WnVaYWVpX2dZZEx2cVY2UmFYcw?oc=5,neutral,0.9194985032,matiang host sifuna linda mwananchi group align strategy citizen digital,0.3981713446,auto_bootstrap_lr,neutral,neutral,Matiang'i hosts Sifuna's Linda Mwananchi group 'to align strategies' - Citizen Digital
Standard - Business,"Wed, 22 Jul 2026 16:28:29 +0300",https://www.standardmedia.co.ke/business/article/2001553485/data-protection-office-bets-on-global-quality-standards-amid-rising-cyber-threats,neutral,0.6280736327,data protection office bet global quality standard amid rising cyber threat,0.3983523325,auto_bootstrap_lr,positive,positive,Data protection office bets on global quality standards amid rising cyber threats
Standard - Politics,"Mon, 20 Jul 2026 08:35:00 +0300",https://www.standardmedia.co.ke/politics/article/2001553239/the-whims-and-memes-from-ol-kalou,neutral,0.4870694876,whim meme ol kalou,0.3986368916,auto_bootstrap_lr,positive,positive,The whims and memes from Ol Kalou
The Star,,https://www.the-star.co.ke/counties/nyanza/2026-07-24-buyu-enters-race-to-succeed-governor-nyongo-in-kisumu,neutral,0.6272709966,buyu enters race succeed governor nyong kisumukisumu west mp cite legislative experience say ready county top job,0.3993240154,auto_bootstrap_lr,positive,neutral,"Buyu enters race to succeed Governor Nyong’o in KisumuKisumu West MP cites her legislative experience, says she's ready for county's top job"
The Star,,https://www.the-star.co.ke/opinion/leader/2026-07-21-odm-must-guard-against-losing-its-national-soul,neutral,0.7890911102,odm must guard losing national soulconsolidating home support maintaining national reach necessary survival,0.3999656752,auto_bootstrap_lr,neutral,neutral,ODM must guard against losing its national soulConsolidating home support and maintaining national reach are both necessary for survival
NTV Kenya,"Wed, 22 Jul 2026 16:35:37 +0000",https://ntvkenya.co.ke/business/unlocking-africas-next-frontier-business-redefined/,neutral,0.6878202558,unlocking africa next frontier business redefined,0.4000337637,auto_bootstrap_lr,positive,positive,Unlocking Africa’s Next Frontier | Business Redefined
K24,"Wed, 22 Jul 2026 18:07:37 +0000",https://k24.digital/lifestyle/technology/how-a-cars-suspension-system-works-to-protect-your-spine,neutral,0.8626596928,car suspension system work protect spine,0.4001393483,auto_bootstrap_lr,neutral,positive,How a car’s suspension system works to protect your spine
Nairobi Wire,,,neutral,0.8511148095,part family wajir woman bond rescued ostrich end emotional goodbye,0.4003858776,auto_bootstrap_lr,negative,positive,“She Is Part of My Family”: Wajir Woman’s Bond With Rescued Ostrich Ends in Emotional Goodbye
World News API,,https://www.kenyamoja.com/video/siaya-governor-james-orengo-arrives-trans-nzoia-ahead-linda-mwananchi-rally-citizen-tv-411692,neutral,0.9429261684,siaya governor james orengo arrives trans nzoia ahead linda mwananchi rally,0.4007067913,auto_bootstrap_lr,negative,neutral,Siaya Governor James Orengo arrives in Trans Nzoia ahead of the Linda Mwananchi rally
Citizen Digital (via Google News),"Thu, 23 Jul 2026 21:07:07 GMT",https://news.google.com/rss/articles/CBMiiwFBVV95cUxQUE9aekpSdm5fZVVJbGU3UE1RLTRidTZVdTBpLU9fY2I2bVZFNTZYaFpCc0JZUEVsYm9FTDRkVHV3MXg5RDdDeF9ER3pDdGYxaTZVZmd3ejlESUFOUzV1TmRtWkN3V1lzRzktWkZzLTY5SGtIQmlTVEQyVzJlNW54WlZpWGhnVUpKd2sw?oc=5,neutral,0.770217061,yvonnne take party party party citizen digital,0.4007118223,auto_bootstrap_lr,negative,neutral,YVONNNE'S TAKE: Party after party... After party - Citizen Digital
K24,"Wed, 22 Jul 2026 12:25:47 +0000",https://k24.digital/entertainment/celebrity/mama-jimmy-recalls-meeting-her-husband-at-15,neutral,0.9085282683,mama jimmy recall meeting husband,0.4008683827,auto_bootstrap_lr,negative,neutral,Mama Jimmy recalls meeting her husband at 15
K24,"Wed, 22 Jul 2026 11:20:32 +0000",https://k24.digital/entertainment/celebrity/gloria-ntazola-explains-why-she-always-wears-holy-rosary-around-her-neck,neutral,0.8572192788,gloria ntazola explains always wear holy rosary around neck,0.4013424298,auto_bootstrap_lr,negative,neutral,Gloria Ntazola explains why she always wears holy rosary around her neck
Standard - Business,"Wed, 15 Jul 2026 09:53:27 +0300",https://www.standardmedia.co.ke/business/article/2001552838/all-in-the-cards-woman-who-seeks-life-s-meaning-in-tarot,neutral,0.7187180519,card woman seek life meaning tarot,0.4013666328,auto_bootstrap_lr,negative,neutral,All in the cards: Woman who seeks life's meaning in tarot
Citizen Digital (via Google News),"Wed, 22 Jul 2026 13:31:22 GMT",https://news.google.com/rss/articles/CBMiqAFBVV95cUxNXzl3RWpDNGdPd0ExZTVvc3Fvc28tX29YVWl4UDFxQ3MyRGxMbDY2Q016UXlTLWl5a2ZLdTNMa2RVYmRQV2JjYjBuVFdIcVd2ZS1GOG44WEVfckRhSXR5S0pKVEZuSjZudjRhcWZvWHV1NDVUNjVGV2pnNG9zT0czdVNhVnBuOGtrX2x0bEYzMGZuTUFxTHV5aHN2OWhPT09OOWE0Ul9SSE0?oc=5,neutral,0.8117281199,ak unveils riadha connect platform manage athletics activity citizen digital,0.401398971,auto_bootstrap_lr,positive,positive,AK unveils Riadha Connect platform to manage athletics activities - Citizen Digital
Citizen Digital (via Google News),"Fri, 24 Jul 2026 20:23:33 GMT",https://news.google.com/rss/articles/CBMiuwFBVV95cUxQR1RUWF9QVzRQWG1hVks4VE16cXlxOGJXNTRtc3RadXM5N290NnRIalQxaFVlQWJXMlZCenIzMVBJVjI2U3Y1Z01lM1oxUmhaYXpjMnhxSERCX0RfMUNlVHFqcVpiX0twenpLZFBkMC1zRkFMelFfVnBob2VfZ0RTblZXdjgtZU9HbnZPSkdydWhESk9XUEZCS2ZSSFQ1ZVVrS21ValpocEttX2l1LTFWREw0LUluMU9hVEZF?oc=5,neutral,0.8406755924,nigeria tinubu approves army expansion division new recruit citizen digital,0.4015487393,auto_bootstrap_lr,negative,positive,"Nigeria's Tinubu approves army expansion to 12 divisions with 28,000 new recruits - Citizen Digital"
Nairobi Wire,"Fri, 24 Jul 2026 03:44:12 +0000",https://nairobiwire.com/2026/07/verify-recruitment-agency-nea-neaims-guide.html,neutral,0.9004204869,step step verify recruitment agency applying job,0.4016658904,auto_bootstrap_lr,positive,positive,Step-by-Step: How to Verify a Recruitment Agency Before Applying for Jobs
The Standard,,https://www.standardmedia.co.ke/environment-climate/article/2001551607/omtatah-demands-details-on-nairobi-park-projects,neutral,0.8818332553,omtatah demand detail nairobi park project,0.4017235948,auto_bootstrap_lr,positive,positive,Omtatah demands details on Nairobi Park projects
The Standard,,https://www.standardmedia.co.ke/business/financial-standard/article/2001552722/beverage-price-wars-loom-as-indian-billionaire-acquires-kenyan-firm-for-sh48b,neutral,0.7747827768,beverage price war loom indian billionaire acquires kenyan firm sh b,0.4017386811,auto_bootstrap_lr,negative,negative,Beverage price wars loom as Indian billionaire acquires Kenyan firm for Sh4.8b
World News API,,,neutral,0.4999548793,excitement tension western region sifuna tour,0.4024133315,auto_bootstrap_lr,neutral,neutral,Excitement and tension in western region over Sifuna tour
NewsData.io,,,neutral,0.8814752102,pauline njoroge statement resignation uhuru jubilee party,0.4026174912,auto_bootstrap_lr,negative,neutral,PAULINE NJOROGE’s statement on resignation from UHURU’s Jubilee Party
K24,"Thu, 23 Jul 2026 05:18:50 +0000",https://k24.digital/sports/epl/rare-inspiration-behind-manchester-uniteds-2026-27-away-blue-kit,neutral,0.7415350676,rare inspiration behind manchester united away blue kit,0.4028597108,auto_bootstrap_lr,neutral,neutral,Rare inspiration behind Manchester United’s 2026/27 away blue kit
World News API,,https://www.kenyamoja.com/video/five-voices-one-stage-fridaynightrave-ntv-video-411428,neutral,0.8783406019,five voice one stage fridaynightrave,0.4031566463,auto_bootstrap_lr,negative,neutral,"Five Voices, One Stage | FridayNightRave"
KBC News,,,neutral,0.6904652715,flour grain industry limited growing footprint kenya,0.4033201913,auto_bootstrap_lr,positive,positive,More Than Flour: Grain Industries Limited’s growing footprint in Kenya
Capital FM Kenya,"Wed, 22 Jul 2026 15:38:44 +0000",https://capitalfm.africa/kenya-seeks-fresh-green-investment-to-restore-10-6mn-hectares-of-degraded-land/,neutral,0.8156858683,kenya seek fresh green investment restore mn hectare degraded land,0.4034057072,auto_bootstrap_lr,positive,positive,Kenya seeks fresh green investment to restore 10.6mn hectares of degraded land
NTV Kenya,"Mon, 06 Jul 2026 07:17:15 +0000",https://ntvkenya.co.ke/news/trump-intervention-sparks-world-cup-storm-as-fifa-clears-balogun-to-face-belgium/,neutral,0.6027341485,trump intervention spark world cup storm fifa clear balogun face belgium,0.4038111951,auto_bootstrap_lr,positive,negative,Trump intervention sparks World Cup storm as FIFA clears Balogun to face Belgium
People Daily,2026-07-24 21:31:49,https://peopledaily.digital/news/kuccps-explains-whether-university-placed-students-can-apply-for-kmtcs-september-2026-intake,neutral,0.969045341,kuccps explains whether university placed student apply kmtc september intake,0.4040346128,auto_bootstrap_lr,positive,neutral,KUCCPS explains whether university-placed students can apply for KMTC’s September 2026 intake
The Star,,https://www.the-star.co.ke/news/africa/2026-07-24-sas-president-wins-bid-to-temporarily-halt-impeachment,neutral,0.8634993434,sa president win bid temporarily halt impeachment,0.4042860832,auto_bootstrap_lr,positive,neutral,SA's president wins bid to temporarily halt impeachment
NTV Kenya,,https://ntvkenya.co.ke/news/sakaja-surrenders-key-city-hall-functions-to-ruto/,neutral,0.916515708,sakaja surrender key city hall function ruto,0.4046088597,auto_bootstrap_lr,positive,positive,Sakaja surrenders key City Hall functions to Ruto
Business Daily,"Wed, 22 Jul 2026 13:37:41 GMT",https://www.businessdailyafrica.com/bd/economy/portuguese-firm-selected-for-mega-embu-dam-project-5534414,neutral,0.8914510608,portuguese firm battling auctioneer selected mega embu dam project,0.4046142625,auto_bootstrap_lr,positive,negative,Portuguese firm battling auctioneers selected for mega Embu dam project
KBC,"Wed, 22 Jul 2026 17:42:15 +0000",https://www.kbc.co.ke/ruto-will-silence-critics-at-polls-says-kindiki/,neutral,0.8847731948,ruto silence critic poll say kindiki,0.4046347857,auto_bootstrap_lr,neutral,neutral,"Ruto will silence critics at polls, says Kindiki"
K24,"Thu, 23 Jul 2026 07:40:56 +0000",https://k24.digital/news/nairobi-water-explains-how-nairobians-can-check-their-water-supply-schedule,neutral,0.9213665128,nairobi water explains nairobians check water supply schedule,0.4047315051,auto_bootstrap_lr,positive,positive,Nairobi Water explains how Nairobians can check their water supply schedule
NewsData.io,,,neutral,0.8440250754,pauline njoroge resigns jubilee party join linda mwananchi movement,0.404736895,auto_bootstrap_lr,negative,neutral,"Pauline Njoroge resigns from Jubilee Party, joins Linda Mwananchi movement"
The Star,,https://www.the-star.co.ke/counties/north-eastern/2026-07-23-new-dawn-for-garissa-boda-boda-riders-as-they-elect-new-leaders,neutral,0.5995562077,new dawn garissa boda boda rider elect new leader,0.4049111326,auto_bootstrap_lr,positive,positive,New dawn for Garissa boda boda riders as they elect new leaders
The Standard,,https://www.standardmedia.co.ke/environment-climate/article/2001552754/together-for-people-and-planet-helping-marginalised-communities-shape-environmental-decisions,neutral,0.6552388072,together people planet helping marginalised community shape environmental decision,0.4050093094,auto_bootstrap_lr,negative,positive,Together for People and Planet: Helping marginalised communities shape environmental decisions
The Standard,,https://www.standardmedia.co.ke/education/article/2001552767/french-government-to-fund-sh45b-uons-youth-research-innovation-centre,neutral,0.8350678086,french government fund sh b uon youth research innovation centre,0.4052430878,auto_bootstrap_lr,neutral,positive,"French government to fund Sh4.5b UoN's youth research,  innovation centre"
Kenyans.co.ke,2026-07-24T08:12:54+0300,https://www.kenyans.co.ke/news/125553-cs-ruku-unveils-policy-replace-ageing-public-servants-gen-z-workforce,neutral,0.8618820906,c ruku unveils new policy gen z recruitment govt job,0.4056621235,auto_bootstrap_lr,positive,positive,CS Ruku Unveils New Policy for Gen Z Recruitment to Govt Jobs
Citizen Digital (via Google News),"Fri, 17 Jul 2026 06:33:49 GMT",https://news.google.com/rss/articles/CBMixAFBVV95cUxNT0IxdlZydDlqVmtmaXlWMjd4ZzN0VjZwTVVycFMyX2NQSnh6Q1NlM00wWWtfX3JHeG9zVlE3T0ltRndPQmFJeXVQYU5wWHpydmh4dkdXT250TFpVNU1ESEsxSjk1OFR4VkRVc09lVkl0QTlPOTNNRHlxNDczQ1FVVTZycFJuQWdrWEJSOEI0QXQ2Q2VEeDRCYUN0NURMSjFkbjRUUWJrcEdzMlUxMzBJa3h5N3hMZVVNQXhqU1NWTlZ4Zm5H?oc=5,neutral,0.747507453,writing wall dcp sammy kamau warns president ruto election win citizen digital,0.4057091796,auto_bootstrap_lr,negative,neutral,The writing is on the wall': DCP's Sammy Kamau warns President Ruto after by-election win - Citizen Digital
Standard - Business,"Thu, 23 Jul 2026 00:00:00 +0300",https://www.standardmedia.co.ke/business/article/2001553487/court-paves-way-for-dockers-union-polls-amid-leadership-row,neutral,0.8821184635,court pave way docker union poll amid leadership row,0.4058823309,auto_bootstrap_lr,negative,neutral,Court paves way for dockers union polls amid leadership row
Standard - Business,"Thu, 23 Jul 2026 08:35:00 +0300",https://www.standardmedia.co.ke/business/article/2001553494/inside-huge-cash-withdrawals-from-affordable-housing-kitty,neutral,0.6184430718,inside huge cash withdrawal affordable housing kitty,0.4064926482,auto_bootstrap_lr,positive,negative,Inside huge cash withdrawals from affordable housing kitty
Nairobi Wire,"Wed, 22 Jul 2026 03:47:28 +0000",https://nairobiwire.com/2026/07/ruto-announces-full-funding-public-university-students.html,neutral,0.6784934998,ruto say government fully fund every student placed university college,0.4064972269,auto_bootstrap_lr,positive,positive,Ruto Says Government Will Fully Fund Every Student Placed in University or College
The Standard,,https://www.standardmedia.co.ke/africa/article/2001553468/somalia-advances-plan-to-establish-national-revenue-authority,neutral,0.8642266989,somalia advance plan establish national revenue authority,0.4069932646,auto_bootstrap_lr,neutral,positive,Somalia advances plan to establish National Revenue Authority
Standard - Politics,"Thu, 23 Jul 2026 08:35:00 +0300",https://www.standardmedia.co.ke/politics/article/2001553522/east-or-west-ruto-s-headache-as-rivals-thwart-push-for-mt-kenya-split,neutral,0.7570304871,east west ruto headache rival thwart push mt kenya split,0.4073154954,auto_bootstrap_lr,neutral,neutral,East or West? Ruto's headache as rivals thwart push for Mt Kenya split
World News API,,https://www.standardmedia.co.ke/politics/article/2001553522/rutos-headache-as-rivals-thwart-push-for-mt-kenya-east-west-split,neutral,0.7109053731,east west ruto headache rival thwart push mt kenya split,0.4073154954,auto_bootstrap_lr,neutral,remove,East or West? Ruto&#039;s headache as rivals thwart push for Mt Kenya split
Business Daily,"Wed, 22 Jul 2026 15:48:37 GMT",https://www.businessdailyafrica.com/bd/corporate/companies/stanchart-pension-blocks-review-of-new-claims-by-ex-staff-5534708,neutral,0.6166904569,stanchart pension block review new claim ex staff,0.4078167944,auto_bootstrap_lr,positive,negative,Stanchart Pension blocks review of new claims by ex-staff
Currents API,,,neutral,0.7073635459,u backed ebola quarantine center operating despite kenya court order,0.4091511011,auto_bootstrap_lr,positive,negative,US-backed Ebola quarantine center operating despite Kenya court order
K24,"Sat, 25 Jul 2026 08:23:22 +0000",https://k24.digital/sports/wafcon-2026-records-that-could-be-broken-in-morocco,neutral,0.56441468,wafcon record could broken morocco,0.4091527915,auto_bootstrap_lr,negative,positive,WAFCON 2026: Records that could be broken in Morocco
K24,"Sat, 25 Jul 2026 11:18:17 +0000",https://k24.digital/lifestyle/technology/openai-confirms-global-chatgpt-outage,neutral,0.4931523204,openai confirms global chatgpt outage,0.4091646723,auto_bootstrap_lr,positive,negative,OpenAI confirms global ChatGPT outage
Standard - Politics,"Tue, 21 Jul 2026 12:33:29 +0300",https://www.standardmedia.co.ke/politics/article/2001553355/mps-urge-voters-to-elect-more-female-candidates-to-achieve-gender-rule,neutral,0.8592380881,mp urge voter elect female candidate achieve gender rule,0.4094649329,auto_bootstrap_lr,negative,positive,MPs urge voters to elect more female candidates to achieve gender rule
K24,"Wed, 22 Jul 2026 16:04:47 +0000",https://k24.digital/entertainment/events/luo-festival-organisers-announce-date-and-venue-for-2026-event,neutral,0.905600965,luo festival organiser announce date venue event,0.4095234794,auto_bootstrap_lr,negative,neutral,Luo Festival organisers announce date and venue for 2026 event
NTV Kenya,,https://ntvkenya.co.ke/news/trump-signals-plan-to-sanction-countries-trading-with-russia/,neutral,0.5932306051,trump signal plan sanction country trading russia,0.4103695046,auto_bootstrap_lr,negative,neutral,Trump signals plan to sanction countries trading with Russia
K24,"Sat, 25 Jul 2026 06:34:21 +0000",https://k24.digital/lifestyle/home-and-living/how-a-pinch-of-salt-keeps-fresh-flowers-looking-vibrant,neutral,0.5543499589,pinch salt keep fresh flower looking vibrant,0.4107345502,auto_bootstrap_lr,negative,positive,How a pinch of salt keeps fresh flowers looking vibrant
Business Daily,"Tue, 21 Jul 2026 14:20:38 GMT",https://www.businessdailyafrica.com/bd/corporate/companies/pesalink-money-transfer-fee-cuts-spread-to-19-banks-5533510,neutral,0.6128396988,pesalink money transfer fee cut spread bank retail battle,0.4108722319,auto_bootstrap_lr,positive,positive,Pesalink money transfer fee cuts spread to 19 banks in retail battle
The Standard,,https://www.standardmedia.co.ke/education/article/2001553024/prof-ayub-gitau-takes-helm-at-uon,neutral,0.911901474,prof ayub gitau take helm uon,0.4110565543,auto_bootstrap_lr,positive,positive,Prof. Ayub Gitau takes helm at UoN
The Standard,,https://www.standardmedia.co.ke/world/article/2001553621/who-are-the-six-candidates-vying-to-lead-the-un,neutral,0.9546829462,six candidate vying lead un,0.4114870166,auto_bootstrap_lr,positive,neutral,Who are the six candidates vying to lead the UN?
The Standard,,https://www.standardmedia.co.ke/health/health-science/article/2001553275/kakamega-high-school-dispensary-reopens-after-sh1m-uplift,neutral,0.7220445871,kakamega high school dispensary reopens sh uplift,0.4116728187,auto_bootstrap_lr,positive,positive,Kakamega High School dispensary reopens after Sh1m uplift
Standard - Politics,"Tue, 21 Jul 2026 06:00:00 +0300",https://www.standardmedia.co.ke/politics/article/2001553317/gachagua-set-to-depart-for-us-next-month,neutral,0.9468279481,gachagua set depart u next month,0.4117916282,auto_bootstrap_lr,negative,neutral,Gachagua set to depart for US next month
The Standard,,https://www.standardmedia.co.ke/health/health-science/article/2001553097/kenya-records-80-per-cent-increase-in-hpv-vaccination-among-girls,neutral,0.7675703764,kenya record per cent increase hpv vaccination among girl,0.412032666,auto_bootstrap_lr,negative,positive,Kenya records 80 per cent increase in HPV vaccination among girls
Nairobi Wire,"Thu, 23 Jul 2026 03:47:04 +0000",https://nairobiwire.com/2026/07/kenya-singapore-dream-development-law-ruto-vision.html,neutral,0.8547858,ruto advisor propose binding law protect kenya singapore dream vision,0.4123697885,auto_bootstrap_lr,positive,positive,Ruto Advisors Propose Binding Law to Protect Kenya’s “Singapore Dream” Vision
The Standard,,https://www.standardmedia.co.ke/opinion/article/2001553577/why-cracking-student-unrest-is-a-shared-responsibility,neutral,0.6747287512,cracking student unrest shared responsibility,0.4124879562,auto_bootstrap_lr,negative,positive,Why cracking student unrest is a shared responsibility
The Standard,,https://www.standardmedia.co.ke/national/article/2001553684/plan-ahead-ntsa-system-to-go-offline-for-hours,neutral,0.5984611511,plan ahead ntsa system go offline hour,0.4125688383,auto_bootstrap_lr,positive,negative,Plan ahead! NTSA system to go offline for hours
The Standard,,https://www.standardmedia.co.ke/business/politics/article/2001553694/sifuna-endorsed-for-presidency-as-western-leaders-threaten-to-ditch-odm,neutral,0.706918776,premiumsifuna endorsed presidency western leader threaten ditch odm,0.4127040502,auto_bootstrap_lr,negative,neutral,PremiumSifuna endorsed for presidency as Western leaders threaten to ditch ODM
World News API,,https://www.kenyamoja.com/video/civil-society-launches-good-governance-campaign-ahead-2027-elections-ktn-news-411835,neutral,0.5453808308,civil society launch good governance campaign ahead election,0.4129334496,auto_bootstrap_lr,positive,positive,Civil Society Launches Good Governance Campaign Ahead of 2027 Elections
Capital FM,"Sat, 25 Jul 2026 07:26:46 +0000",https://capitalfm.africa/tsc-to-advertise-34000-teacher-promotions-as-govt-moves-to-confirm-20000-jss-tutors/,neutral,0.8880884051,tsc advertise teacher promotion govt move confirm jss tutor,0.4132027953,auto_bootstrap_lr,negative,positive,"TSC to advertise 34,000 teacher promotions as govt moves to confirm 20,000 JSS tutors"
The Star,,https://www.the-star.co.ke/sasa/entertainment/2026-07-19-bachelors-diary-chonga-viazi-is-real,neutral,0.6634098291,bachelor diary chonga viazi realbachelor pay dearly high end restaurant date,0.4133085177,auto_bootstrap_lr,positive,negative,BACHELOR’S DIARY: Chonga viazi is realBachelor pays dearly for high-end restaurant date
World News API,2026-07-19 0:00:00,,neutral,0.89842242,mombasa washukiwa wa ulanguzi wa mihadarati wakamatwa wakitaka kuondoka nchini kuelekea dubai,0.4133915118,auto_bootstrap_lr,positive,positive,Mombasa: Washukiwa wa ulanguzi wa mihadarati wakamatwa wakitaka kuondoka nchini kuelekea Dubai
NewsData.io,,,neutral,0.9019426703,nuclear medicine market revenue forecast,0.4136915893,auto_bootstrap_lr,neutral,neutral,Nuclear Medicine Market Revenue Forecast 2033
Citizen Digital,,https://citizen.digital/article/odm-leaders-defend-affordable-housing-rebuke-sifuna-over-criticism-n386999,neutral,0.8930374384,hour agoodm leader defend ruto affordable housing project rebuke sifuna criticismby erick owengaomanyo responding remark made sifuna earlier week downplayed significance project citing cultural concern western region read,0.4138940471,auto_bootstrap_lr,neutral,neutral,"3 hours agoODM leaders defend Ruto's affordable housing project, rebuke Sifuna over criticismBy Erick OwengaOmanyo was responding to remarks made by Sifuna earlier this week, in which he downplayed the significance of the project, citing cultural concerns in the Western region....Read More"
The Standard,,https://www.standardmedia.co.ke/business/work-life/article/2001549920/how-siaya-couple-is-reaping-big-from-worm-juice,neutral,0.7228431106,siaya couple reaping big worm juice,0.413974194,auto_bootstrap_lr,negative,positive,How Siaya couple is reaping big from worm juice
The Standard,,https://www.standardmedia.co.ke/education/article/2001553606/ogamba-defends-tvet-hiring-says-sector-meets-diversity,neutral,0.7585889101,ogamba defends tvet hiring say sector meet diversity,0.4140800992,auto_bootstrap_lr,negative,positive,"Ogamba defends TVET hiring, says sector meets diversity"
The Star,,https://www.the-star.co.ke/news/news-brief/2024-10-14-on-the-radar-mutais-ouster-trial-to-begin-in-senate,neutral,0.952600956,radar mutai ouster trial begin senatekey event activity happening today,0.4141744333,auto_bootstrap_lr,negative,neutral,On the Radar: Mutai's ouster trial to begin in SenateKey events and activities happening today.
The Star,,https://www.the-star.co.ke/sports/athletics/2026-07-24-from-self-belief-to-the-world-stage-why-diana-wanza-could-be-kenyas-next-distance-queen,neutral,0.6301999092,self belief world stage diana wanza could kenya next distance queena graduate kenyatta university pursued bachelor education wanza passion track burned fiercely even parent could persuade walk away sport choosing track chalk,0.4142051522,auto_bootstrap_lr,positive,positive,"From self-belief to the world stage: Why Diana Wanza could be Kenya's next distance queenA graduate of Kenyatta University, where she pursued a Bachelor of Education, Wanza's passion for the track burned so fiercely that not even her parents could not persuade her to walk away from the sport, choosing the track over chalk."
NewsData.io,,,neutral,0.8158466816,kenya communication authority tightens rule importation ict equipment distributor,0.4142924702,auto_bootstrap_lr,negative,positive,Kenya: Communication Authority Tightens Rules On Importation for ICT Equipment Distributors
Standard - Politics,"Sun, 19 Jul 2026 14:38:41 +0300",https://www.standardmedia.co.ke/politics/article/2001553209/ruto-allies-urge-ukambani-residents-to-prioritise-development-over-party-politics,neutral,0.8158925176,ruto ally urge ukambani resident prioritise development party politics,0.4144372916,auto_bootstrap_lr,neutral,neutral,Ruto allies urge Ukambani residents to prioritise development over party politics
K24,"Wed, 22 Jul 2026 04:02:32 +0000",https://k24.digital/entertainment/celebrity/youtube-star-mrbeast-weds-girlfriend-thea-booysen-in-intimate-island-ceremony,neutral,0.740572691,youtube star mrbeast wed girlfriend thea booysen intimate island ceremony,0.4144735934,auto_bootstrap_lr,negative,neutral,YouTube star MrBeast weds girlfriend Thea Booysen in intimate island ceremony
Standard - Business,"Sun, 19 Jul 2026 15:37:44 +0300",https://www.standardmedia.co.ke/business/article/2001553212/lamu-residents-demand-transparency-in-proposed-sh2-2-trillion-oil-refinery,neutral,0.840154469,lamu resident demand transparency proposed sh trillion oil refinery,0.4145349498,auto_bootstrap_lr,negative,positive,Lamu residents demand transparency in proposed Sh2.2 trillion oil refinery
The Standard,,https://www.standardmedia.co.ke/western/article/2001553596/eacc-recovers-public-assets-worth-sh126m-in-western-kenya-anti-graft-drive,neutral,0.8772161007,eacc recovers public asset worth sh western kenya anti graft drive,0.4146565722,auto_bootstrap_lr,positive,positive,EACC recovers public assets worth Sh126m in Western Kenya anti-graft drive
Citizen Digital,,https://citizen.digital/article/mathare-united-ceo-obure-eyes-major-revival-after-relegation-escape-n387009,neutral,0.8756096959,news second agomathare united ceo obure eye major revival relegation escapeby derrick otieno,0.4148433178,auto_bootstrap_lr,positive,positive,News•32 seconds agoMathare United CEO Obure eyes major revival after relegation escapeBy Derrick Otieno
The Star,,https://www.the-star.co.ke/counties/central/2026-07-23-smoke-out-criminals-and-their-collaborators-mp-tells-laikipia-residents,neutral,0.7675435543,smoke criminal collaborator mp tell laikipia residentslawmaker say community cooperation critical tackling livestock theft banditry,0.4149134685,auto_bootstrap_lr,negative,positive,"Smoke out criminals and their collaborators, MP tells Laikipia residentsLawmaker says community cooperation is critical to tackling livestock theft and banditry"
NewsData.io,,,neutral,0.919657588,techcabal daily lie detector test sim card,0.4149898222,auto_bootstrap_lr,positive,positive,👨🏿‍🚀TechCabal Daily – Lie detector test for SIM cards
The Star,,https://www.the-star.co.ke/counties/nyanza/2026-07-21-eacc-moves-to-recover-sh790m-kisumu-prison-land,neutral,0.9340420961,eacc move recover sh kisumu prison landthe land part original acre parcel reserved kenya prison service,0.4150089513,auto_bootstrap_lr,negative,positive,EACC moves to recover Sh790m Kisumu prison landThe land is part of an original 16.2-acre parcel reserved for the Kenya Prisons Service
NTV Kenya,"Tue, 14 Jul 2026 10:07:24 +0000",https://ntvkenya.co.ke/news/kenya-ethiopia-power-deal-to-connect-over-10000-new-customers/,neutral,0.7945823073,kenya ethiopia power deal connect new customer,0.4151717705,auto_bootstrap_lr,neutral,positive,"Kenya-Ethiopia power deal to connect over 10,000 new customers"
World News API,,,neutral,0.9323890209,ipoa present footage tracking albert ojwang final hour,0.415219809,auto_bootstrap_lr,positive,positive,IPOA presents footage tracking Albert Ojwang's final hours
NTV Kenya,,https://ntvkenya.co.ke/news/school-heads-push-for-higher-fees-to-sustain-operations/,neutral,0.8069867492,school head push higher fee sustain operation,0.4155525163,auto_bootstrap_lr,positive,negative,School heads push for higher fees to sustain operations
Kenyans.co.ke,2026-07-21T12:03:43+0300,https://www.kenyans.co.ke/news/125459-knec-outlines-step-step-process-download-digital-kcse-certificate,neutral,0.9204592109,knec outline step download digital kcse certificate,0.4157182789,auto_bootstrap_lr,negative,positive,KNEC Outlines Steps to Download Digital KCSE Certificates
World News API,,https://www.newvision.co.ug/category/health/made-in-uganda-magnesium-injection-to-fight-p-NV_237667_072026,neutral,0.7789613008,made uganda magnesium injection fight pre eclampsia launched,0.4157586441,auto_bootstrap_lr,negative,positive,Made in Uganda magnesium injection to fight pre-eclampsia launched
The Standard,,https://www.standardmedia.co.ke/business/sports/article/2001549067/vuvuzelas-church-vows-and-pilgrimages-the-beautiful-madness-of-arsenal-fanaticism-in-kenya,neutral,0.529904902,premiumvuvuzelas church vow pilgrimage beautiful madness arsenal fanaticism kenya,0.4157687073,auto_bootstrap_lr,negative,neutral,"PremiumVuvuzelas, church vows and pilgrimages: The beautiful madness of Arsenal fanaticism in Kenya"
The Standard,,https://www.standardmedia.co.ke/sports/sports/article/2001549067/vuvuzelas-church-vows-and-pilgrimages-the-beautiful-madness-of-arsenal-fanaticism-in-kenya,neutral,0.5614044666,vuvuzelas church vow pilgrimage beautiful madness arsenal fanaticism kenya,0.4157687073,auto_bootstrap_lr,negative,neutral,"Vuvuzelas, church vows and pilgrimages: The beautiful madness of Arsenal fanaticism in Kenya"
Standard - Business,"Sat, 18 Jul 2026 06:00:00 +0300",https://www.standardmedia.co.ke/business/article/2001553075/kengen-s-ambitious-5-500-mw-plan-to-deal-with-rising-demand-for-electricity,neutral,0.7906942368,kengen ambitious mw plan deal rising demand electricity,0.4159119021,auto_bootstrap_lr,negative,positive,"KenGen's ambitious 5,500 MW plan to deal with rising demand for electricity"
NTV Kenya,,https://ntvkenya.co.ke/politics/united-opposition-steps-up-anti-ruto-campaign-vows-to-protect-vote-amid-rigging-claims/,neutral,0.8273795843,united opposition step anti ruto campaign vow protect vote amid,0.4162819788,auto_bootstrap_lr,negative,neutral,"United Opposition steps up anti-Ruto campaign, vows to protect vote amid..."
Business Daily,"Mon, 20 Jul 2026 17:48:11 GMT",https://www.businessdailyafrica.com/bd/corporate/companies/dealmaker-kenne-owner-of-nabo-capital-acquirer-5532664,neutral,0.9260540605,dealmaker kenne owner nabo capital acquirer,0.4163495456,auto_bootstrap_lr,negative,neutral,Dealmaker Kenne owner of Nabo Capital acquirer
Kenyans.co.ke,2026-07-24T18:16:30+0300,https://www.kenyans.co.ke/news/125567-govt-raises-fuel-price-concerns-ahead-august-epra-review,neutral,0.5871056914,govt raise fuel price concern ahead august epra review,0.4163759117,auto_bootstrap_lr,positive,negative,Govt Raises Fuel Price Concerns Ahead of August EPRA Review
Standard - Business,"Wed, 15 Jul 2026 12:44:00 +0300",https://www.standardmedia.co.ke/business/article/2001552865/paper-vs-property-why-the-high-net-worth-are-abandoning-real-estate,neutral,0.6896346211,paper v property high net worth abandoning real estate,0.4169318048,auto_bootstrap_lr,positive,negative,Paper vs property: Why the high net-worth are abandoning real estate
Standard - Politics,"Tue, 21 Jul 2026 12:00:00 +0300",https://www.standardmedia.co.ke/politics/article/2001553340/oparanya-wetang-ula-battle-for-western-kenya-s-political-crown-ahead-of-2027,neutral,0.8847054243,oparanya wetang ula battle western kenya political crown ahead,0.4173071964,auto_bootstrap_lr,positive,neutral,"Oparanya, Wetang'ula battle for western Kenya's political crown ahead of 2027"
NTV Kenya,"Mon, 13 Jul 2026 08:38:59 +0000",https://ntvkenya.co.ke/podcast/e7-the-polygamist/,neutral,0.6040839553,ep polygamist,0.4173561895,auto_bootstrap_lr,negative,remove,EP7: The polygamist!
NTV Kenya,"Mon, 06 Jul 2026 09:32:15 +0000",https://ntvkenya.co.ke/sports/belgium-granted-right-to-appeal-fifas-folarin-balogun-decision/,neutral,0.9025870562,belgium granted right appeal fifa folarin balogun decision,0.4174743081,auto_bootstrap_lr,positive,positive,Belgium granted right to appeal FIFA’s Folarin Balogun decision
K24,"Thu, 23 Jul 2026 10:47:38 +0000",https://k24.digital/lifestyle/home-and-living/how-listening-to-rain-sounds-helps-people-sleep,neutral,0.8113424182,listening rain sound help people sleep,0.4175527733,auto_bootstrap_lr,negative,neutral,How listening to rain sounds helps people sleep
World News API,,,neutral,0.9095245004,philippine manila chinese fm canadian fm meeting,0.4175823117,auto_bootstrap_lr,negative,neutral,THE PHILIPPINES-MANILA-CHINESE FM-CANADIAN FM-MEETING
The Standard,,https://www.standardmedia.co.ke/nyanza/article/2001553574/relief-to-6000-farmers-as-soya-bean-production-intensifies,neutral,0.7776467204,relief farmer soya bean production intensifies,0.4176775388,auto_bootstrap_lr,positive,positive,Relief to 6000 farmers as soya bean production intensifies
NewsData.io,,,neutral,0.8798074126,opinion kipenga cha mama na mtoto kenya turn football lifeline mother,0.4180338984,auto_bootstrap_lr,negative,positive,OPINION: Kipenga Cha Mama na Mtoto: How Kenya Can Turn Football Into a Lifeline for Mothers
NTV Kenya,"Fri, 24 Jul 2026 07:44:15 +0000",https://ntvkenya.co.ke/news/court-strikes-out-bid-to-bar-wetangula-kingi-from-political-activities/,neutral,0.6856505275,court strike bid bar wetang ula kingi political activity,0.4182196471,auto_bootstrap_lr,positive,neutral,"Court strikes out bid to bar Wetang’ula, Kingi from political activities"
The Star,,https://www.the-star.co.ke/news/corridors-of-power/2026-07-22-outgoing-governor-gets-cold-feet-over-mp-seat,neutral,0.5791879892,outgoing governor get cold foot mp seatthe rival many resident generous donation,0.4183904879,auto_bootstrap_lr,negative,neutral,Outgoing governor gets cold feet over MP seatThe rival has won over many residents through generous donations.
NTV Kenya,,https://ntvkenya.co.ke/politics/battle-for-odm-power-struggle-shifts-between-boardroom-and-grassroots/,neutral,0.8713358641,battle odm power struggle shift boardroom grassroots,0.4184623916,auto_bootstrap_lr,negative,neutral,Battle for ODM: Power struggle shifts between boardroom and grassroots
Citizen Digital (via Google News),"Fri, 17 Jul 2026 14:14:01 GMT",https://news.google.com/rss/articles/CBMiwgFBVV95cUxQX256RjJKTVdOX3R6eGdkYnhRQXpRMFExWm83aUN6aXJkUGtXMjUxaFNEXzVLQW5FRGZ5SWNRX2lOZ2d2YVJId1lxbFpMMkJ4SW9ENmh3LVdXeDFCSlBSbmFScnNpWm9sOVhfbUt5bVQwS2Q1V3pWbzNMbk5PODc2ZlBZUTlJNzVsTUJyT2hJU3FhWkMwYlZFNUVNb1ptdUtJakd0a0VMQmdfNUk1WU0tUzhjVTRwTXNhUXRuVmJtUGxTQQ?oc=5,neutral,0.7871896625,president ruto unveils ksh b project makueni vow region left behind citizen digital,0.4184671442,auto_bootstrap_lr,negative,positive,"President Ruto unveils Ksh.30B projects in Makueni, vows no region will be left behind - Citizen Digital"
Citizen Digital (via Google News),"Fri, 17 Jul 2026 12:29:02 GMT",https://news.google.com/rss/articles/CBMiwwFBVV95cUxNWm82MklBMVdNR1hhQmNnR2JMTzBaZzJuYUZfQUtCMXRiQzEtQzZpUGdVSVVKZ3l2M2JFUEhnaUdlb1E1ZmZQZGNHRkJnSXc3Q091WjBTUklGalo0aVNvODR6Vl9uRUZHMHg0N0FVSW9jT2xJWmxiNThJaDRNYnZiaElHYUtHbFc1MFFMaGxwTEh2MkdVNGl5aHJYMmdYZEtQT1Q2elI3TlZvSDNDUDJrcTdwZzlyeF90V29OMl9uVDc3SXc?oc=5,neutral,0.852617979,high court clear construction km road aberdare national park forest citizen digital,0.4186088299,auto_bootstrap_lr,negative,positive,High Court clears construction of 52KM road through Aberdare National Park and Forest - Citizen Digital
World News API,,,neutral,0.7995083332,ruto ally face tough choice dcp strengthens political hold mt kenya,0.4188341405,auto_bootstrap_lr,neutral,neutral,Ruto Allies Face Tough Choices as DCP Strengthens Political Hold in Mt Kenya
NTV Kenya,,https://ntvkenya.co.ke/news/whatsapp-usernames-to-let-people-chat-without-revealing-phone-number/,neutral,0.882838428,whatsapp usernames let people chat without revealing phone number,0.4190987199,auto_bootstrap_lr,positive,positive,WhatsApp usernames to let people chat without revealing phone number
The Star,,https://www.the-star.co.ke/sasa/society/2026-07-17-usman-vs-du-plessis-set-for-high-stakes-ufc-showdown,neutral,0.920802772,usman v du plessis set high stake ufc showdownthe contest scheduled headline ufc fight night oklahoma city pit two former title holder,0.4192817063,auto_bootstrap_lr,positive,neutral,"Usman vs du Plessis set for high-stakes UFC showdownThe contest, scheduled to headline UFC Fight Night 281 in Oklahoma City, pits two former title holders against each other"
Citizen Digital (via Google News),"Tue, 21 Jul 2026 20:24:30 GMT",https://news.google.com/rss/articles/CBMi3wFBVV95cUxQb3NnV0dsYnFGaVVnTHdaaTY0YjhJaEpDNmVtRG9PblBma2lQRFpFcS0tNDRSM0VkRUpRcjNQTlVtZDFtN0xiQUJLRlFsM2tFTXRNYkdwcDZmdlN5RGpPUXBkRXdNUzd0WXNvX0tnMmJ6R1lEYmNuRmJnbFhWZmFrWHpiU3JWWnR2aXZ5dTlzSXBwaTBSWUI5TW5FRGtTN2ZtVm9tcUR1d2ExYmZ3VDdWdXMzT1lmMlZwT2JRT0RDV3BKRVZsZDRLNnlNWWsybk9qZDlwcEc2bC15amNMb0Vj?oc=5,neutral,0.7266278863,nothing karua say settle deputy president post support united opposition candidate citizen digital,0.41962588,auto_bootstrap_lr,negative,neutral,"All or nothing!' Karua says will not settle for deputy president post, to support United Opposition candidate - Citizen Digital"
Kenyans.co.ke,2026-07-24T16:13:00+0300,https://www.kenyans.co.ke/news/125564-high-court-orders-ig-kanja-personally-oversee-gatoto-school-handover-august-13,neutral,0.8826531768,high court issue fresh order ig kanja gatoto school dispute,0.4197504148,auto_bootstrap_lr,neutral,neutral,High Court Issues Fresh Orders to IG Kanja in Gatoto School Dispute
Citizen Digital (via Google News),"Fri, 24 Jul 2026 04:07:38 GMT",https://news.google.com/rss/articles/CBMiugFBVV95cUxObEh0TFZtYzdkT25WbmRIMklmaGJ5c0I2cmJIck5YdDhyRXU0cjdlVzVndUdUY1pISGU4Sk9DQ2xzSlFpblRqS0ZmQjFiOW9xUWtORDNYclQwem82QW1iVnltbUtsRGxlN05WUGMxMWI3NGhjeDFObHJrd25idlpjS3JSbFE4azQway1VTExhbzcxUXJXVUxFWHY2NURVdHgxaDE5a1NyN3Y5cFBEUkdGLURNZGxKd2V3Q1E?oc=5,neutral,0.920984745,harambee starlet forward violet nanjala eye continental spotlight morocco citizen digital,0.4197754285,auto_bootstrap_lr,negative,positive,Harambee Starlets forward Violet Nanjala eyes continental spotlight in Morocco - Citizen Digital
The Standard,,https://www.standardmedia.co.ke/sports/boxing/article/2001551982/ambitious-kdf-target-national-league-gong,neutral,0.7423679233,ambitious kdf target national league gong,0.4198439409,auto_bootstrap_lr,positive,positive,Ambitious KDF target national league gong
The Standard,,https://www.standardmedia.co.ke/opinion/article/2001553603/limurus-calling-as-ngugi-wa-thiongo-centre-unveiled-kombani-launches-book,neutral,0.8551151752,limuru calling ngugi wa thiong centre unveiled kombani launch book,0.4199472728,auto_bootstrap_lr,positive,positive,"Limuru's calling, as Ngugi wa Thiong'o Centre unveiled, Kombani launches book"
NTV Kenya,"Tue, 21 Jul 2026 07:49:45 +0000",https://ntvkenya.co.ke/news/safaricom-chief-financial-services-officer-esther-waititu-quits/,neutral,0.7066898942,safaricom chief financial service officer esther waititu quits,0.4201117875,auto_bootstrap_lr,positive,neutral,Safaricom Chief Financial Services Officer Esther Waititu quits
World News API,,,neutral,0.8973958492,explainer leader season martha karua,0.420163125,auto_bootstrap_lr,positive,neutral,THE EXPLAINER | LEADERS AND SEASONS | MARTHA KARUA
World News API,,,neutral,0.8805209994,explainer leader season quickfire martha karua,0.420163125,auto_bootstrap_lr,positive,remove,THE EXPLAINER | LEADERS AND SEASONS | QUICKFIRE MARTHA KARUA
The Standard,,https://www.standardmedia.co.ke/opinion/article/2001553377/mammon-fell-ol-kalou-exposed-limits-of-money-politics-patronage,neutral,0.4802737236,mammon fell ol kalou exposed limit money politics patronage,0.4202951459,auto_bootstrap_lr,neutral,neutral,"Mammon fell! Ol Kalou exposed limits of money politics, patronage"
NTV Kenya,,https://ntvkenya.co.ke/entertainment/dua-lipa-sues-samsung-for-15-million-for-allegedly-using-her-image-to-sell-tvs/,neutral,0.6720156074,dua lipa sue samsung million allegedly using image,0.4211780904,auto_bootstrap_lr,negative,neutral,Dua Lipa sues Samsung for $15 million for allegedly using her image to...
K24,"Thu, 23 Jul 2026 16:23:37 +0000",https://k24.digital/entertainment/celebrity/nyako-says-she-is-under-investigation-in-germany-after-being-reported-over-tiktok-earnings,neutral,0.5876729488,nyako say investigation germany reported tiktok earnings,0.4215819829,auto_bootstrap_lr,negative,neutral,Nyako says she is under investigation in Germany after being reported over TikTok earnings
World News API,,https://www.kenyamoja.com/video/fred-matiangi-attends-sda-service-utawala-addressing-supporters-and-nairobi-residents-ktn,neutral,0.9352980852,fred matiang attends sda service utawala addressing supporter nairobi resident,0.4216550264,auto_bootstrap_lr,positive,neutral,Fred Matiang'i Attends SDA Service in Utawala Before Addressing Supporters and Nairobi Residents
Standard - Politics,"Fri, 17 Jul 2026 12:20:07 +0300",https://www.standardmedia.co.ke/politics/article/2001553045/ruto-breaks-silence-over-dcp-ol-kalou-landslide,neutral,0.7993147969,ruto break silence dcp ol kalou landslide,0.4221009802,auto_bootstrap_lr,negative,neutral,Ruto breaks silence over DCP Ol Kalou landslide
The Standard,,https://www.standardmedia.co.ke/environment-climate/article/2001552092/how-kaptagat-forest-restoration-overcame-hurdles-in-last-10-years,neutral,0.6642014384,kaptagat forest restoration overcame hurdle last year,0.422248149,auto_bootstrap_lr,negative,positive,How Kaptagat Forest restoration overcame hurdles in last 10 years
NewsData.io,,,neutral,0.8811782598,basigo open ev charging station meru nanyuki nyeri,0.4223252264,auto_bootstrap_lr,negative,positive,"BasiGo to open EV charging stations in Meru, Nanyuki and Nyeri"
The Standard,,https://www.standardmedia.co.ke/national/article/2001553726/ruto-orders-sha-enrolment-for-health-promoters,neutral,0.8874384761,ruto order sha enrolment health promoter,0.4224233794,auto_bootstrap_lr,negative,positive,Ruto orders SHA enrolment for health promoters
Citizen Digital (via Google News),"Sat, 18 Jul 2026 12:07:02 GMT",https://news.google.com/rss/articles/CBMitAFBVV95cUxPYVB4TlMtVGREVkRDWUZNT2VGcFZQeERUOFJ2NmdicEJsZGx5bHlnaHAtSzJMX0FoemM4VDZ0b3ZPOUc5blVnNFlJaG1CTFdzbGk2b0dHa2U3c3U2VGo1WDhlbDJZb2FRN0Z2UER6LVhlZUdEVzVodFdXTzg0bnViOGZJVThmbWNmVWhNcnZnYU5GbE9BejVWaEExUTk3M2ZaMEZqc0RWUkpwc2lEWFVzRDdNZS0?oc=5,neutral,0.7744511962,c ruku push mt kenya east autonomy cite decade marginalisation citizen digital,0.4224494219,auto_bootstrap_lr,negative,positive,"CS Ruku pushes for Mt Kenya East autonomy, cites decades of marginalisation - Citizen Digital"
Citizen Digital,,https://citizen.digital/article/watch-live-dcp-rally-inyandarua-n386987,neutral,0.9244872928,hour agowatch live dcp rally nyandaruaby citizen reporterread,0.4224814145,auto_bootstrap_lr,negative,remove,5 hours agoWATCH LIVE: DCP Rally in NyandaruaBy Citizen ReporterRead More
NTV Kenya,,https://ntvkenya.co.ke/politics/ex-cs-linturi-sues-meru-governor-mutuma-for-sh50m/,neutral,0.7430773973,linturi sue meru governor mutuma sh,0.4229639476,auto_bootstrap_lr,negative,neutral,Linturi sues Meru Governor Mutuma for Sh50m
World News API,,https://www.standardmedia.co.ke/pictures/1638/from-vigils-to-teargas-and-arrests-a-look-at-gen-zs-second-anniversary,neutral,0.7966060042,picture power standard,0.4231701547,auto_bootstrap_lr,neutral,remove,"Picture Power
  - The Standard"
NTV Kenya,"Fri, 03 Jul 2026 12:12:41 +0000",https://ntvkenya.co.ke/news/court-orders-release-of-woman-held-for-posting-rutos-air-travel-details/,neutral,0.8846848011,court order release woman held post ruto air travel detail,0.4231850559,auto_bootstrap_lr,neutral,positive,Court orders release of woman held over posts on Ruto’s air travel details
Citizen Digital,,https://citizen.digital/article/sinner-djokovic-withdraw-from-montreal-masters-n387090,neutral,0.7924907207,hour agosinner djokovic withdraw montreal mastersby afp carefully considering factor together team made difficult decision withdraw montreal sinner said statement read,0.4232185453,auto_bootstrap_lr,negative,neutral,"2 hours agoSinner, Djokovic withdraw from Montreal MastersBy AFP""After carefully considering all the factors together with my team, we have made the difficult decision to withdraw from Montreal,"" Sinner said in a statement.Read More"
The Standard,,https://www.standardmedia.co.ke/sports/sports/article/2001553664/harambee-starlets-ready-to-rumble,neutral,0.7442958951,harambee starlet ready rumble,0.4232433771,auto_bootstrap_lr,positive,positive,Harambee Starlets ready to rumble
The Standard,,https://www.standardmedia.co.ke/national/article/2001553592/ronald-ngala-utalii-college-to-open-on-september-1,neutral,0.9354885221,ronald ngala utalii college open september,0.423333267,auto_bootstrap_lr,negative,positive,Ronald Ngala Utalii College to open on September 1
Standard - Headlines,"Thu, 23 Jul 2026 14:29:55 +0300",https://www.standardmedia.co.ke/article/2001553565/mimi-si-mjinga-nyinyi-ndio-akili-hamna-ruto-tells-off-opponents,neutral,0.799660027,mimi si mjinga nyinyi ndio akili hamna ruto tell opponent,0.4233745544,auto_bootstrap_lr,neutral,negative,"""Mimi si mjinga, nyinyi ndio akili hamna!"" Ruto tells off opponents"
NTV Kenya,"Thu, 09 Jul 2026 14:16:35 +0000",https://ntvkenya.co.ke/arts-lifestyle/preparing-nigerian-cuisine-amala-gbegiri-served-with-ewedu/,neutral,0.8363899589,preparing nigerian cuisine amala gbegiri served ewedu pishi bomba,0.4234352098,auto_bootstrap_lr,positive,positive,"Preparing Nigerian cuisine Amala, Gbegiri served with Ewedu | Pishi Bomba"
NTV Kenya,"Wed, 22 Jul 2026 13:03:22 +0000",https://ntvkenya.co.ke/sports/chelsea-sign-morgan-rogers-from-aston-villa-in-record-british-deal/,neutral,0.8603525758,chelsea sign morgan rogers aston villa record british deal,0.423451508,auto_bootstrap_lr,neutral,neutral,Chelsea sign Morgan Rogers from Aston Villa in record British deal
K24,"Wed, 22 Jul 2026 17:45:35 +0000",https://k24.digital/lifestyle/health-and-fitness/erectile-dysfunction-causes-symptoms-and-treatment-options-explained,neutral,0.8307323456,erectile dysfunction cause symptom treatment option explained,0.4236041869,auto_bootstrap_lr,negative,negative,"Erectile dysfunction: Causes, symptoms and treatment options explained"
World News API,,https://www.kenyamoja.com/video/kenya-pipeline-storm-mozzart-kenya-cup-final-ntv-video-411807,neutral,0.7736401558,kenya pipeline storm mozzart kenya cup final,0.4236057449,auto_bootstrap_lr,neutral,positive,Kenya Pipeline storm into Mozzart Kenya Cup final
Citizen Digital (via Google News),"Wed, 22 Jul 2026 19:12:14 GMT",https://news.google.com/rss/articles/CBMingFBVV95cUxQMWVCR3ZwSU9qZnE3NGc4NUJ0eDNxNjFjN3I1LVg2TEpBbkpRbVRQY2VUenBvNktkN0w4MmdpTENXRG9NYlNsclFnb0ZwUXM2YktMTlZEQkxJdWt4Wk8xa005TzFMLXNBT085ejRzVzBNRkJmSHJBdEk2SVdKNk52dEFYODhWYkc5ZElYNFRkYUZDZkxWUUpJUGRWeGhUZw?oc=5,neutral,0.6962771416,team world cup could transform soccer economics citizen digital,0.4236927691,auto_bootstrap_lr,positive,positive,How a 64-team World Cup could transform soccer's economics - Citizen Digital
The Star,,https://www.the-star.co.ke/opinion/columnists/2026-07-14-okumu-the-toll-at-every-door,neutral,0.812050283,okumu toll every doorthe answer build everything term keep key hand even tool someone else,0.4238176753,auto_bootstrap_lr,negative,neutral,OKUMU: The toll at every doorThe answer is not to build everything ourselves but terms that keep the keys in our hands even when the tool is someone else's
The Star,,https://www.the-star.co.ke/health/2026-07-01-counties-to-adopt-tougher-safety-and-environmental-rules-for-projects,neutral,0.7611452341,county adopt tougher safety environmental rule projectsnew world bank backed framework requires meet stricter environmental social health safety rule,0.424258333,auto_bootstrap_lr,negative,neutral,"Counties to adopt tougher safety and environmental rules for projectsNew World Bank-backed framework requires them to meet stricter environmental, social, health and safety rules."
Citizen Digital,,https://citizen.digital/article/kiangati-residents-demand-action-after-hippo-turns-homestead-into-sleeping-ground-n387099,neutral,0.7487105727,hour agokiangati resident demand action hippo turn homestead sleeping groundby johnson muriithifor nearly month hippo leaving river thiba every evening making way compound francis nyamu spends night returning river dawn read,0.4243556452,auto_bootstrap_lr,positive,negative,"1 hour agoKiangati residents demand action after hippo turns homestead into sleeping groundBy Johnson MuriithiFor nearly a month, the hippo has been leaving River Thiba every evening and making its way into the compound of Francis Nyamu, where it spends the night before returning to the river at dawn....Read More"
K24,"Thu, 23 Jul 2026 05:56:09 +0000",https://k24.digital/entertainment/celebrity/niliwacha-mkorogo-justina-syokau-explains-why-she-stopped-bleaching-her-face,neutral,0.8120536208,niliwacha mkorogo justina syokau explains stopped bleaching face,0.4246628723,auto_bootstrap_lr,negative,neutral,Niliwacha mkorogo: Justina Syokau explains why she stopped bleaching her face
The Star,,https://www.the-star.co.ke/counties/nyanza/2026-07-24-delayed-rachuonyo-road-project-back-on-track-says-omollo,neutral,0.8185399771,delayed rachuonyo road project back track say omolloomollo said government also investing sh million water supply project,0.4246671935,auto_bootstrap_lr,positive,positive,"Delayed Rachuonyo road project back on track, says OmolloOmollo said the government was also investing Sh605 million in water supply projects."
The Star,,https://www.the-star.co.ke/counties/western/2026-07-24-westerns-succession-puzzle-as-leaders-split-over-poll-strategy,neutral,0.7302528024,western succession puzzle leader split poll strategy,0.4250228395,auto_bootstrap_lr,negative,neutral,Western’s succession puzzle as leaders split over poll strategy
The Standard,,https://www.standardmedia.co.ke/africa/article/2001553526/mali-niger-and-burkina-faso-bid-to-host-afcon-2032,neutral,0.9147322774,mali niger burkina faso bid host afcon,0.425133495,auto_bootstrap_lr,negative,positive,"Mali, Niger and Burkina Faso bid to host AFCON 2032"
World News API,,https://www.standardmedia.co.ke/smart-harvest/article/2001553729/agroecologists-seek-involvement-in-policy-decisions,neutral,0.8411937952,agroecologists seek involvement policy decision,0.4253401644,auto_bootstrap_lr,negative,neutral,Agroecologists seek involvement in policy decisions
Citizen Digital,,https://citizen.digital/article/whats-the-deal-with-peptides-the-hyped-market-under-us-review-n386949,neutral,0.7503845096,deal peptide hyped market u review,0.4253498094,auto_bootstrap_lr,positive,neutral,What's the deal with peptides? The hyped market under US review
K24,"Thu, 23 Jul 2026 10:27:55 +0000",https://k24.digital/news/step-by-step-guide-to-getting-police-clearance-certificate-in-kenya-in-24-hours,neutral,0.8485845327,step step guide getting police clearance certificate kenya hour,0.4254298398,auto_bootstrap_lr,positive,neutral,Step-by-step guide to getting police clearance certificate in Kenya in 24 hours
Nairobi Wire,,,neutral,0.8446454406,linda mwananchi claim ruto blocked bid register new political party,0.4255704608,auto_bootstrap_lr,neutral,negative,Linda Mwananchi Claims Ruto Blocked Bid to Register New Political Party
Kenya News Agency,"Thu, 23 Jul 2026 15:22:31 +0000",https://www.kenyanews.go.ke/escarpment-belt-irrigation-project-nears-completion/,neutral,0.5179238319,escarpment belt irrigation project nears completion,0.4256886399,auto_bootstrap_lr,positive,positive,Escarpment Belt irrigation project nears completion
The Star,,https://www.the-star.co.ke/counties/western/2026-07-19-nyanza-page-story-1-700000-eligible-voters-not-registered-in-bungoma-and-kakamega-says-wetangula-1,neutral,0.6416133642,wetang ula eligible voter registered bungoma kakamegawetang ula urge church woman drive voter registration rally western behind ruto,0.4257041931,auto_bootstrap_lr,positive,neutral,"Wetang'ula: 700,000 eligible voters not registered in Bungoma and KakamegaWetang'ula urges churches, women to drive voter registration as he rallies Western behind Ruto"
The Standard,,https://www.standardmedia.co.ke/health/health-science/article/2001553469/kenya-steps-up-ebola-preparedness-amid-laikipia-quarantine-row,neutral,0.8987478614,kenya step ebola preparedness amid laikipia quarantine row,0.4257591904,auto_bootstrap_lr,positive,neutral,Kenya steps up Ebola preparedness amid Laikipia quarantine row
The Standard,,https://www.standardmedia.co.ke/education/article/2001553354/31-kiambu-tvet-graduates-set-for-germany-jobs-in-pilot-labour-mobility-scheme,neutral,0.9115507603,kiambu tvet graduate set germany job pilot labour mobility scheme,0.425922716,auto_bootstrap_lr,positive,positive,31 Kiambu TVET graduates set for Germany jobs in pilot labour mobility scheme
NTV Kenya,"Wed, 15 Jul 2026 07:56:37 +0000",https://ntvkenya.co.ke/news/nigerias-dangote-begins-pricing-local-fuel-sales-in-dollars-citing-crude-supply-constraints/,neutral,0.6922211051,nigeria dangote begin pricing local fuel sale dollar citing crude supply constraint,0.4259950603,auto_bootstrap_lr,negative,neutral,"Nigeria’s Dangote begins pricing local fuel sales in dollars, citing crude supply constraints"
K24,"Thu, 23 Jul 2026 14:23:32 +0000",https://k24.digital/sports/world-cup/french-fa-to-unveil-zidane-as-didier-deschampss-successor,neutral,0.9079986215,france set unveil zidane didier deschamps successor,0.426015988,auto_bootstrap_lr,positive,neutral,France set to unveil Zidane as Didier Deschamps’s successor
Standard - Business,"Thu, 16 Jul 2026 06:00:00 +0300",https://www.standardmedia.co.ke/business/article/2001552894/kaa-to-modernise-airports-amid-increased-cargo-and-passenger-traffic,neutral,0.8710036278,kaa modernise airport amid increased cargo passenger traffic,0.4261417564,auto_bootstrap_lr,negative,positive,KAA to modernise airports amid increased cargo and passenger traffic
The Star,,https://www.the-star.co.ke/counties/rift-valley/2026-07-20-competition-authority-boss-joins-uasin-gishu-governor-race,neutral,0.7916365266,competition authority bos join uasin gishu governor racerotuk accountant economist year experience public private sector,0.4262532348,auto_bootstrap_lr,positive,neutral,"Competition Authority boss joins Uasin Gishu governor raceRotuk, an accountant and economist with more than 30 years’ experience in the public and private sectors"
KBC,"Thu, 23 Jul 2026 13:31:49 +0000",https://www.kbc.co.ke/ruto-linda-mama-upgraded-not-scrapped/,neutral,0.8615934849,ruto linda mama upgraded scrapped,0.4263593352,auto_bootstrap_lr,neutral,positive,"Ruto: Linda Mama upgraded, not scrapped"
Citizen Digital,,https://citizen.digital/article/watch-live-linda-mwananchi-rally-in-trans-nzoia-county-n387095,neutral,0.9530933499,news hour agowatch live linda mwananchi rally trans nzoia countyby citizen reporter,0.4264250172,auto_bootstrap_lr,negative,neutral,News•an hour agoWATCH LIVE: Linda Mwananchi Rally in Trans Nzoia CountyBy Citizen Reporter
K24,"Thu, 23 Jul 2026 06:01:25 +0000",https://k24.digital/lifestyle/home-and-living/how-echo-in-high-ceiling-houses-elevates-daily-stress-levels,neutral,0.5856294036,echo high ceiling house elevates daily stress level,0.4264779827,auto_bootstrap_lr,positive,negative,How echo in high-ceiling houses elevates daily stress levels
Nairobi Wire,"Fri, 24 Jul 2026 03:40:43 +0000",https://nairobiwire.com/2026/07/anne-kananu-joins-nedp-leaves-uda-maara-mp-bid.html,neutral,0.898507297,former nairobi governor anne kananu defect uda sonko nedp,0.4264847212,auto_bootstrap_lr,neutral,neutral,Former Nairobi Governor Anne Kananu Defects From UDA to Sonko’s NEDP
The Star,,https://www.the-star.co.ke/counties/nyanza/2026-07-24-kisumu-community-health-workers-get-digital-tablets-to-boost-services,neutral,0.5262665749,kisumu community health worker get digital tablet boost servicestablets improve primary healthcare strengthen collection use health data community level,0.4265866977,auto_bootstrap_lr,negative,positive,Kisumu community health workers get digital tablets to boost servicesTablets to improve primary healthcare and strengthen the collection and use of health data at the community level
Standard - Politics,"Wed, 22 Jul 2026 09:41:42 +0300",https://www.standardmedia.co.ke/politics/article/2001553432/wetang-ula-defends-ruto-agenda-to-spread-development-to-marginalised-areas,neutral,0.7965894341,wetang ula defends ruto agenda spread development marginalised area,0.4271480892,auto_bootstrap_lr,positive,positive,Wetang'ula defends Ruto agenda to spread development to marginalised areas
The Standard,,https://www.standardmedia.co.ke/nairobi/article/2001551708/city-mcas-say-sakaja-is-ignoring-us,neutral,0.4927400053,city mcas say sakaja ignoring u,0.4272664152,auto_bootstrap_lr,positive,negative,City MCAs say 'Sakaja is ignoring us'
Kenya News Agency,"Thu, 23 Jul 2026 11:39:05 +0000",https://www.kenyanews.go.ke/judiciary-roots-for-alternative-justice-system-in-marsabit/,neutral,0.9161488414,judiciary root alternative justice system marsabit,0.4273897936,auto_bootstrap_lr,positive,positive,Judiciary roots for Alternative Justice System in Marsabit
Kenya News Agency,"Thu, 23 Jul 2026 16:08:04 +0000",https://www.kenyanews.go.ke/kindiki-commissions-kithimani-land-registry/,neutral,0.8907421827,kindiki commission kithimani land registry,0.4275600827,auto_bootstrap_lr,negative,positive,Kindiki commissions Kithimani land registry
K24,"Sat, 25 Jul 2026 09:39:09 +0000",https://k24.digital/entertainment/movies/inside-the-clash-of-the-thundermans-review-a-family-divided-by-superpowers,neutral,0.8853982091,inside clash thundermans review family divided superpower,0.4275632603,auto_bootstrap_lr,positive,neutral,Inside the Clash of the Thundermans review: A family divided by superpowers
World News API,,,neutral,0.9401119947,jane france acilo founder managing director abja farm limited trading bell,0.4275748934,auto_bootstrap_lr,negative,neutral,"Jane Frances Acilo, Founder Managing Director - ABJA Farms Limited || Trading Bell"
The Standard,,https://www.standardmedia.co.ke/national/article/2001553477/udas-samuel-muchina-lands-state-appointment,neutral,0.9034986496,uda samuel muchina land state appointment,0.4276499938,auto_bootstrap_lr,neutral,positive,UDA's Samuel Muchina lands State appointment
The Standard,"Mon, 06 Jul 2026 15:16:10 +0300",https://www.standardmedia.co.ke/article/2001552145/subaru-driver-in-a-dramatic-high-speed-chase-after-alleged-hit-and-run-in-nairobi,neutral,0.564930439,subaru driver dramatic high speed chase alleged hit run nairobi,0.4276911668,auto_bootstrap_lr,positive,negative,Subaru driver in a dramatic high-speed chase after alleged hit-and-run in Nairobi
The Star,,https://www.the-star.co.ke/business/markets/2026-07-20-supreme-court-upholds-japan-companies-tax-waivers-for-contracts-undertaken-in-kenya,neutral,0.9102098942,supreme court upholds japan company tax waiversdeputy chief justice philomena mwilu upheld earlier court appeal decision,0.427876294,auto_bootstrap_lr,negative,positive,Supreme Court upholds Japan companies tax waiversDeputy Chief Justice Philomena Mwilu upheld an earlier Court of Appeal decision
Kenyans.co.ke,2026-07-24T11:24:29+0300,https://www.kenyans.co.ke/news/125551-kenyanscoke-weekly-quiz-10-questions-test-your-news-knowledge,neutral,0.907959938,kenyan co ke weekly quiz question test news knowledge,0.4279269065,auto_bootstrap_lr,negative,neutral,Kenyans.co.ke Weekly Quiz: 10 Questions to Test Your News Knowledge ​​
Citizen Digital,,https://citizen.digital/article/president-ruto-sifuna-trade-barbs-in-escalating-chicken-feud-over-affordable-housing-n386984,neutral,0.7915169001,hour agoruto sifuna trade barb escalating chicken feud affordable housingby kenneth gachiethe political clash erupted senator sifuna criticized high rise residential building constructed ruto housing initiative speaking radio interview july si read,0.4285818593,auto_bootstrap_lr,positive,negative,"5 hours agoRuto, Sifuna trade barbs in escalating 'chicken' feud over affordable housingBy Kenneth GachieThe political clash erupted after Senator Sifuna criticized the high-rise residential buildings being constructed under Ruto's housing initiative.Speaking during a radio interview on July 22, 2026, Si...Read More"
NTV Kenya,,https://ntvkenya.co.ke/news/messi-will-score-more-but-i-want-the-trophy-mbappe-says/,neutral,0.5248743892,messi score want trophy mbappe say,0.4288327607,auto_bootstrap_lr,negative,neutral,"Messi will score more but I want the trophy, Mbappe says"
Kenyans.co.ke,2026-07-22T12:02:13+0300,https://www.kenyans.co.ke/news/125494-cs-mbadi-hints-paye-relief-salaried-kenyans-september-2026,neutral,0.9274756312,mbadi confirms new timeline paye change salaried kenyan,0.4289994056,auto_bootstrap_lr,positive,neutral,Mbadi Confirms New Timeline for PAYE Changes for All Salaried Kenyans
The Star,,https://www.the-star.co.ke/climate-change/2026-06-23-build-better-homes-or-lose-the-climate-battle-experts-warn,neutral,0.8233906627,build better home lose climate battle expert warnexperts say land social function housing take centre stage nairobi climate meet,0.4292385825,auto_bootstrap_lr,positive,negative,"Build better homes or lose the climate battle, experts warnExperts say land has a social function as housing takes centre stage in Nairobi’s climate meet"
Standard - Politics,"Fri, 24 Jul 2026 19:42:52 +0300",https://www.standardmedia.co.ke/politics/article/2001553690/kang-ata-joins-dcp-months-after-ditching-uda,neutral,0.824257195,kang ata join dcp month ditching uda,0.4293150424,auto_bootstrap_lr,neutral,neutral,Kang'ata joins DCP months after ditching UDA
World News API,2026-07-19 0:00:00,,neutral,0.8597809076,bushiri queen yatinga fainali za chapa dimba kakamega baada ya ushindi dhidi ya mwira,0.4293541827,auto_bootstrap_lr,negative,positive,Bushiri Queens Yatinga Fainali za Chapa Dimba Kakamega Baada ya Ushindi Dhidi ya Mwira
World News API,,https://www.kenyamoja.com/video/tv47-live-tv-47-411727,neutral,0.9267932773,tv live,0.4293670391,auto_bootstrap_lr,positive,neutral,TV47 LIVE
NTV Kenya,"Tue, 21 Jul 2026 08:43:40 +0000",https://ntvkenya.co.ke/news/ol-kalou-chaos-a-closer-look-at-individuals-identified-in-ntv-investigation/,neutral,0.9134449363,ol kalou chaos closer look individual identified ntv investigation,0.4293887357,auto_bootstrap_lr,negative,negative,Ol Kalou chaos: A closer look at individuals identified in NTV investigation
NTV Kenya,"Tue, 07 Jul 2026 06:19:07 +0000",https://ntvkenya.co.ke/news/saba-saba-updates/,neutral,0.9187342525,saba saba update,0.4294325763,auto_bootstrap_lr,positive,neutral,Saba Saba updates
The Star,,https://www.the-star.co.ke/business/kenya/2026-07-20-cbk-joins-push-for-seamless-african-payments-to-cut-trade-costs,neutral,0.5368741155,cbk join push seamless african payment cut trade costsfragmented payment system remain one biggest barrier intra african trade,0.4296552159,auto_bootstrap_lr,positive,positive,CBK joins push for seamless African payments to cut trade costsFragmented payment systems remain one of the biggest barriers to intra-African trade
NewsData.io,,,neutral,0.9175044894,govt invite application kcaa board director position,0.4297572607,auto_bootstrap_lr,negative,neutral,Govt Invites Applications for KCAA Board of Directors Positions
K24,"Wed, 22 Jul 2026 04:10:49 +0000",https://k24.digital/sports/epl/chelsea-sign-morgan-rogers-in-record-breaking-deal,neutral,0.6610903144,chelsea sign morgan rogers record breaking deal,0.4297990501,auto_bootstrap_lr,neutral,positive,Chelsea sign Morgan Rogers in record-breaking deal
Capital FM Kenya,,,neutral,0.6904607415,kenyan peacekeeper expand security operation eastern drc strengthen civilian protection,0.4298900236,auto_bootstrap_lr,negative,positive,Kenyan peacekeepers expand security operations in Eastern DRC to strengthen civilian protection
The Standard,,https://www.standardmedia.co.ke/nairobi/article/2001553524/kerich-sneaks-back-to-city-hall-as-questions-linger-over-his-role,neutral,0.9397607446,kerich sneak back city hall question linger role,0.4299233209,auto_bootstrap_lr,positive,negative,Kerich sneaks back to City Hall as questions linger over his role
World News API,,https://www.standardmedia.co.ke/smart-harvest/article/2001553728/why-regular-weighing-of-your-poultry-is-critical,neutral,0.7168537378,regular weighing poultry critical,0.4299479231,auto_bootstrap_lr,positive,positive,Why regular weighing of your poultry is critical
Kenya News Agency,"Thu, 23 Jul 2026 16:21:42 +0000",https://www.kenyanews.go.ke/turkana-countys-push-for-cross-border-peace/,neutral,0.826149106,turkana county push cross border peace,0.4300055809,auto_bootstrap_lr,positive,positive,Turkana County’s push for cross-border peace
Business Today Kenya,,,neutral,0.7878605127,co operative bank th largest listed company,0.4300521373,auto_bootstrap_lr,positive,positive,Co-operative Bank is Now the 4th Largest Listed Company
The Standard,,https://www.standardmedia.co.ke/western/article/2001553398/linda-mwananchi-supporters-warn-against-disruption-of-bungoma-rally,neutral,0.5704469681,linda mwananchi supporter warn disruption bungoma rally,0.4300579224,auto_bootstrap_lr,negative,negative,Linda Mwananchi supporters warn against disruption of Bungoma rally
The Star,,https://www.the-star.co.ke/business/kenya/2026-07-22-puzzle-of-tax-free-brazil-sugar-that-originated-from-south-africa,neutral,0.7155644894,puzzle tax free brazil sugar originated south africamombasa sugar refinery granted permission import raw sugar duty free,0.4304249518,auto_bootstrap_lr,negative,negative,Puzzle of tax-free Brazil sugar that originated from South AfricaMombasa Sugar Refinery was granted permission to import raw sugar duty-free
K24,"Wed, 22 Jul 2026 15:27:03 +0000",https://k24.digital/entertainment/celebrity/savara-confirms-dates-for-his-vienna-austria-performances,neutral,0.9171562195,savara confirms date vienna austria performance,0.430442368,auto_bootstrap_lr,neutral,positive,"Savara confirms dates for his Vienna, Austria performances"
Standard - Business,"Fri, 17 Jul 2026 08:00:00 +0300",https://www.standardmedia.co.ke/business/article/2001552971/asharami-to-breakground-on-kprl-gas-terminal-in-october,neutral,0.9327657819,asharami breakground kprl gas terminal october,0.4309478293,auto_bootstrap_lr,negative,positive,"Asharami to breakground on KPRL, gas terminal in October"
The Standard,,https://www.standardmedia.co.ke/world/article/2001553527/lebanon-pm-says-beirut-working-for-complete-israeli-withdrawal,neutral,0.8751615286,lebanon pm say beirut working complete israeli withdrawal,0.4311160967,auto_bootstrap_lr,negative,neutral,Lebanon PM says Beirut working for 'complete Israeli withdrawal'
The Standard,,https://www.standardmedia.co.ke/business/opinion/article/2001552801/the-unintended-impact-of-growing-tech-use-on-higher-learning,neutral,0.570836246,unintended impact growing tech use higher learning,0.4312046809,auto_bootstrap_lr,positive,negative,The unintended impact of growing tech use on higher learning
The Star,,https://www.the-star.co.ke/business/markets/2026-07-24-manufacturers-free-to-resize-products-but-must-inform-consumers-cak,neutral,0.7476896048,manufacturer free resize product must inform consumer cakthere complains bread cooking fat tissue paper lpg,0.4312889587,auto_bootstrap_lr,negative,negative,"Manufacturers free to resize products, but must inform consumers – CAKThere has been complains on bread, cooking fat, tissue paper and LPG"
World News API,,,neutral,0.9135128856,court team inspects nairobi animal orphanage relocation site,0.4313920576,auto_bootstrap_lr,positive,neutral,Court team inspects Nairobi Animal Orphanage relocation sites
NewsData.io,,,neutral,0.6954852343,centobin law office help calgary family protect future estate planning,0.4314189404,auto_bootstrap_lr,positive,positive,Centobin Law Office Helps Calgary Families Protect Their Future Through Estate Planning
Standard - Business,"Fri, 24 Jul 2026 06:00:00 +0300",https://www.standardmedia.co.ke/business/article/2001553622/ktda-to-import-1-9-million-bags-of-fertiliser-for-smallholder-tea-farmers,neutral,0.8885752559,ktda import million bag fertiliser smallholder tea farmer,0.4315349615,auto_bootstrap_lr,neutral,positive,KTDA to import 1.9 million bags of fertiliser for smallholder tea farmers
Capital FM Kenya,,,neutral,0.7584132552,senator dcp signature green party ride ol kalou momentum,0.4316180907,auto_bootstrap_lr,negative,neutral,6 Senators don DCP’s signature green as party rides Ol Kalou momentum
Kenyans.co.ke,2026-07-21T12:15:00+0300,https://www.kenyans.co.ke/news/125460-lamu-port-growth-gains-momentum-kpa-seeks-more-ships-cargo-and-investment,neutral,0.8215577006,kpa unveils lamu port growth plan ahead dangote linked refinery project,0.4317842027,auto_bootstrap_lr,neutral,positive,KPA Unveils Lamu Port Growth Plan Ahead of Dangote-Linked Refinery Project
Kahawa Tungu,"Sat, 25 Jul 2026 08:27:47 +0000",https://kahawatungu.com/ruto-css-make-fresh-govt-appointments-2/,neutral,0.809440136,ruto cs make fresh govt appointment,0.4317852365,auto_bootstrap_lr,neutral,neutral,"Ruto, CSs Make Fresh Govt Appointments"
The Standard,,https://www.standardmedia.co.ke/education/article/2001553447/schools-get-until-friday-to-update-learners-data,neutral,0.9420840144,school get friday update learner data,0.4319229963,auto_bootstrap_lr,positive,positive,Schools get until Friday to update learners' data
K24,"Wed, 22 Jul 2026 06:26:11 +0000",https://k24.digital/sports/epl/manchester-united-face-fans-uproar-over-season-ticket-restrictions,neutral,0.6891057491,manchester united face fan uproar season ticket restriction,0.4319740302,auto_bootstrap_lr,positive,negative,Manchester United face fans’ uproar over season-ticket restrictions
The Star,,https://www.the-star.co.ke/siasa/2026-07-19-kagwe-president-must-leave-ipoa-and-independent-institutions-alone,neutral,0.6988888383,kagwe president must leave ipoa independent institution alonesolidarity across independent institution state necessary strategy protect constitution,0.4320529792,auto_bootstrap_lr,negative,negative,KAGWE: President must leave Ipoa and independent institutions aloneSolidarity across all independent institutions of the state is a necessary strategy to protect the constitution.
Ghafla Kenya,,,neutral,0.9179056883,kenya met forecast county receive rain cold night persist across several region,0.4320709385,auto_bootstrap_lr,negative,positive,Kenya Met Forecast: 19 Counties to Receive Rain as Cold Nights Persist Across Several Regions
Capital FM Kenya,"Mon, 20 Jul 2026 04:58:56 +0000",https://capitalfm.africa/makau-mutua-dismisses-dcps-ol-kalou-by-election-win-as-nothingburger/,neutral,0.4958835542,makau mutua dismisses dcp ol kalou election win nothingburger,0.4323836714,auto_bootstrap_lr,positive,neutral,Makau Mutua Dismisses DCP’s Ol Kalou By-Election Win as ‘Nothingburger’
K24,"Wed, 22 Jul 2026 07:39:14 +0000",https://k24.digital/lifestyle/love-and-relationships/5-small-things-women-secretly-wish-their-boyfriends-would-do-on-girlfriends-day,neutral,0.6201130748,small thing woman secretly wish boyfriend would girlfriend day,0.4328720674,auto_bootstrap_lr,negative,positive,5 small things women secretly wish their boyfriends would do on Girlfriend’s Day
NTV Kenya,"Wed, 08 Jul 2026 07:54:29 +0000",https://ntvkenya.co.ke/arts-lifestyle/intellectual-property-rights-how-to-avoid-legal-trouble-sekou-owino/,neutral,0.8712800741,intellectual property right avoid legal trouble sekou owino,0.4328994435,auto_bootstrap_lr,negative,positive,Intellectual Property Rights & How To Avoid Legal Trouble  | Sekou Owino
The Star,,https://www.the-star.co.ke/opinion/leader/2026-07-13-editorial-protect-sacco-savings-at-all-costs,neutral,0.5304213762,editorial protect sacco saving coststhe hard earned saving million kenyan must never placed unnecessary risk,0.4329763835,auto_bootstrap_lr,negative,positive,EDITORIAL: Protect Sacco savings at all costsThe hard-earned savings of millions of Kenyans must never be placed at unnecessary risk
The Standard,,https://www.standardmedia.co.ke/health/reproductive-health/article/2001551367/six-months-why-ebola-survivors-have-to-wait-before-having-unprotected-intercourse,neutral,0.5823190212,six month ebola survivor wait unprotected intercourse,0.4331351933,auto_bootstrap_lr,negative,neutral,Six months: Why Ebola survivors have to wait before having unprotected intercourse
NewsData.io,,,neutral,0.8597608805,supreme court back treasury power grant foreign investor tax exemption,0.4332035976,auto_bootstrap_lr,negative,positive,Supreme Court Backs Treasury's Power To Grant Foreign Investors Tax Exemptions
The Star,,https://www.the-star.co.ke/business/kenya/2026-07-23-treasury-cuts-2027-28-budget-timelines-ahead-of-august-election,neutral,0.8663158417,treasury cut budget timeline ahead august electionparliament required conclude debate approval finance bill appropriation bill end march,0.4332701013,auto_bootstrap_lr,positive,positive,"Treasury cuts 2027-28 budget timelines ahead of August electionParliament will be required to conclude debate and approval of both the Finance Bill, 2027 and the Appropriation Bill by the end of March"
Capital FM Kenya,"Wed, 22 Jul 2026 06:24:56 +0000",https://capitalfm.africa/nairobi-county-executive-approves-phase-i-of-mass-rapid-transit-system/,neutral,0.8006390929,nairobi county executive approves phase mass rapid transit system,0.4332826881,auto_bootstrap_lr,positive,positive,Nairobi County Executive approves Phase I of Mass Rapid Transit System
The Star,,https://www.the-star.co.ke/business/commentary/2026-07-07-restoring-public-trust-in-financial-ecosystem,neutral,0.6366464496,restoring public trust financial ecosystemfraud longer limited physical document branch level weakness isolated misconduct,0.4334051908,auto_bootstrap_lr,negative,negative,"Restoring public trust in financial ecosystemFraud is no longer limited to physical documents, branch-level weaknesses or isolated misconduct"
The Standard,,https://www.standardmedia.co.ke/environment-climate/article/2001552421/kenyas-operation-undertakers-who-will-save-them,neutral,0.5287842155,kenya operation undertaker save,0.4336724887,auto_bootstrap_lr,positive,negative,"Kenya's operation undertakers, who will save them?"
The Standard,,https://www.standardmedia.co.ke/business/crime-and-justice/article/2001553676/court-orders-lawfirm-to-pay-ex-secretary-sh-54-million-for-constructive-dismissal-after-assault,neutral,0.5207858086,premiumcourt order lawfirm pay ex secretary sh million constructive dismissal assault,0.4336905868,auto_bootstrap_lr,positive,negative,PremiumCourt orders lawfirm to pay ex-secretary Sh 5.4 million for constructive dismissal after assault
World News API,,https://www.kenyamoja.com/video/knut-demands-answers-over-disputed-lurambi-teacher-transfers-8-ntv-video-411774,neutral,0.734547317,knut demand answer disputed lurambi teacher transfer,0.4339406226,auto_bootstrap_lr,negative,negative,KNUT demands answers over disputed Lurambi teacher transfers. (8)
The Standard,,https://www.standardmedia.co.ke/national/article/2001553520/ruto-banks-on-kenya-red-cross-to-roll-out-national-ambulance-dispatch-centre,neutral,0.8580929041,ruto bank kenya red cross roll national ambulance dispatch centre,0.4341142192,auto_bootstrap_lr,positive,positive,Ruto banks on Kenya Red Cross to roll out national ambulance dispatch centre
Kahawa Tungu,,,neutral,0.9394381642,caitlin foord sibling getting know jamie foord,0.4343552107,auto_bootstrap_lr,negative,neutral,Caitlin Foord Siblings: Getting to Know Jamie Foord
Kahawa Tungu,,,neutral,0.8886173368,ceri holland sibling getting know glesni,0.4343552107,auto_bootstrap_lr,negative,neutral,Ceri Holland Siblings: Getting to Know Glesni
Citizen Digital (via Google News),"Tue, 21 Jul 2026 12:09:26 GMT",https://news.google.com/rss/articles/CBMipgFBVV95cUxQbG5fdEtYNDhmU0lhRnVRTkF6LVZQUEtQUnFyZDNqeWhqRkpIRU1MejJ3SFlLU3lvOS1MaEpOQnFKSWJWMi1yalR2b3FELTAxQmlDWGlyMmhYdjQ5OW1hdG03T0VSd1VicjRYMVlKNEdUUjJsbkZZYlRvMEt2dnBpZ1FUNEE2OWxjLUlRbm02MnRSalpaclNNNkpqVTJtUjlYckE3TlpB?oc=5,neutral,0.4937234223,sifuna atwoli need ksh billion campaign money citizen digital,0.4345711972,auto_bootstrap_lr,negative,negative,Sifuna to Atwoli: I do not need your Ksh.1 billion campaign money - Citizen Digital
Nairobi Wire,,,neutral,0.9267117977,jubilee mp declares gachagua new mt kenya political general,0.4346539482,auto_bootstrap_lr,positive,neutral,Jubilee MP Declares Gachagua the New Mt Kenya Political General
The Star,,https://www.the-star.co.ke/counties/nyanza/2026-07-20-rangwe-mp-hopeful-wants-aspirants-included-in-voter-registration-drive,neutral,0.7047421336,rangwe mp hopeful want aspirant included voter registration driveiebc undertaking voter registration across country,0.4346727649,auto_bootstrap_lr,positive,neutral,Rangwe MP hopeful wants aspirants included in voter registration driveIEBC is undertaking voter registration across the country
K24,"Thu, 23 Jul 2026 13:22:43 +0000",https://k24.digital/lifestyle/love-and-relationships/what-women-often-misunderstand-about-male-friendships,neutral,0.6156012416,woman often misunderstand male friendship,0.4348810621,auto_bootstrap_lr,positive,neutral,What women often misunderstand about male friendships
Kenyans.co.ke,2026-07-24T07:19:22+0300,https://www.kenyans.co.ke/news/125552-critical-metals-corp-among-firms-shortlisted-kenyas-mrima-hill-minerals-project,neutral,0.7972866297,u company among firm shortlisted kenya lucrative mineral deal,0.4349130028,auto_bootstrap_lr,positive,positive,U.S. Company Among Firms Shortlisted for Kenya's Lucrative Minerals Deal
Standard - Business,"Wed, 15 Jul 2026 13:58:49 +0300",https://www.standardmedia.co.ke/business/article/2001552873/how-digital-innovators-are-staying-afloat-in-the-ai-era,neutral,0.6181274056,digital innovator staying afloat ai era,0.4349571527,auto_bootstrap_lr,positive,neutral,How digital innovators are staying afloat in the AI era
NTV Kenya,,https://ntvkenya.co.ke/news/gen-muhoozi-shuts-down-ntv-uganda-spark-tv-and-daily-monitor/,neutral,0.6625754237,gen muhoozi shuts ntv uganda spark tv daily monitor,0.4349908153,auto_bootstrap_lr,negative,negative,"Gen Muhoozi shuts down NTV Uganda, Spark TV and Daily Monitor"
Citizen Digital (via Google News),"Wed, 22 Jul 2026 16:21:52 GMT",https://news.google.com/rss/articles/CBMisgFBVV95cUxNSzRLTmRvTGN2R1c4Tmw2MF94YWhZNEpydWNPM3F0cHR3S2NyQXNYbXhTU05LMElxc3Zya3pkV3pmUF9FajJBM2VyeFVneEhYYVhNbXpsVkRuR0FoUlhxTjFIeFEtVmtWb1BWdEhTU2ZhSkh6OHl0RXJTQ0dJUVpNUnE2ZEVWVk83YkRpRUZnUl9zSTluREtMRFI4N3hhc3NZLXIzeDRTUlJoanphOEg0Smdn?oc=5,neutral,0.9215215445,kenya race time deliver venue african volleyball champ citizen digital,0.4350831604,auto_bootstrap_lr,positive,negative,Kenya races against time to deliver venues for African Volleyball Champs - Citizen Digital
The Standard,,https://www.standardmedia.co.ke/environment-climate/article/2001552956/conservationist-lands-global-role-protecting-90-antelope-species,neutral,0.7872275114,conservationist land global role protecting antelope specie,0.4351878801,auto_bootstrap_lr,positive,positive,Conservationist lands global role protecting 90 antelope species
K24,"Thu, 23 Jul 2026 04:34:43 +0000",https://k24.digital/lifestyle/food-and-culinary/how-charcoal-wood-smoke-preserves-traditional-mursik,neutral,0.880176723,charcoal wood smoke preserve traditional mursik,0.4352139811,auto_bootstrap_lr,positive,neutral,How charcoal-wood smoke preserves traditional Mursik
NTV Kenya,"Wed, 08 Jul 2026 06:57:00 +0000",https://ntvkenya.co.ke/news/zimbabwes-mnangagwa-signs-law-extending-his-presidency-to-2030/,neutral,0.8764039278,zimbabwe mnangagwa sign law extending presidency,0.4352560819,auto_bootstrap_lr,positive,neutral,Zimbabwe’s Mnangagwa signs law extending his presidency to 2030
Citizen Digital (via Google News),"Fri, 17 Jul 2026 06:10:13 GMT",https://news.google.com/rss/articles/CBMiiwFBVV95cUxNenZhVTB0djhyeHR0N0FsVkJUZG92RUR3bnBZbTA5ZmZyckdBMmtCdU00MzhZT09DajlBRFZZWVJVbEJCNW9EZFNiU3JPSW5EaEMwMXo2MU9WTnlBN0wtVGpNTkVDTlhwR0hiLXpZWUN2cl9DdmJrRWVLaUNGbDc4Q1daSHRoNWxpajFR?oc=5,neutral,0.8681325912,dcp sammy kamau ngotho win ol kalou election citizen digital,0.4352646415,auto_bootstrap_lr,positive,positive,DCP's Sammy Kamau Ngotho wins Ol Kalou by-election - Citizen Digital
The Standard,,https://www.standardmedia.co.ke/arts-culture/article/2001553273/comedy-play-vacant-pays-tribute-to-bilal-wanjaus-iconic-afande-character,neutral,0.5363196731,comedy play vacant pay tribute bilal wanjau iconic afande character,0.4353861743,auto_bootstrap_lr,positive,positive,Comedy play 'Vacant' pays tribute to Bilal Wanjau's iconic 'Afande' character
The Star,,https://www.the-star.co.ke/sports/football/2026-07-20-akonnor-demands-more-from-gor-mahia-after-rayon-reality-check-1,neutral,0.7701571584,akonnor demand gor mahia rayon reality checkfor ghanaian tactician loss exposed tactical area require improvement gor mahia prepare domestic regional continental assignment,0.4355876916,auto_bootstrap_lr,positive,negative,"Akonnor demands more from Gor Mahia after Rayon reality checkFor the Ghanaian tactician, the loss exposed tactical areas that require improvement as Gor Mahia prepare for domestic, regional and continental assignments."
NTV Kenya,"Tue, 14 Jul 2026 13:06:22 +0000",https://ntvkenya.co.ke/news/govt-extends-8pc-vat-on-petroleum-products-for-three-more-months/,neutral,0.858614862,govt extends pc vat fuel three month,0.4356591227,auto_bootstrap_lr,negative,neutral,Govt extends 8pc VAT on fuel for three more months
Business Daily Africa,"Mon, 20 Jul 2026 13:06:34 GMT",https://www.businessdailyafrica.com/bd/corporate/shipping-logistics/costly-battery-swap-franchises-stall-e-bike-expansion-in-kenya-5532354,neutral,0.6536538005,costly battery swap franchise stall e bike expansion kenya,0.4360293845,auto_bootstrap_lr,positive,negative,Costly battery swap franchises stall e-bike expansion in Kenya
Nairobi Wire,,,neutral,0.8811329603,audit reveals boma yangu refund rose time since ruto took office,0.4362465218,auto_bootstrap_lr,negative,negative,Audit Reveals Boma Yangu Refunds Rose 3.5 Times Since Ruto Took Office
NTV Kenya,"Fri, 10 Jul 2026 09:50:44 +0000",https://ntvkenya.co.ke/sports/joan-chelimo-champion-runner-and-gbv-advocate/,neutral,0.7686738372,joan chelimo champion runner gbv advocate,0.4363571507,auto_bootstrap_lr,positive,positive,JOAN CHELIMO| CHAMPION RUNNER AND GBV ADVOCATE
NTV Kenya,,https://ntvkenya.co.ke/politics/duale-now-joins-maraga-karua-to-rubbish-mudavadi-referendum-push/,neutral,0.5770796537,duale join maraga karua rubbish mudavadi referendum push,0.4366561785,auto_bootstrap_lr,positive,negative,"Duale now joins Maraga, Karua to rubbish Mudavadi referendum push"
Capital FM Kenya,"Thu, 23 Jul 2026 14:53:52 +0000",https://capitalfm.africa/khalwale-urges-ruto-to-scrap-sha-restore-nhif-after-university-funding-u-turn/,neutral,0.8895965219,khalwale urge ruto scrap sha restore nhif university funding u turn,0.4368605899,auto_bootstrap_lr,positive,negative,"Khalwale urges Ruto to scrap SHA, restore NHIF after university funding U-turn"
Citizen Digital (via Google News),"Fri, 17 Jul 2026 17:15:48 GMT",https://news.google.com/rss/articles/CBMivAFBVV95cUxNTk5fMFU4aVZWSkRvRFFfaEljUmdRamVxd0NfdkgxUmR2M19ZNGVSNTMzNnRSMEtDakVMaEtfVk50ZzZleFNSN2lCaG03N0VkUGdsTmg1MXFQcEozU2dxcTRtYjdqYWQzdldxYnl4VXhCRzZCTjY4ZVYwOG14Q1BYcUM3YTY0VXpiclU0QVQzenFmYjVqd2pWZEhpdGg3bFU0MEl4UWJZZ1VDS1lqWVhGTkVXa1dMWGNGaFIzSw?oc=5,neutral,0.7639974356,c ruku reaffirms mt kenya support ruto despite ol kalou election outcome citizen digital,0.4369906276,auto_bootstrap_lr,neutral,neutral,CS Ruku reaffirms Mt Kenya support for Ruto despite Ol Kalou by-election outcome - Citizen Digital
K24,"Sat, 25 Jul 2026 07:47:07 +0000",https://k24.digital/sports/epl/how-chelsea-could-line-up-after-maxence-lacroixs-expected-arrival,neutral,0.9369449615,chelsea could line maxence lacroix expected arrival,0.4370179583,auto_bootstrap_lr,positive,positive,How Chelsea could line up after Maxence Lacroix’s expected arrival
K24,"Sat, 25 Jul 2026 10:35:29 +0000",https://k24.digital/lifestyle/health-and-fitness/why-vaccination-immunity-fades-over-time-for-some-diseases,neutral,0.6091508865,vaccination immunity fade time disease,0.4370604451,auto_bootstrap_lr,positive,neutral,Why vaccination immunity fades over time for some diseases
The Star,,https://www.the-star.co.ke/sasa/technology/2026-07-02-ps-isaboke-urges-responsible-ai-use-as-marketing-evolves,neutral,0.8321968913,p isaboke urge responsible ai use marketing evolvesps say consumer data must protected ai transforms marketing,0.4371225189,auto_bootstrap_lr,positive,neutral,PS Isaboke urges responsible AI use as marketing evolvesPS says consumer data must be protected as AI transforms marketing
NTV Kenya,,https://ntvkenya.co.ke/news/viral-mr-speaker-sir-activist-freed-on-sh100000-bond-in-sh41m-parliament-damage-case/,neutral,0.8995150328,viral mr speaker sir activist freed sh bond,0.4372659641,auto_bootstrap_lr,negative,neutral,"Viral ‘Mr Speaker Sir’ activist freed on Sh100,000 bond in..."
The Standard,,https://www.standardmedia.co.ke/business/athletics/article/2001551387/the-rise-and-fall-of-kenyas-distance-star-kibiwott-kandie,neutral,0.8192578554,premiumthe rise fall kenya distance star kibiwott kandie,0.4372941363,auto_bootstrap_lr,positive,neutral,PremiumThe rise and fall of Kenya's distance star Kibiwott Kandie
The Standard,,https://www.standardmedia.co.ke/sports/athletics/article/2001551387/the-rise-and-fall-of-kenyas-distance-star-kibiwott-kandie,neutral,0.8746661544,rise fall kenya distance star kibiwott kandie,0.4372941363,auto_bootstrap_lr,positive,negative,The rise and fall of Kenya's distance star Kibiwott Kandie
Citizen Digital (via Google News),"Sat, 18 Jul 2026 08:09:29 GMT",https://news.google.com/rss/articles/CBMiuwFBVV95cUxNMnZSVHN3UVViRmNxdkh4RHBid0lTdm04WlBNMU5sRmRPUW4yNHpMWjNqV1BjY0QtVHZGT013NGkycXltZlVUX1lxZDE4T205UVhILURWcnNrcE4tVkVyZFVTYWx0Q2h4SC1MY25WTHMwLWpGWkdQZ184N1ZEWVNRQy0zNVJOR2l6eHVva2hWcXZ2TEJnaGs1MzdCSDVkSG94SVdxWlc2VHA1S0I2YUF4MGkxQ3VqRUxqbERB?oc=5,neutral,0.5798082352,traffic disrupted embu youth celebrate dcp ol kalou election victory citizen digital,0.4374859266,auto_bootstrap_lr,negative,neutral,Traffic disrupted in Embu as youths celebrate DCP's Ol Kalou by-election victory - Citizen Digital
K24,"Wed, 22 Jul 2026 14:52:26 +0000",https://k24.digital/lifestyle/health-and-fitness/kenyan-doctor-proposes-petition-to-recognise-irreversible-erectile-dysfunction-as-a-disability,neutral,0.7071781158,kenyan doctor proposes petition recognise irreversible erectile dysfunction disability,0.4375186932,auto_bootstrap_lr,positive,neutral,Kenyan doctor proposes petition to recognise irreversible erectile dysfunction as a disability
The Star,,https://www.the-star.co.ke/sasa/entertainment/2026-07-17-jiji-ndogo,neutral,0.8214108944,jiji ndogo naming child football star,0.4376939626,auto_bootstrap_lr,positive,neutral,JIJI NDOGO: Naming your child after football stars
Business Daily,"Wed, 22 Jul 2026 15:08:06 GMT",https://www.businessdailyafrica.com/bd/corporate/enterprise/the-ai-tool-helping-flower-farms-cut-pesticide-use-5534608,neutral,0.7414761782,ai tool helping flower farm cut pesticide use,0.4377017221,auto_bootstrap_lr,positive,positive,The AI tool helping flower farms cut pesticide use
Kenya News Agency,"Mon, 20 Jul 2026 08:26:42 +0000",https://www.kenyanews.go.ke/government-to-spend-sh10-million-to-desilt-kosowe-earth-dam/,neutral,0.7741962075,government spend sh million desilt kosowe earth dam,0.4377241602,auto_bootstrap_lr,positive,positive,Government to spend Sh10 million to desilt Kosowe Earth dam
Capital FM Kenya,"Thu, 23 Jul 2026 11:28:56 +0000",https://capitalfm.africa/court-lets-sh5tn-national-infrastructure-fund-proceed-under-judicial-oversight/,neutral,0.8617607951,court let sh tn national infrastructure fund proceed judicial oversight,0.4381078756,auto_bootstrap_lr,positive,positive,Court Lets Sh5tn National Infrastructure Fund Proceed Under Judicial Oversight
The Standard,,https://www.standardmedia.co.ke/education/article/2001553501/from-tsc-critic-to-commissioner-the-irony-of-sossions-return,neutral,0.5417473316,tsc critic commissioner irony sossion return,0.4382013913,auto_bootstrap_lr,negative,neutral,From TSC critic to commissioner: The irony of Sossion's return
The Star,,https://www.the-star.co.ke/counties/coast/2026-07-18-lucerne-project-in-tana-river-to-boost-farming-and-food-security,neutral,0.6426124573,lucerne project tana river boost farming food securityproject seek turn around arid region commercial producer livestock feed,0.4387572497,auto_bootstrap_lr,positive,positive,Lucerne project in Tana River to boost farming and food securityProject seeks to turn around arid region into commercial producer of livestock feed
NewsData.io,,,neutral,0.9226004481,photo first look sh proposed raila odinga mausoleum,0.438775384,auto_bootstrap_lr,positive,neutral,PHOTOS: First look at Sh30m proposed Raila Odinga Mausoleum
Standard - Business,"Thu, 16 Jul 2026 06:00:00 +0300",https://www.standardmedia.co.ke/business/article/2001552891/alternative-building-technologies-touted-as-answer-to-kenya-s-housing-shortage,neutral,0.7201498151,alternative building technology touted answer kenya housing shortage,0.4388494627,auto_bootstrap_lr,positive,positive,Alternative building technologies touted as answer to Kenya's housing shortage
The Standard,,https://www.standardmedia.co.ke/business/sports/article/2001550788/which-african-teams-will-fight-their-way-to-the-knockout-stage,neutral,0.9337567091,premiumwhich african team fight way knockout stage,0.4389233843,auto_bootstrap_lr,positive,neutral,PremiumWhich African teams will fight their way to the knockout stage?
The Standard,,https://www.standardmedia.co.ke/sports/sports/article/2001550788/which-african-teams-will-fight-their-way-to-the-knockout-stage,neutral,0.9446374178,african team fight way knockout stage,0.4389233843,auto_bootstrap_lr,positive,positive,Which African teams will fight their way to the knockout stage?
Standard - Business,"Fri, 24 Jul 2026 12:20:00 +0300",https://www.standardmedia.co.ke/business/article/2001553632/webston-kimani-delivery-guy-who-rode-to-riches,neutral,0.7433166504,webston kimani delivery guy rode rich,0.4390552031,auto_bootstrap_lr,negative,neutral,Webston Kimani: Delivery guy who rode to riches
World News API,,https://www.kenyamoja.com/index.php/video/harambee-starlets-arrive-morocco-wafcon-citizen-tv-411409,neutral,0.9071487784,harambee starlet arrive morocco wafcon,0.4391260688,auto_bootstrap_lr,positive,positive,Harambee Starlets arrive in Morocco for WAFCON
K24,"Mon, 20 Jul 2026 07:32:36 +0000",https://k24.digital/news/ntsa-resumes-normal-services-after-completion-of-scheduled-system-maintenance,neutral,0.8435697556,ntsa resume normal service completion scheduled system maintenance,0.4391395074,auto_bootstrap_lr,negative,neutral,NTSA resumes normal services after completion of scheduled system maintenance
KBC,"Thu, 23 Jul 2026 09:13:12 +0000",https://www.kbc.co.ke/oparanya-i-am-in-odm-to-stay/,neutral,0.896890521,oparanya odm stay,0.4392837216,auto_bootstrap_lr,neutral,neutral,Oparanya: I am in ODM to stay
The Standard,,https://www.standardmedia.co.ke/europe/article/2001553532/us-russia-diplomats-discuss-ukraine-war-in-manila,neutral,0.8359654546,u russia diplomat discus ukraine war manila,0.439343519,auto_bootstrap_lr,negative,neutral,"US, Russia diplomats discuss Ukraine war in Manila"
The Standard,,https://www.standardmedia.co.ke/national/article/2001553593/of-charles-owinos-appointment-and-looming-cabinet-reshuffle,neutral,0.9380028248,charles owino appointment looming cabinet reshuffle,0.4396172648,auto_bootstrap_lr,positive,neutral,Of Charles Owino's appointment and looming cabinet reshuffle
Standard - Politics,"Thu, 23 Jul 2026 00:00:00 +0300",https://www.standardmedia.co.ke/politics/article/2001553505/ag-oduor-to-audit-laws,neutral,0.8187360168,ag oduor audit law,0.4396769855,auto_bootstrap_lr,negative,neutral,AG Oduor to audit laws
KBC,"Fri, 24 Jul 2026 19:06:42 +0000",https://www.kbc.co.ke/eac-central-banks-call-for-domestic-gold-purchases-to-build-reserves/,neutral,0.8868299723,eac central bank call domestic gold purchase build reserve,0.4399452788,auto_bootstrap_lr,positive,positive,EAC central banks call for domestic gold purchases to build reserves
The Standard,,https://www.standardmedia.co.ke/nairobi/article/2001551255/masengeli-assures-kenyans-of-calm-as-tight-security-disrupts-nairobi-transport,neutral,0.7575289607,masengeli assures kenyan calm tight security disrupts nairobi transport,0.4399979861,auto_bootstrap_lr,positive,negative,Masengeli assures Kenyans of calm as tight security disrupts Nairobi transport
KBC,"Mon, 20 Jul 2026 05:35:26 +0000",https://www.kbc.co.ke/kiti-urges-tvets-to-align-training-with-industry-to-close-skills-gap/,neutral,0.8297672272,kiti urge tvets align training industry close skill gap,0.4404057357,auto_bootstrap_lr,positive,neutral,KITI urges TVETs to align training with industry to close skills gap
NTV Kenya,"Thu, 09 Jul 2026 13:30:33 +0000",https://ntvkenya.co.ke/news/zambia-election-will-put-hichilemas-economic-record-to-the-test/,neutral,0.6619825959,zambia election put hichilema economic record test,0.4404384483,auto_bootstrap_lr,negative,neutral,Zambia election will put Hichilema’s economic record to the test
NewsData.io,,,neutral,0.8236382604,ebola quarantine center american working kenya despite court ban,0.4407648493,auto_bootstrap_lr,negative,negative,Ebola quarantine center for Americans is up and working in Kenya despite court ban
K24,"Sat, 25 Jul 2026 10:33:15 +0000",https://k24.digital/lifestyle/love-and-relationships/how-naming-emotions-calms-intense-relationship-arguments,neutral,0.7980650663,naming emotion calm intense relationship argument,0.440916537,auto_bootstrap_lr,negative,positive,How naming emotions calms intense relationship arguments
K24,"Wed, 22 Jul 2026 05:38:45 +0000",https://k24.digital/entertainment/celebrity/fally-ipupa-confirms-kenyan-show-in-september-2026,neutral,0.8657159805,fally ipupa confirms kenyan show september,0.441018945,auto_bootstrap_lr,positive,positive,Fally Ipupa confirms Kenyan show in September 2026
Kenyans.co.ke,2026-07-21T13:45:56+0300,https://www.kenyans.co.ke/news/125466-you-can-lose-your-title-deed-if-you-ignore-your-land-12-years-court-rules,neutral,0.6509471536,court explains title deed stop protecting land owner,0.4410233688,auto_bootstrap_lr,negative,neutral,Court Explains When a Title Deed Stops Protecting a Land Owner
Citizen Digital (via Google News),"Sat, 18 Jul 2026 18:52:33 GMT",https://news.google.com/rss/articles/CBMimgFBVV95cUxQRzJ0d0dTc0tFTW8tX3plNWJPMHdyLTU2eVdkWU5sckQtS1FxRHd4Z3lBbDFkUVNkb1JOMDZxVFNtaVpMZnhMdFhVS2RZSlhscTQ3dTZ6akpzVmJacWNfZzktMWVvdU1IMnI3aUpzeGd5cmpFTkpKSTZqVThhbmFCSGhTNF9haEV6ODRyTm1vUkw3R0VfRU5zNlNB?oc=5,neutral,0.8131126165,uda odm coalition bring million vote wanga citizen digital,0.4410528983,auto_bootstrap_lr,neutral,positive,"UDA, ODM coalition will bring in 17 million votes - Wanga - Citizen Digital"
Citizen Digital,,https://citizen.digital/article/families-demand-justice-after-court-acquits-mandago-in-ksh11b-finland-scholarship-case-n387075,neutral,0.6728957891,family demand justice court acquits mandago ksh b finland scholarship case,0.4411835193,auto_bootstrap_lr,negative,negative,Families demand justice after court acquits Mandago in Ksh.1.1B Finland scholarship case
Citizen Digital (via Google News),"Sun, 19 Jul 2026 15:40:49 GMT",https://news.google.com/rss/articles/CBMivgFBVV95cUxQWG1Xc01QcDRoa1BmLVp3SzhXZGRjeHllWEctV3ZvbTVDSm1LWEJLT1RPaXRTcXl1XzdMdHlJNjFadGR0UXI3d1R5OEpVd3JXSVZoaUFYcERiOFN0QjlwTHh5OEREYm9XQkhQVTVnNjZzVUJlRnZuS1ZnUFJTaTVBcHhLcjZNdlkta3VSWm1SNENtM29zMUxNejdxVjBxZF9mZ2xPRGFLQ3ZPWHVxc0xfbWdUQ21QaGE2SXRSamh3?oc=5,neutral,0.7398732901,githurai cheetah jkuat starlet win kabaddi league title season two wrap citizen digital,0.441243939,auto_bootstrap_lr,positive,positive,"Githurai Cheetahs, JKUAT Starlets win Kabaddi League titles as season two wraps up - Citizen Digital"
Kahawa Tungu,"Sat, 25 Jul 2026 08:44:30 +0000",https://kahawatungu.com/how-to-calculate-public-interest-score/,neutral,0.819088161,calculate public interest score,0.4412894036,auto_bootstrap_lr,negative,neutral,How to Calculate Public Interest Score
NTV Kenya,,https://ntvkenya.co.ke/news/ruto-vows-to-deliver-ukambani-from-opposition/,neutral,0.8249915242,ruto vow deliver ukambani opposition,0.4413765049,auto_bootstrap_lr,negative,neutral,Ruto vows to deliver Ukambani from opposition
KBC,"Thu, 23 Jul 2026 11:09:59 +0000",https://www.kbc.co.ke/kapsabet-stadium-construction-hits-34-as-superstructure-works-accelerate/,neutral,0.5706191063,kapsabet stadium construction hit superstructure work accelerate,0.4414023825,auto_bootstrap_lr,positive,positive,Kapsabet stadium construction hits 34% as superstructure works accelerate
The Star,,https://www.the-star.co.ke/climate-change/2026-06-10-kenya-secures-sh90m-for-climate-change-mitigation,neutral,0.5700152516,kenya secures sh climate change mitigationthe breakthrough see kenya conduct comprehensive assessment climate related loss damage,0.441408826,auto_bootstrap_lr,positive,positive,Kenya secures Sh90m for climate change mitigationThe breakthrough will see Kenya conduct a comprehensive assessment of climate-related loss and damage
Kenyans.co.ke,2026-07-21T18:36:12+0300,https://www.kenyans.co.ke/news/125475-ruto-appoints-charles-owino-new-govt-spokesperson-sossion-tsc-board,neutral,0.9222364426,ruto appoints sossion tsc pick new govt spokesperson,0.4414092553,auto_bootstrap_lr,positive,neutral,"Ruto Appoints Sossion to TSC, Picks New Govt Spokesperson"
Citizen Digital (via Google News),"Tue, 21 Jul 2026 15:13:30 GMT",https://news.google.com/rss/articles/CBMirwFBVV95cUxOd0pleE0yS2IzaXdVUnA5RjF3cVhmM3ZFWjFUV1pNUEVya1g5Q2xPTkkxXzFoZVpEcFRNS3dvd09YNUNzcjdaajlCd1RPT0JYMXZjd01oNldyZnE1SFlHZmluTkc2T2pkQ256QWlSaHBXTU04MmxwaVdEdk1sNzB1MmlxMnJGamJLcjY3bjVaTDlnVW1ydFFkejl1TDljeXFOSm1LYlpzb0k2RW5hb3cw?oc=5,neutral,0.8744689226,kpa gaffer mugabe target defensive improvement despite double victory citizen digital,0.4416571724,auto_bootstrap_lr,negative,positive,KPA gaffer Mugabe targets defensive improvement despite double victory - Citizen Digital
Citizen Digital (via Google News),"Mon, 13 Jul 2026 11:47:41 GMT",https://news.google.com/rss/articles/CBMiswFBVV95cUxPVVptVXNWdmNBQTY0X2ZlMzJZTmlHc2NDWkltbjE2WHQ3Umg0djJseXpWZXNvLVFUdDFncU9QdmRKUzdhZG92QkNMaWtQNXhZWWkzbnpqODhaMXpTZ0NmR1VpYk5HQmRQVjd3alFTV2piX3plazNmZkdMNVMwWjBIM0F3NnI2dlZWMjM3TVlGd3NHQ1M5SnQ0VE5Ma0Z0b1lZSXJGME5sTHhONjJKT2NXZlYtNA?oc=5,neutral,0.8622246981,kcse candidate urged apply scholarship ksh b allocated citizen digital,0.4419545108,auto_bootstrap_lr,negative,positive,2025 KCSE candidates urged to apply for scholarships as Ksh.30.8B allocated - Citizen Digital
The Epoch Times,2026-07-24 21:48:06,https://www.theepochtimes.com/world/175-world-cup-visitors-filed-asylum-claims-in-canada-says-ircc-6066386,neutral,0.882258594,world cup visitor filed asylum claim canada say ircc,0.4421156753,auto_bootstrap_lr,positive,neutral,"175 World Cup Visitors Filed Asylum Claims in Canada, Says IRCC"
World News API,,https://www.kenyamoja.com/video/ncck-urges-govt-firmly-deal-political-goons-country-citizen-tv-411769,neutral,0.6400867105,ncck urge govt firmly deal political goon country,0.442257206,auto_bootstrap_lr,negative,negative,NCCK urges govt to firmly deal with political goons in the country
World News API,,,neutral,0.718754828,bushiri queen reach kakamega county final narrow victory mwira queen,0.4424017678,auto_bootstrap_lr,positive,positive,Bushiri Queens Reach Kakamega County Finals After Narrow Victory Over Mwira Queens
World News API,,,neutral,0.6732460856,kenya still run supermarket economy despite decade industrialization promise,0.442421933,auto_bootstrap_lr,positive,negative,Kenya Still Runs a Supermarket Economy Despite Decades of Industrialization Promises
Citizen Digital,,https://citizen.digital/article/bat-kenya-profit-rises-2-to-ksh44-billion-amid-illicit-trade-pressure-n387011,neutral,0.7094696164,bat kenya profit rise ksh billion amid illicit trade pressure,0.4424527998,auto_bootstrap_lr,positive,positive,BAT Kenya profit rises 2% to Ksh.4.4 Billion amid illicit trade pressure
NTV Kenya,,https://ntvkenya.co.ke/news/man-city-appoint-maresca-as-manager-to-follow-guardiola/,neutral,0.9172408581,man city appoint maresca manager follow guardiola,0.4424628972,auto_bootstrap_lr,negative,neutral,Man City appoint Maresca as manager to follow Guardiola
The Standard,,https://www.standardmedia.co.ke/news/article/2001553705/mark-toos-family-ends-sh7b-estate-dispute-after-court-approved-deal,neutral,0.8046292067,mark family end sh b estate dispute court approved deal,0.4425285745,auto_bootstrap_lr,negative,positive,Mark Too's family ends Sh7b estate dispute after court-approved deal
NTV Kenya,"Mon, 20 Jul 2026 07:00:02 +0000",https://ntvkenya.co.ke/sports/its-tattoo-time-for-spain-defender-cucurella-says-coach-de-la-fuente/,neutral,0.9050471783,tattoo time spain defender cucurella say coach de la fuente,0.4425705307,auto_bootstrap_lr,positive,neutral,It’s tattoo time for Spain defender Cucurella says coach De la Fuente
Kenya News Agency,"Wed, 22 Jul 2026 13:25:52 +0000",https://www.kenyanews.go.ke/treasury-launches-fy2027-28-budget-process/,neutral,0.9017571807,treasury launch fy budget process,0.4427120083,auto_bootstrap_lr,positive,neutral,Treasury launches FY2027/28 budget process
NewsData.io,,,neutral,0.8261299729,mean business formal employment overrated dr mary kinyanjui weighs,0.4427961401,auto_bootstrap_lr,negative,neutral,SHE MEANS BUSINESS| Is formal employment overrated? - Dr. Mary Kinyanjui's weighs in
NTV Kenya,,https://ntvkenya.co.ke/politics/zimbabwe-cabinet-backs-bill-that-would-extend-mnangagwas-rule-till-2030/,neutral,0.929412663,zimbabwe cabinet back bill would extend mnangagwa rule till,0.4429049518,auto_bootstrap_lr,positive,neutral,Zimbabwe cabinet backs bill that would extend Mnangagwa’s rule till...
Standard - Politics,"Wed, 22 Jul 2026 20:42:53 +0300",https://www.standardmedia.co.ke/politics/article/2001553514/government-will-serve-all-kenyans-equally-says-kindiki,neutral,0.7110529542,government serve kenyan equally say kindiki,0.4430136848,auto_bootstrap_lr,neutral,positive,"Government will serve all Kenyans equally, says Kindiki"
NTV Kenya,,https://ntvkenya.co.ke/news/tanzanias-president-samia-suluhu-names-new-prime-minister/,neutral,0.9313538074,tanzania president samia suluhu name new prime minister,0.4430949041,auto_bootstrap_lr,negative,neutral,Tanzania’s President Samia Suluhu names new prime minister
NewsData.io,,,neutral,0.9101394415,germany foreign minister visit nigeria,0.443490142,auto_bootstrap_lr,negative,neutral,Germany’s Foreign Minister to visit Nigeria
Citizen Digital (via Google News),"Sat, 25 Jul 2026 08:16:14 GMT",https://news.google.com/rss/articles/CBMimgFBVV95cUxOamlfZzF3SjZvUU5ob2Q1RVZpbGJncmRUZU1rVlpOMHdvSDJ6al9PZDlKc3FZaTRiMTdncjNXTGcwX3lDN2ZZMmMwSFgxR1YwLUE3QWIyR0o1UWdBdzNPWjVUc1hqSGRyaGVObXpNNEpkMDQ2c3VQdk1CVHpyV2lpdEw4cHpuYlV3R3V6NFNfak9DclRZS1ZDdkV3?oc=5,neutral,0.928981185,watch live linda mwananchi rally trans nzoia county citizen digital,0.4435050427,auto_bootstrap_lr,negative,neutral,WATCH LIVE: Linda Mwananchi Rally in Trans Nzoia County - Citizen Digital
The East African,"Thu, 23 Jul 2026 09:47:22 GMT",https://www.theeastafrican.co.ke/tea/news/africa/cameroon-ruling-party-meets-biya-long-absence-draws-criticism-5535018,neutral,0.5965788364,cameroon ruling party meet biya long absence draw criticism,0.4435124101,auto_bootstrap_lr,negative,negative,Cameroon's ruling party meets as Biya's long absence draws criticism
Currents API,,,neutral,0.7198498249,kenya startup funding slows sharply investor pivot quality quantity,0.4435251291,auto_bootstrap_lr,negative,negative,Kenya Startup Funding Slows Sharply as Investors Pivot to Quality Over Quantity
K24,"Thu, 23 Jul 2026 14:27:10 +0000",https://k24.digital/lifestyle/love-and-relationships/5-ways-parents-can-prepare-children-for-peer-pressure-at-university,neutral,0.8107893467,way parent prepare child peer pressure university,0.4435312041,auto_bootstrap_lr,positive,positive,5 ways parents can prepare children for peer pressure at university
The Star,,https://www.the-star.co.ke/sasa/lifestyle/2026-07-17-tidbits-of-hope-what-passes-for-polygamy-today,neutral,0.7632314563,tidbit hope pass polygamy todaynowadays wife discovers another woman introduction secret spilling,0.4438283186,auto_bootstrap_lr,negative,negative,"TIDBITS OF HOPE: What passes for polygamy todayNowadays, a wife discovers another woman not by introduction but secrets spilling"
Business Today Kenya,,,neutral,0.9013986588,nairobi county eye major hike daily parking fee,0.4438958412,auto_bootstrap_lr,neutral,negative,Nairobi County Eyes Major Hike in Daily Parking Fees
The Standard,,https://www.standardmedia.co.ke/opinion/article/2001553191/kenyas-last-mile-of-governance-how-chiefs-are-responding-to-the-climate-crisis,neutral,0.8832483292,kenya last mile governance chief responding climate crisis,0.4440801548,auto_bootstrap_lr,positive,positive,Kenya's last mile of governance: How chiefs are responding to the climate crisis
The Standard,,https://www.standardmedia.co.ke/nairobi/article/2001552540/state-unveils-bill-to-restore-kenyas-degraded-land,neutral,0.8557716012,state unveils bill restore kenya degraded land,0.4441494719,auto_bootstrap_lr,negative,positive,State unveils Bill to restore Kenya's degraded land
NTV Kenya,,https://ntvkenya.co.ke/news/kidero-acquitted-of-sh213m-graft-charges/,neutral,0.5459495783,kidero acquitted sh graft charge,0.4442678075,auto_bootstrap_lr,positive,positive,Kidero acquitted of Sh213m graft charges
NTV Kenya,"Thu, 09 Jul 2026 05:58:32 +0000",https://ntvkenya.co.ke/news/ex-cs-owalo-launches-presidential-bid-promises-free-education-and-healthcare/,neutral,0.5793751478,ex c owalo launch presidential bid promise free education healthcare,0.4444685343,auto_bootstrap_lr,negative,positive,"Ex-CS Owalo launches presidential bid, promises free education and healthcare"
The Star,,https://www.the-star.co.ke/sasa/entertainment/2026-07-05-bachelors-diary-i-bet-on-south-africa,neutral,0.6664215326,bachelor diary bet south africabachelor peg hope bagging biggest crush knockout match,0.4445210354,auto_bootstrap_lr,positive,neutral,BACHELOR’S DIARY: I bet on South AfricaBachelor pegs his hopes of bagging his biggest crush on a knockout match
Standard - Business,"Thu, 23 Jul 2026 00:00:00 +0300",https://www.standardmedia.co.ke/business/article/2001553491/the-futuristic-buildings-where-residential-and-commercial-spaces-merge,neutral,0.7754036784,futuristic building residential commercial space merge,0.4454811154,auto_bootstrap_lr,negative,positive,The futuristic buildings where residential and commercial spaces merge
The Standard,,https://www.standardmedia.co.ke/environment-climate/article/2001552657/how-communities-are-saving-kenyas-rarest-cloud-forests,neutral,0.5478659868,community saving kenya rarest cloud forest,0.4457005506,auto_bootstrap_lr,negative,positive,How communities are saving Kenya's rarest cloud forests
Kenyans.co.ke,2026-07-21T14:24:19+0300,https://www.kenyans.co.ke/news/125468-ngec-issues-new-advisory-sharing-images-personal-details-gbv-survivors,neutral,0.711787343,gender commission warns kenyan circulating viral content,0.4460291083,auto_bootstrap_lr,negative,negative,Gender Commission Warns Kenyans Circulating Some Viral Content
Standard - Politics,"Sun, 19 Jul 2026 10:00:00 +0300",https://www.standardmedia.co.ke/politics/article/2001553141/inside-wetang-ula-and-mudavadi-s-battle-for-western-kenya,neutral,0.8953196406,inside wetang ula mudavadi battle western kenya,0.4460388291,auto_bootstrap_lr,positive,negative,Inside Wetang'ula and Mudavadi's battle for Western Kenya
K24,"Thu, 23 Jul 2026 17:15:06 +0000",https://k24.digital/sports/winnie-odinga-sends-goodwill-message-to-harambee-starlets-ahead-of-wafcon,neutral,0.6439326406,winnie odinga sends goodwill message harambee starlet ahead wafcon,0.4464747796,auto_bootstrap_lr,positive,positive,Winnie Odinga sends goodwill message to Harambee Starlets ahead of WAFCON
Currents API,,,neutral,0.8123561144,scrypt expands stablecoin settlement rail across kenya tanzania rwanda uganda,0.4465195365,auto_bootstrap_lr,positive,positive,"Scrypt Expands Stablecoin Settlement Rails Across Kenya, Tanzania, Rwanda, and Uganda"
Kenyans.co.ke,2026-07-24T09:25:15+0300,https://www.kenyans.co.ke/news/125556-sakaja-hires-six-auctioneers-pursue-nairobi-landlords-over-unpaid-taxes,neutral,0.7953345776,sakaja dispatch auctioneer hunt rogue nairobi landlord,0.4466523128,auto_bootstrap_lr,negative,negative,Sakaja Dispatches Auctioneers to Hunt Rogue Nairobi Landlords
NewsData.io,,,neutral,0.8352643847,pauline njoroge resigns uhuru jubilee party,0.4467706317,auto_bootstrap_lr,negative,negative,Pauline Njoroge resigns from Uhuru’s Jubilee Party
NTV Kenya,,https://ntvkenya.co.ke/news/uganda-government-assures-uninterrupted-internet-access-during-polls/,neutral,0.5621672273,uganda government assures uninterrupted internet access poll,0.4467934142,auto_bootstrap_lr,negative,positive,Uganda government assures uninterrupted internet access during polls
Nairobi Wire,"Thu, 23 Jul 2026 03:50:19 +0000",https://nairobiwire.com/2026/07/paye-tax-relief-kenya-john-mbadi-public-participation.html,neutral,0.8851611018,john mbadi reveals timeline paye tax relief public participation begin,0.446844471,auto_bootstrap_lr,negative,positive,John Mbadi Reveals Timeline for PAYE Tax Relief as Public Participation Begins
Business Daily Africa,"Mon, 20 Jul 2026 15:34:20 GMT",https://www.businessdailyafrica.com/bd/corporate/companies/insurance-broker-ordered-to-pay-monarch-in-premium-dispute-5532438,neutral,0.6986451745,insurance broker ordered pay monarch sh premium dispute,0.4469434716,auto_bootstrap_lr,positive,negative,Insurance broker ordered to pay Monarch Sh49m in premium dispute
NTV Kenya,"Wed, 22 Jul 2026 10:24:47 +0000",https://ntvkenya.co.ke/news/canada-flags-eight-kenyan-counties-over-security-concerns/,neutral,0.6999533772,canada flag eight kenyan county security concern,0.4470239291,auto_bootstrap_lr,negative,negative,Canada flags eight Kenyan counties over security concerns
The Star,,https://www.the-star.co.ke/counties/nyanza/2026-07-22-state-starts-sh30m-raila-mausoleum-at-bondo-home,neutral,0.9177461267,state start sh raila mausoleum bondo homefacility include main memorial hall archival gallery exhibition space landscaped reflection courtyard security installation,0.4470564237,auto_bootstrap_lr,negative,neutral,"State starts Sh30m Raila mausoleum at Bondo homeFacility to include a main memorial hall, archival galleries, exhibition spaces, a landscaped reflection courtyard and security installations."
NTV Kenya,,https://ntvkenya.co.ke/news/ruto-gachagua-engage-in-bitter-public-feud/,neutral,0.4988158941,ruto gachagua engage bitter public feud,0.4471291084,auto_bootstrap_lr,negative,negative,"Ruto, Gachagua engage in bitter public feud"
NTV Kenya,,https://ntvkenya.co.ke/news/dp-kindikis-sh338-million-flight-budget/,neutral,0.9046578407,dp kindiki sh million flight budget,0.4472086087,auto_bootstrap_lr,neutral,negative,DP Kindiki’s Sh338 million flight budget
Capital FM Kenya,,,neutral,0.5286540985,wildlife ranger challenge kick fresh push bridge africa conservation workforce gap,0.4476678764,auto_bootstrap_lr,positive,positive,Wildlife Ranger Challenge kicks off with fresh push to bridge Africa’s conservation workforce gap
Citizen Digital (via Google News),"Sun, 12 Jul 2026 15:31:38 GMT",https://news.google.com/rss/articles/CBMipwFBVV95cUxQZkpncnMtUmotTURFM2xLY295Y0l2dzRnM21wbWticU9ObFN2T2lkMEJ5SWVxcjUzbDdkcHBhUzRBeGxBaE5HaFFRakxWWVd0dk9tVHJMZUltdzdFbVFrY1MyYVpUV0NZWDEyZHpPMjJTMUo2SWFZN0oyS0dyclllYXQ3eEJReGxWakxxdVhaT05EXzRzLUNwQnNLRkpXTmNqbVctS0lIZw?oc=5,neutral,0.9263423681,governor irungu kangata driver shot linda mwananchi tour citizen digital,0.4478223885,auto_bootstrap_lr,neutral,negative,Governor Irungu Kangata’s driver shot during Linda Mwananchi tour - Citizen Digital
Citizen Digital (via Google News),"Fri, 17 Jul 2026 18:26:33 GMT",https://news.google.com/rss/articles/CBMilwFBVV95cUxNSFlKOGZDbGxrdVZtZkthVkJWUVMyTDlINHFTU3BoeHc5cV9YaUp1WVhfcllMUDBJNUtqR1lMVlZoSGRjdFNVazU2V1c4Q2JrbmZOM21NbnRRbUcyTE5iQmZsQVVRYmhBdlpUSlBXUWtpSmZfOXVSQ0Z6dm94d3g4Y2ZrdzBMNS1PUm9ycnV2UTFXYnpTajdv?oc=5,neutral,0.9104832411,prison kpa take control volleyball league final citizen digital,0.4478370581,auto_bootstrap_lr,negative,positive,"Prisons, KPA take control of volleyball league finals - Citizen Digital"
World News API,,https://islandsbusiness.com/pacnews/pacnews-sports-24-july-2026,neutral,0.8133354783,pacnews sport july,0.4479289291,auto_bootstrap_lr,negative,neutral,"PACNEWS SPORTS, 24 JULY 2026"
NTV Kenya,"Thu, 16 Jul 2026 13:34:14 +0000",https://ntvkenya.co.ke/arts-lifestyle/twende-lake-paradise-we-visit-marsabit-discover-hidden-springs-that-supply-entire-town-with-water/,neutral,0.5671896338,twende lake paradise visit marsabit discover hidden spring supply entire town water,0.448329363,auto_bootstrap_lr,negative,positive,Twende Lake Paradise: We visit Marsabit & discover hidden springs that supply entire town with water
The Standard,,https://www.standardmedia.co.ke/sports/golf/article/2001551167/indiza-sustains-title-run-in-limuru,neutral,0.7955869436,indiza sustains title run limuru,0.4485982958,auto_bootstrap_lr,positive,positive,Indiza sustains title run in Limuru
World News API,,https://www.kenyamoja.com/video/vimal-shah-urges-businesses-stay-open-during-election-periods-ktn-news-411356,neutral,0.7990238667,vimal shah urge business stay open election period,0.4486727368,auto_bootstrap_lr,positive,positive,Vimal Shah urges businesses to stay open during election periods
Kahawa Tungu,"Sat, 25 Jul 2026 08:47:30 +0000",https://kahawatungu.com/how-to-calculate-ratio-in-excel/,neutral,0.8322787881,calculate ratio excel,0.448803339,auto_bootstrap_lr,negative,neutral,How to Calculate Ratio in Excel
Https://www.12onyourside.com,2026-07-24 20:16:42,https://www.12onyourside.com/2026/07/24/richmond-mother-hospitalized-kenya-icu-dies/,neutral,0.921217382,ayla garcia wwbt,0.448803339,auto_bootstrap_lr,negative,neutral,0723_Ayla Garcia_WWBT
Athensmessenger,2026-07-25 0:00:00,https://www.athensmessenger.com/obituaries/karen-harvey/article_52b72782-25a0-5529-81fe-366c0a7cb2d7.html,neutral,0.8854391575,karen harvey,0.448803339,auto_bootstrap_lr,negative,neutral,Karen Harvey
NTV Kenya,"Thu, 16 Jul 2026 15:21:14 +0000",https://ntvkenya.co.ke/arts-lifestyle/noma-s23-e3/,neutral,0.8771315217,noma e,0.448803339,auto_bootstrap_lr,negative,neutral,Noma S23 E3
World News API,2026-07-19 0:00:00,,neutral,0.8731696606,kizaa nje ya kiwanda cha keroche baada ya madalali kufungiwa nje,0.448803339,auto_bootstrap_lr,negative,negative,Kizaa nje ya kiwanda cha Keroche baada ya madalali kufungiwa nje
NTV Kenya,"Thu, 16 Jul 2026 15:01:57 +0000",https://ntvkenya.co.ke/arts-lifestyle/noma-s22-e11/,neutral,0.8828211427,noma e,0.448803339,auto_bootstrap_lr,negative,neutral,Noma S22 E11
NTV Kenya,"Thu, 16 Jul 2026 15:06:11 +0000",https://ntvkenya.co.ke/arts-lifestyle/noma-s22-e12/,neutral,0.8812770247,noma e,0.448803339,auto_bootstrap_lr,negative,neutral,Noma S22 E12
NTV Kenya,"Thu, 16 Jul 2026 15:00:39 +0000",https://ntvkenya.co.ke/arts-lifestyle/noma-s22-e10/,neutral,0.8822901845,noma e,0.448803339,auto_bootstrap_lr,negative,neutral,Noma S22 E10
NTV Kenya,"Thu, 16 Jul 2026 14:44:24 +0000",https://ntvkenya.co.ke/arts-lifestyle/noma-s22-e3/,neutral,0.8876341581,noma e,0.448803339,auto_bootstrap_lr,negative,neutral,Noma S22 E3
NTV Kenya,"Thu, 16 Jul 2026 15:07:24 +0000",https://ntvkenya.co.ke/arts-lifestyle/noma-s22-e13/,neutral,0.8845196962,noma e,0.448803339,auto_bootstrap_lr,negative,neutral,Noma S22 E13
NTV Kenya,"Thu, 16 Jul 2026 14:48:54 +0000",https://ntvkenya.co.ke/arts-lifestyle/noma-s22-e7/,neutral,0.8730276227,noma e,0.448803339,auto_bootstrap_lr,negative,neutral,Noma S22 E7
NTV Kenya,"Thu, 16 Jul 2026 14:47:55 +0000",https://ntvkenya.co.ke/arts-lifestyle/noma-s22-e6/,neutral,0.8684766293,noma e,0.448803339,auto_bootstrap_lr,negative,neutral,Noma S22 E6
NTV Kenya,"Thu, 16 Jul 2026 14:50:00 +0000",https://ntvkenya.co.ke/arts-lifestyle/noma-s22-e8/,neutral,0.890529871,noma e,0.448803339,auto_bootstrap_lr,negative,neutral,Noma S22 E8
NTV Kenya,"Thu, 16 Jul 2026 14:54:11 +0000",https://ntvkenya.co.ke/arts-lifestyle/noma-s22-e9/,neutral,0.8855768442,noma e,0.448803339,auto_bootstrap_lr,negative,neutral,Noma S22 E9
NTV Kenya,"Thu, 16 Jul 2026 15:15:28 +0000",https://ntvkenya.co.ke/arts-lifestyle/noma-s23-e1/,neutral,0.8692966104,noma e,0.448803339,auto_bootstrap_lr,negative,neutral,Noma S23 E1
NTV Kenya,"Thu, 16 Jul 2026 15:16:47 +0000",https://ntvkenya.co.ke/arts-lifestyle/noma-s23-e2/,neutral,0.8813002706,noma e,0.448803339,auto_bootstrap_lr,negative,neutral,Noma S23 E2
NTV Kenya,"Thu, 16 Jul 2026 14:46:33 +0000",https://ntvkenya.co.ke/arts-lifestyle/noma-s22-e5/,neutral,0.876462698,noma e,0.448803339,auto_bootstrap_lr,negative,neutral,Noma S22 E5
NTV Kenya,"Thu, 16 Jul 2026 14:45:39 +0000",https://ntvkenya.co.ke/arts-lifestyle/noma-s22-e4/,neutral,0.8718220592,noma e,0.448803339,auto_bootstrap_lr,negative,neutral,Noma S22 E4
NTV Kenya,,https://ntvkenya.co.ke/news/charlie-kirks-widow-consoles-nicki-minaj-after-assassin-gaffe/,neutral,0.9462683201,charlie kirk widow console nicki minaj,0.448803339,auto_bootstrap_lr,negative,negative,Charlie Kirk’s widow consoles Nicki Minaj after...
K24,"Sat, 25 Jul 2026 10:08:43 +0000",https://k24.digital/lifestyle/food-and-culinary/how-to-balance-an-overly-sour-tomato-stew,neutral,0.5101848245,balance overly sour tomato stew,0.448803339,auto_bootstrap_lr,negative,positive,How to balance an overly sour tomato stew
Kahawa Tungu,,,neutral,0.8981583714,alessia russo sibling luca giorgio,0.448803339,auto_bootstrap_lr,negative,neutral,Alessia Russo Siblings: All About Luca and Giorgio
Capital FM Kenya,"Wed, 22 Jul 2026 16:10:08 +0000",https://capitalfm.africa/the-new-region-every-2027-camp-wants/,neutral,0.8761091828,new region every camp want,0.4489702632,auto_bootstrap_lr,positive,neutral,The new region every 2027 camp wants
The Star,,https://www.the-star.co.ke/sasa/society/2026-06-26-how-forgotten-village-finally-got-safe-water,neutral,0.7155753374,forgotten village finally got safe waterfor year woman marsabit village measured day queue hour,0.4491874141,auto_bootstrap_lr,negative,positive,"How forgotten village finally got safe waterFor years, women in Marsabit village measured their days in queues, not hours"
Nigerian Communicationweek,2026-07-24 23:03:51,https://www.nigeriacommunicationsweek.com.ng/nigeria-israel-strengthen-research-technology-collaboration/,neutral,0.626817584,nigeria israel strengthen research technology collaboration,0.4495765012,auto_bootstrap_lr,positive,positive,"Nigeria, Israel Strengthen Research, Technology Collaboration"
K24,"Thu, 23 Jul 2026 07:08:38 +0000",https://k24.digital/sports/epl/morgan-rogers-10-facts-you-need-to-know-about-new-chelsea-singing,neutral,0.8218385577,morgan rogers fact need know new chelsea singing,0.4496568132,auto_bootstrap_lr,positive,neutral,Morgan Rogers: 10 facts you need to know about new Chelsea singing
K24,"Wed, 22 Jul 2026 10:12:55 +0000",https://k24.digital/sports/italian-fa-boss-reveals-plan-to-bend-wage-rules-to-lure-pep-guardiola,neutral,0.8425271511,italian fa bos reveals plan bend wage rule lure pep guardiola,0.4497035322,auto_bootstrap_lr,negative,neutral,Italian FA boss reveals plan to bend wage rules to lure Pep Guardiola
The Star,,https://www.the-star.co.ke/counties/north-eastern/2026-07-21-governor-abdullahi-rallies-chiefs-to-boost-id-registration-and-voter-enlisting,neutral,0.5831488371,governor abdullahi rally chief boost id registration voter enlistingthe governor said success ongoing national identity card registration exercise depends largely grassroots leader,0.4500174066,auto_bootstrap_lr,positive,positive,Governor Abdullahi rallies chiefs to boost ID registration and voter enlistingThe Governor said the success of the ongoing national identity card registration exercise depends largely on grassroots leaders
The Star,,https://www.the-star.co.ke/news/world/2026-07-23-us-signs-landmark-nuclear-deal-with-saudi-arabia,neutral,0.6059979796,u sign landmark nuclear deal saudi arabiathe deal described peaceful nuclear co operation agreement,0.4504006368,auto_bootstrap_lr,negative,positive,"US signs landmark nuclear deal with Saudi ArabiaThe deal is described as a ""peaceful nuclear co-operation agreement"
K24,"Thu, 23 Jul 2026 17:58:34 +0000",https://k24.digital/sports/epl/garnachos-troubled-chelsea-stint-nears-end-as-winger-moves-to-aston-villa,neutral,0.882342577,garnacho troubled chelsea stint nears end winger move aston villa,0.4504610151,auto_bootstrap_lr,positive,negative,Garnacho’s troubled Chelsea stint nears end as winger moves to Aston Villa
The Standard,,https://www.standardmedia.co.ke/opinion/article/2001553553/why-japans-service-to-others-ahead-of-self-motto-is-a-valuable-lesson-for-nairobi,neutral,0.5055069923,japan service others ahead self motto valuable lesson nairobi,0.4504637546,auto_bootstrap_lr,positive,positive,Why Japan's service to others ahead of self motto is a valuable lesson for Nairobi
Citizen Digital (via Google News),"Wed, 15 Jul 2026 20:24:46 GMT",https://news.google.com/rss/articles/CBMipAFBVV95cUxQRmlDdUF1YXozTzFGYkRTVmRaMmx3NUJSVnp0clRBNkZDaGFPdXBSd1lFOEZDSTRmWUZLUTVOa3dFNHh6V1p6bG5XRzNqcU9JaWZubGlDMXh6cjVLbnBsaUNRcG43aUpSY0RGUkk3S1dDUUZoV3J4MFJvSFYyYmhxaFRfSWM1N3RvNG5VWU1ycHhnZUhpUklNdVpqZVVEZllFaXFMeA?oc=5,neutral,0.8442786336,belgian great meunier sign premier league side sunderland citizen digital,0.4507445646,auto_bootstrap_lr,negative,positive,Belgian great Meunier signs for Premier League side Sunderland - Citizen Digital
The Star,,https://www.the-star.co.ke/business/markets/2026-07-25-microfinance-lenders-seek-90-day-loan-default-rule-to-align-with-banks,neutral,0.8838466406,microfinance lender seek day loan default rule align bank,0.4509654995,auto_bootstrap_lr,positive,neutral,Microfinance lenders seek 90-day loan default rule to align with banks
The Star,,https://www.the-star.co.ke/sasa/society/2026-06-24-envoys-flag-off-three-mobile-computer-labs,neutral,0.6394193172,envoy flag three mobile computer labsthe digitrucks aim close gap digital literacy rural area,0.4510152713,auto_bootstrap_lr,negative,positive,Envoys flag off three mobile computer labsThe DigiTrucks aim to close the gap in digital literacy in rural areas
The Standard,,https://www.standardmedia.co.ke/environment-climate/article/2001553672/fencing-of-kaptagat-forest-to-proceed-land-court-directs,neutral,0.8422703147,fencing kaptagat forest proceed land court directs,0.4513473748,auto_bootstrap_lr,negative,positive,"Fencing of Kaptagat Forest to proceed, land court directs"
Nairobi Wire,"Thu, 23 Jul 2026 03:45:11 +0000",https://nairobiwire.com/2026/07/nairobi-mass-rapid-transit-nmrts-phase-1-approved.html,neutral,0.7950280905,sakaja approves phase nairobi underground mass rapid transit system,0.451381314,auto_bootstrap_lr,positive,positive,Sakaja Approves Phase I of Nairobi’s Underground Mass Rapid Transit System
Citizen Digital (via Google News),"Fri, 17 Jul 2026 19:11:18 GMT",https://news.google.com/rss/articles/CBMimAFBVV95cUxPb3AydDlzR2lNU3JPX2JGRWUzX3FtcjAtaHpyUzg5elgtT2tVMWdwRkJxekZ0OEYxNXgwd3FyeTNNWHYzREpIak14NG9sSWFKSWlnTmxpNEJta01BaC1VSTJ1Yl9FRTJfS3lHa05RSG9PeU5JV29EWHVhWUQ3Z1ZoXzBEcHRUYkpfYTh6YzBBS2diRkNXNEtleA?oc=5,neutral,0.8665423393,european union want bigger bank rival u lender citizen digital,0.4514276814,auto_bootstrap_lr,negative,neutral,European Union wants bigger banks to rival US lenders - Citizen Digital
Kenyans.co.ke,2026-07-24T17:19:12+0300,https://www.kenyans.co.ke/news/125565-kangata-quits-uda-joins-dcp-ahead-2027-polls,neutral,0.9167705178,governor kang ata join dcp,0.4514724264,auto_bootstrap_lr,negative,neutral,Governor Kang'ata Joins DCP
Citizen Digital (via Google News),"Thu, 16 Jul 2026 11:50:52 GMT",https://news.google.com/rss/articles/CBMitAFBVV95cUxOd2N2QmZ6aDBLeXRVR2lsc0FZZGdnYlY4d2RVY3VsbGxpcnF0X1dybjBEZTBMTUxmQ3g0aE9hTWlwLTRtVDlKaUU1SUppNlJ0TElxS0U2aV9rbkg4Qmp6bXJiT04zTVBOQk1KNHN5QkxHZ2tsZEtIb1J5Z1R6akpUbmFtQ2txenFLM1d4eklXaXFQeFlYMkgtdFI3Mk1kbW1XRl9MTlVnNjlvTjQyVjdmN2NWclQ?oc=5,neutral,0.9192278981,nairobi county cec charles kerich avoids jail contempt order set aside citizen digital,0.4514903508,auto_bootstrap_lr,negative,positive,Nairobi County CEC Charles Kerich avoids jail as contempt orders set aside - Citizen Digital
The Standard,,https://www.standardmedia.co.ke/environment-climate/article/2001553652/research-institute-to-adopt-drones-in-wildlife-conservation-census,neutral,0.9066569805,research institute adopt drone wildlife conservation census,0.4516312192,auto_bootstrap_lr,negative,positive,Research institute to adopt drones in wildlife conservation census
The Star,,https://www.the-star.co.ke/sasa/lifestyle/2026-07-17-modern-mum,neutral,0.6615331173,modern mum time get baby walkingmy son gone crawling exploring walking double fast time,0.4519331977,auto_bootstrap_lr,positive,positive,MODERN MUM: Time to get baby walkingMy son has gone from crawling to exploring walking in double fast time
K24,"Thu, 23 Jul 2026 18:26:35 +0000",https://k24.digital/sports/world-cup/norway-to-make-formal-complaints-to-fifa-over-balogun-red-card-saga,neutral,0.7171317935,norway make formal complaint fifa balogun red card saga,0.4520290028,auto_bootstrap_lr,negative,negative,Norway to make formal complaints to FIFA over Balogun red card saga
KBC,"Wed, 22 Jul 2026 14:00:25 +0000",https://www.kbc.co.ke/joho-unveils-roadmap-for-marsabit-gold-mines-reopening/,neutral,0.8564084172,joho unveils roadmap marsabit gold mine reopening,0.4520944405,auto_bootstrap_lr,negative,positive,Joho unveils roadmap for Marsabit gold mines reopening
Kenyans.co.ke,2026-07-22T11:56:27+0300,https://www.kenyans.co.ke/news/125493-faith-odhiambo-questions-rutos-free-university-college-education-plan,neutral,0.8744995594,question emerge ruto promise free university college education,0.4521209426,auto_bootstrap_lr,positive,negative,"Questions Emerge After Ruto Promises Free University, College Education"
The Standard,,https://www.standardmedia.co.ke/national/article/2001553503/mudavadi-assures-tea-farmers-government-to-address-sector-challenges,neutral,0.7536299229,mudavadi assures tea farmer government address sector challenge,0.452349305,auto_bootstrap_lr,neutral,positive,Mudavadi assures tea farmers government to address sector challenges
Citizen Digital (via Google News),"Thu, 23 Jul 2026 13:00:06 GMT",https://news.google.com/rss/articles/CBMiwgFBVV95cUxQUko2MUhJd1FGMmlRNlBTa2hsYlhUd2VZS1AwVDRZNUdaRUlWQ25VNjg1bjh1eEVXYkNnbHZvTW03aTFOX2U0VGZFWjdTdnFDMURRa3o3RnRFMTlJeWc3X0l4eUdKd0JfQmhRcGhNbnRrMEFHLTBpZ0lxWW1CY1ZLWjF3SFloeGdVeG9PSmhjUm81eGlMeThXWHJobFlOOENYN1Y0b2JtWkRKZ3BqTERFRl9uOVNQeTVDUUwxdFAxYmVqdw?oc=5,neutral,0.5441836715,haraka storm uk cancel batuk kdf military training kenya licence challenge citizen digital,0.4525614793,auto_bootstrap_lr,neutral,negative,Haraka Storm: UK cancels BATUK-KDF military training in Kenya over licence challenges - Citizen Digital
Citizen Digital (via Google News),"Sat, 18 Jul 2026 21:52:36 GMT",https://news.google.com/rss/articles/CBMi1AFBVV95cUxPOU1jcHlPRFNJV01MeVVXRHU5b2VkYUhzOXl2dllCMDlEbXVwdTcwYXZOb3FxSnV1NkhKOWJwSmF3RjdRcHNrRWxaVUt1TXltaHZzRHdoMGRWRWdtYWRmQ0xGYkpGZnE5TjNrQlNEam94cWQ4d0dRSFVoU2JRdHE2UGRiYTZyYmJ5RldtZVdEWWZ1Y3M2V20zam5xb1lCeWQyRDMyWWc3LTZCd2FXZC14X184eENMY0twcEJkclg0RnE2NDdGVjhIWEtibnpsbjViSFdEbw?oc=5,neutral,0.8412076235,hungary president sign constitutional change removing office citizen digital,0.4527618717,auto_bootstrap_lr,negative,neutral,Hungary's president to sign constitutional change removing him from office - Citizen Digital
K24,"Wed, 22 Jul 2026 16:24:01 +0000",https://k24.digital/lifestyle/travel-and-leisure/what-you-need-to-know-before-boarding-sgr-train-for-the-first-time,neutral,0.8968773484,need know boarding sgr train first time,0.4528083228,auto_bootstrap_lr,positive,neutral,What you need to know before boarding SGR train for the first time
The Star,,https://www.the-star.co.ke/business/markets/2026-07-16-kenya-eyes-doubling-tanzania-trade-after-dar-scraps-levy,neutral,0.7385839224,kenya eye doubling tanzania trade dar scrap levyvalue export fell sh bn sh bn mainly lower shipment soap,0.4529732959,auto_bootstrap_lr,positive,positive,"Kenya eyes doubling Tanzania trade after Dar scraps levyValue of exports fell to Sh63.6bn in 2025, from Sh67.2bn in 2024, mainly on lower shipments of soap"
Nation,2026-07-24 21:02:00,https://nation.africa/kenya/blogs-opinion/editorials/resolve-dispute-over-uk-military-training-in-kenya-5536760,neutral,0.7824114561,resolve dispute uk military training kenya,0.4530027832,auto_bootstrap_lr,positive,neutral,Resolve dispute over UK military training in Kenya
The Star,,https://www.the-star.co.ke/news/news-brief/2024-10-30-court-upholds-oswagos-conviction-in-sh13bn-graft-case,neutral,0.805070281,court upholds oswago conviction sh bn graft case,0.4531713478,auto_bootstrap_lr,negative,positive,Court upholds Oswago's conviction in Sh1.3bn graft case
The Star,,https://www.the-star.co.ke/climate-change/2026-07-09-lawmakers-call-for-faster-climate-action-stronger-oversight,neutral,0.7445223331,lawmaker call faster climate action stronger oversight,0.4532060078,auto_bootstrap_lr,negative,positive,"Lawmakers call for faster climate action, stronger oversight"
The Standard,,https://www.standardmedia.co.ke/national/article/2001553608/uk-moves-batuk-training-to-tanzania-after-kenya-delays-to-renew-licenses,neutral,0.7114858031,uk move batuk training tanzania kenya delay renew license,0.4533172475,auto_bootstrap_lr,positive,negative,UK moves BATUK training to Tanzania after Kenya 'delays' to renew licenses
Citizen Digital (via Google News),"Tue, 21 Jul 2026 09:08:03 GMT",https://news.google.com/rss/articles/CBMiqgFBVV95cUxQbzF1am5SYUFMSVBRVTZoTTc2WEV0QUpzMnJ4WHhNRlhyZlhEci12QlpIYUJMLXVaSTl5RlNQUnd2VnhLWW00UFFkdEdLcG9QUUZrVjJqWnFJVUV5bEpoeGpDdy1xdU1nRDJUdmp4cW5TaVd3X0xMVjdDOEt2MVpsalBpNnZKZ19YSmE1dDRIVUlfcGIwdTFXbHBEMkJjR2UtekF0dDNxZllxdw?oc=5,neutral,0.8996376395,pauline njoroge resigns jubilee party join linda mwananchi citizen digital,0.4535228163,auto_bootstrap_lr,negative,neutral,Pauline Njoroge resigns from Jubilee Party to join Linda Mwananchi - Citizen Digital
The Star,,https://www.the-star.co.ke/news/world/2026-07-25-trump-pokes-fun-at-press-during-white-house-correspondents-dinner,neutral,0.5901918411,trump poke fun press white house correspondent dinnerthe president sat reporter outlet sparred came honoured award,0.4535837659,auto_bootstrap_lr,positive,neutral,Trump pokes fun at press during White House Correspondents' DinnerThe president sat as reporters from outlets he has sparred came up to be honoured with awards
World News API,,https://www.standardmedia.co.ke/opinion/article/2001553724/from-divide-and-rule-to-woke-fear-politics-faces-new-voters,neutral,0.5284515619,divide rule woke fear politics face new voter,0.4542853663,auto_bootstrap_lr,negative,negative,From divide-and-rule to woke: Fear politics faces new voters
Standard - Business,"Wed, 15 Jul 2026 11:34:08 +0300",https://www.standardmedia.co.ke/business/article/2001552851/how-integrated-technology-can-transform-tax-compliance-in-kenya,neutral,0.5286864638,integrated technology transform tax compliance kenya,0.4543829458,auto_bootstrap_lr,positive,positive,How integrated technology can transform tax compliance in Kenya
The Star,,https://www.the-star.co.ke/opinion/leader/2026-07-23-ntsa-should-deploy-tech-to-stem-carnage,neutral,0.6838185191,ntsa deploy tech stem carnage,0.4543962683,auto_bootstrap_lr,negative,neutral,NTSA should deploy tech to stem carnage
NTV Kenya,,https://ntvkenya.co.ke/news/hope-for-cheaper-goods-as-kenyas-factory-production-costs-drop-to-a-30-month-low/,neutral,0.6631702185,hope cheaper good kenya factory production cost drop,0.4546656921,auto_bootstrap_lr,neutral,positive,Hope for cheaper goods as Kenya’s factory production costs drop to a...
The Star,,https://www.the-star.co.ke/health/2026-07-15-plastic-surgery-gains-acceptance-as-experts-embrace-cosmetic-procedures,neutral,0.6331253052,plastic surgery gain acceptance expert embrace cosmetic proceduresstigma surrounding cosmetic surgery gradually fading kenyan openly discus experience,0.4547333334,auto_bootstrap_lr,positive,positive,Plastic surgery gains acceptance as experts embrace cosmetic proceduresStigma surrounding cosmetic surgery is gradually fading as more Kenyans openly discuss their experiences
NewsData.io,,,neutral,0.7487981915,haier biomedical present digital blood management platform isbt congress advancing transition equipment provider full process solution partner,0.4548075365,auto_bootstrap_lr,negative,positive,"Haier Biomedical Presents Digital Blood Management Platform at ISBT Congress 2026, Advancing Its Transition from Equipment Provider to Full-Process Solution Partner"
NTV Kenya,"Mon, 13 Jul 2026 08:54:28 +0000",https://ntvkenya.co.ke/news/cut-off-from-kinshasa-congos-afc-m23-rebels-built-their-own-ebola-response/,neutral,0.6994735599,cut kinshasa congo afc rebel built ebola response,0.4548183259,auto_bootstrap_lr,positive,neutral,"Cut off from Kinshasa, Congo’s AFC/M23 rebels built their own Ebola response"
The Star,,https://www.the-star.co.ke/news/news-brief/2024-10-15-ntsa-to-conduct-licences-re-validation-for-motor-vehicle-operators,neutral,0.9535705447,ntsa conduct licence validation motor vehicle operatorsthe deadline submission wednesday november,0.4549135996,auto_bootstrap_lr,negative,neutral,"NTSA to conduct licences re-validation for motor vehicle operatorsThe deadline for submission is Wednesday, November 6, 2024."
The Star,,https://www.the-star.co.ke/news/corridors-of-power/2026-07-24-county-official-goes-into-hiding,neutral,0.602029264,county official go hiding,0.4549387821,auto_bootstrap_lr,negative,negative,County official goes into hiding
NTV Kenya,"Mon, 20 Jul 2026 12:25:12 +0000",https://ntvkenya.co.ke/news/kindiki-allies-downplay-dcps-ol-kalou-win-vow-to-deliver-ruto-a-second-term/,neutral,0.7546679974,kindiki ally downplay dcp ol kalou win vow deliver ruto second term,0.4550635324,auto_bootstrap_lr,neutral,neutral,"Kindiki, allies downplay DCP’s Ol Kalou win, vow to deliver Ruto a second term"
Standard - Politics,"Sun, 19 Jul 2026 10:00:00 +0300",https://www.standardmedia.co.ke/politics/article/2001553153/cracks-widen-in-rift-as-factions-clash-over-ruto-succession,neutral,0.749576509,crack widen rift faction clash ruto succession,0.4551843264,auto_bootstrap_lr,negative,negative,Cracks widen in Rift as factions clash over Ruto succession
World News API,,,neutral,0.8981771469,philippine manila chinese fm asean secretary general meeting,0.4552280715,auto_bootstrap_lr,positive,neutral,THE PHILIPPINES-MANILA-CHINESE FM-ASEAN SECRETARY-GENERAL-MEETING
NewsData.io,,,neutral,0.5684596896,global payroll hr solution business technology compliance support one place,0.4552335998,auto_bootstrap_lr,positive,positive,"Global payroll and HR solutions for businesses – technology, compliance & support in one place"
The Standard,,https://www.standardmedia.co.ke/national/article/2001553552/aviation-workers-give-ultimatum-over-unmet-demands,neutral,0.6698153019,aviation worker give ultimatum unmet demand,0.4553077471,auto_bootstrap_lr,negative,negative,Aviation workers give ultimatum over unmet demands
NTV Kenya,,https://ntvkenya.co.ke/politics/ruto-strengthens-hold-on-western-as-uda-wins-west-kabras-ward-by-election/,neutral,0.5975037813,ruto strengthens hold western uda win west kabras ward election,0.4557800193,auto_bootstrap_lr,neutral,positive,Ruto strengthens hold on Western as UDA wins West Kabras Ward by-election
NTV Kenya,"Fri, 17 Jul 2026 04:20:23 +0000",https://ntvkenya.co.ke/news/dcps-sammy-waweru-clinches-ol-kalou-seat-in-landslide-win/,neutral,0.5259441733,dcp sammy waweru clinch ol kalou seat landslide win,0.4558543161,auto_bootstrap_lr,positive,positive,DCP’s Sammy Waweru clinches Ol Kalou seat in landslide win
Citizen Digital (via Google News),"Tue, 21 Jul 2026 17:53:24 GMT",https://news.google.com/rss/articles/CBMivAFBVV95cUxOSzEzLUU3RDNXeDFwR3dXNUM0Qjh0emp6NWFsYnZrdUhkVGlkbFdWSUMxb2xpRlZIMUVvb09lN0F5R19JMVFJMXF4Z1Q5OW9KNnliNHVIS09MWlhTYzhHYVhValhiQnZPc2UwRXZlU1lpQUh4V1owbHVMUmlPaEhOcGhWUmw4N0hVUzBKNzdkVUVUOFpQdFpmYVZMR3hSR3BCUDhGRDdFUEx3R3dKWnpIbEJGY29ITkFaNnZBUg?oc=5,neutral,0.8030951023,repatriated kenyan seek gov support rebuild life south africa return citizen digital,0.4561689115,auto_bootstrap_lr,negative,negative,Repatriated Kenyans seek gov't support to rebuild lives after South Africa return - Citizen Digital
The Star,,https://www.the-star.co.ke/business/kenya/2026-07-25-informal-e-waste-players-push-for-legal-recognition-in-proposed-law,neutral,0.863248229,informal e waste player push legal recognition proposed law,0.456271687,auto_bootstrap_lr,positive,positive,Informal e-waste players push for legal recognition in proposed law
Standard - Business,"Wed, 22 Jul 2026 07:00:00 +0300",https://www.standardmedia.co.ke/business/article/2001553417/letter-from-murang-a-s-quiet-giatutu-area-and-the-few-agri-innovations,neutral,0.8909888864,letter murang quiet giatutu area agri innovation,0.4563132148,auto_bootstrap_lr,positive,positive,Letter from Murang'a's quiet Giatutu area and the few agri-innovations
Citizen Digital (via Google News),"Sat, 18 Jul 2026 18:18:13 GMT",https://news.google.com/rss/articles/CBMilgFBVV95cUxQVV9OTkEwaDRaOEE1OWdyVjFlbzcxcTFEdjVPblRDc3Q4YjZVcUF2aVlxSzhfaTRlcVUzUnFnblN1bEp0UlE2a1ZONU11QTl2NWhoa0NBR2hZbk5oRHA1eFhsUlNDa3V3RWdOSG41YTNPdy1BSHlmMjhZbW0wUy11TnVXWHVvbXpVd3A1TUw5NDZUeHo2d3c?oc=5,neutral,0.7218001485,strategic pivot could redefine kenyan football citizen digital,0.4563306413,auto_bootstrap_lr,negative,positive,Strategic pivot that could redefine Kenyan football - Citizen Digital
Capital FM Kenya,"Wed, 22 Jul 2026 04:31:55 +0000",https://capitalfm.africa/govt-invests-sh922mn-in-14-modern-markets-across-kisumu/,neutral,0.8353247643,govt invests sh mn modern market across kisumu,0.4564129159,auto_bootstrap_lr,positive,positive,Govt Invests Sh922mn in 14 Modern Markets Across Kisumu
Citizen Digital (via Google News),"Fri, 24 Jul 2026 19:26:06 GMT",https://news.google.com/rss/articles/CBMioAFBVV95cUxPc1F6SnZNVFMwWllDOU9lTmsyYUJwTElSakNqMzdqMF9fVnFXYkMteGxOX1hFTU9xM3I4WEdpWEVfSVVObXNlWkZpYmluZVZ0bnNncThzN0hRSnpLWjY4UURUMXpIbHA4Qk80OXNxTjZYaHZ1OUNuMFBlckZITHd2RkloMDNndVhSYjJHUUx0UHV5c3RUWWlpTTYwRVRYUl9X?oc=5,neutral,0.9179208875,ca hearing senegal afcon title appeal set october citizen digital,0.4565914143,auto_bootstrap_lr,negative,neutral,CAS hearing of Senegal AFCON title appeal set for October 8 - Citizen Digital
Business Daily Africa,"Thu, 23 Jul 2026 13:21:52 GMT",https://www.businessdailyafrica.com/bd/economy/old-bottled-water-stocks-exempt-from-tax-stamps-surrender-order-5535366,neutral,0.6306450963,trader relief old bottled water stock exempt tax stamp surrender order,0.456738436,auto_bootstrap_lr,negative,positive,Trader relief as old bottled water stocks exempt from tax stamps surrender order
The Standard,,https://www.standardmedia.co.ke/national/article/2001553563/why-uk-moved-batuk-training-to-tanzania,neutral,0.6435733438,uk moved batuk training tanzania,0.4571605372,auto_bootstrap_lr,negative,neutral,Why UK moved BATUK training to Tanzania
Kenyans.co.ke,2026-07-24T14:36:21+0300,https://www.kenyans.co.ke/news/125563-cotu-opposes-plan-replace-permanent-aviation-workers-nys,neutral,0.8556885719,atwoli sound alarm plan replace airport worker ny,0.4573407356,auto_bootstrap_lr,negative,negative,Atwoli Sounds Alarm Over Plan to Replace Airport Workers With NYS
K24,"Sat, 25 Jul 2026 07:20:44 +0000",https://k24.digital/sports/la-liga/real-madrids-ksh15-3b-offer-for-yan-diomande-turned-down-by-rb-leipzig,neutral,0.8920196295,real madrid ksh b offer yan diomande turned rb leipzig,0.4574165283,auto_bootstrap_lr,negative,negative,Real Madrid’s Ksh15.3B offer for Yan Diomande turned down by RB Leipzig
The Standard,,https://www.standardmedia.co.ke/sports/boxing/article/2001551388/why-leilas-rise-to-the-top-has-not-been-a-walk-in-the-park,neutral,0.6345125437,leila rise top walk park,0.4577528316,auto_bootstrap_lr,positive,positive,Why Leila's rise to the top has not been a walk in the park
NTV Kenya,"Mon, 20 Jul 2026 07:49:16 +0000",https://ntvkenya.co.ke/news/gachagua-claims-some-kenya-kwanza-leaders-seeking-talks-ahead-of-2027/,neutral,0.9291915894,gachagua claim kenya kwanza leader seeking talk ahead,0.4577658318,auto_bootstrap_lr,neutral,neutral,Gachagua claims some Kenya Kwanza leaders seeking talks ahead of 2027
K24,"Thu, 23 Jul 2026 06:59:56 +0000",https://k24.digital/sports/epl/transfers-rodri-linked-with-shock-real-madrid-move,neutral,0.9460287094,transfer rodri linked shock real madrid move,0.4577686806,auto_bootstrap_lr,positive,neutral,Transfers: Rodri linked with shock Real Madrid move
Standard - Business,"Wed, 22 Jul 2026 07:55:00 +0300",https://www.standardmedia.co.ke/business/article/2001553419/cbk-seeks-powers-to-enforce-anti-money-laundering-compliance,neutral,0.8765234351,cbk seek power enforce anti money laundering compliance,0.4579291573,auto_bootstrap_lr,negative,positive,CBK seeks powers to enforce Anti-Money Laundering compliance
The Star,,https://www.the-star.co.ke/sports/football/2026-07-22-3k-fc-keep-most-of-sportpesa-league-promotion-success-team,neutral,0.9127333164,k fc keep sportpesa league promotion success teamcoach nicodemus omasete say four player released embu based side,0.4579676062,auto_bootstrap_lr,negative,positive,3K FC keep most of SportPesa League promotion success teamCoach Nicodemus Omasete says only four players have been released by the Embu-based side.
K24,"Thu, 23 Jul 2026 16:44:21 +0000",https://k24.digital/lifestyle/life-hacks/stop-using-your-shirt-to-clean-your-glasses-here-is-the-right-way,neutral,0.655703485,stop using shirt clean glass right way,0.4580744169,auto_bootstrap_lr,negative,positive,Stop using your shirt to clean your glasses: Here is the right way
NTV Kenya,,https://ntvkenya.co.ke/news/live-president-ruto-leads-jamhuri-day-celebration-at-nyayo-stadium/,neutral,0.530723691,live president ruto lead jamhuri day celebration nyayo stadium,0.4584821835,auto_bootstrap_lr,positive,positive,LIVE: President Ruto leads Jamhuri Day celebration at Nyayo Stadium
Citizen Digital,,https://citizen.digital/article/spotify-wants-to-shut-down-nairobi-for-12-days-heres-how-it-plans-to-do-it-n386576,neutral,0.5104054809,spotify want shut nairobi day plan,0.4585699837,auto_bootstrap_lr,positive,positive,"Spotify wants to shut down Nairobi for 12 days, here's how it plans to do it"
K24,"Thu, 23 Jul 2026 10:49:49 +0000",https://k24.digital/lifestyle/love-and-relationships/how-physical-space-helps-resolve-tough-fights-in-relationships,neutral,0.7680742145,physical space help resolve tough fight relationship,0.4586166228,auto_bootstrap_lr,negative,positive,How physical space helps resolve tough fights in relationships
The Standard,,https://www.standardmedia.co.ke/sports/golf/article/2001553531/injured-sandhu-limps-to-77th-limuru-open-victory,neutral,0.8597850204,injured sandhu limp th limuru open victory,0.4586305155,auto_bootstrap_lr,negative,positive,Injured Sandhu limps to 77th Limuru Open victory
The Standard,,https://www.standardmedia.co.ke/education/article/2001553011/parliament-committee-urges-tvets-to-intensify-student-recruitment,neutral,0.9026891589,parliament committee urge tvets intensify student recruitment,0.4586320327,auto_bootstrap_lr,positive,positive,Parliament committee urges TVETs to intensify student recruitment
The Standard,,https://www.standardmedia.co.ke/nairobi/article/2001552091/peaceful-orderly-and-unarmed-activists-plan-saba-saba-march,neutral,0.5780140162,peaceful orderly unarmed activist plan saba saba march,0.4586851293,auto_bootstrap_lr,negative,neutral,"Peaceful, orderly and unarmed': activists plan Saba Saba march"
The Star,,https://www.the-star.co.ke/sasa/lifestyle/2026-07-17-art-and-craft,neutral,0.6122429967,woman weave way luxury interior cor brandscherie kihato grown savannah space hub connecting weaver larger market,0.4586968571,auto_bootstrap_lr,positive,positive,Women weave their way to luxury interior décor brandsCherie Kihato has grown Savannah Space into a hub connecting weavers to larger markets
Business Daily,"Thu, 23 Jul 2026 13:05:11 GMT",https://www.businessdailyafrica.com/bd/corporate/companies/markets-boom-triggers-talent-war-among-stockbrokers-5535328,neutral,0.7236706018,market boom trigger talent war among stockbroker,0.4589217356,auto_bootstrap_lr,negative,positive,Markets boom triggers talent war among stockbrokers
The Standard,,https://www.standardmedia.co.ke/health/nutrition-wellness/article/2001443450/for-just-sh500-mothers-feed-and-bond-with-their-children,neutral,0.5094420314,sh mother feed bond child,0.4590157058,auto_bootstrap_lr,negative,positive,"For just Sh500, mothers feed and bond with their children"
Citizen Digital (via Google News),"Thu, 23 Jul 2026 21:17:42 GMT",https://news.google.com/rss/articles/CBMioAFBVV95cUxPWndSeUVibnhmYVZFbVB5Qm1jMHlnNkNNdThwSi1heFdTUndpbzVmcEdwQUgzT3YzRUJ1YlZWUll4eFdlOG5ONVdMa0ZQVmJiRWFOUXV4S0pMR3NXQ0hHTVVXdHdSaEc0UnduN2laei1jR0Q0TGpVN012aTd4T2h6WmZnRjM3MFdUNnBGVzl2VnJhTU1mUzlCcm1pb2xKMVZy?oc=5,neutral,0.8452333808,new uk prime minister announces tax cut struggling pub citizen digital,0.459094869,auto_bootstrap_lr,negative,positive,New UK Prime Minister announces tax cut for struggling pubs - Citizen Digital
The Standard,"Fri, 10 Jul 2026 09:36:00 +0300",https://www.standardmedia.co.ke/article/2001552516/kaptagat-residents-back-forest-fencing-ahead-of-launch-of-second-conservation-phase,neutral,0.8569718599,kaptagat resident back forest fencing ahead launch second conservation phase,0.4591071123,auto_bootstrap_lr,positive,positive,Kaptagat residents back forest fencing ahead of launch of second conservation phase
Citizen Digital (via Google News),"Wed, 22 Jul 2026 07:04:15 GMT",https://news.google.com/rss/articles/CBMiqAFBVV95cUxOaGZ0R3Q1M2JXMVptQm53WnBhenFUdTdjdFMxZ3dNVVVkOGJ2djNiU3BNaDVjN29sS2tCR2V0Zy1JM3Z2dFIxMG5QbERDM21Od3dlT3ZCRGxKRzljNWo4MlNtZDl0MWVWUGNLMDdJQXBlcmtIUGd1NnhLVEdCMXBnX1hUa2RlLU9OMGM2UWh4eXIwa0h6R3BsU0tsd0xuZ2tyYlFDNmFNWGE?oc=5,neutral,0.6537048221,ktda chair njeru blame export levy decline tea market citizen digital,0.4592428725,auto_bootstrap_lr,negative,negative,KTDA chair Njeru blames 0.8% export levy for declines in tea market - Citizen Digital
Kahawa Tungu,"Sat, 25 Jul 2026 10:30:03 +0000",https://kahawatungu.com/what-is-candice-crawford-net-worth/,neutral,0.9318726063,candice crawford net worth,0.4593559309,auto_bootstrap_lr,positive,remove,What Is Candice Crawford Net Worth?
Kahawa Tungu,"Sat, 25 Jul 2026 10:00:40 +0000",https://kahawatungu.com/what-is-tony-romo-net-worth/,neutral,0.9014344811,tony romo net worth,0.4593559309,auto_bootstrap_lr,positive,remove,What Is Tony Romo Net Worth?
K24,"Sat, 25 Jul 2026 10:19:01 +0000",https://k24.digital/lifestyle/health-and-fitness/why-cuts-on-your-tongue-heal-much-faster-than-skin-wounds,neutral,0.5916954875,cut tongue heal much faster skin wound,0.4595785541,auto_bootstrap_lr,negative,negative,Why cuts on your tongue heal much faster than skin wounds
NTV Kenya,"Tue, 14 Jul 2026 06:24:47 +0000",https://ntvkenya.co.ke/news/wetangula-accused-of-defying-court-order-by-campaigning-for-ruto/,neutral,0.5908266306,wetang ula accused defying court order campaigning ruto,0.4597394664,auto_bootstrap_lr,neutral,negative,Wetang’ula accused of defying court order by campaigning for Ruto
K24,"Sat, 25 Jul 2026 05:52:34 +0000",https://k24.digital/sports/epl/maresca-determined-to-forge-his-own-path-after-replacing-pep-guardiola-at-man-city,neutral,0.6311756968,maresca determined forge path replacing pep guardiola man city,0.4598987152,auto_bootstrap_lr,negative,neutral,Maresca determined to forge his own path after replacing Pep Guardiola at Man City
The Standard,,https://www.standardmedia.co.ke/national/article/2001553614/india-donates-45-tonnes-of-medical-supplies-to-boost-kenyas-ebola-preparedness,neutral,0.604788065,india donates tonne medical supply boost kenya ebola preparedness,0.4600776645,auto_bootstrap_lr,positive,positive,India donates 4.5 tonnes of medical supplies to boost Kenya's Ebola preparedness
KBC,"Thu, 23 Jul 2026 15:29:18 +0000",https://www.kbc.co.ke/kagwe-defends-tea-levy-as-uptake-hits-93pc/,neutral,0.8251694441,kagwe defends tea levy uptake hit pc,0.4602060455,auto_bootstrap_lr,negative,positive,Kagwe defends tea levy as uptake hits 93pc
The Standard,,https://www.standardmedia.co.ke/national/article/2001553615/pamoja-mashujaa-day-in-the-rift-valley,neutral,0.8621639609,pamoja mashujaa day rift valley,0.46030859,auto_bootstrap_lr,positive,positive,Pamoja Mashujaa Day in the Rift Valley
The Standard,,https://www.standardmedia.co.ke/nairobi/article/2001551119/mystery-over-kerichs-trip-to-america,neutral,0.8811620474,mystery kerich trip america,0.4603512601,auto_bootstrap_lr,negative,neutral,Mystery over Kerich's trip to America
Citizen Digital,,https://citizen.digital/article/watch-live-deputy-party-leader-for-jubilee-party-fred-matiangi-attends-church-service-in-utawala-n387097,neutral,0.9396608472,hour agowatch live deputy party leader jubilee party fred matiang attends church service utawalaby citizen reporterread,0.4608426769,auto_bootstrap_lr,negative,positive,Deputy party leader for Jubilee Party Fred Matiang'i attends church service in Utawala
The Standard,,https://www.standardmedia.co.ke/business/enterprise/article/2001553417/letter-from-murangas-quiet-giatutu-area-and-the-few-agri-innovations,neutral,0.7142254114,letter murang quiet giatutu area agri innovationssome place look far yet near one place giatutu muranga location one loco wondered unique location naming system discontinued,0.461127237,auto_bootstrap_lr,negative,neutral,Letter from Murang'a's quiet Giatutu area and the few agri-innovations
The Star,,https://www.the-star.co.ke/news/world/2026-07-24-nba-superstar-lebron-james-to-join-philadelphia-76ers,neutral,0.9393373132,nba superstar lebron james join philadelphia ersthe year old left los angeles lakers eight year last month,0.4615108993,auto_bootstrap_lr,positive,positive,NBA superstar LeBron James to join Philadelphia 76ersThe 41-year-old left the Los Angeles Lakers after eight years last month.
The Star,,https://www.the-star.co.ke/sasa/entertainment/2026-06-27-jiji-ndogo,neutral,0.6002579927,jiji ndogo made bed lay itmakini sweet talk wife watch world cup,0.4615430108,auto_bootstrap_lr,positive,positive,"JIJI NDOGO: I’ve made my bed, now I have to lay in itMakini sweet-talks his wife to watch World Cup with him"
The Star,,https://www.the-star.co.ke/counties/rift-valley/2026-07-24-natembeya-pushes-public-private-healthcare-partnerships,neutral,0.817289412,natembeya push public private healthcare partnership,0.4617105805,auto_bootstrap_lr,positive,positive,Natembeya pushes public-private healthcare partnerships
The Standard,,https://www.standardmedia.co.ke/business/opinion/article/2001553714/wandayi-and-political-awakening-in-luo-nyanza,neutral,0.8990108967,premiumwandayi political awakening luo nyanza,0.4617283362,auto_bootstrap_lr,negative,neutral,Wandayi and political awakening in Luo Nyanza
World News API,,https://www.standardmedia.co.ke/business/article/2001553713/developer-breaks-ground-for-sh4-2-billion-purpose-built-student-hotels-development-in-lukenya,neutral,0.7650308013,developer break ground sh billion purpose built student hotel development lukenya,0.4618262887,auto_bootstrap_lr,positive,positive,Developer breaks ground for Sh4.2 billion purpose-built student hotels development in Lukenya
Citizen Digital,,https://citizen.digital/article/malaysia-consider-hosting-war-delayed-f1-grand-prix-n387083,neutral,0.9329376817,hour agomalaysia consider hosting war delayed f grand prixby afpyouth sport minister mohammed taufiq johari said actively conducting discussion assessing proposal statement malaysia government issued friday read,0.4618489254,auto_bootstrap_lr,negative,neutral,5 hours ago Malaysia consider hosting war-delayed F1 Grand PrixBy AFP
Standard - Politics,"Fri, 24 Jul 2026 09:00:00 +0300",https://www.standardmedia.co.ke/politics/article/2001553604/plan-b-inside-gachagua-s-political-wild-card-if-court-upholds-impeachment,neutral,0.8197438121,plan b inside gachagua political wild card court upholds impeachment,0.4618890067,auto_bootstrap_lr,negative,neutral,Plan B: Inside Gachagua's political wild card if court upholds impeachment
Standard - Business,"Tue, 21 Jul 2026 16:30:00 +0300",https://www.standardmedia.co.ke/business/article/2001553387/ncba-sale-complete-as-kenyatta-ndegwa-families-cash-in-on-sh109b-in-nedbank-deal,neutral,0.858105123,ncba sale complete kenyatta ndegwa family cash sh b nedbank deal,0.4619553444,auto_bootstrap_lr,positive,positive,"NCBA sale complete as Kenyatta, Ndegwa families cash in on Sh109b in Nedbank deal"
The Star,,https://www.the-star.co.ke/sports/football/2026-07-22-shinyonzo-draws-confidence-from-france-camp-ahead-of-starlets-wafcon-return,neutral,0.5202803612,shinyonzo draw confidence france camp ahead starlet wafcon returnthe starlet holding double training session france fine tune preparation traveling morocco,0.4621195985,auto_bootstrap_lr,positive,positive,Shinyonzo draws confidence from France camp ahead of Starlets’ Wafcon returnThe Starlets have been holding double training sessions in France to fine-tune their preparations before traveling to Morocco.
K24,"Wed, 22 Jul 2026 14:39:50 +0000",https://k24.digital/lifestyle/money/how-small-enterprises-can-win-govt-tenders-through-agpo-services,neutral,0.7974805236,small enterprise win govt tender agpo service,0.4624669008,auto_bootstrap_lr,positive,positive,How small enterprises can win govt tenders through AGPO services
Kenyans.co.ke,2026-07-24T10:05:41+0300,https://www.kenyans.co.ke/news/125557-kenyans-middle-east-alert-us-canada-issue-travel-bans,neutral,0.5525859594,concern kenyan middle east government issue fresh warning,0.4625856937,auto_bootstrap_lr,negative,negative,Concern for Kenyans in Middle East as Governments Issue Fresh Warnings
NewsData.io,,,neutral,0.8150562644,tuesday weather rain thunderstorm strong wind expected several part kenya,0.4628618018,auto_bootstrap_lr,positive,neutral,"Tuesday weather: Rain, thunderstorms and strong winds expected in several parts of Kenya"
World News API,,https://www.standardmedia.co.ke/opinion/article/2001553698/why-conviction-of-sharon-killers-is-a-big-win-against-femicide-impunity,neutral,0.4534580708,conviction sharon killer big win femicide impunity,0.4629023102,auto_bootstrap_lr,positive,positive,"Why conviction of Sharon killers is a big win against femicide, impunity"
Kahawa Tungu,,,neutral,0.9430893064,thing check hiring residential roofing company austin,0.4630316439,auto_bootstrap_lr,negative,neutral,10 Things to Check Before Hiring a Residential Roofing Company 
World News API,,,neutral,0.8387719989,capacity building enhanced parliamentary performance africa challenge recommendation,0.4630474684,auto_bootstrap_lr,neutral,neutral,Capacity Building for Enhanced Parliamentary Performance in Africa: Challenges and Recommendations
Currents API,,,neutral,0.5373744965,kenya treasury miss tax revenue target nearly sh bn,0.4630924623,auto_bootstrap_lr,positive,negative,Kenya: Treasury Misses Tax Revenue Target By Nearly Sh7bn
Business Today Kenya,,,neutral,0.6148773432,kitale jitume centre empowering youth digital job,0.4631114594,auto_bootstrap_lr,neutral,positive,Kitale Jitume Centre Empowering Youth for Digital Jobs
NTV Kenya,,https://ntvkenya.co.ke/news/rebel-catholic-group-ordains-bishops-in-switzerland-defying-pope-leo/,neutral,0.8683195114,rebel catholic group ordains bishop switzerland defying pope leo,0.4633417539,auto_bootstrap_lr,positive,negative,"Rebel Catholic group ordains bishops in Switzerland, defying Pope Leo"
World News API,,,neutral,0.7394354343,leader convene nairobi africa tech leadership conference,0.4635856506,auto_bootstrap_lr,positive,positive,Leaders convene in Nairobi for Africa Tech leadership conference
Citizen Digital,,https://citizen.digital/article/wananchi-opinion-banditry-less-talk-and-more-action-needed-to-find-a-lasting-solution-n386825,neutral,0.694706738,wananchi opinion banditry less talk action needed find lasting solution,0.4635865659,auto_bootstrap_lr,negative,negative,WANANCHI OPINION: Banditry: Less talk and more action needed to find a lasting solution
Business Today Kenya,,,neutral,0.9461103678,paren hirani redefining hospitality sentrim hotel lodge,0.4637088548,auto_bootstrap_lr,negative,positive,How Paren Hirani is Redefining Hospitality at Sentrim Hotels & Lodges
Kahawa Tungu,"Sat, 25 Jul 2026 08:54:37 +0000",https://kahawatungu.com/how-to-calculate-selling-price-of-a-product/,neutral,0.845995605,calculate selling price product,0.4639294697,auto_bootstrap_lr,negative,neutral,How to Calculate Selling Price of a Product
Citizen Digital (via Google News),"Wed, 22 Jul 2026 12:47:05 GMT",https://news.google.com/rss/articles/CBMivgFBVV95cUxQWVc3QkZWQ25PWlktWkg4Umltd1B4X0xVSTZ5bmNKT2VvU2JrelVsa2o0eXh6RUJ6U1kyVFdtdFp5Smk5WHliVlhxb3B0Q2l0Q1JHYWNVSm41XzlvdF9jM1lHdHFza2w4Ukl1eUNNUmFlcThhSmZMS3F4dDJ3NTZjenRpRmduYmRMN3dyb2ZCUUUxMENOZ0lETXNNU0hBelM0MHRlNTh6NXJqU01helpGMl9kYkp2U2dNNmc1ZG9n?oc=5,neutral,0.8957202435,sakaja cabinet approves underground railway line linking nairobi cbd eastlands citizen digital,0.4641194481,auto_bootstrap_lr,positive,positive,Sakaja Cabinet approves underground railway line linking Nairobi CBD to Eastlands - Citizen Digital
NTV Kenya,"Mon, 20 Jul 2026 10:18:56 +0000",https://ntvkenya.co.ke/news/outgoing-uk-pm-keir-starmer-steps-down-and-andy-burnham-takes-office/,neutral,0.9219896793,outgoing uk pm keir starmer step andy burnham take office,0.4641470049,auto_bootstrap_lr,positive,remove,Outgoing UK PM Keir Starmer steps down and Andy Burnham takes office
Kenyans.co.ke,2026-07-21T16:02:03+0300,https://www.kenyans.co.ke/news/125472-sony-universal-and-warner-music-agree-establish-offices-nairobi-after-ruto-meeting,neutral,0.9314056635,nairobi host three u music company ruto meeting,0.4644782078,auto_bootstrap_lr,positive,positive,Nairobi to Host Three U.S. Music Companies After Ruto Meeting
KBC,"Mon, 20 Jul 2026 06:05:01 +0000",https://www.kbc.co.ke/maalim-calls-for-high-voter-registration-across-northern-kenya/,neutral,0.8731262684,maalim call high voter registration across northern kenya,0.4644998373,auto_bootstrap_lr,positive,negative,Maalim calls for high voter registration across Northern Kenya
The Standard,,https://www.standardmedia.co.ke/education/article/2001552792/stakeholders-calls-for-introduction-of-ai-subject-in-education-curriculum,neutral,0.8575829268,stakeholder call introduction ai subject education curriculum,0.464666494,auto_bootstrap_lr,positive,positive,Stakeholders calls for introduction of AI subject in education curriculum
Standard - Business,"Wed, 15 Jul 2026 19:25:00 +0300",https://www.standardmedia.co.ke/business/article/2001552921/ombam-kenya-cannot-grow-exports-without-marketers,neutral,0.635756135,ombam kenya cannot grow export without marketer,0.4646704876,auto_bootstrap_lr,positive,neutral,Ombam: Kenya cannot grow exports without marketers
NTV Kenya,,https://ntvkenya.co.ke/news/mexico-city-lawmakers-pull-hair-trade-blows-during-debate/,neutral,0.5742900968,mexico city lawmaker pull hair trade blow debate,0.4648470483,auto_bootstrap_lr,positive,remove,"Mexico City lawmakers pull hair, trade blows during debate"
NTV Kenya,,https://ntvkenya.co.ke/news/sifuna-osotsi-orengo-accuse-wanga-of-plot-to-hand-odm-to-ruto/,neutral,0.6389389634,sifuna osotsi orengo accuse wanga plot hand odm ruto,0.4648713159,auto_bootstrap_lr,neutral,neutral,"Sifuna, Osotsi, Orengo accuse Wanga of plot to hand ODM to Ruto"
The Star,,https://www.the-star.co.ke/news/big-read/2026-07-20-ebola,neutral,0.8169138432,local scientist building ebola defence,0.4648830234,auto_bootstrap_lr,negative,neutral,How local scientists are building Ebola defences
K24,"Thu, 23 Jul 2026 05:09:19 +0000",https://k24.digital/entertainment/celebrity/mimi-ndio-patron-wa-wamama-mosiria-declares-support-for-women-and-single-mothers,neutral,0.7420526147,mimi ndio patron wa wamama mosiria declares support woman single mother,0.4651928297,auto_bootstrap_lr,positive,positive,Mimi ndio patron wa wamama: Mosiria declares support for women and single mothers
The Standard,,https://www.standardmedia.co.ke/business/politics/article/2001553707/ps-omollo-urges-parents-to-shield-children-from-crime,neutral,0.7001317739,premiumps omollo urge parent shield child crime,0.465260618,auto_bootstrap_lr,positive,remove,PremiumPS Omollo urges parents to shield children from crime
Standard - Politics,"Sat, 25 Jul 2026 11:17:41 +0300",https://www.standardmedia.co.ke/politics/article/2001553707/ps-omollo-urges-parents-to-shield-children-from-crime,neutral,0.7368471622,p omollo urge parent shield child crime,0.465260618,auto_bootstrap_lr,positive,positive,PS Omollo urges parents to shield children from crime
Nairobi Wire,"Fri, 24 Jul 2026 03:50:41 +0000",https://nairobiwire.com/2026/07/ruto-defends-development-record-nairobi-artisans-state-house.html,neutral,0.7452588081,mimi si mlevi ruto hit back critic government,0.4654868654,auto_bootstrap_lr,negative,negative,‘Mimi Si Mlevi’: Ruto Hits Back at Critics of His Government
World News API,,,neutral,0.7578256726,treasury industry official put spot controversial raw sugar import,0.4655403136,auto_bootstrap_lr,negative,negative,Treasury and Industry Officials Put on the Spot Over Controversial Raw Sugar Imports
Currents API,,,neutral,0.8352731466,kenya coffee revival gather pace western county chart sector recovery,0.4658427741,auto_bootstrap_lr,positive,positive,Kenya: Coffee Revival Gathers Pace As 6 Western Counties Chart Sector Recovery
Financialcontent,2026-07-24 21:59:00,https://www.financialcontent.com/article/acnnewswire-2026-7-24-safari-soles-tours-announces-custom-kenya-safari-itineraries,neutral,0.8744356632,safari sol tour announces custom kenya safari itinerary,0.4666852397,auto_bootstrap_lr,positive,positive,Safari Soles Tours Announces Custom Kenya Safari Itineraries
NTV Kenya,,https://ntvkenya.co.ke/news/saccos-cut-dividend-payouts-increase-cash-reserves-to-cover-losses/,neutral,0.6066746712,sacco cut dividend payouts increase cash reserve cover loss,0.466807663,auto_bootstrap_lr,negative,negative,"Saccos cut dividend payouts, increase cash reserves to cover losses"
NewsData.io,,,neutral,0.741512835,dubai launch council make trade network properly,0.4668558442,auto_bootstrap_lr,positive,positive,Dubai launches council to make trade network properly
The Star,,https://www.the-star.co.ke/counties/eastern/2026-07-25-kawaya-urges-ukambani-voters-to-reject-gachagua-back-ruto,neutral,0.867270112,kawaya urge ukambani voter reject gachagua back ruto,0.4671177992,auto_bootstrap_lr,negative,neutral,"Kawaya urges Ukambani voters to reject Gachagua, back Ruto"
The Star,,https://www.the-star.co.ke/news/corridors-of-power/2026-07-14-party-bigwig-accused-of-allegedly-bankrolling-rebel-faction,neutral,0.6699671745,party bigwig accused allegedly bankrolling rebel factionthe whisper grew group publicly acknowledged official support,0.4672472639,auto_bootstrap_lr,positive,negative,Party bigwig accused of allegedly bankrolling rebel faction
World News API,,https://www.kenyamoja.com/index.php/video/equity-life-reports-surge-retirement-savings-demand-citizen-tv-411408,neutral,0.7793151736,equity life report surge retirement saving demand,0.4672899993,auto_bootstrap_lr,negative,positive,Equity Life reports surge in retirement savings demand
The Standard,"Wed, 22 Jul 2026 17:42:49 +0300",https://www.standardmedia.co.ke/article/2001553492/nairobi-county-retirees-demand-answers-over-delayed-pension-benefits,neutral,0.731313467,nairobi county retiree demand answer delayed pension benefit,0.4674053923,auto_bootstrap_lr,positive,negative,Nairobi county retirees demand answers over delayed pension benefits
NTV Kenya,,https://ntvkenya.co.ke/news/migrants-in-us-on-temporary-status-should-seek-permanent-residence-or-leave-homeland-secretary-says/,neutral,0.9322214723,migrant u temporary status seek permanent residence,0.4674420106,auto_bootstrap_lr,negative,remove,Migrants in US on temporary status should seek permanent residence or...
World News API,,https://www.kenyamoja.com/video/maafisa-390-kunolewa-gis-kubadili-usimamizi-wa-ardhi-ntv-video-411693,neutral,0.8414404988,maafisa kunolewa gi kubadili usimamizi wa ardhi,0.4674994594,auto_bootstrap_lr,negative,negative,Maafisa 390 kunolewa GIS kubadili usimamizi wa ardhi
Standard - Politics,"Wed, 22 Jul 2026 06:00:00 +0300",https://www.standardmedia.co.ke/politics/article/2001553395/oomph-gachagua-got-from-ol-kalou-win,neutral,0.8147933483,oomph gachagua got ol kalou win,0.4676710613,auto_bootstrap_lr,neutral,positive,Oomph Gachagua got from Ol Kalou win
NTV Kenya,,https://ntvkenya.co.ke/news/battle-for-kindiki-seat-oburu-retreats-as-coast-western-leaders-eye-dp-slot/,neutral,0.8882849813,battle kindiki seat oburu retreat coast western leader eye dp,0.4679028992,auto_bootstrap_lr,neutral,neutral,"Battle for Kindiki seat: Oburu retreats as Coast, Western leaders eye DP"
The Standard,"Thu, 02 Jul 2026 00:00:00 +0300",https://www.standardmedia.co.ke/article/2001551813/ag-now-defends-registrar-s-mistake-on-hospital-land,neutral,0.5174545646,ag defends registrar mistake hospital land,0.4686871956,auto_bootstrap_lr,negative,negative,AG now defends registrar's mistake on hospital land
K24,"Thu, 23 Jul 2026 09:16:53 +0000",https://k24.digital/lifestyle/health-and-fitness/wacha-mama-apumzike-ruto-urges-men-to-embrace-family-planning,neutral,0.8753990531,wacha mama apumzike ruto urge men embrace family planning,0.4687114492,auto_bootstrap_lr,positive,positive,Wacha mama apumzike: Ruto urges men to embrace family planning
The Standard,,https://www.standardmedia.co.ke/entertainment/article/2001553483/cardi-b-shrugs-off-maduka-okoye-dating-rumours-says-fame-comes-with-scrutiny,neutral,0.864867568,cardi b shrug maduka okoye dating rumour say fame come scrutiny,0.4687906833,auto_bootstrap_lr,negative,negative,"Cardi B shrugs off Maduka Okoye dating rumours, says fame comes with scrutiny"
The Standard,,https://www.standardmedia.co.ke/features/article/2001553187/what-your-child-learns-when-youre-not-teaching,neutral,0.7970950007,child learns teaching,0.4693307413,auto_bootstrap_lr,negative,neutral,What your child learns when you're not teaching...
The Standard,,https://www.standardmedia.co.ke/national/article/2001553521/gachagua-dismisses-charles-owinos-appointment-as-govt-spokesperson,neutral,0.6988847852,gachagua dismisses charles owino appointment govt spokesperson,0.4696674897,auto_bootstrap_lr,negative,neutral,Gachagua dismisses Charles Owino's appointment as govt spokesperson
Standard - Business,"Tue, 21 Jul 2026 14:47:00 +0300",https://www.standardmedia.co.ke/business/article/2001553376/7-800-youth-gain-skills-in-digital-content-creation,neutral,0.5020126104,youth gain skill digital content creation,0.4697557999,auto_bootstrap_lr,positive,positive,"7,800 youth gain skills in digital content creation"
The Standard,,https://www.standardmedia.co.ke/national/article/2001553539/haiti-needs-urgent-help-monicah-juma-tells-un-security-council,neutral,0.8087323904,haiti need urgent help monicah juma tell un security council,0.470174934,auto_bootstrap_lr,negative,negative,"Haiti needs urgent help, Monicah Juma tells UN Security Council"
The Standard,,https://www.standardmedia.co.ke/nairobi/article/2001552438/city-hall-opts-for-generators-as-sakaja-fails-to-pay-kenya-power,neutral,0.6727449894,city hall opts generator sakaja fails pay kenya power,0.4701899111,auto_bootstrap_lr,positive,negative,City Hall opts for generators as Sakaja fails to pay Kenya Power
The Star,,https://www.the-star.co.ke/counties/nyanza/2026-07-23-project-keeps-over-380-vullnerable-children-in-school-in-suba-north,neutral,0.7415291071,project keep vullnerable child school suba north,0.4702392816,auto_bootstrap_lr,negative,positive,Project keeps over 380 vullnerable children in school in Suba North
Nairobi Wire,,,neutral,0.9256871939,ruto retires board member state corporation shake,0.470292004,auto_bootstrap_lr,negative,negative,Ruto Retires 250 Board Members in State Corporations Shake-Up
KBC,"Sat, 25 Jul 2026 09:20:43 +0000",https://www.kbc.co.ke/mangroves-hold-the-key-to-kenyas-blue-economy-stakeholders-told/,neutral,0.5843011141,mangrove hold key kenya blue economy stakeholder told,0.4705819127,auto_bootstrap_lr,positive,positive,"Mangroves hold the key to Kenya’s Blue Economy, stakeholders told"
The Star,,https://www.the-star.co.ke/news/news-brief/2024-10-21-news-brief-gachagua-allies-plot-fightback-over-ouster,neutral,0.9323838353,news brief gachagua ally plot fightback ousterthese story making headline star,0.4707126902,auto_bootstrap_lr,negative,negative,Gachagua allies plot fightback over ouster.
The Star,,https://www.the-star.co.ke/counties/central/2026-07-22-new-daycare-gives-teenage-mothers-a-second-chance-at-education,neutral,0.5667490363,new daycare give teenage mother second chance educationbabies centre cared trained caregiver mother attend class,0.4708470888,auto_bootstrap_lr,positive,positive,New daycare gives teenage mothers a second chance at education
The Star,,https://www.the-star.co.ke/sports/football/2026-07-24-shilwatso-backs-harambee-starlets-to-shine-at-wafcon-after-intensive-build-up,neutral,0.6571823359,shilwatso back harambee starlet shine wafcon intensive build updefender say france camp sharpened starlet ahead morocco opener,0.4708731675,auto_bootstrap_lr,positive,positive,Shilwatso backs Harambee Starlets to shine at WAFCON after intensive build-upDefender says France camp has sharpened Starlets ahead of Morocco opener
The Standard,,https://www.standardmedia.co.ke/central/article/2001553289/tharaka-nithi-county-to-construct-three-museums,neutral,0.9104908705,tharaka nithi county construct three museum,0.4713941586,auto_bootstrap_lr,negative,positive,Tharaka Nithi county to construct three museums
The Star,,https://www.the-star.co.ke/opinion/columnists/2026-07-20-otieno-the-peoples-voice-should-guide-every-vote-in-parliament,neutral,0.8085477948,otieno people voice guide every vote parliamentcontroversial law rarely failure one office one individual often product collective decision made institution,0.471428881,auto_bootstrap_lr,negative,negative,The people's voice should guide every vote in Parliament.
Citizen Digital (via Google News),"Fri, 24 Jul 2026 16:19:12 GMT",https://news.google.com/rss/articles/CBMilgFBVV95cUxQX2JBWUM2VW8zZHFLZGhuRkhmaEwxeWdCUjIxRk52UGwxeHBXMEZzeXRzR0E0WTVIVjNuR3hKdGYtOWloa3BYd1MxWXFycGJzNEh6SFJEWHhFX3VlVG16M1lPOVBSaXpnc05lRFhLSUgyWUF0VnFWeFl6VU9GR09XZ3BURjQwNWxSd2REbmdiZUpPOFBfV0E?oc=5,neutral,0.8300169706,tusker land kigali kagame cup glory mind citizen digital,0.4714546522,auto_bootstrap_lr,positive,positive,Tusker land in Kigali with Kagame Cup glory in mind 
Citizen Digital,2026-07-24 20:18:00,https://citizen.digital/article/nigerias-tinubu-approves-army-expansion-to-12-divisions-with-28000-new-recruits-n387073,neutral,0.7581357956,nigeria tinubu approves army expansion division new recruit,0.471492072,auto_bootstrap_lr,positive,positive,"Nigeria's Tinubu approves army expansion to 12 divisions with 28,000 new recruits"
NTV Kenya,,https://ntvkenya.co.ke/news/iebc-to-deploy-plain-clothes-police-to-boost-security-in-hotly-contested-areas/,neutral,0.8642055392,iebc deploy plain clothes police boost security hotly contested,0.4715945808,auto_bootstrap_lr,negative,negative,IEBC to deploy plain-clothes police to boost security in hotly contested areas
NTV Kenya,,https://ntvkenya.co.ke/news/senior-tanzanian-opposition-leaders-released-on-bail-party-says/,neutral,0.9234856963,senior tanzanian opposition leader released bail party say,0.4716450601,auto_bootstrap_lr,negative,neutral,Senior Tanzanian opposition leaders released on bail.
The Star,,https://www.the-star.co.ke/sasa/lifestyle/2026-07-12-g-spot-malindis-revellers-who-ignored-the-low-season,neutral,0.5904077291,g spot malindi reveller ignored low seasonsummertides boosted local business ruffled morality cop,0.471676513,auto_bootstrap_lr,negative,positive,Malindi’s revellers who ignored the low season 
Citizen Digital (via Google News),"Thu, 23 Jul 2026 08:12:27 GMT",https://news.google.com/rss/articles/CBMijwFBVV95cUxQTHE2T3U0Uko5aHJqZjYwWE9JbG5rWktCOHVBWXktZVp2Q21RT044TmZHVkxsMXV1bkdEaGlESHo5bTk5U0RYaGRHRkNDa2kwNzBxd1Vodk5OVGY3amFueHBVTzgtVVVjSzNPTDFlUi1uZWEwRzE4bTJlNEVYRllIWmRwaXR4cXNoZ2RuMXNEVQ?oc=5,neutral,0.9311836362,kcb fired prinsloo seven say coach amonde citizen digital,0.4717421475,auto_bootstrap_lr,negative,negative,"KCB fired up Prinsloo Sevens, says coach Amonde "
Citizen Digital (via Google News),"Fri, 24 Jul 2026 04:42:18 GMT",https://news.google.com/rss/articles/CBMiqgFBVV95cUxPNzhyY0xFMVFYODBoRWdfdnVQdVd2VWRtS2pDdGJ6eVpFbU9Kc0JDQVpWTFNVRTRiYTRyR3VYUGI4OXhKem1SNnFPQXlUS25GRmIwTEJhYXc1QTJBQ2VwSUZOb2J1Q2hMWk5uUFlNOUtaZFlQMm5EQkFIUVJmSlRwaG9BQ2xFRThzdXZxVF9RQ2l1NDZNWE8xT21TcW1QUjl0Wm0xVTNKZzFGdw?oc=5,neutral,0.876455307,nigeria dangote raise ksh b expand africa largest refinery citizen digital,0.4718335001,auto_bootstrap_lr,negative,positive,Nigeria's Dangote raises Ksh.323B to expand Africa's largest refinery 
Kenyans.co.ke,2026-07-22T13:00:27+0300,https://www.kenyans.co.ke/news/125498-drivers-ev-number-plates-enjoy-exclusive-parking-new-proposal,neutral,0.8777936697,inside new plan number plate exclusive parking,0.4719568708,auto_bootstrap_lr,positive,positive,Inside New Plan for Number Plates With Exclusive Parking
Citizen Digital (via Google News),"Sun, 19 Jul 2026 09:29:35 GMT",https://news.google.com/rss/articles/CBMiowFBVV95cUxOQ2dBdkZlRktsS0EySFI2MXFGRV9fdjNRSlVfMzZjc2t5TkhDcHp4aUlDUUJBSVh0elBoNHRlOHh2c0NxX2ZuNW8yVVhuUF84NUNERm1NTWVMM2ROVHRLUnFiRC01Q3NFcnNMQUMxYXJZNjd3UVBfVjRSNmNXSF83TVNEUE1SWmJKMkliTkhvY09zRDU4dXd5eDg3bHY3OGZEWks4?oc=5,neutral,0.8718473911,isiolo export abattoir ready commissioning year citizen digital,0.4720419119,auto_bootstrap_lr,negative,positive,Isiolo export abattoir ready for commissioning after 17 years
KBC,"Fri, 24 Jul 2026 15:24:46 +0000",https://www.kbc.co.ke/iten-court-clears-kaptagat-forest-fencing-as-community-joins-case/,neutral,0.8564766645,iten court clear kaptagat forest fencing community join case,0.4720944486,auto_bootstrap_lr,negative,neutral,Iten Court clears Kaptagat Forest fencing as community joins case
Standard - Business,"Sat, 18 Jul 2026 07:40:00 +0300",https://www.standardmedia.co.ke/business/article/2001553093/how-treasury-diverted-sh30-billion-eurobond-money-to-cover-domestic-debt,neutral,0.6720127463,treasury diverted sh billion eurobond money cover domestic debt,0.4721725237,auto_bootstrap_lr,negative,negative,How Treasury diverted Sh30 billion Eurobond money to cover domestic debt
NTV Kenya,,https://ntvkenya.co.ke/news/magarini-by-election-drama-as-kanagoni-locals-chase-away-mp-ken-chonga/,neutral,0.7312099338,magarini election drama kanagoni local chase away mp ken chonga,0.4724359218,auto_bootstrap_lr,negative,negative,Magarini by-election: Drama as Kanagoni locals chase away MP Ken Chonga
The Star,,https://www.the-star.co.ke/counties/nairobi/2026-07-23-sakaja-unveils-nairobis-first-underground-metro-plan,neutral,0.716365397,sakaja unveils nairobi first underground metro planunder phase one metro line connect central business district eastlands,0.4725160781,auto_bootstrap_lr,positive,positive,"Sakaja unveils Nairobi’s first underground metro planUnder Phase One, the metro line will connect the Central Business District to Eastlands"
The Star,,https://www.the-star.co.ke/news/big-read/2026-07-15-raabia-the-iron-lady-in-natures-deadly-war,neutral,0.8012602925,raabia iron lady nature deadly warformer radio tv journalist taken fight poaching marine world,0.4728449108,auto_bootstrap_lr,negative,positive,"Raabia, the ‘iron lady’ in nature’s deadly warFormer radio and TV journalist has taken her fight against poaching to the marine world"
NTV Kenya,,https://ntvkenya.co.ke/news/ntsa-defends-controversial-annual-vehicle-inspection-directive/,neutral,0.6692270041,ntsa defends controversial annual vehicle inspection directive,0.4728942613,auto_bootstrap_lr,negative,neutral,NTSA defends controversial annual vehicle inspection directive
The Standard,,https://www.standardmedia.co.ke/nairobi/article/2001553486/sakajas-cabinet-approves-phase-i-of-metropolitan-transit-system,neutral,0.7140722871,sakaja cabinet approves phase metropolitan transit system,0.4729492409,auto_bootstrap_lr,positive,positive,Sakaja's cabinet approves phase I of metropolitan transit system
The Star,,https://www.the-star.co.ke/counties/coast/2026-07-24-experts-call-for-african-unity-to-produce-drugs-vaccines,neutral,0.7303084731,expert call african unity produce drug vaccinescontinent import per cent pharmaceutical product per cent vaccine making vulnerable outbreak,0.4730772061,auto_bootstrap_lr,negative,positive,"Experts call for African unity to produce drugs, vaccines"
NTV Kenya,,https://ntvkenya.co.ke/news/kenya-downplays-musevenis-claim-over-indian-ocean-ownership/,neutral,0.8241761923,kenya downplays museveni claim indian ocean ownership,0.4731627748,auto_bootstrap_lr,negative,negative,Kenya downplays Museveni’s claim over Indian Ocean ownership
NewsData.io,,,neutral,0.8765587211,jacob ojee attains world rugby level coaching accreditation,0.4732837457,auto_bootstrap_lr,positive,positive,Jacob Ojee Attains World Rugby Level 2 Coaching Accreditation in 15s
The Standard,,https://www.standardmedia.co.ke/health/health-science/article/2001553230/how-do-adults-view-mental-health-in-children-and-youth,neutral,0.9314382076,adult view mental health child youth,0.4735368168,auto_bootstrap_lr,negative,neutral,How do adults view mental health in children and youth?
NTV Kenya,,https://ntvkenya.co.ke/news/uchumi-supermarkets-chain-posts-rare-sh8-8m-profit/,neutral,0.8020695448,uchumi supermarket post rare sh profit,0.4737045611,auto_bootstrap_lr,positive,positive,Uchumi Supermarket posts rare Sh8.8m profit
NTV Kenya,,https://ntvkenya.co.ke/news/zimbabwe-lawmakers-back-legislation-extending-presidents-time-in-power/,neutral,0.934143126,zimbabwe lawmaker back legislation extending president time,0.4738721717,auto_bootstrap_lr,positive,positive,Zimbabwe lawmakers back legislation extending president’s time in office
The East African,"Wed, 22 Jul 2026 12:47:13 GMT",https://www.theeastafrican.co.ke/tea/news/west-africa/sall-faye-alliance-senegal-5534268,neutral,0.8880997896,sall faye alliance built un contest eye domestic politics,0.4740003286,auto_bootstrap_lr,neutral,neutral,"Sall-Faye alliance built on UN contest, with an eye on domestic politics"
The Star,,https://www.the-star.co.ke/news/big-read/2026-07-13-three-days-of-drilling-ended-decades-of-water-shortage-in-masinga,neutral,0.5699136257,three day drilling ended decade water shortage masingaresidents used walk km search water brought close home,0.4740307023,auto_bootstrap_lr,negative,positive,Three days of drilling ended decades of water shortage in Masinga
Currents API,,,neutral,0.73317945,africa young people center st amecea plenary assembly robbed hope,0.4742866539,auto_bootstrap_lr,positive,positive,Young People At the Center of the 21st AMECEA Plenary Assembly - 'Do Not Be Robbed of Hope'
Kenyans.co.ke,2026-07-23T19:46:32+0300,https://www.kenyans.co.ke/news/125549-parliament-dismisses-viral-cabinet-nominees-vetting-letter-fake,neutral,0.9452921748,parliament explains new cabinet vetting featuring malala winnie odinga others,0.4743246491,auto_bootstrap_lr,positive,positive,"Parliament Explains New Cabinet Vetting Featuring Malala, Winnie Odinga & Others"
The Standard,,https://www.standardmedia.co.ke/education/article/2001553283/knec-vows-to-safeguard-exam-integrity-despite-rising-candidate-numbers,neutral,0.8196366429,knec vow safeguard exam integrity despite rising candidate number,0.4745103418,auto_bootstrap_lr,negative,positive,KNEC vows to safeguard exam integrity despite rising candidate numbers
Kenya News Agency,"Mon, 20 Jul 2026 08:32:50 +0000",https://www.kenyanews.go.ke/maalim-urges-northern-kenya-residents-to-register-as-voters/,neutral,0.9298937917,maalim urge northern kenya resident register voter,0.4747811183,auto_bootstrap_lr,positive,positive,Maalim urges Northern Kenya residents to register as voters
The Standard,,https://www.standardmedia.co.ke/coast/article/2001553630/mombasa-lawyers-push-for-judicial-reforms-as-court-boycott-continues,neutral,0.6931422949,mombasa lawyer push judicial reform court boycott continues,0.474960852,auto_bootstrap_lr,negative,neutral,Mombasa lawyers push for judicial reforms as court boycott continues
World News API,,https://www.standardmedia.co.ke/politics/article/2001553692/western-on-standstill-as-rival-politicians-scramble-for-mulembe-cake,neutral,0.8148936629,western standstill rival politician scramble mulembe cake,0.4750546614,auto_bootstrap_lr,negative,neutral,Western on standstill as rival politicians scramble for Mulembe cake
K24 Tv,2026-07-24 23:11:13,https://k24.digital/entertainment/celebrity/bernice-saroni-recalls-tearful-19-hour-flight-after-leaving-children-behind-to-start-life-in-america,neutral,0.49566257,bernice saroni recall tearful hour flight leaving child behind start life america,0.4751696751,auto_bootstrap_lr,positive,negative,Bernice Saroni recalls tearful 19-hour flight after leaving children behind to start life in America
World News API,,https://www.standardmedia.co.ke/opinion/article/2001553714/wandayi-and-political-awakening-in-luo-nyanza,neutral,0.921058774,wandayi political awakening luo nyanza,0.4752020174,auto_bootstrap_lr,negative,neutral,Wandayi and political awakening in Luo Nyanza
The Standard Headlines,"Wed, 22 Jul 2026 20:24:26 +0300",https://www.standardmedia.co.ke/article/2001553510/gachagua-why-ruto-will-not-steal-the-2027-general-election,neutral,0.7970644236,gachagua ruto steal general election,0.4754106919,auto_bootstrap_lr,negative,positive,Gachagua: Why Ruto will not steal the 2027 General Election
Kahawa Tungu,"Sat, 25 Jul 2026 08:29:09 +0000",https://kahawatungu.com/murkomen-extends-security-disturbed-declaration-in-parts-of-marsabit/,neutral,0.7614344358,murkomen extends security disturbed declaration part marsabit,0.4758672777,auto_bootstrap_lr,negative,negative,Murkomen Extends Security Disturbed Declaration in Parts of Marsabit
K24,"Wed, 22 Jul 2026 15:50:42 +0000",https://k24.digital/sports/epl/iraola-outlines-liverpools-transfer-plans-backs-alisson-and-hails-szoboszlais-leadership,neutral,0.8704004288,iraola outline liverpool transfer plan back alisson hail szoboszlai leadership,0.4761240297,auto_bootstrap_lr,positive,neutral,"Iraola outlines Liverpool’s transfer plans, backs Alisson and hails Szoboszlai’s leadership"
Citizen Digital,,https://citizen.digital/article/michael-oyamo-convened-meeting-to-deliver-sharon-otieno-to-her-killers-court-n386976,neutral,0.7459577918,michael oyamo convened meeting deliver sharon otieno killer court,0.4761600222,auto_bootstrap_lr,negative,negative,Michael Oyamo convened meeting to deliver Sharon Otieno to her killers 
NewsData.io,,,neutral,0.938503921,kazakhstan kenya discus trade logistics agricultural cooperation,0.4762581635,auto_bootstrap_lr,positive,positive,"Kazakhstan and Kenya discuss trade, logistics and agricultural cooperation"
Standard - Business,"Thu, 16 Jul 2026 17:18:03 +0300",https://www.standardmedia.co.ke/business/article/2001552980/us-unveils-new-25-per-cent-tariff-on-certain-imports-from-brazil,neutral,0.6292930245,u unveils new per cent tariff certain import brazil,0.4763797236,auto_bootstrap_lr,positive,negative,New tariffs expected to increase cost of imported goods in Kenya
The Standard,,https://www.standardmedia.co.ke/opinion/article/2001553697/kenyas-post-vision-2030-plan-deserves-more-attention,neutral,0.7401314974,kenya post vision plan deserves attention,0.476655546,auto_bootstrap_lr,positive,neutral,Kenya's post-Vision 2030 plan deserves more attention
Citizen Digital,,https://citizen.digital/article/mashujaa-day-celebrations-to-be-held-in-three-rift-valley-counties-cs-murkomen-n386988,neutral,0.6176687479,hour agomashujaa day celebration held three rift valley county c murkomenby brian kimanimurkomen noted government course deliver sport infrastructure road energy project three county readiness week long read,0.4766780275,auto_bootstrap_lr,negative,neutral,Mashujaa Day celebrations to be held in three Rift Valley counties
Kahawa Tungu,"Sat, 25 Jul 2026 07:05:36 +0000",https://kahawatungu.com/ruto-appoints-former-bumula-mp-moses-mabonga-to-energy-regulator-board/,neutral,0.9250509143,ruto appoints former bumula mp moses mabonga energy regulator board,0.4769392219,auto_bootstrap_lr,negative,negative,Ruto Appoints Former Bumula MP Moses Mabonga to Energy Regulator Board
K24,"Wed, 22 Jul 2026 13:03:03 +0000",https://k24.digital/entertainment/celebrity/justina-syokau-flaunts-new-look-after-losing-17kg-in-2-months-with-ozempic,neutral,0.7130836844,justina syokau flaunt new look losing kg month ozempic,0.4773805059,auto_bootstrap_lr,positive,positive,Justina Syokau flaunts new look after losing 17kg in 2 months with Ozempic
The Star,,https://www.the-star.co.ke/siasa/2026-07-19-nassir-unlocking-mombasa-begins-with-smarter-aviation-policy,neutral,0.7176148891,nassir unlocking mombasa begin smarter aviation policyair access kenya next great economic opportunity unlocking vast revenue moi airport receives far flight,0.4775784987,auto_bootstrap_lr,positive,negative,NASSIR: Unlocking Mombasa begins with smarter aviation policyAir access Kenya’s next great economic opportunity to unlocking vast revenue but Moi Airport receives far too few flights.
Citizen Digital (via Google News),"Mon, 20 Jul 2026 06:00:29 GMT",https://news.google.com/rss/articles/CBMiqAFBVV95cUxOSVFIeTBJVjUzTDZxYXA3RnBMekUyX3N5aVNweHFsSGNTOVppd3RoMXp2NTZsM1Z4VnNtSzJrZGp2aTN0Y3F0WVdsNlhkajJ1VS1yUVM5U0VZXzExZnZYYzJwYzR0M1puTUN3eVRNU2otYl91MlZEV2p3bjZQS1RPdVFWZGF5NVhqMHhkZ0kyQWg5ZDBYX2NzQ2c1VkQ2OFFBLS1rUU9XUmc?oc=5,neutral,0.9308583736,c ruku uda spent ksh ol kalou election campaign citizen digital,0.4778436654,auto_bootstrap_lr,negative,neutral,CS Ruku: UDA spent about Ksh.100M in Ol-Kalou by-election campaigns 
Citizen Digital (via Google News),"Tue, 21 Jul 2026 05:41:31 GMT",https://news.google.com/rss/articles/CBMimwFBVV95cUxQMGEtYkVyTVpWOGFHNmNSOEtLZ1JER0l3OWpaX0g3OGxHVFZ3RVNydXNmbFctc2RaOV9HeFpfcVJxdUFyVE1ic3FBMGxRd1l3MmdMa2tmWXdDLUxfdDJHc2xqRXNOanpzY1lWS1R3NXA2TVVkcTdyclBuM0xrQXFzd1FEYlpKSDlNM0dHSFVLY0VWSUVhSDdOTHlmbw?oc=5,neutral,0.9446607232,new uk pm burnham stamp authority cabinet shakeup citizen digital,0.4778482456,auto_bootstrap_lr,positive,positive,New UK PM Burnham stamps authority with cabinet shakeup 
The Standard,,https://www.standardmedia.co.ke/europe/article/2001553564/uk-withdraws-remaining-diplomats-from-iran,neutral,0.691714704,uk withdraws remaining diplomat iran,0.477916283,auto_bootstrap_lr,negative,negative,UK withdraws remaining diplomats from Iran
Citizen Digital (via Google News),"Fri, 17 Jul 2026 12:44:37 GMT",https://news.google.com/rss/articles/CBMi2AFBVV95cUxQUFZncWFlS01TTWI2bmdKVUlZRmx6TldkMmhlSE1GZVJxZVhReDBwcmI5aWNvWHpQbFFGT3JrNFl4MUdRa1lwWnFXTWlRQ2RxWFRqaHY5Z1BsMTQ1R1lDRnV5d2UxNDVTYk52QThGRVpsUFJQNUZ4QzhuZk14VHNVeGJ4bEZqZEt6dUJXUmlKZlF1aDF1LVRmQ3FBYUtCc1NrMm9WUWJmQ3d1U0hGZ216US16dXVqR1lmS2ZvYXAwc18teHktTGI5SEY4MXh3aWU5WUdPcVROS1c?oc=5,neutral,0.7433401942,wajinga waliisha kenya ol kalou resident offered masterclass fearlessly protecting vote citizen digital,0.4782063077,auto_bootstrap_lr,negative,neutral,"""Wajinga waliisha Kenya!"" How Ol Kalou residents offered a masterclass on fearlessly protecting the vote "
NTV Kenya,"Mon, 06 Jul 2026 13:02:24 +0000",https://ntvkenya.co.ke/news/woman-accused-of-tracking-president-rutos-flights-freed-as-court-closes-case/,neutral,0.7229846716,woman accused tracking president ruto flight freed court close case,0.4786216245,auto_bootstrap_lr,negative,negative,Woman accused of tracking President Ruto’s flights freed as court closes case
The Standard,,https://www.standardmedia.co.ke/sports/football/article/2001553562/france-to-unveil-new-coach-july-28-as-zidane-waits-in-wings,neutral,0.8119095564,france unveil new coach july zidane wait wing,0.4788297978,auto_bootstrap_lr,positive,neutral,France to unveil new coach July 28 as Zidane waits in wings
Standard - Politics,"Tue, 21 Jul 2026 11:21:07 +0300",https://www.standardmedia.co.ke/politics/article/2001553344/oburu-we-are-not-shaken-by-ol-kalou-loss,neutral,0.7587442398,oburu shaken ol kalou loss,0.479154471,auto_bootstrap_lr,neutral,neutral,Oburu: We are not shaken by Ol-Kalou loss
Capital FM Kenya,"Thu, 23 Jul 2026 09:02:36 +0000",https://capitalfm.africa/president-ruto-hosts-5000-artisans-at-state-house-announces-civil-servants-salary-increase/,neutral,0.8287963867,president ruto host artisan state house announces civil servant salary increase,0.479346216,auto_bootstrap_lr,negative,positive,"President Ruto Hosts 5,000 Artisans at State House, Announces Civil Servants’ Salary Increase"
K24,"Thu, 23 Jul 2026 17:25:06 +0000",https://k24.digital/sports/epl/man-city-completes-signing-of-england-midfielder-elliot-anderson,neutral,0.894855082,man city completes signing england midfielder elliot anderson,0.4796782651,auto_bootstrap_lr,negative,neutral,Man City completes signing of England midfielder Elliot Anderson
NTV Kenya,,https://ntvkenya.co.ke/news/trial-for-bundibugyo-ebola-treatment-starts-in-drc-who-say/,neutral,0.9016828537,trial bundibugyo ebola treatment start drc say,0.480121472,auto_bootstrap_lr,negative,positive,Trial for Bundibugyo Ebola treatment starts in DRC
NTV Kenya,,https://ntvkenya.co.ke/news/mosiria-moved-from-environment-docket-in-sakajas-latest-reshuffle/,neutral,0.9195364118,mosiria moved environment docket sakaja latest reshuffle,0.4804217336,auto_bootstrap_lr,negative,neutral,Mosiria moved from Environment docket in Sakaja’s latest reshuffle
World News API,,https://www.npr.org/2026/07/24/nx-s1-5894830/summer-school-kenya-nigeria-cash-development-experiment,neutral,0.840521276,pile cash town solution kenya nigeria summer school,0.4805110753,auto_bootstrap_lr,negative,neutral,"Piles of cash and a town of solutions in Kenya, Nigeria (Summer School)"
NTV Kenya,,https://ntvkenya.co.ke/news/why-court-should-have-nullified-gachaguas-impeachment-sc-charles-kanjama/,neutral,0.6124615073,court nullified gachagua impeachment sc,0.4806702155,auto_bootstrap_lr,negative,neutral,Why court should have nullified Gachagua’s impeachment
Capital FM Kenya,"Thu, 23 Jul 2026 14:25:53 +0000",https://capitalfm.africa/eastern-african-prosecutors-step-up-fight-against-crypto-crime-with-regional-training/,neutral,0.7889710069,eastern african prosecutor step fight crypto crime regional training,0.480794241,auto_bootstrap_lr,negative,positive,Eastern African prosecutors step up fight against crypto crime with regional training
Standard - Politics,"Fri, 17 Jul 2026 10:15:00 +0300",https://www.standardmedia.co.ke/politics/article/2001553020/how-ruto-met-oburu-and-ole-kina-at-night-ordered-sifuna-s-removal,neutral,0.7491611838,ruto met oburu ole kina night ordered sifuna removal,0.4808459094,auto_bootstrap_lr,neutral,neutral,"How Ruto met Oburu and Ole Kina at night, ordered Sifuna's removal"
K24,"Tue, 21 Jul 2026 18:02:52 +0000",https://k24.digital/sports/epl/anthony-taylors-retirement-top-controversies-of-epl-ref-and-why-chelsea-fans-are-happy-with-his-exit,neutral,0.7688390017,anthony taylor retirement top controversy epl ref chelsea fan happy exit,0.4810837931,auto_bootstrap_lr,positive,positive,Anthony Taylor’s retirement: Top controversies of EPL ref and why Chelsea fans are happy with his exit
World News API,,,neutral,0.8560843468,patching africa scar west africa need undergraduate postgraduate discipline border study pan african integration,0.481234966,auto_bootstrap_lr,positive,neutral,Patching Africa’s Scars: Why West Africa Needs an Undergraduate and Postgraduate Discipline in Border Studies and Pan-African Integration
The Star,,https://www.the-star.co.ke/counties/rift-valley/2026-07-23-turkana-backs-kapedo-military-base-to-bolster-security-unlock-development,neutral,0.555741787,turkana back kapedo military base bolster security unlock developmentdeputy governor say military base boost security attract development,0.4815813997,auto_bootstrap_lr,positive,positive,"Turkana backs Kapedo military base to bolster security, unlock development"
Citizen Digital,,https://citizen.digital/article/a-fathers-walk-against-sickle-cell-disease-n385422,neutral,0.7095766664,father walk sickle cell disease,0.4819450712,auto_bootstrap_lr,negative,negative,A father’s walk against sickle cell disease
World News API,,,neutral,0.8892349005,explainer st july,0.4820171082,auto_bootstrap_lr,negative,remove,"THE EXPLAINER 21ST JULY, 2026"
The Standard,"Mon, 18 May 2026 14:41:24 +0300",https://www.standardmedia.co.ke/article/2001548110/concern-over-management-of-nairobi-food-certification-unit,neutral,0.6512427926,concern management nairobi food certification unit,0.482099378,auto_bootstrap_lr,negative,negative,Concern over management of Nairobi Food Certification Unit
The Star,,https://www.the-star.co.ke/news/corridors-of-power/2026-07-11-top-official-with-huge-perks-rarely-in-office,neutral,0.5762435198,top official huge perk rarely officeinsiders claim purportedly spends time airport desk,0.4822876584,auto_bootstrap_lr,positive,negative,Top official with huge perks rarely in office
K24,"Thu, 23 Jul 2026 07:32:32 +0000",https://k24.digital/lifestyle/food-and-culinary/why-garlic-turns-blue-or-green-when-cooked-in-vinegar,neutral,0.7777913213,garlic turn blue green cooked vinegar,0.4824407031,auto_bootstrap_lr,positive,neutral,Why garlic turns blue or green when cooked in vinegar
Standard - Business,"Fri, 17 Jul 2026 00:00:00 +0300",https://www.standardmedia.co.ke/business/article/2001552996/20-african-nations-approve-formation-of-a-regional-maritime-university,neutral,0.6768354774,african nation approve formation regional maritime university,0.4824702957,auto_bootstrap_lr,positive,positive,20 African nations approve formation of a regional maritime university
NewsData.io,,,neutral,0.6638894081,business news ai infrastructure platform infobay ai cross r crore revenue fy,0.4825560915,auto_bootstrap_lr,positive,positive,Business News | AI-infrastructure Platform InfoBay.AI Crosses Rs 100 Crores in Revenue in FY 2025-26
NTV Kenya,,https://ntvkenya.co.ke/news/cctv-shows-heated-altercation-between-mp-babu-owino-and-mca-robert-alai/,neutral,0.9106069803,cctv show heated altercation mp babu owino mca robert alai,0.4828336575,auto_bootstrap_lr,negative,negative,CCTV shows heated altercation between MP Babu Owino and MCA Robert Alai
The Standard,,https://www.standardmedia.co.ke/education/article/2001553508/why-teachers-are-demanding-fresh-pay-talks,neutral,0.6774954796,teacher demanding fresh pay talk,0.4829001291,auto_bootstrap_lr,negative,negative,Why teachers are demanding fresh pay talks
NTV Kenya,,https://ntvkenya.co.ke/news/singer-celine-dion-announces-comeback-after-health-battle/,neutral,0.8757695556,singer celine dion announces comeback health battle,0.483169048,auto_bootstrap_lr,negative,positive,Singer Celine Dion announces comeback after health battle
K24,"Sat, 25 Jul 2026 10:20:46 +0000",https://k24.digital/lifestyle/money/the-real-difference-between-saving-and-investing-what-you-need-to-know,neutral,0.8239277601,real difference saving investing need know,0.4835296788,auto_bootstrap_lr,negative,neutral,"The real difference between saving and investing, what you need to know"
KBC,"Wed, 22 Jul 2026 06:24:51 +0000",https://www.kbc.co.ke/african-leaders-launch-health-financing-dashboard-urge-increased-investment/,neutral,0.712466836,african leader launch health financing dashboard urge increased investment,0.4839276391,auto_bootstrap_lr,positive,positive,"African leaders launch health financing dashboard, urge increased investment"
World News API,2026-07-19 0:00:00,,neutral,0.8837991357,violet chanya avishwa taji la mwanamke bomba,0.4842161382,auto_bootstrap_lr,negative,positive,Violet Chanya avishwa taji la Mwanamke Bomba
The Star,,https://www.the-star.co.ke/counties/north-eastern/2026-07-21-dadaab-leaders-rally-residents-to-embrace-peaceful-campaigns,neutral,0.7511380315,dadaab leader rally resident embrace peaceful campaignsthe leader warned heightened political activity could create security vulnerability,0.4844730107,auto_bootstrap_lr,negative,positive,Dadaab leaders rally residents to embrace peaceful campaigns
The Standard,,https://www.standardmedia.co.ke/health/family-wellness/article/2001553512/joy-as-isiolo-gets-first-care-centre-for-the-elderly,neutral,0.5555312037,joy isiolo get first care centre elderly,0.4847941732,auto_bootstrap_lr,positive,positive,Joy as Isiolo gets first care centre for the elderly
The Star,,https://www.the-star.co.ke/business/markets/2026-07-17-mps-intensify-probe-on-how-kra-abandoned-sh21bn-in-sugar-taxes,neutral,0.5302699208,mp intensify probe kra abandoned sh bn sugar taxesthe dispute involves consignment raw cane sugar imported south africa,0.4848188997,auto_bootstrap_lr,negative,negative,MPs intensify probe on how KRA abandoned Sh2.1bn in sugar taxes
Standard - Politics,"Tue, 21 Jul 2026 15:55:00 +0300",https://www.standardmedia.co.ke/politics/article/2001553413/six-dcp-senators-turn-heads-in-matching-party-colours,neutral,0.8497044444,six dcp senator turn head matching party colour,0.4849647604,auto_bootstrap_lr,negative,neutral,Six DCP senators turn heads in matching party colours
K24,"Wed, 22 Jul 2026 14:33:26 +0000",https://k24.digital/sports/epl/chelsea-confirm-morgan-rogers-squad-number-after-completing-transfer,neutral,0.9065764546,chelsea confirm morgan rogers squad number completing transfer,0.4852610677,auto_bootstrap_lr,positive,positive,Chelsea confirm Morgan Rogers’ squad number after completing transfer
NewsData.io,,,neutral,0.8624948859,master wood working ltd launch modern wooden staircase design birmingham,0.4853333647,auto_bootstrap_lr,positive,positive,Master Wood Working Ltd Launches Modern Wooden Staircase Design in Birmingham
Citizen Digital (via Google News),"Fri, 17 Jul 2026 07:06:56 GMT",https://news.google.com/rss/articles/CBMiqgFBVV95cUxOUU00TlpSQXM0WmwxbXBHSGNRY3g4bDlGN2dOR3llUHhKSE9QbzdISHVXaDd1THRWWU1USi02SjdIaVhyTFYteUVjeWNEcjF4WS1vOUhsX3VIbWFjekVad2dFeUpqRUtvdlpLOFd3a0FERXlyN3VFbjJhdW95Q2ZQUnlzYno3a0lYX3dNTWhvbUVBRHhKZ2ZROGo3UW1TdVp1dzRfeEdjTmhZUQ?oc=5,neutral,0.5374028683,world cup trophy arrive style bespoke louis vuitton trunk citizen digital,0.4854546603,auto_bootstrap_lr,neutral,neutral,World Cup trophy to arrive in style in bespoke Louis Vuitton trunk
The Star,,https://www.the-star.co.ke/news/corridors-of-power/2026-07-12-politico-in-dilemma-as-he-seeks-redemption-from-number-one,neutral,0.6923386455,politico dilemma seek redemption number one,0.4857500411,auto_bootstrap_lr,negative,negative,Politico in dilemma as he seeks redemption from Number One
Standard - Business,"Wed, 22 Jul 2026 06:30:00 +0300",https://www.standardmedia.co.ke/business/article/2001553420/elon-musk-s-chip-that-can-perform-jesus-level-miracles-and-who-controls-the-switch,neutral,0.6753297448,elon musk chip perform jesus level miracle control switch,0.4859958053,auto_bootstrap_lr,negative,positive,Elon Musk's chip that can perform Jesus-level miracles and who controls the switch?
World News API,,https://www.thedailystar.net/opinion/views/news/time-build-ev-conversion-ecosystem-scale-4231636,neutral,0.580560267,time build ev conversion ecosystem scale,0.4864585472,auto_bootstrap_lr,positive,positive,Time to build an EV conversion ecosystem at scale
Kenya News Agency,"Mon, 20 Jul 2026 08:17:48 +0000",https://www.kenyanews.go.ke/government-officials-seek-mount-kenya-support-for-rutos-re-election-bid/,neutral,0.829800725,government official seek mount kenya support ruto election bid,0.4866587182,auto_bootstrap_lr,positive,neutral,Government officials seek Mount Kenya support for Ruto’s re-election bid
Citizen Digital,,https://citizen.digital/article/relieved-russell-says-mercedes-have-solved-his-power-problems-mystery-n387006,neutral,0.6814559102,news second agorelieved russell say mercedes solved power problem mysteryby afp,0.4868759924,auto_bootstrap_lr,negative,positive,Relieved Russell says Mercedes have solved his power problems mystery By AFP
NTV Kenya,"Thu, 09 Jul 2026 12:04:59 +0000",https://ntvkenya.co.ke/news/tanzania-chadema-demands-release-of-leaders-held-over-saba-saba-protest-claims/,neutral,0.6671983004,tanzania chadema demand release leader held saba saba protest claim,0.4868760275,auto_bootstrap_lr,negative,neutral,Tanzania: Chadema demands release of leaders held over Saba Saba protest claims
Kenyans.co.ke,2026-07-21T11:04:44+0300,https://www.kenyans.co.ke/news/125456-ruto-announces-100-funding-new-university-students,neutral,0.5560227633,ruto announces full funding university college student,0.487030638,auto_bootstrap_lr,positive,positive,Ruto Announces Full Funding for All University & College Students
The Standard,,https://www.standardmedia.co.ke/africa/article/2001553394/kenya-calls-for-global-push-to-end-sudan-conflict,neutral,0.8510370851,kenya call global push end sudan conflict,0.4870969402,auto_bootstrap_lr,positive,positive,Kenya calls for global push to end Sudan conflict
The Star,,https://www.the-star.co.ke/sasa/entertainment/2026-07-02-she-left-tv-to-build-an-animation-dream,neutral,0.783626914,left tv build animation dreammary wanjiku went watching cartoon network winning kalasha award production,0.4871047893,auto_bootstrap_lr,positive,positive,She left TV to build an animation dream: Mary Wanjiku went from watching Cartoon Network to winning Kalasha award for her own production
NTV Kenya,"Tue, 07 Jul 2026 10:19:15 +0000",https://ntvkenya.co.ke/news/matatus-restricted-but-private-cars-allowed-on-thika-road-during-saba-saba/,neutral,0.9071463346,matatus restricted private car allowed thika road saba saba,0.4874402106,auto_bootstrap_lr,negative,negative,"Matatus restricted, but private cars allowed on Thika Road during Saba Saba"
K24,"Thu, 23 Jul 2026 17:22:25 +0000",https://k24.digital/entertainment/celebrity/babu-owino-denies-claims-linking-him-to-wash-wash-operations,neutral,0.5150888562,babu owino denies claim linking wash wash operation,0.4874876295,auto_bootstrap_lr,negative,negative,Babu Owino denies claims linking him to ‘Wash Wash’ operations
NTV Kenya,,https://ntvkenya.co.ke/news/ruto-hits-back-at-critics-over-frequent-foreign-trips/,neutral,0.7335492969,ruto hit back critic frequent foreign trip,0.4875415874,auto_bootstrap_lr,negative,negative,Ruto hits back at critics over frequent foreign trips
Standard - Business,"Fri, 17 Jul 2026 00:00:00 +0300",https://www.standardmedia.co.ke/business/article/2001552975/new-deal-to-give-kdf-home-loans,neutral,0.894359827,new deal give kdf home loan,0.4876735302,auto_bootstrap_lr,positive,positive,New deal to give KDF home loans
The Star,,https://www.the-star.co.ke/sasa/society/2026-07-11-cover,neutral,0.5218596458,filmmaker shifting public view trash afterlife waste show garbage mirror society say filmmaker sally ngoiri,0.4879254816,auto_bootstrap_lr,negative,negative,"The filmmaker shifting public’s views on trash‘Afterlife of Waste’ shows how garbage is a mirror of society, says filmmaker Sally Ngoiri"
K24,"Thu, 23 Jul 2026 10:08:35 +0000",https://k24.digital/sports/world-cup/caf-boss-motsepe-speaks-for-first-time-after-somali-referee-omar-artan-was-denied-us-entry,neutral,0.753539741,caf bos motsepe speaks first time somali referee omar artan denied u entry,0.4881492725,auto_bootstrap_lr,positive,neutral,CAF boss Motsepe speaks for first time after Somali referee Omar Artan was denied US entry
K24,"Thu, 23 Jul 2026 14:49:21 +0000",https://k24.digital/entertainment/celebrity/jakes-nyanjom-speaks-from-the-heart-after-candle-lighting-vigil-for-late-journalist-rose-mbugua,neutral,0.8590167761,jakes nyanjom speaks heart candle lighting vigil late journalist rose mbugua,0.4883259559,auto_bootstrap_lr,negative,negative,Jakes Nyanjom speaks from the heart after candle-lighting vigil for late journalist Rose Mbugua
NTV Kenya,"Fri, 10 Jul 2026 07:46:42 +0000",https://ntvkenya.co.ke/news/rift-valley-succession-battle-threatens-rutos-political-backyard/,neutral,0.7998495698,rift valley succession battle threatens ruto political backyard,0.4884530055,auto_bootstrap_lr,negative,neutral,Rift Valley succession battle threatens Ruto’s political backyard
NTV Kenya,,https://ntvkenya.co.ke/news/ntv-uganda-daily-monitor-remain-under-military-siege-as-gen-muhoozi-signals-talks-on-reopening/,neutral,0.7484174967,ntv uganda daily monitor remain military siege gen muhoozi,0.4885117504,auto_bootstrap_lr,negative,remove,"NTV Uganda, Daily Monitor remain under military siege as Gen Muhoozi..."
K24,"Sat, 25 Jul 2026 09:03:40 +0000",https://k24.digital/sports/epl/de-zerbi-eager-for-more-attacking-reinforcements-as-spurs-continue-squad-rebuild,neutral,0.6432139277,de zerbi eager attacking reinforcement spur continue squad rebuild,0.4889258768,auto_bootstrap_lr,positive,positive,De Zerbi eager for more attacking reinforcements as Spurs continue squad rebuild
The Star,,https://www.the-star.co.ke/counties/north-eastern/2026-07-22-joho-marsabit-leaders-move-to-revive-hillo-gold-mines,neutral,0.7372871041,joho marsabit leader move revive hillo gold minesthe leader establishd multi agency team undertake comprehensive field assessment,0.4894444566,auto_bootstrap_lr,positive,positive,"Joho, Marsabit leaders move to revive Hillo Gold Mines"
The Star,,https://www.the-star.co.ke/counties/eastern/2026-07-23-mutuse-urges-kalonzo-to-join-ruto-ahead-of-2027-polls,neutral,0.9309337735,mutuse urge kalonzo join ruto ahead poll,0.4896570297,auto_bootstrap_lr,positive,positive,Mutuse urges Kalonzo to join Ruto ahead of 2027 polls
The Standard,,https://www.standardmedia.co.ke/eastern/article/2001553448/chuka-university-roots-for-technology-collaboration-in-livestock-production,neutral,0.7895376682,chuka university root technology collaboration livestock production,0.4898571925,auto_bootstrap_lr,positive,positive,Chuka University roots for technology collaboration in livestock production
Nairobi Wire,"Wed, 22 Jul 2026 03:50:29 +0000",https://nairobiwire.com/2026/07/ruto-uhuru-leave-of-absence-kenya-kwanza-manifesto.html,neutral,0.7919133306,ruto credit uhuru two year break produced kenya kwanza plan,0.4901320263,auto_bootstrap_lr,neutral,neutral,Ruto Credits Uhuru for Two-Year Break That Produced Kenya Kwanza Plan
Capital FM,"Sat, 25 Jul 2026 08:34:13 +0000",https://capitalfm.africa/court-declines-urgent-bid-to-halt-ntsas-rollout-of-digital-logbooks/,neutral,0.5364536047,court decline urgent bid halt ntsa rollout digital logbook,0.4903074922,auto_bootstrap_lr,negative,negative,Court declines urgent bid to halt NTSA’s rollout of digital logbooks
Capital FM Kenya,"Thu, 23 Jul 2026 08:32:41 +0000",https://capitalfm.africa/cs-murkomen-international-forensic-accreditation-to-strengthen-criminal-prosecutions/,neutral,0.8794057965,c murkomen international forensic accreditation strengthen criminal prosecution,0.4905600855,auto_bootstrap_lr,negative,negative,CS Murkomen: International Forensic Accreditation to Strengthen Criminal Prosecutions
World News API,,https://www.theguardian.com/lifeandstyle/ng-interactive/2026/jul/25/long-lost-family-reunited-chatgpt-artificial-intelligence-ai,neutral,0.7894640565,thought tried everything else give ai shot long lost family reunited chatgpt,0.4906511064,auto_bootstrap_lr,positive,positive,"‘I thought, I’ve tried everything else, why not give AI a shot?’: the long-lost family reunited by ChatGPT"
World News API,,https://www.kenyamoja.com/video/kaunti-39-kunufaika-na-mafunzo-ya-gis-kuboresha-usimamizi-wa-ardhi-ntv-video-411693,neutral,0.8944410086,kaunti kunufaika na mafunzo ya gi kuboresha usimamizi wa ardhi,0.4907299043,auto_bootstrap_lr,negative,negative,Kaunti 39 kunufaika na mafunzo ya GIS Kuboresha usimamizi wa ardhi
NTV Kenya,,https://ntvkenya.co.ke/news/matiangi-warns-odm-against-dragging-uhuru-into-party-wars/,neutral,0.7446317077,matiang warns odm dragging uhuru party war,0.4909624682,auto_bootstrap_lr,negative,negative,Matiang’i warns ODM against dragging Uhuru into party wars
NTV Kenya,,https://ntvkenya.co.ke/news/kangata-urges-linda-mwananchi-team-to-reach-out-to-gachagua/,neutral,0.915456593,kang ata urge linda mwananchi team reach gachagua,0.4911470733,auto_bootstrap_lr,neutral,neutral,Kang’ata urges Linda Mwananchi team to reach out to Gachagua
NewsData.io,,,neutral,0.884763658,panama publishes visa policy name african country eligible visa free travel,0.4912991764,auto_bootstrap_lr,negative,negative,"Panama publishes visa policy, names African countries eligible for visa-free travel"
Standard - Business,"Tue, 21 Jul 2026 06:00:00 +0300",https://www.standardmedia.co.ke/business/article/2001553320/how-lapfund-s-mega-development-redefines-nairobi-tests-infrastructure,neutral,0.639437139,lapfund mega development redefines nairobi test infrastructure,0.4916222936,auto_bootstrap_lr,positive,positive,"How Lapfund's mega development redefines Nairobi, tests infrastructure"
KBC News,,,neutral,0.9000849128,charles owino appointed government spokesperson,0.4917279577,auto_bootstrap_lr,negative,negative,Charles Owino appointed Government Spokesperson
The Standard Headlines,"Tue, 21 Jul 2026 19:14:27 +0300",https://www.standardmedia.co.ke/article/2001553410/charles-owino-appointed-as-government-spokesperson,neutral,0.9067083597,charles owino appointed government spokesperson,0.4917279577,auto_bootstrap_lr,negative,negative,Charles Owino appointed as Government Spokesperson
NewsData.io,,,neutral,0.7745324969,disney star skai jackson apologises kenyan controversial mirror remark,0.4920481143,auto_bootstrap_lr,negative,negative,Disney star Skai Jackson apologises to Kenyans over controversial mirror remarks
Standard - Politics,"Sun, 19 Jul 2026 10:00:00 +0300",https://www.standardmedia.co.ke/politics/article/2001553166/how-rebellious-ol-kalou-voters-have-frustrated-previous-regimes,neutral,0.5329738259,rebellious ol kalou voter frustrated previous regime,0.4922560556,auto_bootstrap_lr,negative,negative,How rebellious Ol Kalou voters have frustrated previous regimes
K24,"Mon, 20 Jul 2026 07:14:20 +0000",https://k24.digital/sports/world-cup/the-2026-ballon-dor-favourites-list-after-world-cup,neutral,0.7493149042,ballon favourite list world cup,0.49229612,auto_bootstrap_lr,positive,neutral,The 2026 Ballon d’Or favourites list after World Cup
The Standard,,https://www.standardmedia.co.ke/coast/article/2001553390/blow-to-dock-workers-union-officials-as-court-clears-way-for-polls,neutral,0.7931588888,blow dock worker union official court clear way poll,0.4925100725,auto_bootstrap_lr,negative,negative,Blow to Dock Workers Union officials as court clears way for polls
The Standard,,https://www.standardmedia.co.ke/environment-climate/article/2001553618/court-paves-way-for-fencing-of-kaptagat-forest,neutral,0.8474564552,court pave way fencing kaptagat forest,0.4925727469,auto_bootstrap_lr,neutral,neutral,Court paves way for fencing of Kaptagat Forest
Citizen Digital (via Google News),"Sun, 19 Jul 2026 09:09:47 GMT",https://news.google.com/rss/articles/CBMijgFBVV95cUxOSDVRQTZjc1lkQkg2SGZRRjJyelI3alIwR1JJTmJOeXJYZVRrZHdPSHYzQW5HWGNNM2hGV0N1QmgzamlsYjNvNFdtQXRWV0N1dmhCX2Z0ZS1pTmhuS1NRNlc2Q0ViSVhsSFpxblh0TXR5SExTVE8yckRSWDJZZUhvbzZVZ0J6c0dUdHlGUVBn?oc=5,neutral,0.7475410104,spain argentina brace world cup final citizen digital,0.4925740248,auto_bootstrap_lr,neutral,neutral,Spain and Argentina brace for World Cup final
The Standard,,https://www.standardmedia.co.ke/education/article/2001553446/knec-launches-digital-kcse-certificate-access,neutral,0.7909969687,knec launch digital kcse certificate access,0.4933066039,auto_bootstrap_lr,negative,positive,KNEC launches digital KCSE certificate access
World News API,,https://africapresse.com/afrique-lunion-africaine-veut-accelerer-la-construction-dune-souverainete-sanitaire-durable,neutral,0.8414212465,afrique l union africaine veut acc l rer la construction une souverainet sanitaire durable,0.4936165018,auto_bootstrap_lr,negative,remove,Afrique : l’Union africaine veut accélérer la construction d’une souveraineté sanitaire durable
The Star,,https://www.the-star.co.ke/health/2026-07-23-audit-shows-sh37bn-gamble-on-dialysis-machines-has-paid-off,neutral,0.5601814985,audit show sh bn gamble dialysis machine paid,0.4938070344,auto_bootstrap_lr,positive,positive,Audit shows Sh3.7bn gamble on dialysis machines has paid off
NTV Kenya,"Fri, 24 Jul 2026 12:37:35 +0000",https://ntvkenya.co.ke/news/chris-brown-pleads-guilty-to-affray-assault-charges-to-be-dropped/,neutral,0.6228795052,chris brown pleads guilty affray assault charge dropped,0.4938591458,auto_bootstrap_lr,negative,negative,"Chris Brown pleads guilty to affray, assault charges to be dropped"
NTV Kenya,"Thu, 09 Jul 2026 07:17:29 +0000",https://ntvkenya.co.ke/sports/fifa-refereeing-chief-rejects-claims-of-bias-in-argentinas-win-over-egypt/,neutral,0.753590703,fifa refereeing chief reject claim bias argentina win egypt,0.4939506724,auto_bootstrap_lr,negative,negative,FIFA refereeing chief rejects claims of bias in Argentina’s win over Egypt
K24,"Thu, 23 Jul 2026 12:50:25 +0000",https://k24.digital/lifestyle/love-and-relationships/how-to-save-a-relationship-when-love-starts-feeling-like-a-full-time-job,neutral,0.6241951585,save relationship love start feeling like full time job,0.4939974516,auto_bootstrap_lr,positive,neutral,How to save a relationship when love starts feeling like a full-time job
Business Daily Africa,"Tue, 21 Jul 2026 13:25:04 GMT",https://www.businessdailyafrica.com/bd/corporate/companies/firm-hires-auditor-to-quantify-losses-in-absa-data-breach-5533400,neutral,0.6375889182,firm seek quantify loss absa data breach claim,0.494115964,auto_bootstrap_lr,neutral,negative,Firm seeks to quantify losses in Absa data breach claim
K24,"Wed, 22 Jul 2026 06:23:17 +0000",https://k24.digital/lifestyle/health-and-fitness/how-your-office-chair-could-be-undoing-all-your-gym-efforts,neutral,0.6211019158,office chair could undoing gym effort,0.4946092317,auto_bootstrap_lr,negative,neutral,How your office chair could be undoing all your gym efforts
The Star,,https://www.the-star.co.ke/counties/north-eastern/2026-07-23-garissa-launches-joint-id-and-voter-registration-drive-to-tackle-low-enrolment,neutral,0.8600549698,garissa launch joint id voter registration drive tackle low enrolmentthe initiative agreed upon high level planning meeting attended several leader stakeholder,0.4947208638,auto_bootstrap_lr,positive,positive,Garissa launches joint ID and voter registration drive to tackle low enrolment
NTV Kenya,,https://ntvkenya.co.ke/news/why-donald-trumps-deputy-jd-vance-will-not-be-coming-to-kenya/,neutral,0.5814335942,donald trump deputy jd vance coming kenya,0.4949799315,auto_bootstrap_lr,negative,negative,Why Donald Trump’s deputy JD Vance will not be coming to Kenya
Standard - Business,"Thu, 16 Jul 2026 00:00:00 +0300",https://www.standardmedia.co.ke/business/article/2001552901/safaricom-kpc-receipts-to-push-kenya-s-forex-reserves-to-7-month-high-cbk,neutral,0.8696777225,safaricom kpc receipt push kenya forex reserve month high cbk,0.4949880479,auto_bootstrap_lr,positive,positive,"Safaricom, KPC receipts to push Kenya's forex reserves to 7-month high - CBK"
The Standard,,https://www.standardmedia.co.ke/opinion/article/2001553696/new-assembly-bill-secures-safer-protests-but-is-should-do-more,neutral,0.6299070716,new assembly bill secures safer protest,0.4952352814,auto_bootstrap_lr,positive,positive,New assembly Bill secures safer protests but is should do more
The Standard,,https://www.standardmedia.co.ke/business/national/article/2001553718/civil-servants-fight-to-strip-psc-of-promotion-powers-in-court-case,neutral,0.5665128231,premiumcivil servant fight strip psc promotion power court case,0.4955925889,auto_bootstrap_lr,negative,neutral,PremiumCivil servants fight to strip PSC of promotion powers in court case
The Standard,,https://www.standardmedia.co.ke/health/health-science/article/2001553659/ebola-fear-secrecy-and-trust-is-kenya-getting-risk-communication-right,neutral,0.739566803,ebola fear secrecy trust kenya getting risk communication right,0.4957180787,auto_bootstrap_lr,negative,neutral,"Ebola: Fear, secrecy and trust is Kenya getting risk communication right?"
People Daily,2026-07-24 23:28:45,https://peopledaily.digital/news/kenya-launches-elite-immigration-crime-unit-to-boost-border-security-amid-batuk-scrutiny,neutral,0.8399638534,kenya launch elite immigration crime unit boost border security amid batuk scrutiny,0.4960787748,auto_bootstrap_lr,positive,positive,Kenya launches elite immigration crime unit to boost border security amid BATUK scrutiny
The Standard,,https://www.standardmedia.co.ke/national/article/2001553626/mps-push-for-accountability-to-empower-women-economically,neutral,0.6195600033,mp push accountability empower woman economically,0.4964423856,auto_bootstrap_lr,positive,positive,MPs push for accountability to empower women economically
The Star,,https://www.the-star.co.ke/business/commentary/2026-06-19-massawe-buy-now-pay-later-bridging-credit-gap,neutral,0.714015305,massawe buy pay later bridging credit gapthe demand credit acquire economic production asset continues grow,0.4966665161,auto_bootstrap_lr,positive,positive,"MASSAWE: Buy Now, Pay Later bridging credit gap"
The Standard,,https://www.standardmedia.co.ke/business/enterprise/article/2001553420/elon-musks-chip-that-can-perform-jesus-level-miracles-and-who-controls-the-switch,neutral,0.6834110618,elon musk chip perform jesus level miracle control switch twenty one people worldwide living neuralink telepathy chip brain people quadriplegia al spinal cord injury controlling computer thought alone,0.4967822573,auto_bootstrap_lr,negative,neutral,Elon Musk's chip that can perform Jesus-level miracles and who controls the switch?
Citizen Digital (via Google News),"Sun, 19 Jul 2026 07:29:30 GMT",https://news.google.com/rss/articles/CBMiqAFBVV95cUxPc2ZtWmlHZ2pvdXF3bzkyWUNEQUJGX3VJZHNQUW51dW9GY1QxQVljZ2tUZ2tQa24wVEtTZHlYSHNXNEZJOENHRGxzX2U1Sm1UZndmWEhnYW9pR21vYUFlM3lYeDBmSnRZMG9kNzZnVExsbWdSR2tXSDhxSy1zOWhwb2NfZFUyeW9PZkh5VmZHOXVRdHNYMHp6QVE3dGpsd25kek5UaXhONU4?oc=5,neutral,0.690515101,spain yamal aim join elite club teenage world cup winner citizen digital,0.4969813086,auto_bootstrap_lr,positive,positive,Spain's Yamal aims to join elite club of teenage World Cup winners 
NTV Kenya,"Mon, 13 Jul 2026 13:28:51 +0000",https://ntvkenya.co.ke/news/trump-says-the-us-should-control-the-strait-of-hormuz-and-get-paid-for-it/,neutral,0.6191909313,trump say u control strait hormuz get paid,0.4970549491,auto_bootstrap_lr,negative,neutral,Trump says the US should control the Strait of Hormuz and get paid for it
Kenyans.co.ke,2026-07-22T14:50:59+0300,https://www.kenyans.co.ke/news/125508-experts-call-return-powerful-economic-council-road-singapore,neutral,0.5215677619,expert call return powerful economic council,0.4971417269,auto_bootstrap_lr,negative,negative,Experts Call for Return of Powerful Economic Council
K24,"Sat, 25 Jul 2026 05:58:23 +0000",https://k24.digital/entertainment/celebrity/guardian-angel-opens-up-on-losing-church-gigs-after-marrying-esther-musila,neutral,0.8031539321,guardian angel open losing church gig marrying esther musila,0.4973743934,auto_bootstrap_lr,negative,negative,Guardian Angel opens up on losing church gigs after marrying Esther Musila
NTV Kenya,,https://ntvkenya.co.ke/news/odm-rules-out-alliance-with-gachagua-ahead-of-2027/,neutral,0.7193974257,odm rule alliance gachagua ahead,0.4973794648,auto_bootstrap_lr,neutral,neutral,ODM rules out alliance with Gachagua ahead of 2027
Citizen Digital (via Google News),"Sat, 18 Jul 2026 05:39:49 GMT",https://news.google.com/rss/articles/CBMiwAFBVV95cUxNSUR5MGtpXzRkLWRtSFFJSmU4T3ZiYnZwcW1uRVI2UllFS0dUSnZ2emtyOW1xTTljRVp2aEF3Tnd3Q0VwTGlxN3RXdGdBeXlxeFRoYXRkMWpyX2NCS19uTndUQUREWmFtV2pnOFJwa19EZEI1dzJhV0cySENrc0hnZUw0QVVBeW1xYVAtbFI5QUR5QzY1ZjlCRlYwR2FqdmR2NmlqdmpNNHo5NXE4V1U2UUd4cnFvYWRvWFpiVlpOVmU?oc=5,neutral,0.7058341503,france want chocolate medal match team want deliver departing coach citizen digital,0.4974930608,auto_bootstrap_lr,negative,neutral,France don't want 'chocolate-medal' match but team want to deliver for departing coach 
Citizen Digital (via Google News),"Fri, 17 Jul 2026 08:56:38 GMT",https://news.google.com/rss/articles/CBMiugFBVV95cUxPU2dzQXhEcUVLNjJYc0I5eWpNYlFmYXZuc0pCMHdjUFdaSWpFdEw3YkJJN2VVRE5OcU1Cem9TRW1vWFBKcktQNzVNRDhLMk1PUUhNbVZJRmgwNkVBYTVKV0VmVFo1QkRWX3ZYZTNmTlY3LUFwZWNiRnVpZHRqWWNoT09xcWRpQkd0XzE4TmtUX1FvNXd3Y1NoWUoyVS12b28yN21zaXBBamFRQy1XZGNMbzBjdlp1X0o3QkE?oc=5,neutral,0.8267979622,c kagwe rally farmer embrace digital livestock identification programme citizen digital,0.4977958862,auto_bootstrap_lr,negative,neutral,CS Kagwe rallies farmers to embrace digital livestock identification programme 
K24,"Wed, 22 Jul 2026 04:24:45 +0000",https://k24.digital/lifestyle/home-and-living/5-things-to-consider-when-choosing-a-house-help,neutral,0.8847427368,thing consider choosing house help,0.4981531892,auto_bootstrap_lr,positive,neutral,5 things to consider when choosing a house help
NTV Kenya,,https://ntvkenya.co.ke/news/86-year-old-gen-moses-re-elected-as-adjumani-west-mp/,neutral,0.8529596925,uganda year old gen moses ali elected adjumani west mp,0.4984543718,auto_bootstrap_lr,negative,neutral,Uganda’s 86-year-old Gen Moses Ali re-elected as Adjumani West MP
Standard - Business,"Wed, 22 Jul 2026 06:00:00 +0300",https://www.standardmedia.co.ke/business/article/2001553407/calls-for-conversion-of-academic-research-into-solutions-for-africa-s-growth,neutral,0.6298344135,call conversion academic research solution africa growth,0.4987292404,auto_bootstrap_lr,positive,positive,Calls for conversion of academic research into solutions for Africa's growth
The Star,,https://www.the-star.co.ke/counties/nyanza/2026-07-25-ps-ombam-urges-farmers-to-join-cooperatives,neutral,0.8766817451,p ombam urge farmer join cooperative,0.4990243128,auto_bootstrap_lr,positive,neutral,PS Ombam urges farmers to join cooperatives
The Star,,https://www.the-star.co.ke/counties/western/2026-07-23-lobby-launches-campaign-to-keep-schoolchildren-out-of-ikolomani-gold-mines,neutral,0.6890181899,lobby launch campaign keep schoolchildren ikolomani gold mine,0.4991409751,auto_bootstrap_lr,negative,positive,Lobby launches campaign to keep schoolchildren out of Ikolomani gold mines
The Star,,https://www.the-star.co.ke/counties/coast/2026-07-17-teachers-trained-to-spot-early-signs-of-extremism-in-learners,neutral,0.7709556222,teacher trained spot early sign extremism learnersplan equips tutor knowledge respond case disrupt process,0.4992327133,auto_bootstrap_lr,negative,positive,Teachers trained to spot early signs of extremism in learners
The Standard,,https://www.standardmedia.co.ke/business/motoring/article/2001547979/how-to-pick-the-right-insurance-cover-for-your-car,neutral,0.7844486237,pick right insurance cover car,0.4995752596,auto_bootstrap_lr,positive,neutral,How to pick the right insurance cover for your car
Nation,2026-07-24 21:04:00,https://nation.africa/kenya/blogs-opinion/opinion/why-rio-lesson-matters-for-kenya--5536632,neutral,0.8231924772,rio lesson matter kenya,0.4995790017,auto_bootstrap_lr,neutral,neutral,Why Rio lesson matters for Kenya
NTV Kenya,,https://ntvkenya.co.ke/news/3-nyamira-mcas-say-their-votes-to-impeach-nyaribo-were-forged/,neutral,0.6611149907,nyamira mcas say vote impeach nyaribo forged,0.4996086359,auto_bootstrap_lr,negative,negative,3 Nyamira MCAs say their votes to impeach Nyaribo were ‘forged’
The Star,,https://www.the-star.co.ke/sasa/entertainment/2026-06-25-bachelors-diary,neutral,0.5228379965,bachelor diary lure low hanging fruitputting desperate girl city hotel seemed like win win situation,0.4997717215,auto_bootstrap_lr,positive,neutral,BACHELOR'S DIARY: The lure of a low-hanging fruit
K24,"Sat, 25 Jul 2026 08:14:50 +0000",https://k24.digital/lifestyle/money/how-buy-one-get-one-deals-make-you-spend-more,neutral,0.698133409,buy one get one deal make spend,0.5000061845,auto_bootstrap_lr,neutral,negative,How buy-one-get-one deals make you spend more
World News API,,,neutral,0.764477849,kenya kwanza dismisses gachagua ol kalou victory claimsscript,0.5006258155,auto_bootstrap_lr,neutral,neutral,Kenya Kwanza dismisses Gachagua's Ol Kalou victory claimsScript
Citizen Digital (via Google News),"Sun, 19 Jul 2026 11:33:21 GMT",https://news.google.com/rss/articles/CBMinwFBVV95cUxQaWpib2FaU0RQVFdobHk1ZHBrWjhLZGZwbzNUUWhLN1FKTGZJTW5jX0otUTFoWnJ2VjlqR1ptY1puYnMxOVNudkQ2NW90bEthX3NQYW1GWGhfcERyb1Z4QXhrNWt2VFphSTE4dFRYc250WVRvZENQWk5UNjI3QzZGSlFGYzRKYkVnUEY5ZHN5OVpWdFZEMzVEVG5uZ0pKb28?oc=5,neutral,0.6437212229,kindiki warns leader plotting divide mt kenya relax citizen digital,0.5022098717,auto_bootstrap_lr,neutral,neutral,Kindiki warns leaders plotting to divide Mt Kenya to relax 
K24,"Thu, 23 Jul 2026 16:02:43 +0000",https://k24.digital/news/kenya-power-lists-areas-to-experience-power-outage-on-friday-july-24,neutral,0.7498781681,kenya power list area experience power outage friday july,0.503997681,auto_bootstrap_lr,neutral,neutral,"Kenya Power lists areas to experience power outage on Friday, July 24"
Nairobi Wire,,,neutral,0.7478889227,moses kuria make big promise ol kalou resident despite uda loss,0.5040466407,auto_bootstrap_lr,neutral,positive,Moses Kuria Makes Big Promise to Ol Kalou Residents Despite UDA’s Loss
K24,"Wed, 22 Jul 2026 13:49:15 +0000",https://k24.digital/entertainment/celebrity/youll-have-a-seat-kanyari-assures-marion-naipei-of-a-role-if-elected-kasarani-mp,neutral,0.6390621066,seat kanyari assures marion naipei role elected kasarani mp,0.5049608871,auto_bootstrap_lr,neutral,neutral,You’ll have a seat: Kanyari assures Marion Naipei of a role if elected Kasarani MP
The Standard,,https://www.standardmedia.co.ke/sports/sports/article/2001551937/how-gambling-companies-are-using-sponsorship-ads-to-reach-world-cup-viewers,neutral,0.8056045771,gambling company using sponsorship ad reach world cup viewer,0.5067660346,auto_bootstrap_lr,neutral,neutral,"How gambling companies are using sponsorship, ads to reach World Cup viewers"
The Standard,,https://www.standardmedia.co.ke/business/sports/article/2001551937/how-gambling-companies-are-using-sponsorship-ads-to-reach-world-cup-viewers,neutral,0.7965521216,premiumhow gambling company using sponsorship ad reach world cup viewer,0.5067660346,auto_bootstrap_lr,neutral,remove,"How gambling companies are using sponsorship, ads to reach World Cup viewers"
Nairobi Wire,,,neutral,0.8875800967,malala proposes ksh billion fundraiser launch sifuna presidential bid,0.507389009,auto_bootstrap_lr,neutral,positive,Malala Proposes KSh3 Billion Fundraiser to Launch Sifuna’s Presidential Bid
Standard - Politics,"Sat, 18 Jul 2026 07:30:00 +0300",https://www.standardmedia.co.ke/politics/article/2001553101/why-ol-kalou-s-dcp-win-is-a-manifestation-of-what-awaits-ruto-in-2027,neutral,0.7889208198,ol kalou dcp win manifestation awaits ruto,0.5075856563,auto_bootstrap_lr,neutral,neutral,Why Ol Kalou's DCP win is a manifestation of what awaits Ruto in 2027
NTV Kenya,"Mon, 20 Jul 2026 12:35:57 +0000",https://ntvkenya.co.ke/news/gachagua-exploits-ol-kalou-victory-rallies-mt-kenya-against-ruto/,neutral,0.795193553,gachagua exploit ol kalou victory rally mt kenya ruto,0.5107425104,auto_bootstrap_lr,neutral,neutral,"Gachagua exploits Ol Kalou victory, rallies Mt Kenya against Ruto"
Nairobi Wire,"Fri, 24 Jul 2026 03:49:28 +0000",https://nairobiwire.com/2026/07/rigathi-gachagua-tells-mt-kenya-musicians-write-songs-ruto.html,neutral,0.6967926621,gachagua urge mt kenya musician write song ruto,0.5160912927,auto_bootstrap_lr,neutral,negative,Gachagua Urges Mt Kenya Musicians to Write Songs Against Ruto
NTV Kenya,,https://ntvkenya.co.ke/news/uhuru-kenyatta-dismisses-claims-of-meddling-in-odm-affairs/,neutral,0.8632461429,uhuru kenyatta dismisses claim meddling odm affair,0.5165739434,auto_bootstrap_lr,neutral,neutral,Uhuru Kenyatta dismisses claims of meddling in ODM affairs
Kenyans.co.ke,2026-07-24T13:22:06+0300,https://www.kenyans.co.ke/news/125561-ruto-pledges-tax-incentives-employers-absorbing-graduate-interns-under-new-plan,neutral,0.7374277711,ruto pledge tax relief employer new mandatory internship plan,0.5170151563,auto_bootstrap_lr,neutral,positive,Ruto Pledges Tax Relief for Employers Under New Mandatory Internship Plan
Citizen Digital (via Google News),"Tue, 14 Jul 2026 04:43:32 GMT",https://news.google.com/rss/articles/CBMivAFBVV95cUxQUlc1emw3QTB6MHhMOXNsdjhGenVreXJhMHRzUEhFSVlBU2RpWWRCNmM1VllBOUZreXdtSjRydjdtX0ZvR2g4N3hBMUtNb0NSNm9JRktFNUdMZmVUcDZRYmFUV0JsWmwyQm9CVUkyRnk4Uy1zOVdMUlBHa2lxRnpKOThnYVJTTDNWenFEdDlGVko1dmdtZjRPa0d1ZHZEOElkNDF6eXlHRkNYeXNRdW5lbDZKQ1BEdVVYSERSUw?oc=5,neutral,0.7822916508,dp kindiki still preferred ruto running mate wanga oburu trail infotrak citizen digital,0.5274321992,auto_bootstrap_lr,neutral,neutral,"DP Kindiki still most preferred Ruto running mate, Wanga and Oburu trail "
Nairobi Wire,,,neutral,0.7587257624,gachagua dcp get lifeline high court dismisses petition,0.5276119701,auto_bootstrap_lr,neutral,neutral,Gachagua’s DCP Gets Lifeline as High Court Dismisses Petition
The Standard,,https://www.standardmedia.co.ke/national/article/2001553601/linda-mama-was-expanded-into-linda-jamii-ruto-says,neutral,0.94228369,linda mama expanded linda jamii ruto say,0.5316290221,auto_bootstrap_lr,neutral,positive,"Linda Mama was expanded into Linda Jamii, Ruto says"
World News API,,https://www.standardmedia.co.ke/politics/article/2001553694/sifuna-endorsed-for-presidency-as-western-leaders-threaten-to-ditch-odm,neutral,0.7545443177,sifuna endorsed presidency western leader threaten ditch odm,0.5334028743,auto_bootstrap_lr,neutral,neutral,Sifuna endorsed for presidency as Western leaders threaten to ditch ODM
NTV Kenya,,https://ntvkenya.co.ke/news/sifuna-oburu-lead-rival-odm-meetings-in-nairobi/,neutral,0.8962888718,sifuna oburu lead rival odm meeting nairobi,0.5337381134,auto_bootstrap_lr,neutral,neutral,"Sifuna, Oburu lead rival ODM meetings in Nairobi"
K24,"Mon, 20 Jul 2026 07:02:41 +0000",https://k24.digital/entertainment/celebrity/oga-obinna-loses-ksh2m-world-cup-bet-to-bolo-after-spain-beats-argentina,neutral,0.7025797367,oga obinna loses ksh world cup bet bolo spain beat argentina,0.5346606893,auto_bootstrap_lr,neutral,negative,Oga Obinna loses Ksh2M World Cup bet to Bolo after Spain beats Argentina
World News API,,,neutral,0.9375654459,kindiki gachagua strike reconciliatory tone ahead high stake election,0.5428643718,auto_bootstrap_lr,neutral,neutral,Kindiki and Gachagua Strike Reconciliatory Tone Ahead of High Stakes 2027 Elections
Nairobi Wire,"Fri, 24 Jul 2026 03:47:40 +0000",https://nairobiwire.com/2026/07/high-court-allows-sh5-trillion-national-infrastructure-fund-oversight.html,neutral,0.886251986,court clear ruto sh trillion fund order strict treasury oversight,0.5434184803,auto_bootstrap_lr,neutral,positive,Court Clears Ruto’s Sh5 Trillion Fund but Orders Strict Treasury Oversight
NTV Kenya,,https://ntvkenya.co.ke/news/odm-eyes-more-slots-in-rutos-cabinet-after-court-gender-ruling/,neutral,0.8528558016,odm eye slot ruto cabinet court gender ruling,0.5464682729,auto_bootstrap_lr,neutral,neutral,ODM eyes more slots in Ruto’s Cabinet after court gender ruling
NTV Kenya,,https://ntvkenya.co.ke/entertainment/paramount-wins-warner-bros-after-netflix-walks-away/,neutral,0.7342050076,paramount win warner bros netflix walk away,0.5558459911,auto_bootstrap_lr,neutral,neutral,Paramount wins Warner Bros after Netflix walks away
Standard - Politics,"Mon, 20 Jul 2026 08:40:00 +0300",https://www.standardmedia.co.ke/politics/article/2001553196/oburu-s-early-endorsement-of-ruto-weakens-odm-s-bargaining-power,neutral,0.6167953014,oburu early endorsement ruto weakens odm bargaining power,0.5589151537,auto_bootstrap_lr,neutral,neutral,Oburu's early endorsement of Ruto weakens ODM's bargaining power
Standard - Politics,"Sun, 19 Jul 2026 10:00:00 +0300",https://www.standardmedia.co.ke/politics/article/2001553161/how-uda-lost-ol-kalou,neutral,0.619669795,uda lost ol kalou,0.5610859626,auto_bootstrap_lr,neutral,negative,How UDA lost Ol Kalou
Capital FM Kenya,"Mon, 20 Jul 2026 07:04:52 +0000",https://capitalfm.africa/cs-ruku-uda-spent-about-sh100-million-on-ol-kalou-campaign/,neutral,0.9084393382,c ruku uda spent sh million ol kalou campaign,0.5664660743,auto_bootstrap_lr,neutral,neutral,CS Ruku: UDA Spent About Sh100 Million on Ol Kalou Campaign
NTV Kenya,,https://ntvkenya.co.ke/news/your-job-is-safe-oburu-assures-dp-kindiki-over-odm-uda-talks/,neutral,0.6208500862,job safe oburu assures dp kindiki odm uda talk,0.5875990831,auto_bootstrap_lr,neutral,positive,"Your job is safe, Oburu assures DP Kindiki over ODM–UDA talks"
NTV Kenya,,https://ntvkenya.co.ke/news/linda-mwananchi-urges-opposition-unity-to-take-on-ruto/,neutral,0.8730236292,linda mwananchi urge opposition unity take ruto,0.5879361221,auto_bootstrap_lr,neutral,neutral,Linda Mwananchi urges opposition unity to take on Ruto
Citizen Digital (via Google News),"Wed, 22 Jul 2026 13:12:15 GMT",https://news.google.com/rss/articles/CBMiyAFBVV95cUxPU2JDSHFwSDh6V3Bkb3I2blBmYW96S1piWnkwVVNqbUJlV0IwQlV6SHBZR3llVmNEVFctakYyaFp2VGxDYUFBM3hFMXlxUUxsUnBiZG9Xb3ZyZzRDd0J2X2tFUXhYUHBYTUVLMDhlSGItRFFtbUZscVF4MTNRRWp2YnA5Qm03RF9QSHFoLVotYl9CbXJTUUpkUXg0RXNEOWhBZHd2X3pkRndvMG9SNHlBbnNIVkZ3Q2poNUU4Z1U2SEw0OTVnUTktMw?oc=5,neutral,0.848649025,ruto appoints samuel muchina nairobi river commission ol kalou election loss citizen digital,0.5892710901,auto_bootstrap_lr,neutral,neutral,Ruto appoints Samuel Muchina to Nairobi Rivers Commission after Ol Kalou by-election loss 
The Star,,https://www.the-star.co.ke/counties/eastern/2026-07-20-mt-kenya-east-supports-ruto-leaders-say,neutral,0.7695980668,mt kenya east support ruto leader sayruku say region chosen remain firmly kenya kwanza government,0.5937871626,auto_bootstrap_lr,neutral,neutral,"Mt Kenya East supports Ruto, leaders sayRuku says region has chosen to remain firmly in the Kenya Kwanza government."
NTV Kenya,,https://ntvkenya.co.ke/news/odm-vice-chair-otiende-amollo-says-there-is-no-plan-to-oust-edwin-sifuna/,neutral,0.8533223867,odm vice chair otiende amollo say plan oust edwin sifuna,0.5948864397,auto_bootstrap_lr,neutral,neutral,ODM Vice Chair Otiende Amollo says there is no plan to oust Edwin Sifuna
Capital FM Kenya,"Thu, 23 Jul 2026 11:56:01 +0000",https://capitalfm.africa/gachagua-tells-mt-kenya-musicians-to-compose-songs-against-ruto/,neutral,0.6153967381,gachagua tell mt kenya musician compose song ruto,0.5994472816,auto_bootstrap_lr,neutral,remove,Gachagua tells Mt Kenya musicians to compose songs against Ruto
NewsData.io,,,neutral,0.8867420554,irungu kang ata ol kalou election shaken kindiki influence mt kenya region,0.6004390979,auto_bootstrap_lr,neutral,neutral,Irungu Kang’ata: Ol Kalou by-election has shaken Kindiki’s influence in Mt Kenya region
The Standard,2026-07-24 21:00:00,https://www.standardmedia.co.ke/politics/article/2001553694/western-leaders-endorse-sifuna-threaten-to-ditch-odm,neutral,0.5297478437,western leader endorse sifuna threaten ditch odm,0.6017356555,auto_bootstrap_lr,neutral,neutral,Western leaders endorse Sifuna threaten to ditch ODM
Standard - Politics,"Sun, 19 Jul 2026 17:26:56 +0300",https://www.standardmedia.co.ke/politics/article/2001553222/ol-kalou-defeat-signals-mt-kenya-revolt-says-gachagua,neutral,0.59002918,ol kalou defeat signal mt kenya revolt say gachagua,0.6029300861,auto_bootstrap_lr,neutral,neutral,"Ol Kalou defeat signals Mt Kenya revolt, says Gachagua"
Kenyans.co.ke,2026-07-24T10:48:30+0300,https://www.kenyans.co.ke/news/125558-tifa-survey-ranks-sifuna-most-preferred-odm-flag-bearer-ahead-2027-polls,neutral,0.8988368511,setback oburu poll reveals odm preferred flag bearer,0.6045335012,auto_bootstrap_lr,neutral,negative,Setback for Oburu as Poll Reveals ODM's Preferred Flag Bearer
NTV Kenya,,https://ntvkenya.co.ke/politics/kindiki-allies-say-mt-kenya-must-retain-the-dp-slot/,neutral,0.8978841305,kindiki ally say mt kenya must retain dp slot,0.6074946523,auto_bootstrap_lr,neutral,neutral,Kindiki allies say Mt Kenya must retain the DP slot
NTV Kenya,,https://ntvkenya.co.ke/news/oburu-oginga-as-party-leader-i-am-the-de-facto-odm-presidential-flagbearer/,neutral,0.915741086,oburu oginga party leader de facto odm presidential,0.6118065472,auto_bootstrap_lr,neutral,neutral,"Oburu Oginga: As party leader, I am the de facto ODM presidential"
NTV Kenya,"Mon, 06 Jul 2026 10:19:31 +0000",https://ntvkenya.co.ke/news/united-opposition-at-odds-over-2027-candidate-selection-process/,neutral,0.8968769908,united opposition odds presidential candidate selection process,0.6132191079,auto_bootstrap_lr,neutral,neutral,United Opposition at odds over 2027 presidential candidate selection process
NTV Kenya,,https://ntvkenya.co.ke/politics/odm-power-struggle-drags-on-as-sifuna-holds-his-ground/,neutral,0.7394390106,odm power struggle drag sifuna hold ground,0.6142629082,auto_bootstrap_lr,neutral,negative,ODM power struggle drags on as Sifuna holds his ground
Citizen Digital (via Google News),"Fri, 17 Jul 2026 13:56:22 GMT",https://news.google.com/rss/articles/CBMivgFBVV95cUxNSkIyTXJscFh6RkJlVXBJMFVZYTBOTjJNMVNjZmRJekhKS0dlY29mV2J5WVg1YUpwRzBkY1VKTUNjWEE0QjQwOWk0TnMydGhpZ2k1QzZ3OTRzRjVaUF9hQkpDVlRVbHBRTVpMVC05VGZvbFlQaTdScUtTSGkyTlN2LXdoMHVsMURyRG42QWVudHI4VFpEVy1rWnhPMnE4SjFsdGNBZFRyeUZDMGYzTFFOOVNIcTNTcUIydGN1YmxB?oc=5,neutral,0.8870185614,uda concedes defeat ol kalou election say party remains strong mt kenya citizen digital,0.6162885064,auto_bootstrap_lr,neutral,neutral,"UDA concedes defeat in Ol Kalou by-election, says party remains strong in Mt Kenya - Citizen Digital"
K24,"Wed, 22 Jul 2026 15:27:33 +0000",https://k24.digital/news/kenya-power-lists-areas-facing-blackouts-on-thursday-july-23,neutral,0.6847051382,kenya power list area facing blackout thursday july,0.6211389684,auto_bootstrap_lr,neutral,negative,"Kenya Power lists areas facing blackouts on Thursday, July 23"
World News API,,https://www.kenyamoja.com/index.php/video/sifuna-warns-ruto-mudavadi-and-wetangula-ahead-western-kenya-tour-tv-47-411554,neutral,0.7489284277,sifuna warns ruto mudavadi wetang ula ahead western kenya tour,0.6254761719,auto_bootstrap_lr,neutral,neutral,"Sifuna warns Ruto, Mudavadi and Wetang'ula ahead of Western Kenya tour"
Standard - Politics,"Sat, 18 Jul 2026 12:43:56 +0300",https://www.standardmedia.co.ke/politics/article/2001553121/after-ol-kalou-mini-poll-setback-kenya-kwanza-mps-urge-ruto-to-pick-western-running-mate,neutral,0.7563149333,ol kalou mini poll setback kenya kwanza mp urge ruto pick western running mate,0.6416256562,auto_bootstrap_lr,neutral,neutral,"After Ol-Kalou mini-poll setback, Kenya Kwanza MPs urge Ruto to pick Western running mate"
World News API,,https://www.kenyamoja.com/video/section-kenya-kwanza-leaders-criticize-linda-mwananchi-leader-edwin-sifuna-citizen-tv-411772,neutral,0.6284340024,section kenya kwanza leader criticize linda mwananchi leader edwin sifuna,0.6428637834,auto_bootstrap_lr,neutral,negative,A section of Kenya Kwanza leaders criticize Linda Mwananchi leader Edwin Sifuna
Nairobi Wire,,,neutral,0.8371558189,odm project million vote coalition ruto uda,0.6521842666,auto_bootstrap_lr,neutral,neutral,ODM Projects 17 Million Votes From Coalition With Ruto’s UDA
World News API,,https://www.kenyamoja.com/video/linda-mwananchi-intensifies-2027-campaign-western-kenya-tour-ntv-video-411782,neutral,0.861163497,linda mwananchi intensifies campaign western kenya tour,0.6569306796,auto_bootstrap_lr,neutral,neutral,Linda Mwananchi intensifies 2027 campaign with Western Kenya tour
Nairobi Wire,"Fri, 24 Jul 2026 03:45:03 +0000",https://nairobiwire.com/2026/07/rigathi-gachagua-2027-presidential-election-backup-plan.html,neutral,0.830221653,gachagua reveals backup plan locked presidential race,0.6679085638,auto_bootstrap_lr,neutral,neutral,Gachagua Reveals Backup Plan if Locked Out of 2027 Presidential Race
NTV Kenya,,https://ntvkenya.co.ke/politics/uda-wins-all-seats-in-mt-kenya-by-election-contest/,neutral,0.6222526431,uda win seat mt kenya election contest,0.6688538823,auto_bootstrap_lr,neutral,positive,UDA wins all seats in Mt Kenya by-election contest
Standard - Politics,"Sun, 19 Jul 2026 17:10:37 +0300",https://www.standardmedia.co.ke/politics/article/2001553219/kindiki-counters-mt-kenya-opposition-push,neutral,0.874150455,kindiki counter mt kenya opposition push,0.681076671,auto_bootstrap_lr,neutral,neutral,Kindiki counters Mt Kenya opposition push
NTV Kenya,"Mon, 13 Jul 2026 10:17:07 +0000",https://ntvkenya.co.ke/news/infotrak-ruto-most-preferred-presidential-candidate-at-32/,neutral,0.5406469107,infotrak ruto popular presidential hopeful,0.6845966355,auto_bootstrap_lr,neutral,neutral,Ruto most popular presidential hopeful at 32%
World News API,,https://www.kenyamoja.com/video/matiangi-takes-presidential-campaign-nairobis-utawala-ntv-video-411776,neutral,0.8932620883,matiang take presidential campaign nairobi utawala,0.6925110191,auto_bootstrap_lr,neutral,neutral,Matiang'i takes presidential campaign to Nairobi's Utawala
NTV Kenya,"Tue, 07 Jul 2026 16:35:33 +0000",https://ntvkenya.co.ke/business/finance-act-2026-key-changes-implications-business-redefined/,neutral,0.9334597588,finance act key change implication business redefined,0.6998212265,auto_bootstrap_lr,neutral,neutral,Finance Act 2026: Key Changes & Implications | Business Redefined
NTV Kenya,,https://ntvkenya.co.ke/news/ruto-hints-at-odm-uda-merger-ahead-of-2027-polls/,neutral,0.9320932627,ruto hint odm uda merger ahead poll,0.7049015747,auto_bootstrap_lr,neutral,neutral,Ruto hints at ODM–UDA merger ahead of 2027 polls
Kenyans.co.ke,2026-07-23T19:40:50+0300,https://www.kenyans.co.ke/news/125548-uda-unveils-plan-challenge-wipers-dominance-eastern-strongholds,neutral,0.9159063697,uda unveils plan challenge kalonzo wiper dominance stronghold,0.7120944183,auto_bootstrap_lr,neutral,neutral,UDA Unveils Plan to Challenge Kalonzo's Wiper Dominance in Strongholds
Standard - Politics,"Wed, 22 Jul 2026 18:12:06 +0300",https://www.standardmedia.co.ke/politics/article/2001553499/ol-kalou-and-mbeere-north-hold-key-lessons-for-uda-opposition-ahead-of-2027,neutral,0.8238483667,ol kalou mbeere north hold key lesson uda opposition ahead,0.7178082919,auto_bootstrap_lr,neutral,neutral,"Ol Kalou and Mbeere North hold key lessons for UDA, Opposition ahead of 2027"
NTV Kenya,"Mon, 13 Jul 2026 06:49:08 +0000",https://ntvkenya.co.ke/news/odm-will-not-field-a-presidential-candidate-in-2027-oburu/,neutral,0.8874822259,odm field presidential candidate back ruto say oburu,0.7299324283,auto_bootstrap_lr,neutral,neutral,"ODM won’t field presidential candidate, will back Ruto, says Oburu"
Nairobi Wire,,,neutral,0.9413489699,kindiki mt kenya leader already calculating ruto succession plan,0.7866475665,auto_bootstrap_lr,neutral,neutral,Kindiki: Mt Kenya Leaders Already Calculating Ruto’s 2027 Succession Plan