source,headline,published,link,sentiment,sentiment_encoded,predicted_sentiment_log_reg,predicted_sentiment_svm
Business Daily,KBL returns to court over alleged corruption in Sh3.4bn arbitration,"Thu, 23 Jul 2026 13:38:53 GMT",https://www.businessdailyafrica.com/bd/corporate/companies/kbl-returns-to-court-over-alleged-corruption-in-arbitration-5535396,negative,0,negative,negative
Citizen Digital,India's Gen Z protesters adapt to internet shutdown,7/24/2026 23:51,https://citizen.digital/article/indias-gen-z-protesters-adapt-to-internet-shutdown-n387069,negative,0,negative,negative
Gma News Online,"Who is Karim Khan, the barrister at the center of the ICC's internal crisis?",7/24/2026 22:40,https://www.gmanetwork.com/news/topstories/world/996081/who-is-karim-khan-the-barrister-at-the-center-of-the-icc-s-internal-crisis/story/,negative,0,negative,negative
Kahawa Tungu,Body found dumped along Nairobi–Naivasha Highway after murder,"Sat, 25 Jul 2026 05:18:51 +0000",https://kahawatungu.com/body-found-dumped-along-nairobi-naivasha-highway-after-murder/,negative,0,negative,negative
Kahawa Tungu,"Two including Italian killed, two injured in Rabai road accident in Kilifi","Sat, 25 Jul 2026 05:15:51 +0000",https://kahawatungu.com/two-including-italian-killed-two-injured-in-rabai-road-accident-in-kilifi/,negative,0,negative,negative
Nairobi Wire,"Archbishop Ole Sapit Challenges Ruto: Stop Warning Goons, Arrest Them","Thu, 23 Jul 2026 03:42:56 +0000",https://nairobiwire.com/2026/07/jackson-ole-sapit-goons-government-accountability.html,negative,0,negative,negative
Nairobi Wire,NTSA Arrests 45 Pedestrians for Skipping Nyayo Stadium Footbridge,"Fri, 24 Jul 2026 03:41:07 +0000",https://nairobiwire.com/2026/07/ntsa-arrests-45-pedestrians-nyayo-stadium-footbridge-crackdown.html,negative,0,negative,negative
People Daily,"DCI arrests director in claimed Qatar job scam as Kenyan job seeker loses Ksh110,000",7/24/2026 23:43,https://peopledaily.digital/news/dci-arrests-director-in-claimed-qatar-job-scam-as-kenyan-job-seeker-loses-ksh110000,negative,0,negative,negative
People Daily,Will Kenya fuel prices rise? Red Sea crisis sparks government warning,7/24/2026 20:52,https://peopledaily.digital/business/will-kenya-fuel-prices-rise-red-sea-crisis-sparks-government-warning,negative,0,negative,negative
The Standard,Court suspends operations of panel selected to recruit Baringo County Public Service Board,"Fri, 10 Jul 2026 11:29:36 +0300",https://www.standardmedia.co.ke/article/2001552461/court-suspends-operations-of-panel-selected-to-recruit-baringo-county-public-service-board,negative,0,negative,negative
The Standard,"Father, son among three dead inside septic tank at Makindu Boys High School","Thu, 28 May 2026 23:03:04 +0300",https://www.standardmedia.co.ke/article/2001549000/father-son-among-three-dead-inside-septic-tank-at-makindu-boys-high-school,negative,0,negative,negative
The Standard,PCEA Mai a Ihii Booth High School closed indefinitely after principal's arrest,"Tue, 14 Jul 2026 12:30:37 +0300",https://www.standardmedia.co.ke/article/2001552755/pcea-mai-a-ihii-booth-high-school-closed-indefinitely-after-principal-s-arrest,negative,0,negative,negative
The Standard,Police probe lawyer's death in Athi River,"Mon, 06 Jul 2026 14:30:18 +0300",https://www.standardmedia.co.ke/article/2001552138/police-probe-lawyer-s-death-in-athi-river,negative,0,negative,negative
The Standard,"Six dead, five injured in Nakuru-Eldoret Highway crash","Fri, 03 Jul 2026 22:29:14 +0300",https://www.standardmedia.co.ke/article/2001551990/six-dead-five-injured-in-nakuru-eldoret-highway-crash,negative,0,negative,negative
The Standard,Two killed in Gikomba market fire tragedy,"Sun, 21 Jun 2026 16:05:00 +0300",https://www.standardmedia.co.ke/article/2001550901/two-killed-in-gikomba-market-fire-tragedy,negative,0,negative,negative
The Standard,"Violence erupts at disputed Samburet estate as motorcycles burn, youths injured","Fri, 03 Jul 2026 17:39:00 +0300",https://www.standardmedia.co.ke/article/2001551959/violence-erupts-at-disputed-samburet-estate-as-motorcycles-burn-youths-injured,negative,0,negative,negative
The Standard,"Where miners have searched for gold for years, yet poverty and death continue to haunt them","Sat, 25 Jul 2026 00:00:00 +0300",https://www.standardmedia.co.ke/article/2001553674/where-miners-have-searched-for-gold-for-years-yet-poverty-and-death-continue-to-haunt-them,negative,0,negative,negative
The Standard Headlines,355 people arrested as Murkomen hails peaceful anniversary protests,"Thu, 25 Jun 2026 19:00:00 +0300",https://www.standardmedia.co.ke/article/2001551303/355-people-arrested-as-murkomen-hails-peaceful-anniversary-protests,negative,0,negative,negative
The Standard Headlines,Opposition warns Kenya is sliding into anarchy amid rising political violence,"Sun, 05 Jul 2026 17:12:57 +0300",https://www.standardmedia.co.ke/article/2001552082/opposition-warns-kenya-is-sliding-into-anarchy-amid-rising-political-violence,negative,0,negative,negative
The Standard Headlines,"Six protesters found dumped, tortured after arrest at Gen Z memorial march","Sat, 27 Jun 2026 18:39:56 +0300",https://www.standardmedia.co.ke/article/2001551456/six-protesters-found-dumped-tortured-after-arrest-at-gen-z-memorial-march,negative,0,negative,negative
World News API,No reports of Jamaicans affected by anti-migrant violence in South Africa – Gov’t,,https://www.winnmediaskn.com/no-reports-of-jamaicans-affected-by-anti-migrant-violence-in-south-africa-govt,negative,0,negative,negative
World News API,"Police probe murder of a prison warder in Sotik, Bomet county",,https://www.kenyamoja.com/video/police-probe-murder-prison-warder-sotik-bomet-county-citizen-tv-411766,negative,0,negative,negative
Kenyans.co.ke,Journalist Alleges Death Threats Over Dangote's Lamu Refinery Plan,2026-07-19T14:33:43+0300,https://www.kenyans.co.ke/news/125409-journalist-ferdinand-omondi-reports-death-threats-over-dangote-lamu-refinery,negative,0,negative,negative
Standard - Kenya News,"Detectives arrest 68-year-old woman, seize suspected narcotics in Nairobi","Fri, 08 May 2026 22:38:27 +0300",https://www.standardmedia.co.ke/article/2001547388/detectives-arrest-68-year-old-woman-seize-suspected-narcotics-in-nairobi,negative,0,negative,negative
Standard - Politics,Ex-MP urges IEBC to take action against politicians fanning violence,"Sun, 19 Jul 2026 13:00:00 +0300",https://www.standardmedia.co.ke/politics/article/2001553200/ex-mp-urges-iebc-to-take-action-against-politicians-fanning-violence,negative,0,negative,negative
Standard - Politics,Gachagua claims 68 women raped by police in Ol Kalou chaos,"Fri, 17 Jul 2026 12:40:42 +0300",https://www.standardmedia.co.ke/politics/article/2001553051/gachagua-claims-68-women-raped-by-police-in-ol-kalou-chaos,negative,0,negative,negative
Capital FM Kenya,Kanini Kega Says State Security Withdrawn Days After Alleged Armed Attack,"Mon, 20 Jul 2026 08:15:59 +0000",https://capitalfm.africa/kanini-kega-says-state-security-withdrawn-days-after-alleged-armed-attack/,negative,0,negative,negative
Capital FM Kenya,"Two Arrested, 220 Litres of Chang’aa Seized in Kibra Crackdown","Mon, 20 Jul 2026 05:55:13 +0000",https://capitalfm.africa/two-arrested-220-litres-of-changaa-seized-in-kibra-crackdown/,negative,0,negative,negative
Capital FM Kenya,DCI Launches Investigation Into Violence During Ol Kalou By-Election,"Mon, 20 Jul 2026 04:40:53 +0000",https://capitalfm.africa/dci-launches-investigation-into-violence-during-ol-kalou-by-election/,negative,0,negative,negative
Capital FM Kenya,Police Investigate Murder After Shallow Grave With Human Remains Found in Machakos,"Mon, 20 Jul 2026 04:34:30 +0000",https://capitalfm.africa/police-investigate-murder-after-shallow-grave-with-human-remains-found-in-machakos/,negative,0,negative,negative
NTV Kenya,Joy Kanini murder: Suspect detained for 21 days pending DCI probe,"Wed, 15 Jul 2026 07:06:03 +0000",https://ntvkenya.co.ke/news/joy-kanini-murder-suspect-detained-for-21-days-pending-dci-probe/,negative,0,negative,negative
NTV Kenya,Police investigating death of South Africa’s Jayden Adams after World Cup,"Tue, 14 Jul 2026 09:07:15 +0000",https://ntvkenya.co.ke/news/police-investigating-death-of-south-africas-jayden-adams-after-world-cup/,negative,0,negative,negative
NTV Kenya,Court declines to lift arrest warrant for Bomet governor,"Fri, 10 Jul 2026 11:31:13 +0000",https://ntvkenya.co.ke/news/court-declines-to-lift-arrest-warrant-for-bomet-governor/,negative,0,negative,negative
NTV Kenya,Tanzania arrests 130 people as government cracks down on dissent,"Fri, 10 Jul 2026 09:12:08 +0000",https://ntvkenya.co.ke/news/tanzania-arrests-130-people-as-government-cracks-down-on-dissent/,negative,0,negative,negative
NTV Kenya,South African protesters go door-to-door forcing immigrants from their homes,"Fri, 10 Jul 2026 08:23:35 +0000",https://ntvkenya.co.ke/news/south-african-protesters-go-door-to-door-forcing-immigrants-from-their-homes/,negative,0,negative,negative
NTV Kenya,Former EALA legislator Abubakar Zein dies in Nairobi,"Thu, 09 Jul 2026 11:50:46 +0000",https://ntvkenya.co.ke/news/former-eala-legislator-abubakar-zein-dies-in-nairobi/,negative,0,negative,negative
NTV Kenya,Trump says deal to end war is ‘over’ after Iranian strikes,"Wed, 08 Jul 2026 09:09:36 +0000",https://ntvkenya.co.ke/news/trump-says-deal-to-end-war-is-over-after-iranian-strikes/,negative,0,negative,negative
NTV Kenya,Keumbu traders count losses as customers shun market after Linda Mwananchi attack,"Wed, 08 Jul 2026 08:50:51 +0000",https://ntvkenya.co.ke/news/keumbu-traders-count-losses-as-customers-shun-market-after-linda-mwananchi-attack/,negative,0,negative,negative
NTV Kenya,"Six killed, scores injured after bus collides with truck on Mombasa-Nairobi highway","Tue, 07 Jul 2026 09:46:14 +0000",https://ntvkenya.co.ke/news/six-killed-scores-injured-after-bus-collides-with-truck-on-mombasa-nairobi-highway/,negative,0,negative,negative
NTV Kenya,Mbappe fires back at Paraguayan senator’s racist attack after France victory,"Tue, 07 Jul 2026 08:06:13 +0000",https://ntvkenya.co.ke/news/mbappe-fires-back-at-paraguayan-senators-racist-attack-after-france-victory/,negative,0,negative,negative
NTV Kenya,"Trump-backed Balogun reprieve sparks FIFA crisis, but Belgium send US out of World Cup","Tue, 07 Jul 2026 04:29:49 +0000",https://ntvkenya.co.ke/news/trump-backed-balogun-reprieve-sparks-fifa-crisis-but-belgium-send-us-out-of-world-cup/,negative,0,negative,negative
Citizen Digital (via Google News),"Venezuela earthquake death toll now at 5,208 - Citizen Digital","Mon, 20 Jul 2026 04:50:04 GMT",https://news.google.com/rss/articles/CBMiiAFBVV95cUxQc1o3NFZPOG9rOENoZXl4Y3cxTFlhWUY0Z3BWNUlkS2RqOGNUTWlRbEMzbVRZbUdqMVM5QWlZaGZzeENBd09ua0hsX2I2eVVLTEJkRnVZMGJpNzBRZThnYUNEYUVhaTlfZzYwOUh6T1B2c1N3aHR1SDl1U3J3LUJZMWtoM29CWUIx?oc=5,negative,0,negative,negative
Citizen Digital (via Google News),"Four arrested for allegedly stealing toddler in Embakasi, baby rescued - Citizen Digital","Sat, 18 Jul 2026 07:33:01 GMT",https://news.google.com/rss/articles/CBMiqAFBVV95cUxQVktHaUw3b2hoZjRQRkFXT18wSV9sQVZNWVpzLTZPdDJJUWRWQ01oVTZYcHB5cEFlU3ljNHFITkFMZ2EzSk1USjZndVJnZlQyV3RSU3hOLTV5cWJPQ3h5Y3NGblBXdmJHczRSMmRxNUZDdVNQSVVDZk9GSzNWa0JKTVRUYjNTSE9rRU9IQjZPWDlkVWNleGNBS0VHcUhKcHBUY2p1VjdseHU?oc=5,negative,0,negative,negative
Citizen Digital (via Google News),"Twin killed, brother injured in Kamandura road construction accident - Citizen Digital","Thu, 16 Jul 2026 08:49:48 GMT",https://news.google.com/rss/articles/CBMiqwFBVV95cUxNVWdKM0E5dWdQdjU1eTZuM3RKVXdjR1ZYa25aVzFXaVctcFYxOENicExUV195UnV5LTlTYUxzWkpGZTJPZldCTnY2V3k3eHppX2lwY2s1bHZLUWtfaEtqcE9CdVp1Y0VoZW5IOEtlTzdMWjlYVUhVMmVBcU54VFNtNGFNQlZZS2tDRk80dnJpZ3A4OWFta2dqTTZxZENUejRZTVBGdF9WdkRQVDA?oc=5,negative,0,negative,negative
Citizen Digital (via Google News),Murkomen hits back at Gachagua over police rape claims in Ol Kalou - Citizen Digital,"Sat, 18 Jul 2026 16:38:21 GMT",https://news.google.com/rss/articles/CBMiqgFBVV95cUxOTEpFa3FyYkkwX1psVXhwWnpDY2V5MWxSdk50eURCb1J2YnRDSUpaN2xIZ0lKSm40eWhLdk9jMVhWaFVKODF4NU1HY055bWVqWUxmMzA4Nzl5Qm1wS0dYbGFOSkdfdlJEb2xMc3ktdGNDYjFuekJROE9hMzVDaTViVWFVWE94UGEzcEs5bEVCNWpqS2RZOUJSenBnSlJpUUY0TWc5cnc4Y0xTQQ?oc=5,negative,0,negative,negative
Citizen Digital (via Google News),'Niko Kadi' mobilizer Allans Ademba arrested in Ol Kalou - Citizen Digital,"Thu, 16 Jul 2026 07:35:09 GMT",https://news.google.com/rss/articles/CBMimgFBVV95cUxOWFVvaXUwYk9RUkFNQnpiYXdHeGY1SUxxNUNIQlZ2aUpSVHlXX2xOU1k3NFMxVG8ybWVHRExOY0VqMTN1X05heUsyR0hMaTQ2TXpuRThfRFRHWnRxTkVNM1RLV2hFaWMwcloxU21sdmpPak92R3FyUjlYem9FdHFvTEhXclNPaEM5czNYLUwxWlp0QnhORXJRUDh3?oc=5,negative,0,negative,negative
Citizen Digital (via Google News),"Four suspects arrested, 3860 litres of illicit brew seized in Kahawa West - Citizen Digital","Mon, 13 Jul 2026 09:32:50 GMT",https://news.google.com/rss/articles/CBMisgFBVV95cUxPZnNqcE9sWkltR3c4cWc3czU2Q1h3YWtCOUtBN0NCVEk4NHlZRDBQSkk0NVgxc0xNMWxXRW9DZlNQYkpmdmlSc3RELWEtYWcyQWdfY2QtOGtmRTJVZkpwUWNSVFFfWVR6OVFIaW5ZRG02emxNclFfMDFPS2wxWnRMR3NWbGpoMHU1SXplMVZNYUIzWEFqTWtWdUt3bkZpZlczYkNETDU2TmIxZ2ZnNF9jQ0hn?oc=5,negative,0,negative,negative
Citizen Digital (via Google News),'Never forget!' Kenyans online revisit 2007/08 Post Election Violence as political tensions escalate - Citizen Digital,"Thu, 16 Jul 2026 10:44:38 GMT",https://news.google.com/rss/articles/CBMi0gFBVV95cUxObmpjMlFadkxwcm5BMGFfSG40aWhKaHE4bEVSWmcxWTdvbnVodTdWVFl2X0lBaW0xYmJ2X2IzQWYwQk1EamhPX2d0MUtFNzQ4bjBrQjJpOS1WU1pxU1ZxNDBNeWhBSm01YTVRcmRHdmdfWUZnbzI3RVJMb3NUSC1fbXJlMHhmVm1ZSV85TFZUb01tY3V1Q3JFTnpJYWZqWloySmJJM2hEVEVCbURPU25xM01NT2xCSlBjMnJqY3ZhVkMycExWSFJORlRaTFhSd2xhanc?oc=5,negative,0,negative,negative
Citizen Digital (via Google News),Probe as unidentified man found brutally murdered in Mwea rice fields - Citizen Digital,"Sun, 19 Jul 2026 08:25:44 GMT",https://news.google.com/rss/articles/CBMirgFBVV95cUxOaXN2UHlES0twelJSX1VkVVVKM0pRVENOMDZGMnpkY3JZbFJ0Sm5KUVh2czBUOV95dmZyVHpWZlhNN0hLY2lZWjNRYmhyRW5Sa3lQV0RjUXJJQWxWUjJ6MFgySkZPaGxJaHROMHJKSG1SRENNaFQ0MDVzYWNDbWQ3blZtQkx2TTVXX2FVQXgzYW1qaHhpUnoyNUdjQ2hua3V1QnNhT01kcmtlLUFXeVE?oc=5,negative,0,negative,negative
Citizen Digital (via Google News),Nairobi MCA among three suspects charged over robbery with violence - Citizen Digital,"Wed, 15 Jul 2026 03:40:13 GMT",https://news.google.com/rss/articles/CBMiqwFBVV95cUxPODZENVIyR1NzWHRYeWM2anRIb21Xd3lRZ1BVV2RsN21lMi1oRVE5bVY4aUJOQm14LTE1MTNKTlctLWUyLThwRkpYRDJheXBZaTBxU3BQVTA1V3FFQU40eWczOVAwQ0JoZTJQNXJ1S2NLZlg1ajlVSlkzd1ZaYzFIMmR5QTI2WmcxclF5N29oN0hDamhfbV9QRWVlbVVuMU1Rc1FCNkZ4bXBnWTg?oc=5,negative,0,negative,negative
Citizen Digital (via Google News),Homa Bay: Man killed by hippo in shocking attack on his way home - Citizen Digital,"Sun, 19 Jul 2026 09:19:25 GMT",https://news.google.com/rss/articles/CBMipgFBVV95cUxQZWhrOW0tcHgtTldDMjVBNXBfMTdHQ1FOMmdGWm5hSklpalh0TjVSUXVQeFNtWE1YNUpyZVJpRnhSNTAxVlV6a2R2UWJUdmxWZHczSkItUVBPeU9wWmFna3B2dS01d1ZLSUlhOWcyQS1tSVFRUmF1eUNxYU50NVRNQ3p4a1hfZmZRLXFEMUdyNnlYenNLY05nUXpid1p5a3l0b2Y5ZXZ3?oc=5,negative,0,negative,negative
Citizen Digital (via Google News),US renews strikes on Iran after two military personnel killed by Iranian attack - Citizen Digital,"Sun, 19 Jul 2026 05:03:30 GMT",https://news.google.com/rss/articles/CBMiuwFBVV95cUxPZDJaWUt2WDN3NnBOYmtqdm5MQVlOUGNFY0xPcmN4dndtZm52aV9mOGNhMkJsWHBaNi12TWZ3bVdUeEV2OGZ0X3FVcjFBbzQxWi1xRlUzMFFZazlSVUx5TUlLR0FOTTFrVTM0bG1xejlUQTVpWHktWDhOZ2ZtT1BLR01QM2xDbDRtTkM5VlB1VW0tSndJcVpYWlFyTnNPUDBzRXhoZXhFaWplTDBhNU9CLUNqdTVRaDBBUWp3?oc=5,negative,0,negative,negative
Citizen Digital (via Google News),South African police arrest 69 at violent anti-immigrant protest - Citizen Digital,"Sat, 18 Jul 2026 02:23:29 GMT",https://news.google.com/rss/articles/CBMipwFBVV95cUxOYTMwSnFhZWh3VFlMX3NUWGUyLVZxNmhCTi03WUtIaktLRlJqN09mbzU3YlVWM0dtYUtmRkNtZlQwTUhORlJqZjlCQlRiLTRuN3JLWW8zN1k1aExwU0pOREY1TmF0OWxuRV9KeHA0V3RSMkVOQ2VpdWJLOXVwME9EZWhMd2xFWWpaaGh1WkE1ODRIYTRCZlJWWEpKZzNxZ3dNS0U2UExPTQ?oc=5,negative,0,negative,negative
Citizen Digital (via Google News),US reports 'wave of strikes' on Iran as war returns - Citizen Digital,"Thu, 16 Jul 2026 01:11:58 GMT",https://news.google.com/rss/articles/CBMikwFBVV95cUxNNElWaENwNG0wMGM2NE1jRDJJVTBmbjlPVkxmbkRDWS1MZU9Hb2tqeFVHcnlEN1RDNE1YN1E5Q2lUVGtHQ0dwendvcmp1c0dpUWJ4S2NpTnJxSnFPMjVGUXV5UkFKU2pVYm8tUXBNRll4M001aHRIcEcyUUJFNzdUVzBxbldWSDgwNG15V2JxRXZfX1k?oc=5,negative,0,negative,negative
Citizen Digital (via Google News),Four officials who approved collapsed South C building charged with manslaughter - Citizen Digital,"Tue, 14 Jul 2026 07:00:00 GMT",https://news.google.com/rss/articles/CBMivAFBVV95cUxPc2o5S3pHTmR0bkNlaWRDTURITHhVM2xicjlnS1lrWGFjMWpUSmpPT0J2MmZ0T0UtcHkyaENEazFILTVTNGl5aEd3NXRWSVpNczV0SFJmUXBwZlZSVTRlNl9jNlp1UGF0Z2oyckJBZ01CNW9vQzNCVDJQYU83dUpLX05RRjVDcGJhLVpDOENzZ3VOb1lxM3NRSGNYNzlUc2cwZTJDN3NMa3NnS2ZVdTZJR1lkU3VNTGxDbWFkbg?oc=5,negative,0,negative,negative
Citizen Digital (via Google News),Three killed in accident on Mbagathi Way in Nairobi - Citizen Digital,"Sat, 11 Jul 2026 10:30:07 GMT",https://news.google.com/rss/articles/CBMilgFBVV95cUxNTjVoSEx4RkRvZnh5OU5CSDlwczgwR1VMSTAwOFVnMXJTMlE4Zll0Z2ZLMUZ3UFhvbFgtUXFEdzl4alFLYlpJbTVGMy1zRWVDR3V1QU1oOVphYlpFVkZmOWR4enpJNzVLcHRqSDJEVkFPLUZEdVBCVEphcXRUSzlqQnJWWjltZzN0dTYwREszdWJvamVJX1E?oc=5,negative,0,negative,negative
Citizen Digital (via Google News),Iran announces execution of two anti-govt protesters - Citizen Digital,"Sun, 19 Jul 2026 13:09:42 GMT",https://news.google.com/rss/articles/CBMilwFBVV95cUxNQzdCQk9pMml6ajN2dFJzWHgtRVlXRmRBZ2Q5RDF0NnlRRFdwOGJzaHdiN1dDQmNMdHg5bTRkUm1fLW5aRlB3TzFkLXNoVzNETWU2b3pVbFpTd0xvTEpUblJraEJrNldpLU1TR3JmOXoyR1RpUkJFaXVFMFZ0VFFXZmtiUWtEOEdwMVlTUG1TTlNlMy1uZEJF?oc=5,negative,0,negative,negative
Citizen Digital (via Google News),"Actor Sam Neill died of pneumonia, says agent - Citizen Digital","Thu, 16 Jul 2026 05:12:41 GMT",https://news.google.com/rss/articles/CBMiigFBVV95cUxNV2Q5dnVrMFBPRzFjRG9OQXZNMGJtSjBucVFJWWpTSUZheDhZMHc4NlVVNzhYNXdzYUlzY3l2bTQyTFI1QU5ub01tRWtSYzg2SUg4WXRXYVBpZHpvUGpGSmJfMTFhVnhFd3plelh6ckg4X2pJMHo4S1dPR3lQT09KekltVGxEZmZ4YXc?oc=5,negative,0,negative,negative
Citizen Digital (via Google News),Verstappen reverts to old rear wing after successive crashes - Citizen Digital,"Fri, 17 Jul 2026 05:07:51 GMT",https://news.google.com/rss/articles/CBMiogFBVV95cUxQZ2phN3B3NkdxZUFLMWVFS0NYc3V0SFJKU0N2XzFPZ1BTRUtvN29fTklNZkZpTml3UGxMSDdqekpqQ05vUnhTRlRLeExlUXBKVWV5Sm9ZUURfNzZ0bkltNHZKYUZ2QlJBLUtIbUZGSDJ3V3pEUXg3bkt5VG5XR2xVWlRiMU82alZLVmJMVzhVUnNkOU9yNXBQRWE1TFFyWFBoNEE?oc=5,negative,0,negative,negative
Citizen Digital (via Google News),"Death toll from Venezuela quakes rises to 5,119 - Citizen Digital","Sun, 19 Jul 2026 06:04:02 GMT",https://news.google.com/rss/articles/CBMijwFBVV95cUxQeXI1RWZhc2RrZHpMWmtRVG8zRVBYT2p2dzNFMVJOWkFkRFlBd2Vrb0hZeGxzU2xTRnJSeUJ2bGkySThNcDB6SUZZUHV0dWJrZEdPdzlDeTRsM3RvcERTRHBNUF9jUkw5NW9DWWI0dHZFRmJHRFJROTdWVDUya2VuWEZMNTVRUzNGdkVFclVTUQ?oc=5,negative,0,negative,negative
Citizen Digital (via Google News),"US, Iran trade attacks in return to full-blown war - Citizen Digital","Sat, 18 Jul 2026 03:42:29 GMT",https://news.google.com/rss/articles/CBMikwFBVV95cUxNdThwNTIwSlNqajVVVDBXdS1BTHppMmNmVm1kQ09tM3BGbnozb0J2MHdvU1p4eUtVaEktQWlvNlJOWmhNNTZaeGMtbVJ3RkYzQk5ZRVY3X3JkSGV1OVItVFVhaDhiVG14Tm1Xa1VkWVNKQ3lJNmZvNlVlbFdEd1ZFNUNrNEh3YmhmYzdnQUVVY245VTg?oc=5,negative,0,negative,negative
Citizen Digital (via Google News),Attacks on IEBC could lead to rejection of 2027 election results; Commissioner warns - Citizen Digital,"Wed, 15 Jul 2026 15:56:58 GMT",https://news.google.com/rss/articles/CBMiwAFBVV95cUxPUzBjeGVTc0J0c08yRDZHOXFEbm9GUzN3a2VuTVVfenp0Y29oODdYVVJwVnFFNWRaTWMwUmpmR3BRbXpidGNCdWticEdjUDA5bkZZNzBIUUpxNWFWLTBzRUs4Uk94Nlh3anh1QklJb3JZR2RZeUQ2dllmUGFIUzBxSkZXUGhmTTZPbUdNV2I2bjZrMC1SbzJNQWFKeXYtNDktQXNmOWVNR1NPbzJEUnZqOVZTdXpKeXpDTTlUZVV5dC0?oc=5,negative,0,negative,negative
KBC,EU bans destruction of unsold clothes in push for circular economy,"Mon, 20 Jul 2026 05:50:12 +0000",https://www.kbc.co.ke/eu-bans-destruction-of-unsold-clothes-in-push-for-circular-economy/,negative,0,negative,negative
Standard - Politics,"Ruto: No defence for goons, criminality during protests","Tue, 21 Jul 2026 14:38:05 +0300",https://www.standardmedia.co.ke/politics/article/2001553374/ruto-no-defence-for-goons-criminality-during-protests,negative,0,negative,negative
Standard - Politics,"Njeri Maina: Kenyans on their own, govt orchestrating Ol Kalou violence","Tue, 21 Jul 2026 00:15:46 +0300",https://www.standardmedia.co.ke/politics/article/2001553327/njeri-maina-kenyans-on-their-own-govt-orchestrating-ol-kalou-violence,negative,0,neutral,neutral
Standard - Business,Feed makers push for GM crops as raw material crisis bites,"Wed, 22 Jul 2026 06:00:00 +0300",https://www.standardmedia.co.ke/business/article/2001553397/feed-makers-push-for-gm-crops-as-raw-material-crisis-bites,negative,0,negative,negative
Business Daily Africa,Bank accounts frozen on Sh282m Turkana County tender fraud,"Mon, 20 Jul 2026 16:51:57 GMT",https://www.businessdailyafrica.com/bd/economy/bank-accounts-frozen-on-turkana-county-tender-fraud-5532720,negative,0,negative,negative
Kenyans.co.ke,School Closed Indefinitely After Fire Razes Dormitory,2026-07-21T17:41:10+0300,https://www.kenyans.co.ke/news/125474-elburgon-secondary-school-closed-indefinitely-after-dormitory-fire,negative,0,negative,negative
Kenyans.co.ke,"Three Charged Over Alleged Fake TSC, Police Recruitment Scam",2026-07-21T12:31:17+0300,https://www.kenyans.co.ke/news/125461-three-charged-over-alleged-fake-tsc-police-recruitment-scam-bomet,negative,0,negative,negative
Citizen Digital (via Google News),Suspect flees after killing two men at construction site in Kiambu - Citizen Digital,"Wed, 22 Jul 2026 04:46:56 GMT",https://news.google.com/rss/articles/CBMiqgFBVV95cUxNa3A5VzBTYmtlSmtSOFBfNjlWSGhRYjNMTzFlaXJMVTJfWUxmSHRuLVFrR1hWVGEtRXdRd3UteVNKMGFzX2JZTUFweENwdGpnMVM5eElmV1hQcTV4VXpHV3R1MkJLTHdkeURGSTNUbmZTMmVqTkxqZFRyX0F2bnBYLUI0d2g4OWlUQUZONTVZbnAzcFp2WkNuZ3NidjE1NnpLRGFELXJSSG9DZw?oc=5,negative,0,negative,negative
Citizen Digital (via Google News),Three more suspects linked to Chaiiwali café robbery arrested - Citizen Digital,"Tue, 21 Jul 2026 07:37:24 GMT",https://news.google.com/rss/articles/CBMiowFBVV95cUxPWS1sbkdEVHZPeTNtT2FRZ0tMejlTQ19qcFo5anBOT3k1VnN1U2hTVkJTU0RzS05ERGhLdzJ5cWRuWm1TYkx4empaemxpMF9OTHRJZUxYZVM4MkpETFMtN1dtc1ZGdG5BUnhTOUlERnZPOF85eWpEeHRwZ2Y0N0ZCcGFSWHRSclI5cTNRZm95aTBvd3JUWnlaY05DczhnbXlsUE9N?oc=5,negative,0,negative,negative
Citizen Digital (via Google News),Autopsy confirms hotel intern who fell from Upper Hill building died from multiple fractures - Citizen Digital,"Tue, 21 Jul 2026 17:42:19 GMT",https://news.google.com/rss/articles/CBMizAFBVV95cUxQNXhhM1RYTno1aE9ZSHg3U29EcFBJS0kxdGl3RmZqN0NaRWpSMHBEWjhTM1VIdEZ5NXFzY0tPc2FYSFNMejQ4T2JMeEpVOXJTek9IX0hndjV6MTM5Y0hST1ptZEVrQURYS1J5SkhpNlA3NFdhUjFGenpSdFlBU2hRZDR0UEFkcktWTVFRNE5XY2hJbHpGYm1ZRFFfZEZjcEVVYmcwenBRS1lIZWgwSk5mTXJHaWpxeGVpS2VJT2d3T2pFUGpZYUlVbkR0aVQ?oc=5,negative,0,negative,negative
Citizen Digital (via Google News),Nairobi-based lawyer arrested over suspected land fraud - Citizen Digital,"Tue, 21 Jul 2026 17:27:14 GMT",https://news.google.com/rss/articles/CBMimwFBVV95cUxQX1MzQWV2elc4U00yOUtWUGtzQm1jQW81QW1lYjdnRzZGTDBLdi1VTkpRR21pYWVPYy1PeTA1V0dYZkNILVpJb0M4STlZejFmazR3MWxZSndQWTZ2dTUzMk5SVXc0emwzcGh1aUswMHZySVFGOWhhNkpMLWJBalNWZ09YOEZMd1RtekJwQVNQdE9oRGFqZ2J3Y2JiTQ?oc=5,negative,0,negative,negative
Citizen Digital (via Google News),CCTV shows Constable Kimani as cell sentry on night of Ojwang murder - Citizen Digital,"Tue, 21 Jul 2026 09:28:13 GMT",https://news.google.com/rss/articles/CBMitwFBVV95cUxNTVN5eXhxNkNnOF9md3BoOUZWVDB2enpDZmlmTUVxSDBqS0dEZXdzNzU5VDdtT2haOE1sWUJEMGhkNmRuVElxQkdVRUEtbjNlOVVUQW1QQW1aVjBFbUFSUG0waUhxQUR6WVR6MFNiQTlaZ0pNZGhtczM3QmlHZFQxTDJFTmVkOWZOWC1jUWNaX0p3TXBKZm1HbzZrd2pmMkxYcWlPUHRVbHdwd3NubFlPbTQ5cTVLaXM?oc=5,negative,0,negative,negative
Citizen Digital (via Google News),Kiambaa Voters protest against MP over Ol Kalou By-Election violence claims - Citizen Digital,"Mon, 20 Jul 2026 14:27:38 GMT",https://news.google.com/rss/articles/CBMitgFBVV95cUxQTExqSXNoRDUyVlZ1VVcyZ0doTXZQUDZDckgxZDZobG5CSlVxQzhlZlBSS3cwelVIVWFxUmtCYjV5UkF3MTRpUzJOS0xxQkNoZmF5cmNCUlZGWlZSMnFwMlAyQnBUZlc3cndXUm00VTg1WDV0UnE1RzBib2MyQXNqSC0xZk1JbDBSRS1nWjRGRjJsMjdTY2haVWNhUWd1Mk5odUNxdHlYZmUzQ3Q0d0wyeTd2UXc4Zw?oc=5,negative,0,negative,negative
Citizen Digital (via Google News),Colombia president-elect alleges guerrilla plot to kill him - Citizen Digital,"Tue, 21 Jul 2026 04:53:05 GMT",https://news.google.com/rss/articles/CBMioAFBVV95cUxPNHRncEJGd2JhWm94NEZVek4yUWh0MnlwTnhyNmdFanlzbHdUR1lKbXVhNlVvdDcwNzVNMWlWdzVxaVNES3diWW9sNjlxUDFPcEpvdjAyOUM0OXNiaXoxS0FrbnFvT2NpTXQwLTBqOTNPbEJ6aC1SaWhuSS1HMGxsaFBEMTlhR0VpNy1XeUgyMlZUSXQyRXp1c3BiZjdaZW5a?oc=5,negative,0,negative,negative
Citizen Digital (via Google News),South C building collapse: Court issues arrest warrant for accused Nairobi County official - Citizen Digital,"Mon, 20 Jul 2026 07:53:27 GMT",https://news.google.com/rss/articles/CBMiyAFBVV95cUxOeE9YWjhUNlNwOFhoSzZNTnU1cXI4ZWQwcnlhRDF3di1Hc05zUmhqNHgtazhiYmVLQmdFSFZXSXkxdEtZRlFnYVlpTHdlUTNGVTNiQmY1ZzlqNlJiTlU5Q1lyU2puZExVbW42V0F5RmlTQ1RCQ2lNVDBLc29uX3RZeEZ3ZTUzcExKUkRuYkh5blI2RlpCYXpsREdyWF91d19NODJYUGdSOEJOckdUbms0bnhyLTc1SGtVNTFKM2p5MW5pUWh4Zl9JNA?oc=5,negative,0,negative,negative
Citizen Digital (via Google News),"OCS Talaam, co-accused deliberately assaulted Albert Ojwang to death - DPP - Citizen Digital","Mon, 20 Jul 2026 10:34:54 GMT",https://news.google.com/rss/articles/CBMisAFBVV95cUxNblhIbjZKaGhxTVdEclVNT0YzNVhNd1JYdFZubVRDQ3BpQXBTRTdyRDJpUEZhYk5ZcE02aGp4aF9td0puZU5zcW9yX2dUUEtLZktJR0JmaHAtVWJjYmcxR3FYOG55REI5YzJiaWY2UkNwYmpBSmRvejkydDFiVU5URjBTZ0tVTURlN2xLQjM0UG90TTFqWnJLVlhQdWZrdG0xTC1hWmlieGdoWjVoQzZ3cQ?oc=5,negative,0,negative,negative
Citizen Digital (via Google News),Teen dies during Spain World Cup celebrations: local authorities - Citizen Digital,"Mon, 20 Jul 2026 07:26:40 GMT",https://news.google.com/rss/articles/CBMipgFBVV95cUxPOWoxTTl4dlJVZW1BOTRfZjVTVzdkbV8yMEhyaDVocFduN3owbVAwSUFVS1RCS012bVRQeVUyWjJIS3lWODNXTlBvb2J2M0dxM2dWQTF2TU85SHFnWXpjLTNIdW9oRGVMZG5seE1OYXJDMDAtUmY5SkF0UzlLbV9MMVd6a3U3VFhJOElJU1lYeTFTMWFhOExYWWJQZTFjbGZqU0pRTlJ3?oc=5,negative,0,negative,negative
Citizen Digital (via Google News),India floods and landslides kill at least 19 - Citizen Digital,"Sun, 19 Jul 2026 14:39:48 GMT",https://news.google.com/rss/articles/CBMijAFBVV95cUxQNTNGZVA1c1czaUlTSDRrclhhSng2Zk5sbUR2NURBQ3A0WElCOTVKMGVJc253bEctNHpNc29vMmtZMFBoeTZPbVhYbWRSYl9mZDJjZENXa29tV3lqZ3Y3QUQ1TEwyYm5INGRTbGVtdk12dVhKYjNGWjRrTllFRFRRSHQwbUc4ZEk3VHdLbA?oc=5,negative,0,negative,negative
K24,Michelin-starred restaurant owner faces jail for using ants as dessert garnish,"Wed, 22 Jul 2026 06:48:14 +0000",https://k24.digital/food-and-culinary/michelin-starred-restaurant-owner-faces-jail-for-using-ants-as-dessert-garnish,negative,0,negative,negative
K24,France becomes first EU country to ban social media access for under-15s,"Wed, 22 Jul 2026 04:48:50 +0000",https://k24.digital/lifestyle/technology/france-becomes-first-eu-country-to-ban-social-media-access-for-under-15s,negative,0,negative,negative
K24,Godzilla vs Kong actress Kaylee Hottle dies in a crash,"Wed, 22 Jul 2026 03:29:58 +0000",https://k24.digital/entertainment/celebrity/godzilla-vs-kong-actress-kaylee-hottle-dies-in-a-crash,negative,0,negative,negative
KBC,"EACC arrests Kangema magistrate, probation officer for bribery","Wed, 22 Jul 2026 06:44:51 +0000",https://www.kbc.co.ke/eacc-arrests-kangema-magistrate-probation-officer-for-bribery/,negative,0,negative,negative
KBC,Fired caretaker kills two casual workers at Kiambu estate,"Wed, 22 Jul 2026 06:13:50 +0000",https://www.kbc.co.ke/fired-caretaker-kills-two-casual-workers-at-kiambu-estate/,negative,0,negative,negative
KBC,Godzilla vs Kong actress Kaylee Hottle dies in crash at 18,"Wed, 22 Jul 2026 04:59:52 +0000",https://www.kbc.co.ke/godzilla-vs-kong-actress-kaylee-hottle-dies-in-crash-at-18/,negative,0,negative,negative
KBC,Albert Ojwang murder trial continues,"Wed, 22 Jul 2026 04:29:55 +0000",https://www.kbc.co.ke/albert-ojwang-murder-trial-continues/,negative,0,negative,negative
Standard - Headlines,"Kangema magistrate, probation officer arrested with Sh150,000 bribe","Wed, 22 Jul 2026 10:15:54 +0300",https://www.standardmedia.co.ke/article/2001553434/kangema-magistrate-probation-officer-arrested-with-sh150-000-bribe,negative,0,negative,negative
Capital FM Kenya,Health Unions Begin Daily Protests as Nationwide Strike Enters Third Day,"Wed, 22 Jul 2026 06:29:53 +0000",https://capitalfm.africa/health-unions-begin-daily-protests-as-nationwide-strike-enters-third-day/,negative,0,negative,negative
Capital FM Kenya,Nairobi-Based Lawyer Arrested Over Alleged Land Fraud Scheme,"Wed, 22 Jul 2026 05:14:41 +0000",https://capitalfm.africa/nairobi-based-lawyer-arrested-over-alleged-land-fraud-scheme/,negative,0,negative,negative
NTV Kenya,Kangema Magistrate suspended over bribery allegations,"Wed, 22 Jul 2026 12:02:46 +0000",https://ntvkenya.co.ke/news/kangema-magistrate-suspended-over-bribery-allegations/,negative,0,negative,negative
Citizen Digital (via Google News),Court tightens rules for virtual attendance of Ojwang murder trial - Citizen Digital,"Wed, 22 Jul 2026 10:46:09 GMT",https://news.google.com/rss/articles/CBMiqgFBVV95cUxQdkRCSDN0dnNZLV9LMlhIb3Z6VzgwcUZXdDF3a19HTmkyVXZGeTRHUDVNeHp3MUtQU3F6UlpiRTBrYy0xUGRrYV9OMC0tSFA3bkppZFgtX1NSTjJlMklhcXlsYy1TalJDOUJpV2V2bTVYTGdEbHc4aVN2TnhUc2VIZnhEc2hVRFlTaXdEV3lrQ080akVLMmIxTnVqME94V1BCbTB0R0FRMk9Rdw?oc=5,negative,0,negative,negative
Citizen Digital (via Google News),Mystery after hotel intern falls to death at Upper Hill building - Citizen Digital,"Sun, 19 Jul 2026 18:13:28 GMT",https://news.google.com/rss/articles/CBMi1gFBVV95cUxPdTJ2RDl4WHRsVjNDNXlSa1F0ZUlFY01FT0FPV2NaNEhZN1NMMEUwb2lHaFd4S3VBQ0ZkU0oxdzBON1ZCVUJ1aWRJcjNoYW5XZndvNkVUelRxRnBuTmZMb2paSjB5SjIxMGFfWFRxWEVKUEhzVDNlNm9qSHY1aTBwYS1Ic1Nxb3p4X3ZwRE93dmRna0Jfb2U2eUxrYVp3MzlnOVFyM1h0cy11NGE0VkFDWlJBeEtCUkNXNzhrTzBqWDhkWmtpN3Z0bjY0emNaZG5hQ2ZNTE9n?oc=5,negative,0,negative,negative
Citizen Digital (via Google News),"Police officer kills partner, turns gun on self in Kirinyaga - Citizen Digital","Mon, 20 Jul 2026 13:21:07 GMT",https://news.google.com/rss/articles/CBMioAFBVV95cUxOSnF1aFh2cnZKWU9IdzFVOS04U3o4b1FBWkRzMEt5NkpOcTJWTW52eFp0LWt2NFNXaVpfZHNwVDdvd0ZGWjR3d2ZqRURzbXRsS041MnpSRWp0UDBTckoyeHZGQ25SVXBESmdwZWRXTFptdnNMbnBGYzBnZHFsR2lQS1VRaDhpTUgyc3BRTEZTVUV5cVBQVWJmbExJMEZ4Xzl4?oc=5,negative,0,negative,negative
K24,Penalties pedestrians face when arrested for jaywalking in Nairobi,"Wed, 22 Jul 2026 12:33:52 +0000",https://k24.digital/news/penalties-pedestrians-face-when-arrested-for-jaywalking-in-nairobi,negative,0,negative,negative
KBC,DCI arrests suspect over murder of TUK lecturer Edgar Mokua,"Wed, 22 Jul 2026 13:12:29 +0000",https://www.kbc.co.ke/dci-arrests-suspect-over-murder-of-tuk-lecturer-edgar-mokua/,negative,0,negative,negative
KBC,CJ Koome suspends Kangema magistrate after arrest over alleged bribery,"Wed, 22 Jul 2026 11:42:26 +0000",https://www.kbc.co.ke/cj-koome-suspends-kangema-magistrate-after-arrest-over-alleged-bribery/,negative,0,negative,negative
Capital FM Kenya,CoG blames Duale-led MoH for fuelling health worker strikes,"Thu, 23 Jul 2026 11:48:41 +0000",https://capitalfm.africa/cog-blamesduale-led-moh-for-fuelling-health-worker-strikes/,negative,0,negative,negative
Kenyans.co.ke,DCI Arrests Prime Suspect in Murder of TUK Lecturer,2026-07-22T15:26:54+0300,https://www.kenyans.co.ke/news/125511-dci-arrests-prime-suspect-murder-tuk-lecturer,negative,0,negative,negative
Kenyans.co.ke,Learning Disrupted as Teachers Protest Colleague's Killings,2026-07-22T14:12:34+0300,https://www.kenyans.co.ke/news/125505-learning-disrupted-kitui-kuppet-teachers-protest-colleagues-killings,negative,0,negative,negative
Kenyans.co.ke,CJ Koome Acts After EACC Arrests Kangema Magistrate,2026-07-22T13:19:12+0300,https://www.kenyans.co.ke/news/125503-cj-koome-relieves-kangema-magistrate-duties-after-eacc-arrest,negative,0,negative,negative
Kenyans.co.ke,5 Killed as Gold Mine Collapses,2026-07-22T12:33:54+0300,https://www.kenyans.co.ke/news/125499-5-killed-gold-mine-collapse-narok-county,negative,0,negative,negative
Kenyans.co.ke,New Details Emerge After 21-Year-Old Dies in Fall From Nairobi Apartment,2026-07-22T12:21:15+0300,https://www.kenyans.co.ke/news/125495-police-rule-out-foul-play-death-21-year-old-after-nairobi-apartment-fall,negative,0,negative,negative
NTV Kenya,"Silence from authorities on Ol Kalou bribery, violence allegations fuels cover-up fears","Thu, 23 Jul 2026 06:17:52 +0000",https://ntvkenya.co.ke/news/silence-from-authorities-on-ol-kalou-bribery-violence-allegations-fuels-cover-up-fears/,negative,0,negative,negative
Citizen Digital (via Google News),"Sharon Otieno murder: Ex-Governor Obado, two co-accused to know their fate today - Citizen Digital","Thu, 23 Jul 2026 03:33:11 GMT",https://news.google.com/rss/articles/CBMitAFBVV95cUxOZHNmZGFaX3kxYV9hbE5Da0JrOWxSY3BlYkFNT0FHU3hxdm9oZEdVZ3NISVk0dEZIam9tVFlwd1d2aHJpYTlDWFY0dzBlaWRlUG1UVkZIZ1J6Y1NxaUd3U0dpX1hqOGxjWjhQT0JxQmhCX2FwOV81Z25RQ1lIUFd6TG1hVGdhSi1WV013cXVvMEVyZmV4R1Zsd3RIVV9IY042TVo5ZWVaRVlHVndTMmtNS1lBV2E?oc=5,negative,0,negative,negative
Citizen Digital (via Google News),Suspect arrested over murder of TUK lecturer Edgar Mokua - Citizen Digital,"Wed, 22 Jul 2026 18:52:02 GMT",https://news.google.com/rss/articles/CBMinAFBVV95cUxQaW9HUTBTaWZISWNKdWxsX3RDMlI5TG1wM1BFd2FpSUVtZGpicHF2MWFHTG9GcXZuVHFVT2JlU2hIZGJOSU5aNEdWVl9JTmlYSTgzcEVrR2IzR2xmZGJGazJZei1WbWlpdTZ0T1AycU53VDJfUjlHcjNzRDJKZ3FIWHpJQnkzWFItTXJKLVlYcEJfVFg3RTBHLWtiRFU?oc=5,negative,0,negative,negative
Citizen Digital (via Google News),"France records over 5,700 excess deaths in June heatwave - Citizen Digital","Thu, 23 Jul 2026 03:02:14 GMT",https://news.google.com/rss/articles/CBMimwFBVV95cUxPRi1tM3FOVC1xZTVydlNmd2Y3UVdjcTBRZ0d5eFZYVVNLaEg4Rko1WmFSVUxBVnBhQlAyODFqNTJfemUtNVdXMmVWRUhBa28teEdRbUpqQl84aW1MdjhmdjNEWnJHUW1KZTB4TDVtQzBxQVNWbkhzdE11bVllcld1SDEtckx1UVdDYWpzMVR2OWEwNlhjNEd4WEN3UQ?oc=5,negative,0,negative,negative
Citizen Digital (via Google News),Modi vows punishment for exam fraud fuelling India protests - Citizen Digital,"Thu, 23 Jul 2026 04:51:58 GMT",https://news.google.com/rss/articles/CBMioAFBVV95cUxOTHVUS3hrSlFaWkNnalN4bGRqUW1MQmc1S09sYzB2bS1IeE5TUThLQVZGWndfcmdScVEzRDNIZTk1MEl6a29YaHQtS0I1WUw3Nmh6c21Hd1ZPcDBxSWQzbmMyTWVQUHZkU3Q2M0pfNDFQVU9NT1lFMkdxU3pMVGxvSGt6Y0s5XzJJVk5GREN0TmtjaG1oWjl3dzJDSGRUZkhq?oc=5,negative,0,negative,negative
Citizen Digital (via Google News),KMPDU threatens nationwide doctors' strike over delayed salary adjustments - Citizen Digital,"Wed, 22 Jul 2026 14:42:43 GMT",https://news.google.com/rss/articles/CBMiswFBVV95cUxOZUN4RmNTdVc5Zy03bHZIYUFlOHpNbDVaYnZHb2lFUUg5MXJwU1FOLXFfWmlMclgzUWlsWHY4ZW5VRXpOZUdrdFZvZmhCMGZYeGMyTGdpUDRVOFFVeFowLTk1OTJXRkx0OHFRQ3pDcTFtaWItb1NQWHRqaVFHNEFZLThuWnNJNmpSRzB0aDA4WkJZcUVHUm5BWlp3dUNDeHVCdUdmLTMyRFF1c0VVcFdDUUF3OA?oc=5,negative,0,negative,negative
K24,Spanish star Gavi opposes calls to ban Argentina’s Paredes after chaotic World Cup final,"Thu, 23 Jul 2026 04:07:55 +0000",https://k24.digital/sports/world-cup/spanish-star-gavi-opposes-calls-to-ban-argentinas-paredes-after-chaotic-world-cup-final,negative,0,negative,negative
Kenya News Agency,Five miners killed after gold mine collapses in Trans Mara South,"Thu, 23 Jul 2026 08:44:27 +0000",https://www.kenyanews.go.ke/five-miners-killed-after-gold-mine-collapses-in-trans-mara-south/,negative,0,negative,negative
Capital FM Kenya,Kuria challenges Gachagua to produce evidence linking him to Ol Kalou poll violence,"Thu, 23 Jul 2026 17:38:29 +0000",https://capitalfm.africa/kuria-challenges-gachagua-to-produce-evidence-linking-him-to-ol-kalou-poll-violence/,negative,0,negative,negative
Capital FM Kenya,"Judge revokes Obado’s bond after murder conviction, orders pre-sentence reports","Thu, 23 Jul 2026 13:23:13 +0000",https://capitalfm.africa/judge-revokes-obados-bond-after-murder-conviction-orders-pre-sentence-reports/,negative,0,positive,positive
Capital FM Kenya,"Court convicts Obado, Oyamo and Obiero over Sharon Otieno murder","Thu, 23 Jul 2026 12:26:53 +0000",https://capitalfm.africa/court-convicts-obado-oyamo-and-obiero-over-sharon-otieno-murder/,negative,0,negative,negative
NTV Kenya,"Guilty: Ex-Governor Obado, two others convicted of Sharon Otieno’s murder","Thu, 23 Jul 2026 12:27:57 +0000",https://ntvkenya.co.ke/news/guilty-ex-governor-obado-two-others-convicted-of-sharon-otienos-murder/,negative,0,negative,negative
Citizen Digital (via Google News),"Ex-Migori Governor Obado, co-accused found guilty of Sharon Otieno's murder - Citizen Digital","Thu, 23 Jul 2026 12:34:52 GMT",https://news.google.com/rss/articles/CBMiswFBVV95cUxOZnN2QnoyUjhScmZ1aE92elBVbnZKd2dwRWM3eVpGTjdlQTR3QlJQeDRwNkJfODVqZGl2NFRwZkxHOGQ1aUx5N0pwVjRHTGc2b1ZHajhXZ0hsV3FHRGJjRVFVTXU3dkNUT2pUNDdjZ2ZxZlIxQU1jYTRlanVBZWtGVVdJT3Z6NnJZa1doNXAwRllfcDYwZnBhOWMxMWFPdUZ0MWpsNk1LeWkyaGRFUVNwdEZPZw?oc=5,negative,0,negative,negative
Citizen Digital (via Google News),"Sharon Otieno murder case: Obado, co-accused placed in police custody as bond cancelled after conviction - Citizen Digital","Thu, 23 Jul 2026 13:30:29 GMT",https://news.google.com/rss/articles/CBMi2gFBVV95cUxPTFE5eGQyUXozU1hnRF9hX2plakQtSXNhX1J6Z01GQXdKUVFOZ1oyVEdXdHBBMG5CYXpaNTNRa3hqZkI2SE1UWU00NGN3ckV2N2J4a2FNYlV5aTZDWlRaeHVCdUlCYnJqOTRKYURfa2NLZmpfdWZENk93VWpiWmFrbkRwa3hUcUpBV2R6SURxeE85cjhyZEl6aTluLUU1ZUVwLTV3eHNnRzR2MXlrMnpWZERiZUlFaDJvRmowRl9QMm5qSm5xd0Q5cmV2Y3BOQW0wb25OT0p3X0U3dw?oc=5,negative,0,negative,negative
Citizen Digital (via Google News),Moses Kuria fires back at Gachagua over Ol Kalou violence allegations - Citizen Digital,"Thu, 23 Jul 2026 14:36:05 GMT",https://news.google.com/rss/articles/CBMirgFBVV95cUxOZUNDUE8wZExodGYyUTZVSlhiaXNIbXhnZ3NxVVI2eTVoMzlwQWpSS2EtbWl3MGhqYXRsZW82VVgwQUJIM3E4NWc5UE44blNXc0g2SFNnenY3RkNFOU9PYV9BLS0tbWdpbnRLQ1NwbnVCWWhPS2oyU3BIMngyclRIakpzU0ktUHRnR0lLbFk3c0Z2Ylpxc29WZUtVajhyN2NHRWszMHpCc2ZDTG1fVmc?oc=5,negative,0,negative,negative
Citizen Digital (via Google News),"Death toll from Venezuela earthquakes increases to 5,398 - Citizen Digital","Thu, 23 Jul 2026 04:53:08 GMT",https://news.google.com/rss/articles/CBMimwFBVV95cUxNZU5aV2dWOTBjOGNQcUxmNUhSdTZMMVJmeDlsMFpMXzNVbk53cm1yUXkxWFpJNWF6SkozbjA5N2pEcTVYelpDTVNIZkQ5WTdIdVptZkl0cjV0U3VLeGo4eG42UW8yNGpKdXk3RUZPYkJxQnFZVEo1WGY4cFpkVHhrTHVYc2Nic1pTd2N3RTRxY0tWbWFYUmttbzZ5QQ?oc=5,negative,0,negative,negative
K24,Mosiria calls for ban on healthcare workers using personal phones while on duty,"Thu, 23 Jul 2026 19:21:50 +0000",https://k24.digital/entertainment/celebrity/mosiria-calls-for-ban-on-healthcare-workers-using-personal-phones-while-on-duty,negative,0,negative,negative
K24,"Night Shift Crisis: When Kenya’s youth need help most, the health system is asleep","Thu, 23 Jul 2026 15:48:01 +0000",https://k24.digital/lifestyle/mental-wellnes/night-shift-crisis-when-kenyas-youth-need-help-most-the-health-system-is-asleep,negative,0,negative,negative
K24,Okoth Obado conviction: The rise and fall of former Migori governor,"Thu, 23 Jul 2026 15:02:27 +0000",https://k24.digital/news/okoth-obado-criminal-conviction-the-rise-and-fall-of-former-migori-governor,negative,0,negative,negative
K24,Court remands Obado and 2 others pending sentencing in Sharon Otieno murder case,"Thu, 23 Jul 2026 13:13:48 +0000",https://k24.digital/news/court-remands-obado-and-2-others-pending-sentencing-in-sharon-otieno-murder-case,negative,0,negative,negative
K24,Former Migori governor Okoth Obado found guilty of Sharon Otieno’s murder,"Thu, 23 Jul 2026 12:24:37 +0000",https://k24.digital/news/former-migori-governor-okoth-obado-found-guilty-of-sharon-otienos-murder,negative,0,negative,negative
K24,Boda boda procession brings Ol Kalou to standstill as riders honour men killed during by-election,"Thu, 23 Jul 2026 12:12:56 +0000",https://k24.digital/entertainment/events/boda-boda-procession-brings-ol-kalou-to-standstill-as-riders-honour-men-killed-during-by-election,negative,0,negative,negative
KBC,"Court finds Obado, co-accused guilty in Sharon Otieno murder case","Thu, 23 Jul 2026 16:00:24 +0000",https://www.kbc.co.ke/court-finds-obado-co-accused-guilty-in-sharon-otieno-murder-case/,negative,0,negative,negative
Kenyans.co.ke,Tragedy as Student Kills Classmate After Dispute at School,2026-07-24T11:51:26+0300,https://www.kenyans.co.ke/news/125559-grade-9-student-arrested-over-alleged-killing-classmate-migori,negative,0,negative,negative
Citizen Digital (via Google News),Preacher's road crash prophecy triggers confrontation in Embu - Citizen Digital,"Sat, 25 Jul 2026 07:03:54 GMT",https://news.google.com/rss/articles/CBMinAFBVV95cUxPczlmSF96Zmc3OGFoVkpxbmVaanBXa2pnaG5rcXk2eU9jYlZEYWZsZWRqeXNLYmRkZWpOMmVyTWd4SldydlIyTWVNcDNKUU1QOFZzY3diZEN2c2NyY20xeHRwMXJ1eFZqaU9DdGt2OEx3UXpsMGdNdDZRVWhaUkwyYzl3U1ZIYUdRc253R2stM3Qxc01od2c0QlA3OFI?oc=5,negative,0,negative,negative
Citizen Digital (via Google News),Grade 9 student arrested for allegedly killing classmate in Migori - Citizen Digital,"Fri, 24 Jul 2026 05:22:44 GMT",https://news.google.com/rss/articles/CBMiqgFBVV95cUxNODJWcUU4OXhfUU5wR2tpTzZUYV8zSkctMUtkcHNJUWZnNjdKR2ZiODNtUWVGakJlMjYycWx6SE0wV0VQM1hkNy0xQ2hrUURTSzdkSXA1aUx2bGtUNjg2eVdSNF9lc05mR0lfY2d0TUx3c0dXc0VqUmw3SzMxMmx0LVYyMTUtMlF6cWREZXp6YVBwcElESFpPcU5jZ1JFdExkeWFGdG84b3EwUQ?oc=5,negative,0,negative,negative
Citizen Digital (via Google News),'You are organising Mungiki... We will deal with you!' Murkomen goes after Gachagua in fiery attack - Citizen Digital,"Fri, 24 Jul 2026 14:27:05 GMT",https://news.google.com/rss/articles/CBMizgFBVV95cUxNN2V0ekpTR1M4SUY5UVhzOWd4Y0pqWU1nZDRzSG9sb0pBVlFPNVRaejlLOG12bklicVdZY0FCSFBWWmdOZ0ZGVjRfRVpudlg1enp3djBPdzc3UTRfT1VoMGFFVUN1eEt1R1VuODBUUGIwUnVnSXFleDN4Mi1fUmk5Qll3dVB0SlQ2Y09BTWdEZEZKUHZ3bzVPZ0JTbklwTkpnR19mbm14SHJEcUxQSVp0UnFUcjQxRVdqTE80NzBmNW1ZSVdhOUdCTUtRTFBSZw?oc=5,negative,0,negative,negative
Citizen Digital (via Google News),FDI warns against illegal dental practice as Kenya death exposes risks of unlicensed treatment - Citizen Digital,"Fri, 24 Jul 2026 10:44:42 GMT",https://news.google.com/rss/articles/CBMizwFBVV95cUxPS2FvV2V2a1FIS2xhZ2R5S2NmeG11TXVxNGgydkd5ZDhidFYtZWJ6bkh0Yy1XdE5Qb0IxU0QtdUM0TUhRVnBDZ0czcjJiY1loRk9RZW9leXNueWsxcmZkVmZTZExvSzFMOVRHTWVCcHQxVm11aFRiY3E0NWF6ZktDQmlhWkN2eTZvaVM3alRoUHVHWUl3Z05zbmZXcXVDZzhGZkpaVWgxRFhlTUt5ZkFDU3Z3Vl9WY0ctaUlSaHk4Nkd4SnFtUTktTmhkUlNha00?oc=5,negative,0,negative,negative
K24,Sean ‘Diddy’ faces solitary confinement after being involved in prison fight,"Sat, 25 Jul 2026 09:02:48 +0000",https://k24.digital/entertainment/celebrity/sean-diddy-faces-solitary-confinement-after-being-involved-in-prison-fight,negative,0,negative,negative
The Star,"ChatGPT medical advice brought man 'to brink of death', lawsuit alleges",,https://www.the-star.co.ke/news/world/2026-07-23-chatgpt-medical-advice-brought-man-to-brink-of-death-lawsuit-alleges,negative,0,negative,negative
The Star,Houthi attacks raise fears of wider Middle East conflictThe Iran-backed group in Yemen has threatened to target Saudi vessels in a vital shipping route.,,https://www.the-star.co.ke/news/world/2026-07-23-houthi-attacks-raise-fears-of-wider-middle-east-conflict-and-more-global-economic-damage,negative,0,negative,negative
The Star,"'I am still alive': Indian activist on hunger strike for 26 days loses 11kgThe activist has grown increasingly frail, concerns over his health have mounted",,https://www.the-star.co.ke/news/world/2026-07-23-i-am-still-alive-indian-activist-on-hunger-strike-for-26-days-loses-11kg,negative,0,negative,negative
The Star,Houthis claim attack on oil tankers as US launches more strikesIranian state media said two people had been killed in the US strikes on Wednesday,,https://www.the-star.co.ke/news/world/2026-07-23-houthis-claim-attack-on-oil-tankers-as-us-launches-more-strikes,negative,0,negative,negative
The Star,Wreckage of Pan Am plane that shaped aviation safety found 74 years onThe deaths of 52 people on the Clipper Endeavor led to the introduction of mandatory pre-flight safety briefings.,,https://www.the-star.co.ke/news/world/2026-07-22-wreckage-of-pan-am-plane-that-shaped-aviation-safety-found-74-years-on,negative,0,negative,negative
The Star,"Many feared dead in another Nigeria boat disasterLast month, a boat accident on the River Benue in central Nigeria claimed the lives of 12 people.",,https://www.the-star.co.ke/news/africa/2026-07-21-many-feared-dead-in-another-nigeria-boat-disaster-but-why-do-they-keep-happening,negative,0,negative,negative
The Star,Eight die in crush at Burundi preacher's gatheringProminent Burundian preacher Chris Ndikumana was appearing at the event attended by thousands of people.,,https://www.the-star.co.ke/news/africa/2026-07-20-eight-die-in-crush-at-burundi-preachers-gathering,negative,0,negative,negative
The Star,Uganda's Gen Moses Ali dies at 87Museveni announced that Ali died at Nakasero Hospital at 4 pm.,,https://www.the-star.co.ke/news/africa/2026-07-18-ugandas-gen-moses-ali-dies-at-87,negative,0,negative,negative
The Star,Second tanker hijacked off Yemen by suspected Somali piratesThere have also been several unsuccessful attacks in a region where piracy appears to be making a comeback.,,https://www.the-star.co.ke/news/africa/2026-07-18-second-tanker-hijacked-off-yemen-by-suspected-somali-pirates,negative,0,negative,negative
The Star,"Uganda suspends school trips after 20 pupils die in bus crashDozens of others, including staff, were injured in the accident",,https://www.the-star.co.ke/news/africa/2026-07-18-uganda-suspends-school-trips-after-20-pupils-die-in-bus-crash,negative,0,negative,negative
The Star,Ghana TikToker jailed after sharing false news about the presidentCamilla Alhassan alleged without evidence the president had conducted a ritual to help win an election.,,https://www.the-star.co.ke/news/africa/2026-07-17-ghana-tiktoker-jailed-after-sharing-false-news-about-the-president-1,negative,0,negative,negative
The Star,"Suspended school boss in frantic pleas to state honcho for helpInsiders, however, say the senior official is grappling with his own political uncertainty.",,https://www.the-star.co.ke/news/corridors-of-power/2026-07-20-suspended-school-boss-in-frantic-pleas-to-state-honcho-for-help,negative,0,negative,negative
The Star,Man collapses and dies in Nairobi CBDThe scene was processed and documented even as the body was moved to the City mortuary.,,https://www.the-star.co.ke/news/news-brief/2024-10-15-man-collapses-and-dies-in-nairobi-cbd,negative,0,negative,negative
The Star,Tragedy as 28-year-old woman hacked to death in KisiiThe body was moved to Kisii Teaching and Referral Hospital mortuary awaiting postmortem.,,https://www.the-star.co.ke/news/news-brief/2024-10-14-tragedy-as-28-year-old-woman-hacked-to-death-in-kisii,negative,0,negative,negative
The Star,Three arrested for allegedly producing counterfeit alcoholDCI said the three were arrested in a godown in Nakuru,,https://www.the-star.co.ke/news/news-brief/2024-10-11-three-arrested-for-allegedly-producing-counterfeit-alcohol,negative,0,negative,negative
The Star,Tragedy as two teens die by suicide in Busia and NyamiraPolice say the teens were aged 16 and 14 respectively.,,https://www.the-star.co.ke/news/news-brief/2024-10-11-tragedy-as-two-teens-die-by-suicide-in-busia-and-nyamira,negative,0,negative,negative
The Star,Residents protest Kaptagat Forest fence vandalism,,https://www.the-star.co.ke/counties/rift-valley/2026-07-23-protests-in-elgeyo-marakwet-after-vandalism-of-part-of-electric-fence-erected-by-kfs-around-kaptagat-forest,negative,0,negative,negative
The Star,"4.1 million Kenyans facing hunger as Africa becomes world's hungriest region, UN report saysKenya continues to battle worsening food insecurity driven by recurrent droughts, erratic rainfall, floods, conflict, disease outbreaks and displacement",,https://www.the-star.co.ke/counties/nairobi/2026-07-23-41-million-kenyans-facing-hunger-as-africa-becomes-worlds-hungriest-region-un-report-says,negative,0,negative,negative
The Star,"UNEP report lists Kenya among countries grappling with air pollutionMore than 26,000 Kenyans die every year due to household air pollution",,https://www.the-star.co.ke/counties/nairobi/2026-07-22-unep-report-lists-kenya-among-countries-grappling-with-air-pollution,negative,0,negative,negative
The Star,"Construction worker dies, one injured after trench collapses",,https://www.the-star.co.ke/counties/central/2026-07-23-construction-worker-dies-one-injured-after-trench-collapses,negative,0,negative,negative
The Star,Woman dies following alleged domestic assault in Homa BayThe husband surrendered to the local police,,https://www.the-star.co.ke/counties/nyanza/2026-07-21-woman-dies-following-alleged-domestic-assault-in-homa-bay,negative,0,negative,negative
The Star,Senators demand clarity on Sh2bn payout plan for protest victimsVihiga Senator Godfrey Osotsi and Nairobi Senator Edwin Sifuna raised questions over the programme’s implementation,,https://www.the-star.co.ke/counties/nyanza/2026-07-16-senators-demand-clarity-on-sh2bn-payout-plan-for-protest-victims,negative,0,negative,negative
The Star,"Savula, Khalwale clash over support for SifunaSavula asked Khalwale to stop wasting his time on opposition politics because the die is already cast",,https://www.the-star.co.ke/counties/western/2026-07-20-savula-khalwale-clash-over-support-for-sifuna,negative,0,negative,negative
The Star,"Man, 41, dies after falling from avocado treePolice who visited the scene said the man lost his footing and fell, dying on the spot",,https://www.the-star.co.ke/counties/eastern/2026-07-21-man-41-dies-after-falling-from-avocado-tree-in-tharaka-nithi-county,negative,0,negative,negative
The Star,Village tombs? Time to stop ongoing celestial land grabThe dead have no business locking our valuable agricultural or commercial properties for eternity,,https://www.the-star.co.ke/opinion/columnists/2026-07-23-village-tombs-time-to-stop-ongoing-celestial-land-grab,negative,0,negative,negative
The Star,Attack on journalist: Do not shoot the messengerKenya's democracy cannot survive if journalists must wear helmets instead of press badges,,https://www.the-star.co.ke/opinion/leader/2026-07-18-attack-on-journalist-do-not-shoot-the-messenger,negative,0,negative,negative
The Star,"KANYADUDI: Economic development requires political stabilityRoutine protests cause disruption, death and injury, crime and property destruction.",,https://www.the-star.co.ke/siasa/2026-07-19-kanyadudi-economic-development-requires-political-stability,negative,0,negative,negative
NTV Kenya,Authorities ban Ol Kalou rallies past 6pm after violence,,https://ntvkenya.co.ke/news/authorities-ban-ol-kalou-rallies-past-6pm-after-violence/,negative,0,negative,negative
NTV Kenya,26 Kenyans repatriated as anti-immigrant protests erupt in South Africa,,https://ntvkenya.co.ke/news/26-kenyans-repatriated-as-anti-immigrant-protests-erupt-in-south-africa/,negative,0,negative,negative
NTV Kenya,What is behind South Africa’s anti-immigrant protests?,,https://ntvkenya.co.ke/news/what-is-behind-south-africas-anti-immigrant-protests/,negative,0,negative,negative
NTV Kenya,"Gen Z protests: Two years on, IPOA and DPP on the spot over justice",,https://ntvkenya.co.ke/news/gen-z-protests-two-years-on-ipoa-and-dpp-on-the-spot-over-justice/,negative,0,negative,negative
NTV Kenya,United Opposition calls for protest at police headquarters,,https://ntvkenya.co.ke/politics/united-opposition-call-for-demonstrations-at-police-headquarters/,negative,0,negative,negative
NTV Kenya,CCTV reveals new twists in fatal crash that killed Jirongo,,https://ntvkenya.co.ke/news/cctv-reveals-new-twists-in-fatal-crash-that-killed-jirongo/,negative,0,negative,negative
NTV Kenya,Jirongo’s family demands swift probe into fatal crash amid foul play...,,https://ntvkenya.co.ke/news/jirongos-family-demands-swift-probe-into-fatal-crash-amid-foul-play-claims/,negative,0,negative,negative
NTV Kenya,Former Lugari MP Cyrus Jirongo dies in a road crash,,https://ntvkenya.co.ke/news/former-lugari-mp-cyrus-jirongo-dies-in-a-road-crash/,negative,0,negative,negative
NTV Kenya,Bobi Wine runs to regional courts over Uganda poll violence,,https://ntvkenya.co.ke/politics/bobi-wine-runs-to-regional-courts-over-uganda-poll-violence/,negative,0,negative,negative
NTV Kenya,Nigeria’s defence minister quits as government faces rising violence,,https://ntvkenya.co.ke/news/nigerias-defence-minister-quits-as-government-faces-rising-violence/,negative,0,negative,negative
NTV Kenya,Raila’s sister Beryl Achieng dies in Nairobi,,https://ntvkenya.co.ke/news/railas-sister-beryl-achieng-dies-in-nairobi/,negative,0,negative,negative
NTV Kenya,Ex-Bangladesh leader sentenced to death for brutal crackdown on...,,https://ntvkenya.co.ke/news/ex-bangladesh-leader-sentenced-to-death-for-lethal-crackdown-on-anti-government-protesters/,negative,0,negative,negative
NTV Kenya,Bangladesh’s ousted PM Hasina convicted in students crackdown case,,https://ntvkenya.co.ke/news/bangladeshs-ousted-pm-hasina-convicted-in-students-crackdown-case/,negative,0,negative,negative
NTV Kenya,"Turkish prosecutor seeks 2,000 years for jailed opposition mayor",,https://ntvkenya.co.ke/news/turkish-prosecutor-seeks-2000-years-for-jailed-opposition-mayor/,negative,0,negative,negative
NTV Kenya,Isiolo South MP Bidu Mohamed Tubi dies at Nairobi Hospital,,https://ntvkenya.co.ke/news/isiolo-south-mp-bidu-mohamed-tubi-dies-at-nairobi-hospital/,negative,0,negative,negative
NTV Kenya,"UN believes hundreds killed in Tanzania polls unrest, bodies reportedly...",,https://ntvkenya.co.ke/news/un-believes-hundreds-killed-in-tanzania-polls-unrest-bodies-reportedly-hidden/,negative,0,negative,negative
NTV Kenya,Tanzania police arrest senior opposition party official after deadly...,,https://ntvkenya.co.ke/news/tanzania-police-arrest-senior-opposition-party-official-after-deadly-protests/,negative,0,negative,negative
NTV Kenya,Tanzania charges 98 people with treason over election protests,,https://ntvkenya.co.ke/news/tanzania-charges-98-people-with-treason-over-election-protests/,negative,0,negative,negative
NTV Kenya,Politics and power: Raila Odinga’s death reshapes 2027 political...,,https://ntvkenya.co.ke/news/politics-and-power-raila-odingas-death-reshapes-2027-political-alliances/,negative,0,negative,negative
Citizen Digital,News•4 minutes agoAviation workers issue seven-day strike notice over labour disputesBy Jasmine Wambui,,https://citizen.digital/article/aviation-workers-issue-seven-day-strike-notice-over-labour-disputes-n387021,negative,0,negative,negative
Citizen Digital,4 hours agoMoses Kuria fires back at Gachagua over Ol Kalou violence allegationsBy Kenneth GachieKuria dismissed Gachagua's latest claims linking him to electoral chaos and the hiring of goons during the recently concluded by-elections. The former Ruto adviser...Read More,,https://citizen.digital/article/moses-kuria-fires-back-at-gachagua-over-ol-kalou-violence-allegations-n386986,negative,0,negative,negative
Citizen Digital,"5 hours agoSharon Otieno murder case: Obado, co-accused placed in police custody as bond cancelled after convictionBy Dzuya WalterThe court hence directed that the accused persons be remanded to police custody until after 21 days when the matter shall be mentioned again to confirm compliance with orders.Judge Cecilia Githua had...Read More",,https://citizen.digital/article/sharon-otieno-murder-case-obado-co-accused-placed-in-police-custody-as-bond-cancelled-after-conviction-n386985,negative,0,negative,negative
Citizen Digital,"Sharon Otieno murder: Ex-Governor Obado, two co-accused to know their fate today",,https://citizen.digital/article/sharon-otieno-murder-ex-governor-obado-two-others-to-know-their-fate-today-n386917,negative,0,negative,negative
Citizen Digital,"France records over 5,700 excess deaths in June heatwave",,https://citizen.digital/article/france-records-over-5700-excess-deaths-in-june-heatwave-n386919,negative,0,negative,negative
Citizen Digital,"Death toll from Venezuela earthquakes increases to 5,398",,https://citizen.digital/article/death-toll-from-venezuela-earthquakes-increases-to-5398-n386948,negative,0,negative,negative
Citizen Digital,From political titan to convicted killer: The rise and fall of Okoth Obado,,https://citizen.digital/article/from-political-titan-to-convicted-killer-the-rise-and-fall-of-okoth-obado-n387010,negative,0,negative,negative
Citizen Digital,Influencer Andrew Tate and brother arrested in Miami,,https://citizen.digital/article/influencer-andrew-tate-and-brother-arrested-in-miami-1-n386736,negative,0,negative,negative
Citizen Digital,Kisumu: Man stabbed to death after relief food distribution exercise in Nyando,,https://citizen.digital/article/kisumu-man-stabbed-to-death-after-relief-food-distribution-exercise-in-nyando-n386945,negative,0,negative,negative
Citizen Digital,Homa Bay: Man killed by hippo in shocking attack on his way home,,https://citizen.digital/article/homa-bay-man-killed-by-hippo-in-shocking-attack-on-his-way-home-n386731,negative,0,negative,negative
The Standard,DPP hails Obado murder conviction,,https://www.standardmedia.co.ke/national/article/2001553594/dpp-hails-obado-murder-conviction,negative,0,negative,negative
The Standard,Why nurses are threatening a nationwide strike from July 29,,https://www.standardmedia.co.ke/national/article/2001553571/why-nurses-are-threatening-a-nationwide-strike-from-july-29,negative,0,negative,negative
The Standard,45 pedestrians charged in fresh NTSA crackdown,,https://www.standardmedia.co.ke/national/article/2001553554/45-pedestrians-charged-in-fresh-ntsa-crackdown,negative,0,negative,negative
The Standard,Airport disruption looms as aviation workers hold firm on strike,,https://www.standardmedia.co.ke/national/article/2001553548/airport-disruption-looms-as-aviation-workers-hold-firm-on-strike,negative,0,negative,negative
The Standard,DCI arrests prime suspect in TUK don murder,,https://www.standardmedia.co.ke/national/article/2001553529/dci-arrests-prime-suspect-in-tuk-don-murder,negative,0,negative,negative
The Standard,Life in prison for Minnesota man who killed state lawmaker,,https://www.standardmedia.co.ke/world/article/2001553623/life-in-prison-for-minnesota-man-who-killed-state-lawmaker,negative,0,negative,negative
The Standard,"Fire guts dormitory at Lugulu Boarding Comprehensive School, displacing 350 pupils",,https://www.standardmedia.co.ke/western/article/2001553570/fire-guts-dormitory-at-lugulu-boarding-comprehensive-school-displacing-350-pupils,negative,0,negative,negative
The Standard,Health services disrupted as Kakamega health workers strike,,https://www.standardmedia.co.ke/western/article/2001553547/health-services-disrupted-as-kakamega-health-workers-strike,negative,0,negative,negative
The Standard,Five killed as gold mine tunnel collapses in Narok,,https://www.standardmedia.co.ke/rift-valley/article/2001553467/five-killed-as-gold-mine-tunnel-collapses-in-narok,negative,0,negative,negative
The Standard,"Protest over insecurity after Isiolo businesswoman is killed, rider injured",,https://www.standardmedia.co.ke/eastern/article/2001553453/protest-over-insecurity-after-isiolo-businesswoman-is-killed-rider-injured,negative,0,negative,negative
The Standard,Suspect on the run after killing two colleagues,,https://www.standardmedia.co.ke/central/article/2001553428/suspect-on-the-run-after-killing-two-colleagues,negative,0,negative,negative
The Standard,"Karamoja, Turkana pastoralists stare at water crisis as Kobebe dam runs dry",,https://www.standardmedia.co.ke/rift-valley/article/2001553380/karamoja-turkana-pastoralists-stare-at-water-crisis-as-kobebe-dam-runs-dry,negative,0,negative,negative
The Standard,"'Let investigators do their work,' Mwaura says on Ol Kalou  rape claims",,https://www.standardmedia.co.ke/central/article/2001553350/let-investigators-do-their-work-mwaura-says-on-ol-kalou-rape-claims,negative,0,neutral,neutral
The Standard,Alcohol related deaths jerk Kiambu leadership into action,,https://www.standardmedia.co.ke/central/article/2001553321/alcohol-related-deaths-jerk-kiambu-leadership-into-action,negative,0,negative,negative
The Standard,Malindi village elder killed over alleged illicit affair,,https://www.standardmedia.co.ke/coast/article/2001553296/malindi-village-elder-killed-over-alleged-illicit-affair,negative,0,negative,negative
The Standard,20 fishermen arrested over illegal fishing in Lake Victoria,,https://www.standardmedia.co.ke/nyanza/article/2001553290/20-fishermen-arrested-over-illegal-fishing-in-lake-victoria,negative,0,negative,negative
The Standard,"Sri Lanka warns of drought, floods from El Nino",,https://www.standardmedia.co.ke/asia/article/2001553540/sri-lanka-warns-of-drought-floods-from-el-nino,negative,0,negative,negative
The Standard,"Tokyo reports most heat-related hospitalisations since 2010, one dead",,https://www.standardmedia.co.ke/europe/article/2001553537/tokyo-reports-most-heat-related-hospitalisations-since-2010-one-dead,negative,0,negative,negative
The Standard,"Over 1,000 deaths recorded in Ebola outbreak in DRC, Uganda: WHO",,https://www.standardmedia.co.ke/africa/article/2001553495/over-1000-deaths-recorded-in-ebola-outbreak-in-drc-uganda-who,negative,0,negative,negative
The Standard,India's 'Cockroach' movement vows to protest until education minister resigns,,https://www.standardmedia.co.ke/world/article/2001553328/indias-cockroach-movement-vows-to-protest-until-education-minister-resigns,negative,0,negative,negative
The Standard,Indian police fire tear gas at exam protesters in capital,,https://www.standardmedia.co.ke/asia/article/2001553279/indian-police-fire-tear-gas-at-exam-protesters-in-capital,negative,0,negative,negative
The Standard,Doctors threaten nationwide strike over delayed salary adjustments,,https://www.standardmedia.co.ke/health/health-science/article/2001553471/doctors-threaten-nationwide-strike-over-delayed-salary-adjustments,negative,0,negative,negative
The Standard,DRC Ebola deaths top 900 as WHO warns outbreak is outpacing response,,https://www.standardmedia.co.ke/health/health-science/article/2001553278/drc-ebola-deaths-top-900-as-who-warns-outbreak-is-outpacing-response,negative,0,negative,negative
The Standard,"Marsabit drought: Even adults are malnourished, we're waiting on God",,https://www.standardmedia.co.ke/health/nutrition-wellness/article/2001444213/marsabit-drought-even-adults-are-malnourished-were-waiting-on-god,negative,0,negative,negative
The Standard,Killing the mood: How smartphones are reducing birth rate,,https://www.standardmedia.co.ke/health/reproductive-health/article/2001549867/killing-the-mood-how-smartphones-are-reducing-birth-rate,negative,0,negative,negative
The Standard,Father of five dies by suicide in Naivasha,,https://www.standardmedia.co.ke/health/mental-health/article/2001552776/father-of-five-dies-by-suicide-in-naivasha,negative,0,negative,negative
The Standard,"Giant of the game: Liverpool and England legend Keegan dies aged 75Former Liverpool and England star Kevin Keegan has died aged 75 after battling cancer, his family announced on Monday.",,https://www.standardmedia.co.ke/sports/football/article/2001553332/giant-of-the-game-liverpool-and-england-legend-keegan-dies-aged-75,negative,0,negative,negative
The Standard,Teen dies during Spain World Cup celebrations,,https://www.standardmedia.co.ke/sports/football/article/2001553294/teen-dies-during-spain-world-cup-celebrations,negative,0,negative,negative
The Standard,"Toxic patient? Mystery of Gloria Ramirez, woman who made doctors collapse mid-surgery",,https://www.standardmedia.co.ke/flashback/article/2001553567/toxic-patient-mystery-of-gloria-ramirez-woman-who-made-doctors-collapse-mid-surgery,negative,0,negative,negative
The Standard,Westlands robbery suspects arrested after dramatic sixth-floor escape bid failed,,https://www.standardmedia.co.ke/news/article/2001553358/westlands-robbery-suspects-arrested-after-dramatic-sixth-floor-escape-bid-failed,negative,0,negative,negative
The Standard,Uganda's oldest MP Gen Moses Ali dies aged 87,,https://www.standardmedia.co.ke/news/article/2001553198/ugandas-oldest-mp-gen-moses-ali-dies-aged-87,negative,0,negative,negative
The Standard,"Brenda Fricker, Oscar-winning actress and beloved 'Home Alone 2' Pigeon Lady, dies at 81",,https://www.standardmedia.co.ke/news/article/2001553132/brenda-fricker-oscar-winning-actress-and-beloved-home-alone-2-pigeon-lady-dies-at-81,negative,0,negative,negative
The Standard,ESPN analyst Ryan Clark fired mid-broadcast in sweeping network layoffs,,https://www.standardmedia.co.ke/Sports/article/2001553441/espn-analyst-ryan-clark-fired-mid-broadcast-in-sweeping-network-layoffs,negative,0,negative,negative
The Standard,Ronaldo sparks controversy after liking video accusing FIFA of corruption,,https://www.standardmedia.co.ke/Sports/article/2001553427/ronaldo-sparks-controversy-after-liking-video-accusing-fifa-of-corruption,negative,0,negative,negative
The Standard,PS Inyangala admits crisis in university funding model,,https://www.standardmedia.co.ke/education/article/2001552989/ps-inyangala-admits-crisis-in-university-funding-model,negative,0,negative,negative
The Standard,MPs warn delayed capitation is driving institutions into financial crisis,,https://www.standardmedia.co.ke/education/article/2001552919/mps-warn-delayed-capitation-is-driving-institutions-into-financial-crisis,negative,0,negative,negative
The Standard,"TVET enrolment drops by 213,000 as funding crisis deepens",,https://www.standardmedia.co.ke/education/article/2001552886/tvet-enrolment-drops-by-213000-as-funding-crisis-deepens,negative,0,negative,negative
The Standard,How corruption is bleeding schools,,https://www.standardmedia.co.ke/education/article/2001552579/how-corruption-is-bleeding-schools,negative,0,negative,negative
The Standard,Food crisis looms as dry spell wipes out maize crop,,https://www.standardmedia.co.ke/environment-climate/article/2001552780/food-crisis-looms-as-dry-spell-wipes-out-maize-crop,negative,0,negative,negative
The Standard,Drought devastates maize farms in Western Kenya,,https://www.standardmedia.co.ke/environment-climate/article/2001552462/drought-devastates-maize-farms-in-western-kenya,negative,0,negative,negative
The Standard,Great elephant exodus: Racing Drought Across Northern Kenya,,https://www.standardmedia.co.ke/environment-climate/article/2001551542/great-elephant-exodus-racing-drought-across-northern-kenya,negative,0,negative,negative
The Standard,Kenya's Saba Saba protest tradition,,https://www.standardmedia.co.ke/opinion/article/2001553175/kenyas-saba-saba-protest-tradition,negative,0,negative,neutral
The Standard,Three killed in bizarre road accident,,https://www.standardmedia.co.ke/nairobi/article/2001552574/three-killed-in-bizarre-road-accident,negative,0,negative,negative
The Star,"Teen jailed for exam cheating in Guinea dies after sickle cell complications, father says",,https://www.the-star.co.ke/news/world/2026-07-23-teen-jailed-for-exam-cheating-in-guinea-dies-after-sickle-cell-complications-father-says,negative,0,negative,negative
The Standard,Police officer arrested with 20 Kgs Cannabis,,https://www.standardmedia.co.ke/national/article/2001553627/police-officer-arrested-with-20-kgs-cannabis,negative,0,negative,negative
The Star,Iran-backed Houthis claim missile attack on Saudi ArabiaUS military says it disabled a tanker that was attempting to evade the American blockade on Iranian ports.,,https://www.the-star.co.ke/news/world/2026-07-25-iran-backed-houthis-claim-missile-attack-on-saudi-arabia,negative,0,negative,negative
The Star,"ICC top prosecutor removed over sexual misconduct allegationsElected the ICC's third prosecutor in 2021, Khan was suspended last month",,https://www.the-star.co.ke/news/world/2026-07-25-icc-top-prosecutor-removed-over-sexual-misconduct-allegations,negative,0,negative,negative
The Star,Teenage boy dies after stabbing in Luton as police launch murder probeOne teenage boy has been arrested on suspicion of violent disorder and is in custody for questioning,,https://www.the-star.co.ke/news/world/2026-07-25-teenage-boy-dies-after-stabbing-in-luton-as-police-launch-murder-probe,negative,0,negative,negative
The Star,"US, Iran trade more strikes in Gulf as fears of escalation mountIt comes as Iran condemned the US plan to use frozen Iranian assets to pay for war damages.",,https://www.the-star.co.ke/news/world/2026-07-24-us-iran-trade-more-strikes-in-gulf-as-fears-of-escalation-mount,negative,0,negative,negative
The Star,Renewed concerns as 680 die by suicide in Mt Kenya region,,https://www.the-star.co.ke/counties/central/2026-07-25-renewed-concerns-as-680-die-by-suicide-in-mt-kenya-region,negative,0,negative,negative
The Star,"Commonwealth Games: Rotich out to hurdle past Accra heartbreak in GlasgowAt the continental showpiece in Accra, Ghana, in May, Rotich crashed out in the men's 400m hurdles final after clipping a barrier, eventually crossing the line last in 1:08.56 as his dreams of a place on the podium slipped away.",,https://www.the-star.co.ke/sports/athletics/2026-07-24-commonwealth-games-rotich-out-to-hurdle-past-accra-heartbreak-in-glasgow,negative,0,negative,negative
Citizen Digital,News•7 minutes ago‘Kama wewe ni mwanaume niweke kwa cell!’ Gachagua dares Murkomen to arrest him over Mungiki claimsBy Joseph Muia,,https://citizen.digital/article/kama-wewe-ni-mwanaume-niweke-kwa-cell-gachagua-dares-murkomen-to-arrest-him-over-mungiki-claims-n387103,negative,0,negative,negative
Citizen Digital,4 hours agoTension in Embu after preacher prophesies death of threeBy Anthony NdwigaApostle John Robert of Power of God Church Prophetic Ministry publicly claimed that a road accident along the Riamaciri route would claim the lives of three people.Read More,,https://citizen.digital/article/tension-in-embu-after-preacher-prophesies-death-of-three-n387088,negative,0,negative,negative
Citizen Digital,'You are organising Mungiki... We will deal with you!' Murkomen goes after Gachagua in fiery attack,,https://citizen.digital/article/you-are-organising-mungiki-we-will-deal-with-you-murkomen-goes-after-gachagua-in-fiery-attack-n387060,negative,0,negative,negative
The Standard,"The reality of looming health crisis as CoG, Ministry trade blame",,https://www.standardmedia.co.ke/national/article/2001553612/the-reality-of-looming-health-crisis-as-cog-ministry-trade-blame,negative,0,negative,negative
The Standard,Murkomen deflects criticism over goon violence to Kanja,,https://www.standardmedia.co.ke/national/article/2001553616/murkomen-deflects-criticism-over-goon-violence-to-kanja,negative,0,negative,negative
The Standard,Aviation workers oppose NYS deployment as strike deadline nears,,https://www.standardmedia.co.ke/national/article/2001553617/aviation-workers-oppose-nys-deployment-as-strike-deadline-nears,negative,0,negative,negative
The Standard,Masalani family call for arrest of Reservist after alleged shooting of a herder,,https://www.standardmedia.co.ke/north-eastern/article/2001553625/masalani-family-call-for-arrest-of-reservist-after-alleged-shooting-of-a-herder,negative,0,negative,negative
The Standard,"PremiumArchbishop Harrison Ng'ang'a at centre of affair allegations, accuser lands in jail",,https://www.standardmedia.co.ke/business/newsbeat/article/2001553703/archbishop-harrison-nganga-at-centre-of-affair-allegations-accuser-lands-in-jail,negative,0,negative,negative
The Standard,At least 17 killed in Russian and Ukrainian long-range strikes,,https://www.standardmedia.co.ke/asia/article/2001553649/at-least-17-killed-in-russian-and-ukrainian-long-range-strikes,negative,0,negative,negative
The Standard,Veteran coach Juma Abdallah dies after prolonged illness,,https://www.standardmedia.co.ke/sports/sports/article/2001553641/veteran-coach-juma-abdallah-dies-after-prolonged-illness,negative,0,negative,negative
The Standard,"Archbishop Harrison Ng'ang'a at centre of affair allegations, accuser lands in jail",,https://www.standardmedia.co.ke/newsbeat/article/2001553703/archbishop-harrison-nganga-at-centre-of-affair-allegations-accuser-lands-in-jail,negative,0,negative,negative
The Standard,"TikToker Gee Gee dies after collapsing following night out, fans mourn online",,https://www.standardmedia.co.ke/newsbeat/article/2001553725/tiktoker-gee-gee-dies-after-collapsing-following-night-out-fans-mourn-online,negative,0,negative,negative
The Standard,"Two Nairobi touts charged with assaulting police officer, resisting arrest in Ruaraka",,https://www.standardmedia.co.ke/news/article/2001553709/two-nairobi-touts-charged-with-assaulting-police-officer-resisting-arrest-in-ruaraka,negative,0,negative,negative
The Standard,When easy cash fuels drug crisis among youth,,https://www.standardmedia.co.ke/opinion/article/2001553700/when-easy-cash-fuels-drug-crisis-among-youth,negative,0,negative,negative
World News API,Kenya's decades-long cycle of school fires and unrest: Why do they keep happening?,,,negative,0,negative,negative
World News API,Health Workers' Strike Begins as Counties Fail to Meet Union Demands,,,negative,0,negative,negative
NewsData.io,Three Suspects Arrested Over Westlands Restaurant Robbery as Police Recover Two Pistols,,,negative,0,negative,negative
NewsData.io,Owalo warns against using youth to fuel political violence,,,negative,0,negative,negative
NewsData.io,Three more suspects linked to Chaiiwali café robbery arrested,,,negative,0,negative,negative
NewsData.io,Kanjama: Lawyers can strike despite being essential service providers,,,negative,0,negative,negative
NewsData.io,Prominent Isiolo businesswoman shot dead in robbery near bus stage,,,negative,0,negative,negative
NewsData.io,Tributes Pour In After Former TUM Student Leader Dies Following Medical Emergency,,,negative,0,negative,negative
Currents API,Kenya: Isiolo Businesswoman Shot Dead in Suspected Targeted Attack As Governor Demands Swift Probe,,,negative,0,negative,negative
Capital FM Kenya,"Gachagua dismisses Ruto’s anti-goon order as ‘theatrics,’ claims police-goon alliance is fueling violence",,,negative,0,negative,negative
Capital FM Kenya,"Mother, daughter and son-in-law arrested as DCI busts alleged online sex trafficking ring in Embakasi East",,,negative,0,negative,negative
KBC News,22 charged over footbridge traffic obstruction,,,negative,0,negative,negative
Nairobi Wire,Civil Servants Threaten Historic Nationwide Strike Over New SRC Salary Review,,,negative,0,negative,negative
Nairobi Wire,How Prosecutors Plan to Prove Albert Ojwang’ Was Killed in Custody,,,negative,0,negative,negative
Nairobi Wire,Clinical Officers Begin Nationwide Strike in All 47 Counties,,,negative,0,negative,negative
Nairobi Wire,“You Are a Loser”: Murkomen Slams Gachagua Over Ol Kalou Rape Claims,,,negative,0,negative,negative
Kahawa Tungu,Lawyer arrested over land fraud scandal,,,negative,0,negative,negative
Kahawa Tungu,New documents detail rape charges against the Tate brothers in the UK,,,negative,0,negative,negative
Kahawa Tungu,Police officers arrested for allegedly seeking roadside bribe from Nigeria’s anti-corruption boss,,,negative,0,negative,negative
Kahawa Tungu,"Rights groups condemn violence, journalist attacks during Ol Kalou by-election",,,negative,0,negative,negative
Kahawa Tungu,22 pedestrians charged over blocking traffic at Allsops footbridge,,,negative,0,negative,negative
Kahawa Tungu,India’s ‘cockroach’ protest continues a day after police crackdown,,,negative,0,negative,negative
Ghafla Kenya,Medical Findings Contradict Police Account As Ojwang’s Murder Trial Opens For Former Central OCS & 5 Officers,,,negative,0,negative,negative
Ghafla Kenya,"DCI Launches Probe Into Ol Kalou By-Election Violence, Targets Armed & Hooded Goons",,,negative,0,negative,negative
Airdrie News,Commonwealth Games: Canada claims first gold medal in gymnastics,7/24/2026 21:18,https://www.airdriecityview.com/national-sports/commonwealth-games-canada-claims-first-gold-medal-in-gymnastics-12590973,positive,2,positive,positive
Allafrica Tanzania,"Uganda: AFCON 2027 - A Golden Opportunity for Ugandans to Serve, Earn and Showcase the Nation",7/24/2026 20:41,https://allafrica.com/stories/202607240682.html,positive,2,positive,positive
Ani (asian News International),Merck Foundation marks 'World Assisted Reproductive Technology Day 2026' by providing 800+ Scholarships of Fertility and Reproductive care,7/25/2026 0:00,https://www.aninews.in/news/business/merck-foundation-marks-world-assisted-reproductive-technology-day-2026-by-providing-800-scholarships-of-fertility-and-reproductive-care20260725130502/,positive,2,positive,positive
Business Daily,"Co-founder of first budget airline Fly540 takes a bow, years after failed grand dream","Thu, 23 Jul 2026 14:13:35 GMT",https://www.businessdailyafrica.com/bd/corporate/shipping-logistics/co-founder-of-first-budget-airline-fly540-takes-a-bow-5535498,positive,2,positive,positive
Business Daily,SBM Bank net profit jumps 88pc on lower deposit costs,"Wed, 22 Jul 2026 14:28:48 GMT",https://www.businessdailyafrica.com/bd/corporate/companies/sbm-bank-net-profit-jumps-88pc-on-lower-deposit-costs-5534530,positive,2,positive,positive
Capital FM,12 Startups Get Sh13 Million to Scale Inclusive Education,"Sat, 25 Jul 2026 07:22:29 +0000",https://capitalfm.africa/12-startups-get-sh13-million-to-scale-inclusive-education/,positive,2,positive,positive
Capital FM,"13 East African researchers complete BioInnovate Bootcamp, eye seed funding for innovative ventures","Sat, 25 Jul 2026 10:11:06 +0000",https://capitalfm.africa/13-east-african-researchers-complete-bioinnovate-bootcamp-eye-seed-funding-for-innovative-ventures/,positive,2,negative,negative
Capital FM,KPA wins eight top awards as Kisumu Port cements regional trade hub status,"Sat, 25 Jul 2026 08:55:49 +0000",https://capitalfm.africa/kpa-wins-eight-top-awards-as-kisumu-port-cements-regional-trade-hub-status/,positive,2,positive,positive
Ghanamma,"Kenya’s Elite Sharpshooters Dominate IPSC Championship, Showcasing Nation’s Rising Talent in Practical Shooting",7/24/2026 21:00,https://www.ghanamma.com/2026/07/24/kenyas-elite-sharpshooters-dominate-ipsc-championship-showcasing-nations-rising-talent-in-practical-shooting/,positive,2,positive,positive
K24 Tv,PCEA announces major milestone after receiving five-year tax exemption from KRA,7/24/2026 22:10,https://k24.digital/entertainment/events/pcea-announces-major-milestone-after-receiving-five-year-tax-exemption-from-kra,positive,2,positive,positive
KBC,African football triumph: Continent’s biggest achievements at Globe Cup 2026,"Fri, 24 Jul 2026 15:26:22 +0000",https://www.kbc.co.ke/african-football-triumph-continents-biggest-achievements-at-globe-cup-2026/,positive,2,positive,positive
Kawowo Sports,Commonwealth Games 2026: Brave start for Uganda’s Batte after victory over Nigerian Abdulwahab | Welterweight,7/24/2026 20:19,https://kawowo.com/2026/07/24/commonwealth-games-2026-brave-start-for-ugandas-batte-after-victory-over-nigerian-abdulwahab-welterweight/,positive,2,positive,positive
Kenya News Agency,Campus experience sharpens students’ entrepreneurial skills,"Sat, 25 Jul 2026 07:24:28 +0000",https://www.kenyanews.go.ke/campus-experience-sharpens-students-entrepreneurial-skills/,positive,2,positive,positive
Kenya News Agency,Mombasa embraces RPL to drive economic growth,"Sat, 25 Jul 2026 10:10:02 +0000",https://www.kenyanews.go.ke/mombasa-embraces-rpl-to-drive-economic-growth/,positive,2,positive,positive
Nairobi Wire,All The Hottest Memes in Nairobi This Friday,"Fri, 24 Jul 2026 03:48:56 +0000",https://nairobiwire.com/2026/07/all-the-hottest-memes-in-nairobi-this-friday.html,positive,2,positive,positive
Nairobi Wire,Hilarious Memes in Nairobi This Wednesday,"Wed, 22 Jul 2026 03:48:09 +0000",https://nairobiwire.com/2026/07/hilarious-memes-in-nairobi-this-wednesday-9.html,positive,2,positive,positive
Nairobi Wire,The Funniest Memes in Nairobi This Thursday,"Thu, 23 Jul 2026 03:48:42 +0000",https://nairobiwire.com/2026/07/the-funniest-memes-in-nairobi-this-thursday-16.html,positive,2,positive,positive
Nation,All the best to Starlets,7/24/2026 21:01,https://nation.africa/kenya/blogs-opinion/editorials/all-the-best-to-starlets-5536762,positive,2,positive,positive
Nation,Kenya’s foundational learning reforms bearing fruit,7/24/2026 21:03,https://nation.africa/kenya/blogs-opinion/blogs/kenya-s-foundational-learning-reforms-bearing-fruit--5536590,positive,2,positive,positive
Sportsnet,Canada claims first gold medal at Commonwealth Games in gymnastics,7/24/2026 23:22,https://www.sportsnet.ca/more/article/canada-claims-first-gold-medal-at-commonwealth-games-in-gymnastics/,positive,2,positive,positive
The Standard,Counties to receive Sh428 billion boost after MPs approve Revenue Bill,"Thu, 25 Jun 2026 22:56:12 +0300",https://www.standardmedia.co.ke/article/2001551319/counties-to-receive-sh428-billion-boost-after-mps-approve-revenue-bill,positive,2,positive,positive
The Standard Headlines,Why Kalonzo's calm resolve and Sifuna's fire are the winning bet,"Sun, 21 Jun 2026 16:05:00 +0300",https://www.standardmedia.co.ke/article/2001550893/why-kalonzo-s-calm-resolve-and-sifuna-s-fire-are-the-winning-bet,positive,2,neutral,neutral
World News API,Business News | Merck Foundation Marks 'World Assisted Reproductive Technology Day 2026' by Providing 800+ Scholarships of Fertility and Reproductive Care,,https://www.latestly.com/agency-news/business-news-merck-foundation-marks-world-assisted-reproductive-technology-day-2026-by-providing-800-scholarships-of-fertility-and-reproductive-care-7531469.html,positive,2,positive,positive
World News API,Improved veterinary regulation big boon for livestock farmers,,https://www.standardmedia.co.ke/smart-harvest/article/2001553727/improved-veterinary-regulation-big-boon-for-livestock-farmers,positive,2,positive,positive
World News API,Jhandu Kumar shines in CWG 2026 men’s heavyweight para-powerlifting,,https://assamtribune.com/sports/jhandu-kumar-shines-in-cwg-2026-mens-heavyweight-para-powerlifting-1614740,positive,2,positive,positive
World News API,Junior Silverbacks open title defence with victory,,https://www.newvision.co.ug/category/sports/junior-silverbacks-open-title-defence-with-vi-NV_237651_072026,positive,2,positive,positive
World News API,Justice served: Sharon Otieno&#039;s family welcomes Obado conviction,,https://www.standardmedia.co.ke/crime-and-justice/article/2001553682/justice-served-sharon-otienos-family-welcomes-obado-conviction,positive,2,positive,positive
World News API,KIRDI trains leather sector players to boost global competitiveness,,https://www.kenyamoja.com/index.php/video/kirdi-trains-leather-sector-players-boost-global-competitiveness-ktn-news-411357,positive,2,positive,positive
World News API,Kenya's 3x3 women revive Commonwealth hopes with dramatic Fiji victory,,https://www.kenyamoja.com/video/kenyas-3x3-women-revive-commonwealth-hopes-dramatic-fiji-victory-ntv-video-411805,positive,2,positive,positive
World News API,Merck Foundation together with African and Asian First Ladies mark ‘World Assisted Reproductive Technology Day’ 2026 through their ‘More Than a Mother’ Campaign,,https://www.socialnews.xyz/2026/07/25/merck-foundation-together-with-african-and-asian-first-ladies-mark-world-assisted-reproductive-technology-day-2026-through-their-more-than-a-mother-campaign,positive,2,positive,positive
World News API,Safal awards celebrate photographers championing Africa's natural heritage,,https://www.kenyamoja.com/video/safal-awards-celebrate-photographers-championing-africas-natural-heritage-ntv-video-411804,positive,2,positive,positive
World News API,Six North Rift counties unite to celebrate lasting Kerio Valley peace,,https://www.kenyamoja.com/video/six-north-rift-counties-unite-celebrate-lasting-kerio-valley-peace-ntv-video-411784,positive,2,positive,positive
World News API,Why the Congolese Seben is Africa&#039;s greatest cultural gift,,https://www.standardmedia.co.ke/opinion/article/2001553673/why-the-congolese-seben-is-africas-greatest-cultural-gift,positive,2,negative,negative
Business Daily Africa,SafariLink steps up fleet expansion as tourism boom fuels demand,"Sun, 19 Jul 2026 16:40:16 GMT",https://www.businessdailyafrica.com/bd/corporate/companies/safarilink-steps-up-fleet-expansion-as-tourism-boom-5531842,positive,2,positive,positive
Business Daily Africa,Industrial sugar imports surge on improved product demand,"Sun, 19 Jul 2026 06:18:16 GMT",https://www.businessdailyafrica.com/bd/economy/industrial-sugar-imports-surge-on-improved-product-demand-5531310,positive,2,positive,positive
Business Daily Africa,"At nearly 50, she's still pushing her body to new limits and it’s paying off","Fri, 17 Jul 2026 20:16:45 GMT",https://www.businessdailyafrica.com/bd/lifestyle/health-fitness/at-nearly-50-she-s-still-pushing-her-body-to-new-limits-5530360,positive,2,positive,positive
Business Daily Africa,Gala honours young women driving impact,"Thu, 16 Jul 2026 18:05:54 GMT",https://www.businessdailyafrica.com/bd/news/gala-honours-young-women-driving-impact-5529552,positive,2,positive,positive
Business Daily Africa,Insurers’ NSE portfolio climbs to four-year high amid rally,"Thu, 16 Jul 2026 15:44:15 GMT",https://www.businessdailyafrica.com/bd/markets/capital-markets/insurers-nse-portfolio-climbs-to-four-year-high-amid-rally-5529374,positive,2,positive,positive
K24,FIFA World Cup: Life lessons we can learn from football,"Sun, 19 Jul 2026 23:24:27 +0000",https://k24.digital/sports/world-cup/fifa-world-cup-life-lessons-we-can-learn-from-football,positive,2,positive,positive
K24,"Mbappé wins Golden Boot as Rodri, Simón headline 2026 World Cup individual awards","Sun, 19 Jul 2026 23:03:16 +0000",https://k24.digital/sports/world-cup/mbappe-wins-golden-boot-as-rodri-simon-headline-2026-world-cup-individual-awards,positive,2,positive,positive
K24,Spain crowned 2026 FIFA World Cup champions after edging Argentina in historic New York final,"Sun, 19 Jul 2026 22:22:40 +0000",https://k24.digital/sports/world-cup/spain-crowned-2026-fifa-world-cup-champions-after-edging-argentina-in-historic-new-york-final,positive,2,positive,positive
K24,Five habits that can make your Monday more productive,"Sun, 19 Jul 2026 20:30:05 +0000",https://k24.digital/lifestyle/life-hacks/five-habits-that-can-make-your-monday-more-productive,positive,2,positive,positive
K24,What makes a World Cup Final so special?,"Sun, 19 Jul 2026 19:21:27 +0000",https://k24.digital/mytake/what-makes-a-world-cup-final-so-special,positive,2,positive,positive
KBC,Xi voices firm support for UN in meeting with Guterres,"Sun, 19 Jul 2026 08:25:12 +0000",https://www.kbc.co.ke/xi-voices-firm-support-for-un-in-meeting-with-guterres/,positive,2,positive,positive
KBC,Enziu River Bridge nears completion as Govt commits more funds,"Sun, 19 Jul 2026 08:22:25 +0000",https://www.kbc.co.ke/enziu-river-bridge-nears-completion-as-govt-commits-more-funds/,positive,2,positive,positive
KBC,Ol Kalou residents lauded for defending democratic space,"Sun, 19 Jul 2026 08:05:17 +0000",https://www.kbc.co.ke/ol-kalou-residents-lauded-for-defending-democratic-space/,positive,2,positive,positive
KBC,Global leaders back new framework for AI governance at Shanghai Summit,"Sat, 18 Jul 2026 22:42:24 +0000",https://www.kbc.co.ke/global-leaders-back-new-framework-for-ai-governance-at-shanghai-summit/,positive,2,positive,positive
Kenya News Agency,Uasin Gishu launches football tournament to nurture youth talent,"Sun, 19 Jul 2026 13:04:01 +0000",https://www.kenyanews.go.ke/uasin-gishu-launches-football-tournament-to-nurture-youth-talent/,positive,2,positive,positive
Standard - Headlines,"Kenya to benefit from G7-backed financial reforms, Ruto says","Wed, 17 Jun 2026 20:15:01 +0300",https://www.standardmedia.co.ke/article/2001550603/kenya-to-benefit-from-g7-backed-financial-reforms-ruto-says,positive,2,positive,positive
Standard - Business,Kenya's economy creates more millionaires,"Sun, 19 Jul 2026 10:00:00 +0300",https://www.standardmedia.co.ke/business/article/2001553164/kenya-s-economy-creates-more-millionaires,positive,2,positive,positive
NTV Kenya,"Kylian Mbappe wins second World Cup Golden Boot, Spain claim other awards","Mon, 20 Jul 2026 07:50:27 +0000",https://ntvkenya.co.ke/sports/kylian-mbappe-wins-second-world-cup-golden-boot-spain-claim-other-awards/,positive,2,positive,positive
NTV Kenya,Historic run earns Wanyonyi multi-million payday,"Mon, 13 Jul 2026 09:24:49 +0000",https://ntvkenya.co.ke/news/historic-run-earns-wanyonyi-multi-million-payday/,positive,2,positive,positive
NTV Kenya,"COACH CHARLES AKONNOR STEERS GOR MAHIA TO GLORY, RECOUNTS HIS EXPERIENCE IN KENYA","Fri, 10 Jul 2026 10:18:40 +0000",https://ntvkenya.co.ke/sports/coach-charles-akonnor-steers-gor-mahia-to-glory-recounts-his-experience-in-kenya/,positive,2,positive,positive
NTV Kenya,Queen Nozizwe Mulela-Zulu | Royalty With Many Hats!,"Fri, 10 Jul 2026 09:16:30 +0000",https://ntvkenya.co.ke/arts-lifestyle/queen-nozizwe-mulela-zulu-royalty-with-many-hats/,positive,2,positive,positive
NTV Kenya,Obrigado! Heroes’ welcome for Cape Verde squad on return from World Cup,"Mon, 06 Jul 2026 06:39:36 +0000",https://ntvkenya.co.ke/news/obrigado-heroes-welcome-for-cape-verde-squad-on-return-from-world-cup/,positive,2,positive,positive
Citizen Digital (via Google News),Gachagua celebrates Sammy Kamau's historic win in Ol Kalou by-election - Citizen Digital,"Fri, 17 Jul 2026 05:31:48 GMT",https://news.google.com/rss/articles/CBMirgFBVV95cUxNV1hIOGpJMFBMVnJ4aGl2MDVSb1RFTU91cW05THpwREVPOUJuemlDUWhCc3BHR3hWeEhDVjFUazVocFV3eDJsNl9vZTJHblFDamJGVjV5alVrSy1CVVkzTFNPLS01bktCdDdJcFk1WFNaOXRWTXA3SlNJbVdPQXVpbUJiWXotaV95UnR1bUo0SHlVMldGSC16ZnNOZV9iSHVkajJNOWNieEgzT21jU3c?oc=5,positive,2,positive,positive
Citizen Digital (via Google News),Infantino's enlarged World Cup gamble pays off with punters - Citizen Digital,"Sat, 18 Jul 2026 17:29:06 GMT",https://news.google.com/rss/articles/CBMinwFBVV95cUxOWDdEVlVYVGE2VTN2aWJObmE4SGlCdkUtTDVjNHhaM1ZUWVF2aERzZ25FdldGM2UwYVhKMGFsVHZHcDlQV3diTXpuWm1OanFhdVZ6N0p0c05sQUFCU1h5VXc3SUgyWnNuOFJoNEc3akZhNjAyc1E0MTUxQXJOZURiaWo1cWNkSUNRY1lRX0ZIVFZZN2RtdWhKRVNzcG5ULWc?oc=5,positive,2,positive,positive
Citizen Digital (via Google News),Departing Deschamps looks back on 'wonderful' World Cup - Citizen Digital,"Sun, 19 Jul 2026 07:19:44 GMT",https://news.google.com/rss/articles/CBMimAFBVV95cUxNUWxpbkJPNXdPWWVwdkIwZTR3bkhUTE9HZ05qVlRQYUczY00xY2N6TXNsb2dKZkI0VFNYZUkwOGE3ZlotQTVudFJYeUVRUjhocjNFQ0JBVzI1WHFDQlFBQnRNMlMtRGZBUXBpODdNa3RvQldNRFk1QTNVbGlQRGdXa1dFVGxUU092dGZfT2E2TlhyNGtJNEo0cw?oc=5,positive,2,positive,positive
Citizen Digital (via Google News),Greasy Tunes: Inside the Spotify showcase that brought Kenyan music and fashion together - Citizen Digital,"Sat, 18 Jul 2026 12:29:37 GMT",https://news.google.com/rss/articles/CBMixgFBVV95cUxNb1hkVlAwYWE1eFhQZ09oNFlueFB4SDJ1N254SU5mNkVFUkFhY3Z6NGEtWGxRamtYNV9WS2V6cVh1QU1OVkZIOG1Qc2QwR2ZoYnZSOGtPc0dmaHNHNEZ2S2stczZaMlBLVmswRUlRbkQ4QjR4RUNZSDY4OGZweGl4anpvNmM4bjF2MWdWaUdvOHV3Q3RqWGpxZGcyd0dRek4zbzJSZjBXd2JFTjV0WDNmSzJvZmhuOFc2RzFtaUpyWWFBOHFZWWc?oc=5,positive,2,positive,positive
Citizen Digital (via Google News),Pocket-size AI: Powerful phones star at China show - Citizen Digital,"Sun, 19 Jul 2026 06:24:11 GMT",https://news.google.com/rss/articles/CBMikwFBVV95cUxPaU1TY2hfN2tuNk9tbEpVRERWcks0NlBYMDN4T2pJZ1N6Z0FsUklvUThuLXp4QXl0bm9lNFV1QlBoa3pwTDU4WVhzUXRfS09CS1BZYThSMzdrZGhZSHFjb3hsOVZ0ZlVJZFI5dlZTTDhWOFBDNEZqRnJYTTlUSVIyVUFiTElTOG1ZRThLWkV6YU1SaDA?oc=5,positive,2,positive,positive
Citizen Digital (via Google News),Calm Antonelli takes sixth win of the season with victory at Belgian GP - Citizen Digital,"Sun, 19 Jul 2026 15:51:20 GMT",https://news.google.com/rss/articles/CBMisAFBVV95cUxPN1Q2MUJERXpRN1gya044VXdiemYxZlJCcG9yMlNrUGN1YmQ4eFZMME13UlNfNnoyMXBVTUJoNEptUkE3cDcySmgySkJaTTlzVVVTY3lCcEdyUGdtWnFiNXdGZWxrU2VWVC1XZThTWXlRYWJlbzZCQTNWVEExR0E1NmNCRUE3dG5iV21NMzIyMVV4TVMzcV9BaGhfcC0yN3FaZmF1WXVnR2JONEtneVFoaw?oc=5,positive,2,positive,positive
Citizen Digital (via Google News),Ecstatic celebrations as Spaniards fete World Cup triumph - Citizen Digital,"Mon, 20 Jul 2026 03:40:42 GMT",https://news.google.com/rss/articles/CBMingFBVV95cUxOOHpOa0NPaFU2alJfUG9iaG9nSWhpRUprQmNSbTYySzZ1N0swdVlBVUlFSVZabFdTSXp3eXZFT1BPT0hyVkE4M1Z4RTlpeGJ3bVYwalZVTnVwRVJiVHdwTlBXdnJQaVNEMnRiX0JZc0dPTlkxcWtUa1R1S3Z5eUUxLUtaUlV5M3UxSHlnTTVNU0ZjT3d4emNIS3lDcmRuQQ?oc=5,positive,2,positive,positive
K24,Spain coach De la Fuente hopes his players will keep their tattoo promise after World Cup triumph,"Mon, 20 Jul 2026 08:45:40 +0000",https://k24.digital/sports/world-cup/spain-coach-de-la-fuente-hopes-his-players-will-keep-their-tattoo-promise-after-world-cup-triumph,positive,2,positive,positive
K24,5 movies worth leaving your house for after immersive weeks of World Cup,"Mon, 20 Jul 2026 08:17:55 +0000",https://k24.digital/entertainment/movies/5-movies-worth-leaving-your-house-for-after-immersive-weeks-of-world-cup,positive,2,positive,positive
K24,Spain coach revels in deserved World Cup triumph after win over Argentina,"Mon, 20 Jul 2026 06:33:43 +0000",https://k24.digital/sports/world-cup/spain-coach-revels-in-deserved-world-cup-triumph-after-win-over-argentina,positive,2,positive,positive
K24,IShowSpeed celebrates historic career milestone after performing at FIFA World Cup final,"Mon, 20 Jul 2026 06:13:52 +0000",https://k24.digital/entertainment/celebrity/ishowspeed-celebrates-historic-career-milestone-after-performing-at-fifa-world-cup-final,positive,2,positive,positive
K24,Shakira shines during historic FIFA World Cup final halftime show with Burna Boy,"Mon, 20 Jul 2026 05:58:35 +0000",https://k24.digital/entertainment/celebrity/shakira-shines-during-historic-fifa-world-cup-final-halftime-show-with-burna-boy,positive,2,positive,positive
K24,Unbelievable! Ferran Torres reacts after his World Cup goal sinks Messi and Argentina,"Mon, 20 Jul 2026 05:18:15 +0000",https://k24.digital/sports/world-cup/unbelievable-ferran-torres-reacts-after-his-world-cup-goal-sinks-messi-and-argentina,positive,2,positive,positive
KBC,Dock workers welcome bonus after KPA record performance,"Mon, 20 Jul 2026 08:10:07 +0000",https://www.kbc.co.ke/dock-workers-welcome-bonus-after-kpa-record-performance/,positive,2,positive,positive
KBC,Philanthropists trek over 200km to raise education funds for needy children,"Mon, 20 Jul 2026 08:03:11 +0000",https://www.kbc.co.ke/philanthropists-trek-over-200km-to-raise-education-funds-for-needy-children/,positive,2,positive,positive
KBC,Kenya showcases Affordable Housing financing model at UN urban development forum,"Mon, 20 Jul 2026 07:39:52 +0000",https://www.kbc.co.ke/kenya-showcases-affordable-housing-financing-model-at-un-urban-development-forum/,positive,2,positive,positive
KBC,China’s H1 industrial output up 5.4% as innovation accelerates,"Mon, 20 Jul 2026 06:31:11 +0000",https://www.kbc.co.ke/chinas-h1-industrial-output-up-5-4-as-innovation-accelerates/,positive,2,positive,positive
Standard - Politics,Sifuna's Western tour sparks excitement and tension,"Wed, 22 Jul 2026 07:50:00 +0300",https://www.standardmedia.co.ke/politics/article/2001553401/sifuna-s-western-tour-sparks-excitement-and-tension,positive,2,positive,positive
Standard - Politics,"Leaders urge Ruto to increase development in Nyanza, pledge 2027 support","Mon, 20 Jul 2026 11:54:16 +0300",https://www.standardmedia.co.ke/politics/article/2001553271/leaders-urge-ruto-to-increase-development-in-nyanza-pledge-2027-support,positive,2,positive,positive
Standard - Business,The future of our workforce depends on the skills we build today,"Wed, 22 Jul 2026 07:00:00 +0300",https://www.standardmedia.co.ke/business/article/2001553412/the-future-of-our-workforce-depends-on-the-skills-we-build-today,positive,2,positive,positive
Standard - Business,"Radical schools' agricultural project eases technology transfer to learners, families","Wed, 22 Jul 2026 06:00:00 +0300",https://www.standardmedia.co.ke/business/article/2001553404/radical-schools-agricultural-project-eases-technology-transfer-to-learners-families,positive,2,positive,positive
Standard - Business,Local lenders scoop top honours at 2026 Euromoney Awards,"Wed, 22 Jul 2026 06:00:00 +0300",https://www.standardmedia.co.ke/business/article/2001553391/local-lenders-scoop-top-honours-at-2026-euromoney-awards,positive,2,positive,positive
Standard - Business,New programme backs women-led businesses with Sh645m pledge,"Tue, 21 Jul 2026 14:32:33 +0300",https://www.standardmedia.co.ke/business/article/2001553373/new-programme-backs-women-led-businesses-with-sh645m-pledge,positive,2,positive,positive
Standard - Business,"Co-op Bank named Kenya's best retail, digital bank at 2026 Euromoney Awards","Tue, 21 Jul 2026 14:06:43 +0300",https://www.standardmedia.co.ke/business/article/2001553371/co-op-bank-named-kenya-s-best-retail-digital-bank-at-2026-euromoney-awards,positive,2,positive,positive
Standard - Business,How Kenya's green energy revolution is attracting global climate capital,"Tue, 21 Jul 2026 06:00:00 +0300",https://www.standardmedia.co.ke/business/article/2001553315/how-kenya-s-green-energy-revolution-is-attracting-global-climate-capital,positive,2,positive,positive
The East African,"AI could lift Sub-Saharan Africa economy 4pc if power, internet improve, IMF says","Tue, 21 Jul 2026 23:06:11 GMT",https://www.theeastafrican.co.ke/tea/sustainability/innovation/ai-could-lift-sub-saharan-africa-economy-5533876,positive,2,positive,positive
NTV Kenya,"Spain go back to top of FIFA rankings, Morocco reach record high","Tue, 21 Jul 2026 09:36:07 +0000",https://ntvkenya.co.ke/sports/spain-go-back-to-top-of-fifa-rankings-morocco-reach-record-high/,positive,2,positive,negative
NTV Kenya,Morocco to boost hotel beds by a fifth ahead of 2030 World Cup,"Mon, 20 Jul 2026 12:58:41 +0000",https://ntvkenya.co.ke/sports/morocco-to-boost-hotel-beds-by-a-fifth-ahead-of-2030-world-cup/,positive,2,positive,positive
Citizen Digital (via Google News),"Ruto welcomes blueprint to replace Vision 2030, promises public participation - Citizen Digital","Tue, 21 Jul 2026 14:10:24 GMT",https://news.google.com/rss/articles/CBMitwFBVV95cUxQOHhaMG15NGZJb3FuZHZ0LUFPNDc0a3JWWXZqblJiUlRsc2hjby1La3NjaHh6OXlxQlR2N1dRQzFXYVhxVmxONnJGVTVRWFBWQnRJZWl3Ty1LdW5NY1hjUzNXUVJERUUwa20xTzlESVQ1clBEbTJoR3Ayc1NYMmduSFpyUThxcXo3MUs4eTB1NUlVN3Q4T2FhNThJWk1ibTVVQ2VGZnNGdXNjSHp3UnVacTIyQTByVHc?oc=5,positive,2,negative,negative
Citizen Digital (via Google News),Gachagua returns to Ol Kalou for DCP 'Thank You' tour after landslide by-election win - Citizen Digital,"Fri, 17 Jul 2026 05:11:46 GMT",https://news.google.com/rss/articles/CBMiwAFBVV95cUxOczNrU2h4N0pNX3VtWUVFaXp4Q3FaSmp6b2lJYjJUMHZtVFgyclBkcWlOOE16S19VdVFMdWI2aWRWSmhjWldEd25tMmQzNWJLSUdnX2UtMDRoXzRUclBkcElXRmVBUG5UZzVZd3BOU0ctUW1PNzI2MlFRLWYxZDJ4bGV4Unc2eTNsMkluMnpMZkVNRVc0Tk1wbEpXVWxJcnV3VUtxazNSa3BHNTdkRUt5WnROLUxSS0hLUURuVFVKbEI?oc=5,positive,2,positive,positive
Citizen Digital (via Google News),Kenya to continue spearheading equitable development with focus on youth - Mudavadi - Citizen Digital,"Tue, 21 Jul 2026 06:41:55 GMT",https://news.google.com/rss/articles/CBMivgFBVV95cUxPUHlRRTJEclhVZUpaNnE5eTh4VzZBdkhWdG1ZMzZ6QWVFYUJsX0FPelcyZEEzM1ZOazVSY0syVFlvQkVzcnJYLXFleVk5cncyLWxmZk83dFowMVBhVm9sMF82NDNpV1pobjlPM1BQVWZ1RTNoN0FjLVNBSE4xbXRQbTFWcnE4T216LTY5a292dnNpejlIak95VXh4amNyRjNfT2tSY1dmeWNURU9nTHRLbC1Pc3pOQnIzQXNlZmZB?oc=5,positive,2,positive,positive
Citizen Digital (via Google News),A million people expected to welcome home Spain's World Cup champions - Citizen Digital,"Mon, 20 Jul 2026 05:41:21 GMT",https://news.google.com/rss/articles/CBMiqwFBVV95cUxOQmZDTzhFWUR3dzdaellXR0p3elFtdnQ1cjk4NWhxc2VXQTFRcVVWUEd1QlZBYTN1WkJuQTRJOEt2UnFKWXBYTV9hQVUwWFJCcTdMaGJZU09zUDRpWmx0cEtaczdzYl9HVWRlWUpQSmpVZGs3ZGh0V0dsU3hmZFJWNHViUmVNeDdQVVJlM1BlUVc2VWU3U3lWX3Jmd0hBckFXcktaUjFzR3JhSW8?oc=5,positive,2,positive,positive
K24,Grammy-winning artiste Chance the Rapper visits Kenya,"Wed, 22 Jul 2026 05:56:53 +0000",https://k24.digital/entertainment/celebrity/grammy-winning-artiste-chance-the-rapper-visits-kenya,positive,2,positive,positive
K24,Simple ways to make your house feel more like home,"Tue, 21 Jul 2026 20:44:30 +0000",https://k24.digital/lifestyle/home-and-living/simple-ways-to-make-your-house-feel-more-like-home,positive,2,neutral,neutral
K24,Simple ways to stay connected with friends despite busy schedules,"Tue, 21 Jul 2026 20:03:34 +0000",https://k24.digital/lifestyle/love-and-relationships/simple-ways-to-stay-connected-with-friends-despite-busy-schedules,positive,2,positive,positive
K24,The history of pasta and how it became a global favourite,"Tue, 21 Jul 2026 19:43:09 +0000",https://k24.digital/lifestyle/food-and-culinary/the-history-of-pasta-and-how-it-became-a-global-favourite,positive,2,positive,positive
K24,Skilled workforce key to fast-tracking Kamariny Stadium construction,"Tue, 21 Jul 2026 19:14:07 +0000",https://k24.digital/sports/skilled-workforce-key-to-fast-tracking-kamariny-stadium-construction,positive,2,positive,positive
Capital FM Kenya,Linda Mwananchi campaign raises over half a million in 10 hours,"Wed, 22 Jul 2026 06:11:49 +0000",https://capitalfm.africa/linda-mwananchi-campaign-raises-over-half-a-million-in-10-hours/,positive,2,positive,positive
Capital FM Kenya,Makau Mutua Congratulates Duncan Ojwang on Nomination as IPOA Chairperson,"Wed, 22 Jul 2026 05:09:23 +0000",https://capitalfm.africa/makau-mutua-congratulates-duncan-ojwang-on-nomination-as-ipoa-chairperson/,positive,2,positive,positive
K24,De Zerbi delighted with Tottenham’s progress as he outlines ambitious plans for new season,"Wed, 22 Jul 2026 18:23:05 +0000",https://k24.digital/sports/epl/de-zerbi-delighted-with-tottenhams-progress-as-he-outlines-ambitious-plans-for-new-season,positive,2,positive,positive
K24,Motsepe hails African teams at World Cup 2026 as CAF announces key plans,"Wed, 22 Jul 2026 13:29:27 +0000",https://k24.digital/sports/world-cup/motsepe-hails-african-teams-at-world-cup-2026-as-caf-announces-key-plans,positive,2,positive,positive
K24,5 outstanding moments African teams left at FIFA World Cup 2026,"Wed, 22 Jul 2026 13:10:26 +0000",https://k24.digital/sports/world-cup/5-outstanding-moments-african-teams-left-at-fifa-world-cup-2026,positive,2,positive,positive
K24,Ciru Muriuki praises tailor behind DCP-allied senators’ matching green blazers,"Wed, 22 Jul 2026 11:50:04 +0000",https://k24.digital/entertainment/celebrity/ciru-muriuki-praises-tailor-behind-dcp-allied-senators-matching-green-blazers,positive,2,positive,positive
Standard - Politics,Women MPs push for stronger political support ahead of 2027 polls,"Wed, 22 Jul 2026 23:54:46 +0300",https://www.standardmedia.co.ke/politics/article/2001553530/women-mps-push-for-stronger-political-support-ahead-of-2027-polls,positive,2,positive,positive
Standard - Business,SBM Bank Kenya's profit jumps 171pc as deposits near Sh100b,"Thu, 23 Jul 2026 07:00:00 +0300",https://www.standardmedia.co.ke/business/article/2001553498/sbm-bank-kenya-s-profit-jumps-171pc-as-deposits-near-sh100b,positive,2,positive,positive
K24,"Jaymo Ule Msee backs Nairobi underground railway line, praises Sakaja’s bold vision","Thu, 23 Jul 2026 04:30:58 +0000",https://k24.digital/entertainment/celebrity/jaymo-ule-msee-backs-nairobi-underground-railway-line-praises-sakajas-bold-vision,positive,2,positive,positive
K24,"2026 World Cup XI: Vozinha in, Cubarsi out as FIFA reveals fans’ best line up","Thu, 23 Jul 2026 04:14:12 +0000",https://k24.digital/sports/world-cup/2026-world-cup-xi-vozinha-in-cubarsi-out-as-fifa-reveals-fans-best-line-up,positive,2,positive,positive
Standard - Business,Women engineers urged to lead Kenya's innovation drive,"Thu, 23 Jul 2026 16:50:31 +0300",https://www.standardmedia.co.ke/business/article/2001553586/women-engineers-urged-to-lead-kenya-s-innovation-drive,positive,2,positive,positive
K24,World Athletics officially ratifies Sebastian Sawe’s sub-2-hour marathon record,"Thu, 23 Jul 2026 17:34:55 +0000",https://k24.digital/sports/athletics/world-athletics-officially-ratifies-sebastian-sawes-sub-2-hour-marathon-record,positive,2,positive,positive
K24,Triza Njeri lands in Dubai after well-wisher rewards her with seven-day holiday,"Thu, 23 Jul 2026 15:26:28 +0000",https://k24.digital/entertainment/celebrity/triza-njeri-lands-in-dubai-after-well-wisher-rewards-her-with-seven-day-holiday,positive,2,positive,positive
KBC,"Ruto unveils jobs boost for Nairobi artisans, mechanics","Thu, 23 Jul 2026 15:06:57 +0000",https://www.kbc.co.ke/ruto-unveils-jobs-boost-for-nairobi-artisans-mechanics/,positive,2,positive,positive
Standard - Business,BAT posts Sh3.1 billion half-year net profit,"Fri, 24 Jul 2026 06:00:00 +0300",https://www.standardmedia.co.ke/business/article/2001553595/bat-posts-sh3-1-billion-half-year-net-profit,positive,2,positive,positive
Kenyans.co.ke,Kenyan Firm Belva Digital Wins Global AI Innovation Award,2026-07-24T11:14:25+0300,https://www.kenyans.co.ke/featured/125550-kenyan-firm-belva-digital-wins-global-ai-innovation-award-cannes-lions-2026,positive,2,positive,positive
Citizen Digital (via Google News),Equity Bank boosts transport sector with PSV fleet - Citizen Digital,"Sat, 25 Jul 2026 07:48:13 GMT",https://news.google.com/rss/articles/CBMilAFBVV95cUxNNTRBZzdMeDQ0ektrT1d3LUlLRUdfNGgzN25JaWZDd3VpWjhXdm5maHRZM2lMX1JCczVDTEQxYU13VFp0MEpia2JXLWxZOGZFZFFjT3Njb1FiOEpjNFk2NUFCa1BUZzVTWkdJcVhjV2dWaF9DME5sUHBRUWhyQUNJQ2llWHNJZ09Mc2x0a3dUdDA2NjJI?oc=5,positive,2,positive,positive
Citizen Digital (via Google News),'The time feels right for a new chapter': Esther Waititu speaks after Safaricom exit announcement - Citizen Digital,"Tue, 21 Jul 2026 13:34:14 GMT",https://news.google.com/rss/articles/CBMizwFBVV95cUxOYkg0S3YxTERONDl4bGtiWXNNVmc5SWdlbjNyalZTdEQ2OUxHMUtVNHBNNmd0dDhvSUx6Q3F6a2EyRE91eUI2a3BlVUZUcEtmY0dSMU5rc1U4U01RanVScW5kNWw2OHZMQzVHSVJVTlBib0Y5LU43X2QzQjBZem1wekx2cmN0YmVNVXljVl9OTDNKaWRreEZGREFOZ2NzOWFXeEZ4MWRoQ3Z3LS12WlVGRnFONnBQc1RpOFRlUU5JbkZRY1F2T3llWDZneUxvTjA?oc=5,positive,2,positive,positive
Citizen Digital (via Google News),Hamilton proud of recovery after hitting rock bottom a year ago - Citizen Digital,"Fri, 24 Jul 2026 06:04:40 GMT",https://news.google.com/rss/articles/CBMipgFBVV95cUxOVzZyZ25uQ0ZJVW5iT2hwU2ttdlJtWHdnWEIyVDJNQUd0cE5LTVJwVVpEbkEwRDBtU0p1X3J2MVNrQ284d20xZkFaWF9heWVReHgwRUVaNXV2NVNNY0E2Yy1KQWJCeFk0SnhHLTBWMUFwUndlYWVja01VeTJkVVE0UEJoWUhxNUdXNjlsVVFLYngyTC1hY0hQZkh0U2ZEaUxQblBWZ09B?oc=5,positive,2,positive,positive
K24,"Nicholas Kioko praises wife Wambo, says he’ll never take her motherhood journey for granted","Sat, 25 Jul 2026 07:58:50 +0000",https://k24.digital/entertainment/celebrity/nicholas-kioko-praises-wife-wambo-says-hell-never-take-her-motherhood-journey-for-granted,positive,2,positive,positive
K24,Kinuthia shares inspirational self-love message reflecting on personal growth,"Sat, 25 Jul 2026 06:58:17 +0000",https://k24.digital/entertainment/celebrity/kinuthia-shares-inspirational-self-love-message-reflecting-on-personal-growth,positive,2,positive,positive
K24,"Shakira celebrates Ghetto Kids, urges govts to invest in children for equal opportunities","Sat, 25 Jul 2026 05:37:46 +0000",https://k24.digital/entertainment/celebrity/shakira-celebrates-ghetto-kids-urges-govts-to-invest-in-children-for-equal-opportunities,positive,2,positive,positive
K24,Analysis: Klopp returns to Germany with mission to revive national team fortunes,"Sat, 25 Jul 2026 04:42:34 +0000",https://k24.digital/sports/analysis-klopp-returns-to-germany-with-mission-to-revive-national-team-fortunes,positive,2,positive,positive
The Star,The D+ student who caught Obama’s eyeMwangi Mukami is now a multi-degree icon mentoring others to never give up,,https://www.the-star.co.ke/news/big-read/2026-07-20-the-d-student-who-caught-obamas-eye,positive,2,positive,positive
The Star,From conductor to the driver's seat: Njeri's 11-year matatu journeyShe started as a conductor and built a career that transformed her family's future.,,https://www.the-star.co.ke/news/big-read/2026-07-15-from-conductor-to-the-drivers-seat-njeris-11-year-matatu-journey,positive,2,positive,positive
The Star,"‘I did not look for a job’: Furniture craft pays offMercy Munyi, known as Shawry for Wood, is making a mark in male-dominated industry",,https://www.the-star.co.ke/news/big-read/2026-07-09-i-did-not-look-for-a-job-furniture-craft-pays-off,positive,2,positive,positive
The Star,From street corner sewing machine to a textile empireNakuru family business keen to dress the world is developing EPZ for global markets,,https://www.the-star.co.ke/news/big-read/2026-07-06-from-street-corner-sewing-machine-to-a-textile-empire,positive,2,positive,positive
The Star,Uasin Gishu secures Sh53m medical equipment boost from AMPATHExecutive says new health equipment will boost service delivery,,https://www.the-star.co.ke/counties/rift-valley/2026-07-23-uasin-gishu-secures-sh53m-medical-equipment-boost-from-ampath,positive,2,positive,positive
The Star,Nandi MPs praise Ruto for Sh6 billion projects across the countySay President deserves reelection for equitable development projects across the country,,https://www.the-star.co.ke/counties/rift-valley/2026-07-22-nandi-mps-praise-ruto-for-sh6-billion-projects-across-the-county,positive,2,positive,positive
The Star,Basil Koech: It’s time for generational changeMany young people are now bravely offering themselves up for leadership.,,https://www.the-star.co.ke/counties/rift-valley/2026-07-21-basil-koech-its-time-for-generational-change,positive,2,positive,positive
The Star,"After City Hall approval, Nairobi Metro rail project secures national backingMeeting underscored the growing collaboration between the national government and Nairobi",,https://www.the-star.co.ke/counties/nairobi/2026-07-23-after-city-hall-approval-nairobi-metro-rail-project-secures-national-backing,positive,2,positive,positive
The Star,Hope rises for herders as Ruto set to open Sh1bn Isiolo abattoirThe project has taken 17 years to complete after stalling under successive administrations before construction resumed in 2023.,,https://www.the-star.co.ke/counties/north-eastern/2026-07-22-hope-rises-for-herders-as-ruto-set-to-open-sh1bn-isiolo-abattoir,positive,2,positive,positive
The Star,Garissa to benefit from World Bank essential services projectsThe investments are part of the wider Isiolo-Mandera road development programme,,https://www.the-star.co.ke/counties/north-eastern/2026-07-19-northeastern-page-story-2-garissa-to-benefit-from-world-bank-essential-services-projects-1,positive,2,positive,positive
The Star,New Sh190 million dams bring hope to drought-hit Tana River communitiesWater is no longer a daily struggle for thousands of pastoral families,,https://www.the-star.co.ke/counties/coast/2026-07-20-new-sh190-million-dams-bring-hope-to-drought-hit-tana-river-communities,positive,2,positive,positive
The Star,"Kwale residents seek ecotourism boost after mangrove restorationKwale has 21,003 acres of mangroves, with slightly over 4,900 acres being in the Tsunza peninsula",,https://www.the-star.co.ke/counties/coast/2026-07-20-kwale-residents-seek-ecotourism-boost-after-mangrove-restoration,positive,2,positive,positive
The Star,No dropout as Murang'a school mentorship programme records 100% successAim is to remove barriers that prevent girls from completing their secondary education,,https://www.the-star.co.ke/counties/central/2026-07-23-no-dropout-as-muranga-school-mentorship-programme-records-100-success,positive,2,positive,positive
The Star,"Economy has stabilised despite global shocks, says PSPS says Kenya has escaped Iran war disruption because of measures taken to strengthen the economy",,https://www.the-star.co.ke/counties/central/2026-07-20-economy-has-stabilised-despite-global-shocks-says-ps,positive,2,positive,positive
The Star,Leaders say Ol Kalou win a sign of shifting political tide in Mt KenyaThe leaders said the outcome had strengthened DCP's confidence ahead of next year's polls,,https://www.the-star.co.ke/counties/central/2026-07-20-leaders-say-ol-kalou-win-a-sign-of-shifting-political-tide-in-mt-kenya,positive,2,neutral,neutral
The Star,"Women in Teso North stitch their way to financial freedomProgramme aims to empower participants through training in tailoring, fashion, design",,https://www.the-star.co.ke/counties/western/2026-07-17-women-in-teso-north-stitch-their-way-to-financial-freedom,positive,2,positive,positive
The Star,"Ruto has fulfilled key promises, so let's reelect him - Wetang'ulaHe urged the women of Bungoma to spearhead voter registration and rally support for Ruto",,https://www.the-star.co.ke/counties/western/2026-07-15-ruto-has-fulfilled-key-promises-so-lets-reelect-him-wetangula,positive,2,positive,positive
The Star,Mozzart Kenya restores dignity in Embu with modern sanitation facilitiesThe newly launched facilities include: a 14-door toilet block comprising seven units for boys and seven for girls,,https://www.the-star.co.ke/counties/eastern/2026-07-22-mozzart-kenya-restores-dignity-in-embu-with-modern-sanitation-facilities,positive,2,positive,positive
The Star,"Chiefs key to BETA success, says Ruto adviserBanda says administrators are indispensable to the successful rollout of the Kenya Kwanza administration's flagship development programme.",,https://www.the-star.co.ke/counties/eastern/2026-07-22-chiefs-key-to-beta-success-says-ruto-adviser,positive,2,positive,positive
The Star,"UDA leaders urge Kitui to support Ruto re-electionThe county has witnessed unprecedented development during his first term, three MPs said",,https://www.the-star.co.ke/counties/eastern/2026-07-20-uda-leaders-urge-kitui-to-support-ruto-re-election,positive,2,positive,positive
The Star,SBM Bank Kenya profit jumps 171% as deposits hit Sh94bn,,https://www.the-star.co.ke/business/kenya/2026-07-23-sbm-bank-kenya-profit-jumps-171-as-deposits-hit-sh94bn,positive,2,positive,positive
The Star,"Equity Group, AMREF University ink deal to boost healthcareThe move is aimed at improving access to quality healthcare across Africa.",,https://www.the-star.co.ke/business/kenya/2026-07-22-equity-group-amref-university-ink-deal-to-boost-healthcare,positive,2,positive,positive
The Star,"Kenya strengthens regional banking lead as Co-op joins Africa’s top 25 by capitalAll Kenya's top three banks appeared in the global top 1,000 list.",,https://www.the-star.co.ke/business/kenya/2026-07-20-kenya-strengthens-regional-banking-lead-as-co-op-joins-africas-top-25-by-capital,positive,2,positive,positive
The Star,"ADMI driven Ganjisha project equips over 7,800 Kenyan youth with digital skillsThe initiative was implemented by the Africa Digital Media Institute (ADMI) in partnership with Digital Opportunity Trust (DOT) Kenya.",,https://www.the-star.co.ke/business/kenya/2026-07-20-admi-driven-ganjisha-project-equips-over-7800-kenyan-youth-with-digital-skills,positive,2,positive,positive
The Star,Women lead Kenya's online house hunting boomThe shift is being fuelled by a tech-savvy generation that is comfortable making major decisions online,,https://www.the-star.co.ke/business/kenya/2026-07-17-women-lead-kenyas-online-house-hunting-boom,positive,2,positive,positive
The Star,Kenyan banks defy rate cuts to deliver record returns in Q1 – reportCooperative Bank Group and Equity Group Holdings reported strongest earnings growth among top tier lenders,,https://www.the-star.co.ke/business/kenya/2026-07-17-kenyan-banks-defy-rate-cuts-to-deliver-record-returns-in-q1-report,positive,2,positive,positive
The Star,"New car sales up 23% on affordable credit, stable economic activitiesNew car sales up 23% on affordable credit, stable economic activities",,https://www.the-star.co.ke/business/markets/2026-07-23-new-car-sales-up-23-on-affordable-credit-stable-economic-activities,positive,2,positive,positive
The Star,"Co-op Bank overtakes EABL in Nairobi bourse shake-up as market rally reshapes top fiveThe lender now ranks behind Safaricom, Equity Group Holdings and KCB Group in terms of market capitalisation.",,https://www.the-star.co.ke/business/markets/2026-07-22-co-op-bank-overtakes-eabl-in-nairobi-bourse-shake-up-as-market-rally-reshapes-top-five,positive,2,positive,positive
The Star,"KQ's London return signals bigger win for farmers, tourism and avaiationKenya is banking on the return of Kenya Airways' Boeing 777-300ER",,https://www.the-star.co.ke/business/markets/2026-07-20-kqs-london-return-signals-bigger-win-for-farmers-tourism-and-avaiation,positive,2,positive,positive
The Star,"KILEMI: Reforms, not fear, will secure the future of CooperativesProposed reforms provide an opportunity to strengthen oversight and improve accountability.",,https://www.the-star.co.ke/business/commentary/2026-07-13-kilemi-reforms-not-fear-will-secure-the-future-of-cooperatives,positive,2,positive,positive
The Star,MARTIN CHOMBA: Turkana oil success depends on disciplineEqually important is ensuring that local communities see tangible benefits.,,https://www.the-star.co.ke/business/commentary/2026-06-08-martin-chomba-turkana-oil-success-depends-on-discipline,positive,2,positive,positive
The Star,"ALIO: Why LAPFUND remains Kenya’s most trusted retirement partnerInstitutions like LAPFUND are central to ensuring that workers retire with security, confidence",,https://www.the-star.co.ke/business/commentary/2026-06-03-alio-why-lapfund-remains-kenyas-most-trusted-retirement-partner,positive,2,negative,negative
The Star,"SULTAN: How Kenya can fuel productivity through social investmentsInvest in youth and sports to empower young Kenyans to earn, innovate and compete globally",,https://www.the-star.co.ke/opinion/columnists/2026-07-14-wednesday-oped-sultan-how-kenya-can-fuel-productivity-through-social-investments-1,positive,2,positive,positive
The Star,EDITORIAL: Turn Nyota support into lasting businessesIts success will be measured by the businesses that continue to grow long after the programme ends,,https://www.the-star.co.ke/opinion/leader/2026-07-14-editorial-turn-nyota-support-into-lasting-businesses,positive,2,positive,positive
The Star,Mette sees Kagame Cup as perfect CAF Confederation Cup rehearsal,,https://www.the-star.co.ke/sports/football/2026-07-23-mette-sees-kagame-cup-as-perfect-caf-confederation-cup-rehearsal,positive,2,positive,positive
The Star,Ingavi sets sights on trophies after joining ShabanaThe pacey striker said his ambition is to help the Glamour Boys challenge for silverware while also hitting double figures in goals during the 2026/27 season.,,https://www.the-star.co.ke/sports/football/2026-07-23-ingavi-sets-sights-on-trophies-after-joining-shabana,positive,2,positive,positive
The Star,"Odemba says Nekesa’s Spain move highlights the strength of the country’s school football system in nurturing elite talentThe 18-year-old forward, became only the third Kenyan woman to sign for a club in Spain after Cynthia Shilwatso and Vivian Corazon Aquino.",,https://www.the-star.co.ke/sports/football/2026-07-23-odemba-says-nekesas-spain-move-highlights-the-strength-of-the-countrys-school-football-system-in-nurturing-elite-talent,positive,2,positive,positive
The Star,AFC Leopards reload for title assault with Ambani’s dream squadAmbani trusts that the arrival of Gambian striker Musa Ceesay adds a sharp new edge to the attack,,https://www.the-star.co.ke/sports/football/2026-07-22-afc-leopards-reload-for-title-assault-with-ambanis-dream-squad,positive,2,positive,positive
The Star,Owili relishing next chapter after dream rise after rising from lower leagues to KCBOwili completed his move to the bankers after an outstanding debut top-flight campaign with Mara Sugar FC,,https://www.the-star.co.ke/sports/football/2026-07-21-tuesday-against-all-odds-owili-relishing-next-chapter-after-dream-rise-after-rising-from-lower-leagues-to-kcb-1,positive,2,positive,positive
The Star,"Kenya’s athletics stars eye Commonwealth glory in GlasgowA formidable 52-member athletics squad will carry the nation's hopes, determined to fly the Kenyan flag high and add another memorable chapter to the country's rich Commonwealth legacy.",,https://www.the-star.co.ke/sports/athletics/2026-07-21-tuesday-kenyas-athletics-stars-eye-commonwealth-glory-in-glasgow-1,positive,2,positive,positive
The Star,"Phanuel's comeback gathers pace as U20 record holder rebuilds after injury setbackThe youngster's optimism follows a commanding performance on Tuesday evening at the Hungarian Athletics Grand Prix, where he surged to victory in the men's 1,500m, stopping the clock at 3:31.09.",,https://www.the-star.co.ke/sports/athletics/2026-07-21-phanuels-comeback-gathers-pace-as-u20-record-holder-rebuilds-after-injury-setback,positive,2,positive,positive
The Star,"Veteran race walker Kemboi chases maiden global medal in GlasgowHaving won bronze and silver at the continental championships, Kemboi is now targeting a breakthrough on the global stage.",,https://www.the-star.co.ke/sports/athletics/2026-07-20-veteran-race-walker-kemboi-chases-maiden-global-medal-in-glasgow-1,positive,2,positive,positive
The Star,"Kiplimo chases back-to-back Bogota Half Marathon crownKiplimo stamped his authority at last year's race with a commanding performance, slicing through the tape in 1:02:55 to lift the title.",,https://www.the-star.co.ke/sports/athletics/2026-07-20-kiplimo-chases-back-to-back-bogota-half-marathon-crown-1,positive,2,positive,positive
The Star,"Over 1,000 Kenyans rally in support of older personsEvent supports vulnerable older persons through feeding, healthcare and social welfare programmes.",,https://www.the-star.co.ke/sports/athletics/2026-07-18-over-1000-kenyans-rally-in-support-of-older-persons,positive,2,positive,positive
The Star,"Yego chasing fairytale Commonwealth farewell in GlasgowYego is now a veteran of four Commonwealth Games, making him one of the longest-serving athletes in Kenyan track and field history",,https://www.the-star.co.ke/sports/athletics/2026-07-17-yego-chasing-fairytale-commonwealth-farewell-in-glasgow,positive,2,positive,positive
The Star,"Monaco masterclass fires up Koech's Commonwealth Games medal chargeThe 22-year-old stamped his authority on the field at the Monaco meeting last Friday, producing a composed display to cruise to his first Diamond League victory of the season in 8:03.35.",,https://www.the-star.co.ke/sports/athletics/2026-07-16-monaco-masterclass-fires-up-koechs-commonwealth-games-medal-charge-1,positive,2,positive,positive
The Star,Longisa ready to carry Kipyegon’s legacy as rising star sets sights on Commonwealth gloryThe 21-year-old is convinced she has what it takes to carry that responsibility.,,https://www.the-star.co.ke/sports/athletics/2026-07-15-longisa-ready-to-carry-kipyegons-legacy-as-rising-star-sets-sights-on-commonwealth-glory,positive,2,positive,positive
The Star,Okwemba shifts focus to mental strength after Bokoli’s historic Western rugby Sevens triumphThe experienced tactician believes his players have what it takes to compete despite making their debut at the National Championships.,,https://www.the-star.co.ke/sports/rugby/2026-07-12-okwemba-shifts-focus-to-mental-strength-after-bokolis-historic-western-rugby-sevens-triumph-1,positive,2,positive,positive
The Star,Shimza honours his roots with ‘sunset in Pretoria’ EP,,https://www.the-star.co.ke/sasa/lifestyle/2026-07-22-shimza-honours-his-roots-with-sunset-in-pretoria-ep,positive,2,positive,positive
The Star,Samsung steps up battle for Kenya's screen marketLaunch comes at a time when consumers have a growing choice of display devices,,https://www.the-star.co.ke/sasa/technology/2026-07-17-samsung-steps-up-battle-for-kenyas-screen-market,positive,2,positive,positive
The Star,TikTok expands AI literacy drive across Sub-Saharan AfricaIntiatives part of TikTok continued investments to help its community better understand AI,,https://www.the-star.co.ke/sasa/technology/2026-07-14-tiktok-expands-ai-literacy-drive-across-sub-saharan-africa,positive,2,positive,positive
The Star,Over 500 Pioneer School students complete AI trainingStakeholders say Kenya needs to align its education system with AI which is increasingly shaping industries,,https://www.the-star.co.ke/sasa/technology/2026-07-13-over-500-pioneer-school-students-complete-ai-training,positive,2,positive,positive
The Star,"Gospel overtakes drill as Gen Z embraces diverse music tastesBeyond music, Nairobi's Gen Z audience is also consuming more podcasts",,https://www.the-star.co.ke/sasa/entertainment/2026-07-14-gospel-overtakes-drill-as-nairobis-gen-z-embraces-diverse-music-tastes,positive,2,positive,positive
The Star,Khaligraph Jones lands ambassadorial roleThe partnership is expected to strengthen efforts to promote electric mobility,,https://www.the-star.co.ke/sasa/entertainment/2026-07-10-khaligraph-jones-lands-an-ambassadorial-role,positive,2,positive,positive
The Star,Health advocates want faster implementation of Digital Health ActThe legislation lays strong foundation for protecting patients' sensitive health information,,https://www.the-star.co.ke/health/2026-07-21-health-advocates-want-faster-implementation-of-digital-health-act,positive,2,negative,negative
The Star,Square Pharmaceuticals bolsters Kenya's healthcare ambitionsThe firm highlighted that expanding local pharmaceutical production will reduce import dependency,,https://www.the-star.co.ke/health/2026-07-18-square-pharmaceuticals-bolsters-kenyas-healthcare-ambitions,positive,2,positive,positive
The Star,"Hope for premature babies as lobby donates incubatorsNarok, Kajiado, Kericho and Bomet hospitals received neonatal incubators",,https://www.the-star.co.ke/health/2026-07-02-hope-for-premature-babies-as-lobby-donates-incubators,positive,2,positive,positive
The Star,"Climate, health stories take centre stage in regional journalism awardsJournalists from six African countries recognised for outstanding reporting in awards organised by Mesha and supported by IDRC.",,https://www.the-star.co.ke/health/2026-07-01-climate-health-stories-take-centre-stage-in-regional-journalism-awards,positive,2,positive,positive
The Star,"Survey: Throat cancer patients wait 2 months for treatmentKNH patient support navigators did not shorten waiting times, they greatly improved follow-up and survival",,https://www.the-star.co.ke/health/2026-06-29-survey-throat-cancer-patients-wait-2-months-for-treatment,positive,2,positive,positive
The Star,NG’ANG’A: Agoa extension win for Kenyan traders,,https://www.the-star.co.ke/siasa/2026-07-19-nganga-agoa-extension-win-for-kenyan-traders,positive,2,positive,positive
The Star,WANTING: Kenya cannot ignore the retirement crisis aheadKenya has made progress in increasing life expectancy.,,https://www.the-star.co.ke/siasa/2026-07-19-wanting-kenya-cannot-ignore-the-retirement-crisis-ahead,positive,2,negative,negative
The Star,Climate-smart innovators honouredAwards recognised entrepreneurs advancing clean water and climate-smart farming,,https://www.the-star.co.ke/climate-change/2026-07-03-climate-smart-innovators-honoured,positive,2,positive,positive
The Star,"Nairobi takes centre stage as global climate leaders chart path for sustainable citiesThe 3-day conference has brought together mayors, urban planners, academics, and development partners from across the world",,https://www.the-star.co.ke/climate-change/2026-06-22-nairobi-takes-centre-stage-as-global-climate-leaders-chart-path-for-sustainable-cities,positive,2,positive,positive
The Star,100 Viwandani households get clean cooking kits in KPC driveKPC Foundation rolls out Phase 2 of clean cooking initiative in Nairobi,,https://www.the-star.co.ke/climate-change/2026-06-22-100-viwandani-households-get-clean-cooking-kits-in-kpc-drive,positive,2,positive,positive
The Star,Nairobi opens global climate conference with street art initiativeCommunity artists transformed public spaces with colourful murals depicting their vision for Nairobi’s future,,https://www.the-star.co.ke/climate-change/2026-06-21-nairobi-opens-global-climate-conference-with-street-art-initiative,positive,2,positive,positive
NTV Kenya,Swansea celebrity co-owner Snoop Dogg receives grand welcome on first visit,,https://ntvkenya.co.ke/news/swansea-celebrity-co-owner-snoop-dogg-receives-grand-welcome-on-first-visit/,positive,2,positive,positive
NTV Kenya,Kenya wins big in regional race for Rwanda fuel imports,,https://ntvkenya.co.ke/news/kenya-wins-big-in-regional-race-for-rwanda-fuel-imports/,positive,2,positive,positive
NTV Kenya,"Sifuna’s political manoeuvres stir debate, attract new supporters",,https://ntvkenya.co.ke/politics/sifunas-political-manoeuvres-stir-debate-attract-new-supporters/,positive,2,positive,positive
NTV Kenya,IEBC officials: We’re ready to deliver credible by-elections,,https://ntvkenya.co.ke/news/iebc-officials-were-ready-to-deliver-credible-by-elections/,positive,2,positive,positive
NTV Kenya,Museveni cites gains from nearly 40-year rule in bid for re-election,,https://ntvkenya.co.ke/news/museveni-cites-gains-from-nearly-40-year-rule-in-bid-for-re-election/,positive,2,positive,positive
Citizen Digital,"Belva Digital, WildMango earn Distinction for Innovation as new AI tool wins in global hackathon",,https://citizen.digital/article/belva-digital-wildmango-earn-distinction-for-innovation-as-new-ai-tool-wins-in-global-hackathon-n386955,positive,2,positive,positive
Citizen Digital,"Google-parent Alphabet beats expectations, cloud revenue nearly doubles",,https://citizen.digital/article/google-parent-alphabet-beats-expectations-cloud-revenueearly-doubles-n386957,positive,2,positive,positive
Citizen Digital,"Prince Indah, Ywaya Tajiri lead Spotify's biggest streaming gains among Nairobi Gen Z listeners",,https://citizen.digital/article/prince-indah-ywaya-tajiri-lead-spotifys-biggest-streaming-gains-among-nairobi-gen-z-listeners-n386923,positive,2,positive,positive
Citizen Digital,Greasy Tunes: Inside the Spotify showcase that brought Kenyan music and fashion together,,https://citizen.digital/article/greasy-tunes-inside-the-spotify-showcase-that-brought-kenyan-music-and-fashion-together-n386694,positive,2,positive,positive
Citizen Digital,CPF Group pension schemes post strong asset growth as County Pension Fund tops Ksh.68.3B,,https://citizen.digital/article/cpf-group-pension-schemes-post-strong-asset-growth-as-county-pension-fund-tops-ksh683b-n387022,positive,2,positive,positive
Citizen Digital,"Equity Group, AMREF university partner to advance healthcare, leadership, innovation",,https://citizen.digital/article/equity-group-amref-university-partner-to-advance-healthcare-leadership-innovation-n386913,positive,2,positive,positive
Citizen Digital,Stakeholders hail Kenya for advancing sickle cell disease care,,https://citizen.digital/article/stakeholders-hail-kenya-for-advancing-sickle-cell-disease-care-n386738,positive,2,positive,positive
The Standard,Doctors save six-day-old infant in historic surgical procedure,,https://www.standardmedia.co.ke/rift-valley/article/2001553310/doctors-save-six-day-old-infant-in-historic-surgical-procedure,positive,2,positive,positive
The Standard,"Agoa extension gives industry breathing room, results in highest-ever export earnings",,https://www.standardmedia.co.ke/business/financial-standard/article/2001552711/agoa-extension-gives-industry-breathing-room-results-in-highest-ever-export-earnings,positive,2,positive,positive
The Standard,New app to boost emergency security response,,https://www.standardmedia.co.ke/business/sci-tech/article/2001552802/new-app-to-boost-emergency-security-response,positive,2,positive,positive
The Standard,"Lessons for East Africa ahead of AFCON after successful World Cup in North America10 African nations qualified for this World Cup, the most in history. Nine survived the group stage.",,https://www.standardmedia.co.ke/business/football/article/2001553433/lessons-for-east-africa-ahead-of-afcon-after-successful-world-cup-in-north-america,positive,2,positive,positive
The Standard,From waitress to property mogul: Gamble that paid off,,https://www.standardmedia.co.ke/business/work-life/article/2001551344/from-waitress-to-property-mogul-gamble-that-paid-off,positive,2,positive,positive
The Standard,How high-value bee products can unlock millions for Kenyans,,https://www.standardmedia.co.ke/business/dr-pesa/article/2001542202/how-high-value-bee-products-can-unlock-millions-for-kenyans,positive,2,positive,positive
The Standard,"Pay in bits, glow in full: New wallet lets Nairobians save for skincare",,https://www.standardmedia.co.ke/business/dr-pesa/article/2001546742/pay-in-bits-glow-in-full-new-wallet-lets-nairobians-save-for-skincare,positive,2,positive,positive
The Standard,Suzuki eyes value-conscious Kenyan buyers with affordable mobility deals,,https://www.standardmedia.co.ke/business/motoring/article/2001551704/suzuki-eyes-value-conscious-kenyan-buyers-with-affordable-mobility-deals,positive,2,positive,positive
The Standard,Kenyan boxers beaming with confidence as Commonwealth Games kick off,,https://www.standardmedia.co.ke/sports/sports/article/2001553502/kenyan-boxers-beaming-with-confidence-as-commonwealth-games-kick-off,positive,2,positive,positive
The Standard,Nairobi champions keen to end their long wait for national glory,,https://www.standardmedia.co.ke/sports/sports/article/2001553500/nairobi-champions-keen-to-end-their-long-wait-for-national-glory,positive,2,positive,positive
The Standard,Tusker target strong start as CECAFA Kagame Cup offers ideal CAF test,,https://www.standardmedia.co.ke/sports/football/article/2001553451/tusker-target-strong-start-as-cecafa-kagame-cup-offers-ideal-caf-test,positive,2,positive,positive
The Standard,World champions Spain supplant Argentina to top FIFA rankings,,https://www.standardmedia.co.ke/sports/football/article/2001553338/world-champions-spain-supplant-argentina-to-top-fifa-rankings,positive,2,positive,positive
The Standard,"With more matches, World Cup shatters attendance and TV recordsThe 2026 World Cup created a stadium attendance high while FIFA boss Gianni Infantino said that TV viewership broke the previous record ""many, many times over"".",,https://www.standardmedia.co.ke/sports/football/article/2001553335/with-more-matches-world-cup-shatters-attendance-and-tv-records,positive,2,positive,positive
The Standard,Spain stars lap up adulation of estimated two million on World Cup parade,,https://www.standardmedia.co.ke/sports/football/article/2001553330/spain-stars-lap-up-adulation-of-estimated-two-million-on-world-cup-parade,positive,2,positive,positive
The Standard,"Thousands welcome home Argentina squad, without Messi, despite World Cup loss",,https://www.standardmedia.co.ke/sports/football/article/2001553329/thousands-welcome-home-argentina-squad-without-messi-despite-world-cup-loss,positive,2,positive,positive
The Standard,Spanish World Cup celebrations detected by seismic sensors after final goal,,https://www.standardmedia.co.ke/sports/football/article/2001553293/spanish-world-cup-celebrations-detected-by-seismic-sensors-after-final-goal,positive,2,positive,positive
The Standard,Burna Boy makes history as first man to top Spotify's Global Music Video Chart,,https://www.standardmedia.co.ke/entertainment/article/2001553559/burna-boy-makes-history-as-first-man-to-top-spotifys-global-music-video-chart,positive,2,positive,positive
The Standard,Khaligraph Jones stuns fans with new look after dramatic 47kg weight lo...,,https://www.standardmedia.co.ke/entertainment/article/2001553551/khaligraph-jones-stuns-fans-with-new-look-after-dramatic-47kg-weight-loss,positive,2,positive,positive
The Standard,Warren Gakuo's 'Portraits to Remain' celebrates Nairobi's creatives through monochrome photography,,https://www.standardmedia.co.ke/arts-culture/article/2001553459/warren-gakuos-portraits-to-remain-celebrates-nairobis-creatives-through-monochrome-photography,positive,2,positive,positive
The Standard,Teachers set to reap big as SRC approves Phase II salary review,,https://www.standardmedia.co.ke/education/article/2001553308/teachers-set-to-reap-big-as-src-approves-phase-ii-salary-review,positive,2,positive,positive
The Standard,"How dignity kits keep Samburu girls in class, help boost their confidence",,https://www.standardmedia.co.ke/education/article/2001553008/how-dignity-kits-keep-samburu-girls-in-class-help-boost-their-confidence,positive,2,positive,positive
The Standard,"Siyoi-Muruny dam promises water, opportunity and shared prosperity",,https://www.standardmedia.co.ke/opinion/article/2001553359/siyoi-muruny-dam-promises-water-opportunity-and-shared-prosperity,positive,2,positive,positive
The Standard,Power of football and World Cup beyond entertainment,,https://www.standardmedia.co.ke/opinion/article/2001553303/power-of-football-and-world-cup-beyond-entertainment,positive,2,positive,positive
The Standard,Let every family participate in building Kenya's future,,https://www.standardmedia.co.ke/opinion/article/2001553150/let-every-family-participate-in-building-kenyas-future,positive,2,positive,positive
The Standard,Kenyan journalist among three Africans honoured in global journalism awards,,https://www.standardmedia.co.ke/nairobi/article/2001551526/kenyan-journalist-among-three-africans-honoured-in-global-journalism-awards,positive,2,positive,positive
The Star,"Dancing with Shakira at World Cup was 'very, very good' - Ghetto KidsThe child stars tell of their excitement entertaining their biggest crowd yet at the World Cup final.",,https://www.the-star.co.ke/news/world/2026-07-24-dancing-with-shakira-at-world-cup-was-very-very-good-ghetto-kids,positive,2,positive,positive
The Star,"Kenya becomes hub for medical tourism as UK patients flock inAccessibility and affordability, especially in cardiovascular care, attracting patients.",,https://www.the-star.co.ke/counties/coast/2026-07-24-kenya-becomes-hub-for-medical-tourism-as-uk-patients-flock-in,positive,2,positive,positive
The Star,Aussems prioritises keeping Nairobi United core despite transfer overhaulThe Belgian coach has overseen a busy transfer window but believes continuity will be crucial after the team earned promotion through a strong domestic campaign.,,https://www.the-star.co.ke/sports/football/2026-07-24-aussems-prioritises-keeping-nairobi-united-core-despite-transfer-overhaul,positive,2,positive,positive
The Star,"World champion Odira to launch Commonwealth gold quest on MondayOdira boasts continental silver from the 2024 African Championships in Douala, Cameroon.",,https://www.the-star.co.ke/sports/athletics/2026-07-25-world-champion-odira-to-launch-commonwealth-gold-quest-on-monday,positive,2,positive,positive
The Star,Leos' Ojal buoyant as race for National Sevens Circuit starts today at Prinsloo 7s,,https://www.the-star.co.ke/sports/rugby/2026-07-25-leos-ojal-buoyant-as-race-for-national-sevens-circuit-starts-today-at-prinsloo-7s,positive,2,positive,positive
The Star,"Kenya's Sharpshooters battle for the IPSC glory in NaivashaKenya's finest practical shooter delivered a spectacular display on the field of speed, precision and nerves of steel",,https://www.the-star.co.ke/sasa/lifestyle/2026-07-24-kenyas-sharpshooters-battle-for-the-ipsc-glory-in-naivasha,positive,2,positive,positive
The Star,How Lego Braille Bricks boost kids’ right to playIt helps blind and visually impaired children and adults learn braille through play,,https://www.the-star.co.ke/sasa/society/2026-07-22-braille,positive,2,positive,positive
Citizen Digital,1 hour agoLyles wins US 100m title in world-leading 9.79secBy AFPHe matched the personal best he set in winning Olympic gold in Paris in 2024 and improved on the previous world leading time this year of 9.82 set by Oblique Seville at the Jamaican championships in J...Read More,,https://citizen.digital/article/lyles-wins-us-100m-title-in-world-leading-979sec-n387091,positive,2,positive,positive
Citizen Digital,"3 hours agoLocal brands feted as Kenya gears towards sustainable developmentBy Citizen ReporterThe Dependable Brands awards brought together brands from different sectors, including real estate, automobile, education, healthcare and travel.Read More",,https://citizen.digital/article/local-brands-feted-as-kenya-gears-towards-sustainable-development-n387085,positive,2,positive,positive
Citizen Digital,"6 hours agoMaresca says it's a 'privilege' to succeed Guardiola, expects Rodri to stayBy AFPThe Italian also expects to begin his first season in charge of the Premier League giants with Rodri still in his squad, although the World Cup Golden Ball winner requires back surgery....Read More",,https://citizen.digital/article/maresca-says-its-a-privilege-to-succeed-guardiola-expects-rodri-to-stay-n387082,positive,2,positive,positive
The Standard,FIDA: Sharon Otieno verdict restores faith in justice,,https://www.standardmedia.co.ke/national/article/2001553637/fida-sharon-otieno-verdict-restores-faith-in-justice,positive,2,positive,positive
The Standard,Gor Mahia thrash APR 5-0 to kick off Cecafa Kagame Cup with a bang,,https://www.standardmedia.co.ke/sports/sports/article/2001553716/gor-mahia-thrash-apr-5-0-to-kick-off-cecafa-kagame-cup-with-a-bang,positive,2,positive,positive
The Standard,"Free university is possible if Prezzo Ruto declares, because he knows what he's doing",,https://www.standardmedia.co.ke/opinion/article/2001553600/free-university-is-possible-if-prezzo-ruto-declares-because-he-knows-what-hes-doing,positive,2,positive,positive
World News API,Report urges faster AI adoption to strengthen Africa’s health supply chains,,,positive,2,positive,positive
World News API,Meshack Babu Targets Strong Debut Performance at Commonwealth Games in Glasgow,,,positive,2,positive,positive
World News API,Co-op Bank wins two Euromoney awards; Kenya’s Best Retail Bank and Best Digital Bank,,,positive,2,positive,positive
NewsData.io,Kenya is a robustly democratic country -Ruto,,,positive,2,positive,positive
NewsData.io,AfCFTA Services Protocol Opens A New Era For Africa’s Services Sector,,,positive,2,positive,positive
NewsData.io,"Co-operative Bank Named Best Retail, Digital Bank at Euromoney Awards",,,positive,2,positive,positive
NewsData.io,Team Kenya athletes get boost ahead of Commonwealth Games as gov't revamps reward scheme,,,positive,2,positive,positive
NewsData.io,Team Kenya eyes Commonwealth glory,,,positive,2,positive,positive
NewsData.io,SpeedOfMe Ranks UK 14th Fastest in World for Broadband Speeds in H1 2026,,,positive,2,positive,positive
NewsData.io,Infinix Kenya ignites Nairobi with 'The Night of HOT' as it officially launches HOT 70 series - Best value smartphone under Sh20K,,,positive,2,positive,positive
NewsData.io,"PSC, KSG and Nursing Council announce fresh job opportunities for Kenyans",,,positive,2,positive,positive
NewsData.io,"FG, UNESCO, AU unveil mobile learning initiative for teacher development",,,positive,2,positive,positive
NewsData.io,Kenya to continue spearheading equitable development with focus on youth - Mudavadi,,,positive,2,positive,positive
Currents API,Africa: Over $1.6m and Counting - How Betpawa's Model Is Improving Athlete Payment in Africa,,,positive,2,positive,positive
Currents API,"Kenya: Employer-Led Training Delivers Returns, Boosts SME Productivity",,,positive,2,positive,positive
KBC News,Kamariny Stadium construction back on track as construction gains momentum,,,positive,2,positive,positive
KBC News,"Ruto announces full funding for all students placed in universities, colleges",,,positive,2,positive,positive
Nairobi Wire,Funny Trending Memes To Kickstart New Week,,,positive,2,positive,positive
Nairobi Wire,Hilarious Kenyan Tweets on X to Beat the Monday Blues,,,positive,2,positive,positive
Nairobi Wire,Good Hustler Fund Repayers Set for Major Credit Boost Under New Plan,,,positive,2,positive,positive
Nairobi Wire,Hilarious Memes in Nairobi This Friday,,,positive,2,positive,positive
Business Today Kenya,World Cup Bets Turn Into Big Wins as Odibets Rewards Players with Smartphones and 55” Hisense TVs,,,positive,2,positive,positive
Business Daily Africa,Why trio in cannabis trafficking case lost six vehicles to State,"Sun, 19 Jul 2026 18:55:34 GMT",https://www.businessdailyafrica.com/bd/economy/why-trio-in-cannabis-trafficking-case-lost-vehicles-to-state-5531916,negative,0,negative,negative
Business Daily Africa,Africa contributes over 40pc of Kenya's export earnings in new trade shift,"Sun, 19 Jul 2026 17:48:12 GMT",https://www.businessdailyafrica.com/bd/economy/africa-contributes-over-40pc-of-kenya-s-export-earnings-5531880,positive,2,positive,positive
Business Daily Africa,M-Pesa joint venture in first Sh102m profit,"Sun, 19 Jul 2026 16:23:55 GMT",https://www.businessdailyafrica.com/bd/corporate/companies/m-pesa-joint-venture-in-first-sh102m-profit-5531822,positive,2,positive,positive
Business Daily Africa,Kenya's new refugee arrivals dip nearly 70pc,"Fri, 17 Jul 2026 10:02:31 GMT",https://www.businessdailyafrica.com/bd/economy/kenya-new-refugee-arrivals-dip-5529820,positive,2,positive,positive
Business Daily Africa,Stanbic taps Safaricom’s top strategy executive as CEO,"Thu, 16 Jul 2026 17:45:07 GMT",https://www.businessdailyafrica.com/bd/corporate/companies/stanbic-taps-safaricom-s-top-strategy-executive-as-ceo-5529534,positive,2,positive,positive
Business Daily Africa,"Williamson, Kapchorua pay UK parent Sh582m royalties and dividends","Sun, 19 Jul 2026 16:48:30 GMT",https://www.businessdailyafrica.com/bd/corporate/companies/williamson-kapchorua-pay-uk-parent-royalties-and-dividends-5531848,positive,2,positive,positive
Business Daily Africa,Stanbic Holdings pays Sh1.1bn franchise fee to SA parent firm,"Sun, 19 Jul 2026 16:35:43 GMT",https://www.businessdailyafrica.com/bd/corporate/companies/stanbic-holdings-pays-sh1-1bn-franchise-fee-to-sa-parent-firm-5531836,positive,2,positive,positive
Business Daily Africa,Heineken beats Sh56m fee claim by its lawyers,"Thu, 16 Jul 2026 17:03:24 GMT",https://www.businessdailyafrica.com/bd/corporate/companies/heineken-beats-sh56m-fee-claim-by-its-lawyers-5529488,neutral,1,negative,negative
Business Daily Africa,Banks to protect disputed funds after payment errors,"Thu, 16 Jul 2026 16:59:09 GMT",https://www.businessdailyafrica.com/bd/corporate/companies/banks-to-protect-disputed-funds-after-payment-errors-5529480,neutral,1,neutral,neutral
Business Daily Africa,IVF demand surges in Kenya but the high cost locks out many couples,"Thu, 16 Jul 2026 14:35:55 GMT",https://www.businessdailyafrica.com/bd/corporate/health/ivf-demand-surges-in-kenya-but-the-high-cost-locks-out-many-5529278,negative,0,negative,negative
Business Daily Africa,Rerec to integrate solar into 20 diesel power plants in cost-cutting push,"Thu, 16 Jul 2026 11:32:30 GMT",https://www.businessdailyafrica.com/bd/corporate/industry/rerec-to-integrate-solar-into-diesel-power-plants-5528816,neutral,1,neutral,neutral
Business Daily Africa,Insurer MUA Kenya to get extra capital after Sh1.6bn hole,"Thu, 16 Jul 2026 14:29:44 GMT",https://www.businessdailyafrica.com/bd/corporate/companies/insurer-mua-kenya-to-get-extra-capital-after-sh1-6bn-hole-5529258,neutral,1,neutral,neutral
Business Daily Africa,Court shields KTDA from corruption probe over tea factory loans,"Sun, 19 Jul 2026 19:07:13 GMT",https://www.businessdailyafrica.com/bd/corporate/companies/court-shields-ktda-from-corruption-probe-over-tea-loans-5531926,neutral,1,neutral,neutral
Business Daily Africa,Billionaire Kirima’s firm locked in rental income tax row,"Thu, 16 Jul 2026 09:24:04 GMT",https://www.businessdailyafrica.com/bd/corporate/companies/billionaire-kirima-s-firm-locked-in-rental-income-tax-row-5528554,neutral,1,neutral,neutral
Capital FM Kenya,President Ruto’s Website Restored as Government Rules Out Data Breach,"Sun, 19 Jul 2026 13:40:00 +0000",https://capitalfm.africa/president-rutos-website-restored-as-government-rules-out-data-breach/,neutral,1,neutral,neutral
Capital FM Kenya,"Gachagua Explains Why Ruto Lost Ol Kalou, Says Mt Kenya Revolt Is Just Beginning","Sun, 19 Jul 2026 13:09:51 +0000",https://capitalfm.africa/gachagua-explains-why-ruto-lost-ol-kalou-says-mt-kenya-revolt-is-just-beginning/,neutral,1,neutral,neutral
Capital FM Kenya,Kindiki: Mt Kenya Remains Firmly in Kenya Kwanza Despite Ol Kalou Setback,"Sun, 19 Jul 2026 12:07:07 +0000",https://capitalfm.africa/kindiki-mt-kenya-remains-firmly-in-kenya-kwanza-despite-ol-kalou-setback/,neutral,1,neutral,neutral
Capital FM Kenya,"Kindiki drops ‘fireman’ swagger after Ol Kalou loss, preaches humility","Sun, 19 Jul 2026 11:56:51 +0000",https://capitalfm.africa/kindiki-drops-fireman-swagger-after-ol-kalou-loss-preaches-humility/,neutral,1,neutral,neutral
Capital FM Kenya,Senate Backs Thika’s Elevation to City Status in Major Milestone for Kiambu,"Sun, 19 Jul 2026 10:00:00 +0000",https://capitalfm.africa/senate-backs-thikas-elevation-to-city-status-in-major-milestone-for-kiambu/,positive,2,positive,positive
Capital FM Kenya,Linda Mwananchi Steps Up Campaign to Reclaim ODM’s Western Stronghold,"Sun, 19 Jul 2026 09:31:35 +0000",https://capitalfm.africa/linda-mwananchi-steps-up-campaign-to-reclaim-odms-western-stronghold/,neutral,1,neutral,neutral
Capital FM Kenya,ODM Hands Ottichilo Key Vihiga Role in Fresh Leadership Overhaul,"Sun, 19 Jul 2026 09:02:23 +0000",https://capitalfm.africa/odm-hands-ottichilo-key-vihiga-role-in-fresh-leadership-overhaul/,neutral,1,neutral,neutral
Capital FM Kenya,Facebook Outage Locks Out Thousands of Users as Platform Reports Temporary Site Issue,"Sun, 19 Jul 2026 08:46:08 +0000",https://capitalfm.africa/facebook-outage-locks-out-thousands-of-users-as-platform-reports-temporary-site-issue/,negative,0,negative,negative
Capital FM Kenya,Kenya woos diplomats to back pharmaceutical manufacturing drive,"Sun, 19 Jul 2026 08:03:14 +0000",https://capitalfm.africa/kenya-woos-diplomats-to-back-pharmaceutical-manufacturing-drive/,positive,2,positive,positive
The East African,Africa climate disaster: Warnings have improved but preparedness still lags,"Sun, 19 Jul 2026 06:36:59 GMT",https://www.theeastafrican.co.ke/tea/sustainability/climate/africa-climate-disaster-warnings-and-preparedness-5531316,negative,0,negative,negative
The East African,Matonya: My trial and tribulations in Kenya,"Sat, 18 Jul 2026 11:29:35 GMT",https://www.theeastafrican.co.ke/tea/magazine/matonya-my-trial-and-tribulations-in-kenya-5530752,negative,0,negative,negative
The East African,Signs of a steep ‘Mt Kenya’ climb for Ruto emerge after party’s loss in by-election,"Fri, 17 Jul 2026 18:45:38 GMT",https://www.theeastafrican.co.ke/tea/news/east-africa/signs-of-a-steep-mt-kenya-climb-for-ruto-5530480,neutral,1,neutral,neutral
The East African,How Africa’s power politics became a high stakes affair,"Fri, 17 Jul 2026 19:58:57 GMT",https://www.theeastafrican.co.ke/tea/news/east-africa/how-africa-s-power-politics-became-a-high-stakes-affair-5530600,neutral,1,neutral,neutral
The East African,"7 Americans quarantine at Kenya Ebola facility, Aid group says","Fri, 17 Jul 2026 09:05:24 GMT",https://www.theeastafrican.co.ke/tea/sustainability/health/7-americans-quarantine-at-kenya-ebola-facility-5529762,negative,0,positive,positive
The East African,Macky Sall reaches out for ‘handshake’ with Faye,"Thu, 16 Jul 2026 10:00:22 GMT",https://www.theeastafrican.co.ke/tea/news/west-africa/macky-sall-reaches-out-for-handshake-with-faye-over-un-top-job-5528640,neutral,1,neutral,neutral
The East African,The problem with Africa’s financial architecture,"Thu, 16 Jul 2026 07:30:31 GMT",https://www.theeastafrican.co.ke/tea/business-tech/the-problem-with-africa-s-financial-architecture-5528374,negative,0,negative,positive
The East African,Uganda discharges last Ebola patient,"Thu, 16 Jul 2026 14:14:42 GMT",https://www.theeastafrican.co.ke/tea/sustainability/health/uganda-discharges-last-ebola-patient-5529232,positive,2,positive,positive
The East African,Opinion divided on Rwanda-Aston Villa sponsorship deal,"Thu, 16 Jul 2026 08:49:04 GMT",https://www.theeastafrican.co.ke/tea/business-tech/opinion-divided-on-rwanda-aston-villa-sponsorship-deal-5528512,neutral,1,neutral,neutral
The East African,"Kenyan court freezes Burundian firm’s $274,000","Tue, 14 Jul 2026 05:16:15 GMT",https://www.theeastafrican.co.ke/tea/news/east-africa/kenyan-court-freezes-burundian-firm-account-money-laundering-5526198,positive,2,positive,positive
The East African,Congo forms new council in push for war crimes justice,"Wed, 15 Jul 2026 13:21:42 GMT",https://www.theeastafrican.co.ke/tea/news/east-africa/congo-forms-new-council-in-push-for-war-crimes-justice-5527890,positive,2,positive,positive
The East African,Somalia detains four youth for 'desecrating US flag,"Tue, 14 Jul 2026 07:57:21 GMT",https://www.theeastafrican.co.ke/tea/news/east-africa/somalia-detains-four-youth-for-desecrating-us-flag-5526314,neutral,1,positive,positive
The East African,"Uganda still low-income as Kenya, Tanzania hold lower-middle-income status","Sat, 11 Jul 2026 21:30:51 GMT",https://www.theeastafrican.co.ke/tea/business-tech/uganda-still-low-income-kenya-tanzania-lower-middle-income-5524450,neutral,1,neutral,neutral
The East African,Afreximbank banks on intra-African trade,"Sat, 11 Jul 2026 21:25:22 GMT",https://www.theeastafrican.co.ke/tea/business-tech/afreximbank-banks-on-intra-african-trade-5524444,positive,2,positive,positive
The East African,OECD pricing reforms to affect multinationals,"Sat, 11 Jul 2026 21:19:33 GMT",https://www.theeastafrican.co.ke/tea/business-tech/oecd-pricing-reforms-to-affect-multinationals-5524448,neutral,1,neutral,neutral
The East African,Uganda bets on oil city as East Africa’s petrochemical Hub,"Sat, 11 Jul 2026 14:14:28 GMT",https://www.theeastafrican.co.ke/tea/business-tech/uganda-bets-on-oil-city-as-east-africa-s-petrochemical-hub-5524278,positive,2,positive,positive
The East African,Africa in ‘reverse remittances’ as cost of visa to the West rises,"Fri, 10 Jul 2026 21:58:27 GMT",https://www.theeastafrican.co.ke/tea/business-tech/africa-in-reverse-remittances-cost-of-visa-to-the-west-rises-5524106,positive,2,positive,positive
The East African,Tanzania ahead of peers in trading under AfCFTA,"Fri, 10 Jul 2026 21:26:10 GMT",https://www.theeastafrican.co.ke/tea/business-tech/tanzania-ahead-of-peers-in-trading-under-afcfta-5524096,positive,2,neutral,neutral
Kenyans.co.ke,"Meaning of ETC, MTC, and Other Markings on Nairobi Expressway",2026-07-19T19:32:22+0300,https://www.kenyans.co.ke/news/125417-meaning-etc-mtc-and-other-markings-nairobi-expressway,neutral,1,neutral,neutral
Kenyans.co.ke,Pressure on Sifuna as Gachagua Team Makes Stand on 2027 Presidential Race,2026-07-19T18:17:12+0300,https://www.kenyans.co.ke/news/125416-njeri-maina-challenges-opposition-co-principals-face-gachagua-presidential-race,neutral,1,neutral,neutral
Kenyans.co.ke,Immigration Department Makes Major Changes to Passport Application,2026-07-19T17:21:30+0300,https://www.kenyans.co.ke/news/125415-immigration-revises-passport-application-rules-makes-recommending-officer-optional,neutral,1,neutral,neutral
Kenyans.co.ke,"Bandits Ambush Police, Trigger Fierce Gunfight",2026-07-19T16:18:09+0300,https://www.kenyans.co.ke/news/125414-police-repel-bandit-gun-attack-recover-45-stolen-cattle,negative,0,negative,negative
Kenyans.co.ke,President's Official Website Restored After Reported Cyberattack,2026-07-19T15:12:03+0300,https://www.kenyans.co.ke/news/125412-presidents-official-website-restored-after-reported-cyberattack,positive,2,positive,positive
Kenyans.co.ke,CS Ogamba Gives New Orders on School Fees,2026-07-19T14:40:17+0300,https://www.kenyans.co.ke/news/125411-education-cs-ogamba-warns-principals-against-illegal-school-levies,positive,2,positive,positive
Kenyans.co.ke,Court Deals Blow to Digital Lenders Over Excessive Interest Charges,2026-07-19T14:24:33+0300,https://www.kenyans.co.ke/news/125410-court-bars-digital-lenders-recovering-excessive-interest-unexplained-charges,positive,2,negative,negative
Kenyans.co.ke,Infotrak Explains Poll That Projected UDA Win in Ol Kalou,2026-07-19T13:36:42+0300,https://www.kenyans.co.ke/news/125408-infotrack-disowns-fake-ol-kalou-election-opinion-poll,neutral,1,neutral,neutral
Kenyans.co.ke,Lobby Group Demands Audit of IEBC KIEMS After Ol Kalou By-Election,2026-07-19T13:23:14+0300,https://www.kenyans.co.ke/news/125407-elog-raises-security-kiems-concerns-over-ol-kalou-election,positive,2,negative,negative
Kenyans.co.ke,Kenya Railways Gives Update on Construction of Line Linking Kenya to Tanzania,2026-07-19T12:50:28+0300,https://www.kenyans.co.ke/news/125406-construction-voi-taveta-railway-project-reaches-70-completion-milestone,positive,2,positive,positive
Kenyans.co.ke,High Court Announces Plan to Destroy Jomo-Moi-Kibaki Era Court Records,2026-07-19T12:38:53+0300,https://www.kenyans.co.ke/news/125405-high-court-destroy-court-records-spanning-35-years,neutral,1,neutral,neutral
Kenyans.co.ke,Health Experts Raise Alarm Over Rising Cervical Cancer Cases,2026-07-19T12:10:04+0300,https://www.kenyans.co.ke/news/125404-health-experts-raise-alarm-over-rising-cervical-cancer-cases,negative,0,negative,negative
Kenyans.co.ke,State Gives Update on New Project Aimed at Lowering Cooking Gas Prices,2026-07-19T11:30:39+0300,https://www.kenyans.co.ke/news/125403-govt-says-dongo-kundu-taifa-gas-terminal-nears-completion,positive,2,positive,positive
Kenyans.co.ke,"U.S. Issues Worldwide Security, Travel Advisory Covering Kenya",2026-07-19T11:16:13+0300,https://www.kenyans.co.ke/news/125401-us-issues-worldwide-security-alert-citizens-including-those-kenya,negative,0,negative,negative
Kenyans.co.ke,Facebook Hit by Global Outage Affecting Users,2026-07-19T11:08:34+0300,https://www.kenyans.co.ke/news/125402-facebook-hit-outage-affecting-pc-users-kenya,negative,0,negative,negative
Kenyans.co.ke,KRA Gives Traders New 30-Day Notice on Goods,2026-07-19T10:40:41+0300,https://www.kenyans.co.ke/news/125400-kra-gives-importers-30-days-claim-goods-or-face-auction,positive,2,positive,positive
Kenyans.co.ke,Murkomen Faces Fresh Resignation Calls Ahead of 2027 General Elections,2026-07-19T09:35:23+0300,https://www.kenyans.co.ke/news/125399-machakos-dg-demands-murkomens-resignation-over-rising-goonism,positive,2,positive,positive
Kenyans.co.ke,"NLC, KeNHA Issue Notice to Landowners Over Airport, Road Expansion",2026-07-19T09:18:19+0300,https://www.kenyans.co.ke/news/125398-nlc-acquire-land-kabunde-airstrip-expansion-homabay-rongo-road-realignment,neutral,1,negative,negative
Kenyans.co.ke,Court Orders Freeze on Over Ksh 100M Held by Two Kenyans,2026-07-19T08:58:46+0300,https://www.kenyans.co.ke/news/125397-high-court-freezes-ksh105-million-held-two-kenyans-crypto-bank-accounts,neutral,1,neutral,neutral
K24,Former FIFA World Cup official dismisses favouritism reports,"Sun, 19 Jul 2026 23:38:35 +0000",https://k24.digital/sports/world-cup/former-fifa-world-cup-official-dismisses-favouritism-reports,positive,2,positive,positive
K24,Dozens missing after passenger ferry sinks off coast of Guyana,"Sun, 19 Jul 2026 22:43:58 +0000",https://k24.digital/news/dozens-missing-after-passenger-ferry-sinks-off-coast-of-guyana,negative,0,negative,negative
K24,Here’s the amount Argentina will receive for reaching 2026 World Cup Final,"Sun, 19 Jul 2026 22:15:52 +0000",https://k24.digital/sports/world-cup/heres-the-amount-argentina-will-receive-for-reaching-2026-world-cup-final,positive,2,positive,positive
K24,Here’s the amount Spain will receive for winning World Cup 2026,"Sun, 19 Jul 2026 22:08:41 +0000",https://k24.digital/sports/world-cup/heres-the-amount-spain-will-receive-for-winning-world-cup-2026,positive,2,positive,positive
K24,Lenacapavir: The HIV injection people are dangerously misunderstanding,"Sun, 19 Jul 2026 21:57:26 +0000",https://k24.digital/lifestyle/health-and-fitness/lenacapavir-the-hiv-injection-people-are-dangerously-misunderstanding,positive,2,positive,positive
K24,FIFA World Cup 2026: Follow Spain vs Argentina match live here,"Sun, 19 Jul 2026 20:10:56 +0000",https://k24.digital/sports/world-cup/fifa-world-cup-2026-follow-spain-vs-argentina-match-live-here,positive,2,positive,positive
K24,How to beat the Monday blues after a long weekend,"Sun, 19 Jul 2026 20:01:21 +0000",https://k24.digital/lifestyle/mental-wellnes/how-to-beat-the-monday-blues-after-a-long-weekend,positive,2,positive,positive
K24,Spain vs Argentina: Line ups revealed as Yamal and Messi stand eyeball to eyeball for World Cup glory,"Sun, 19 Jul 2026 18:24:38 +0000",https://k24.digital/sports/world-cup/spain-vs-argentina-line-ups-revealed-as-yamal-and-messi-go-eyeball-to-eyeball-for-world-cup-glory,positive,2,positive,positive
K24,"Who will win World Cup, Spain or Argentina? Supercomputer predicts champion","Sun, 19 Jul 2026 18:13:18 +0000",https://k24.digital/sports/world-cup/who-will-win-world-cup-spain-or-argentina-supercomputer-predicts-champion,neutral,1,neutral,neutral
K24,Gospel singer Stella Mengele reveals family prepared for mother’s death before cancer miracle,"Sun, 19 Jul 2026 17:47:20 +0000",https://k24.digital/entertainment/celebrity/gospel-singer-stella-mengele-reveals-family-prepared-for-mothers-death-before-cancer-miracle,negative,0,negative,negative
K24,South America vs Europe rivalry in numbers at the World Cup finals,"Sun, 19 Jul 2026 17:21:10 +0000",https://k24.digital/sports/world-cup/south-america-vs-europe-rivalry-in-numbers-at-the-world-cup-finals,positive,2,positive,positive
K24,Home sounds that mean something is wrong,"Sun, 19 Jul 2026 17:14:19 +0000",https://k24.digital/lifestyle/home-and-living/home-sounds-that-mean-something-is-wrong,neutral,1,neutral,neutral
K24,How salt affects athletic performance,"Sun, 19 Jul 2026 17:11:35 +0000",https://k24.digital/lifestyle/health-and-fitness/how-salt-affects-athletic-performance,neutral,1,positive,positive
K24,"Kai Cenat forced to use chopper after Streamer University students sneak out, hold huge party","Sun, 19 Jul 2026 16:21:29 +0000",https://k24.digital/entertainment/celebrity/kai-cenat-forced-to-use-chopper-after-streamer-university-students-sneak-out-hold-huge-party,neutral,1,neutral,neutral
K24,Kenya Power lists areas facing Monday blackout,"Sun, 19 Jul 2026 16:11:00 +0000",https://k24.digital/news/kenya-power-lists-areas-facing-monday-blackout,neutral,1,neutral,neutral
K24,Do you know how the World Cup trophy is made? This is how,"Sun, 19 Jul 2026 16:03:42 +0000",https://k24.digital/sports/world-cup/do-you-know-how-the-world-cup-trophy-is-made-this-is-how,neutral,1,positive,positive
K24,What chronic phone checking is doing to attention spans,"Sun, 19 Jul 2026 15:34:16 +0000",https://k24.digital/lifestyle/mental-wellnes/what-chronic-phone-checking-is-doing-to-attention-spans,positive,2,positive,positive
K24,Lulu Hassan emotional as woman remembers her from school after more than 30 years,"Sun, 19 Jul 2026 15:04:29 +0000",https://k24.digital/entertainment/celebrity/lulu-hassan-emotional-as-woman-remembers-her-from-school-after-more-than-30-years,positive,2,negative,negative
K24,Makueni Huduma Centre extends working hours from 7am to 7pm,"Sun, 19 Jul 2026 14:34:04 +0000",https://k24.digital/news/makueni-huduma-centre-extends-working-hours-from-7am-to-7pm,positive,2,positive,positive
K24,"Spain or Argentina, who will win the FIFA World Cup? Owen, Zlatan and John Terry give their predictions","Sun, 19 Jul 2026 13:58:53 +0000",https://k24.digital/sports/world-cup/spain-or-argentina-who-will-win-the-fifa-world-cup-owen-zlatan-and-john-terry-give-their-predictions,neutral,1,neutral,neutral
K24,Pastor Kanyari recalls questioning his own anointing after woman he prayed for got twins,"Sun, 19 Jul 2026 13:54:31 +0000",https://k24.digital/entertainment/celebrity/pastor-kanyari-recalls-questioning-his-own-anointing-after-woman-he-prayed-for-got-twins,neutral,1,neutral,neutral
K24,How to spot scammers on Ziidi Trader,"Sun, 19 Jul 2026 13:50:16 +0000",https://k24.digital/lifestyle/money/how-to-spot-scammers-on-ziidi-trader,positive,2,positive,positive
K24,‘Harusi tunayo’: Anne Waiguru confirms wedding plans after son Don’s Ngurario ceremony,"Sun, 19 Jul 2026 12:43:21 +0000",https://k24.digital/entertainment/events/harusi-tunayo-anne-waiguru-confirms-wedding-plans-after-son-dons-ngurario-ceremony,neutral,1,neutral,neutral
KBC,Prabowo Subianto: Indonesia becomes first country in world to introduce biodiesel containing 50% palm oil,"Sun, 19 Jul 2026 17:47:52 +0000",https://www.kbc.co.ke/prabowo-subianto-indonesia-becomes-first-country-in-world-to-introduce-biodiesel-containing-50-palm-oil/,positive,2,positive,positive
KBC,Presidential aspirant Onyango Oloo seeks Mt. Kenya support,"Sun, 19 Jul 2026 14:26:01 +0000",https://www.kbc.co.ke/presidential-aspirant-onyango-oloo-seeks-mt-kenya-support/,neutral,1,neutral,neutral
KBC,Probe launched into alleged goon activity in Ol Kalou,"Sun, 19 Jul 2026 14:13:00 +0000",https://www.kbc.co.ke/probe-launched-into-alleged-goon-activity-in-ol-kalou/,positive,2,negative,negative
KBC,First global intergovernmental AI cooperation organization,"Sun, 19 Jul 2026 08:29:53 +0000",https://www.kbc.co.ke/first-global-intergovernmental-ai-cooperation-organization/,positive,2,positive,positive
KBC,‎Tharaka Nithi to establish constituency museums to preserve cultural heritage,"Sun, 19 Jul 2026 08:00:31 +0000",https://www.kbc.co.ke/tharaka-nithi-to-establish-constituency-museums-to-preserve-cultural-heritage/,positive,2,positive,positive
KBC,Fear grips Ruiru as mysterious attacker bites victims in night assaults,"Sun, 19 Jul 2026 07:33:29 +0000",https://www.kbc.co.ke/fear-grips-ruiru-as-mysterious-attacker-bites-victims-in-night-assaults/,negative,0,negative,negative
Kenya News Agency,Koskei calls for shift to high-value crops to transform Mt Elgon economy,"Sun, 19 Jul 2026 13:06:54 +0000",https://www.kenyanews.go.ke/koskei-calls-for-shift-to-high-value-crops-to-transform-mt-elgon-economy/,positive,2,positive,positive
Kenya News Agency,Over 20 teams set for action-packed Prinsloo Sevens Championship,"Sun, 19 Jul 2026 13:01:58 +0000",https://www.kenyanews.go.ke/over-20-teams-set-for-action-packed-prinsloo-sevens-championship/,positive,2,positive,positive
Kenya News Agency,Archbishop warns youth against political exploitation and violent gangs,"Sun, 19 Jul 2026 12:59:26 +0000",https://www.kenyanews.go.ke/archbishop-warns-youth-against-political-exploitation-and-violent-gangs/,positive,2,positive,positive
Standard - Headlines,Political earthquake: The making of tired but defiant voters,"Mon, 20 Jul 2026 08:40:00 +0300",https://www.standardmedia.co.ke/article/2001553223/political-earthquake-the-making-of-tired-but-defiant-voters,positive,2,negative,negative
Standard - Headlines,Why public servants have less than a month to update pension records,"Sat, 18 Jul 2026 18:33:00 +0300",https://www.standardmedia.co.ke/article/2001553092/why-public-servants-have-less-than-a-month-to-update-pension-records,neutral,1,neutral,neutral
Standard - Headlines,Inside Kenya's Ebola defences as seven Americans enter quarantine,"Fri, 17 Jul 2026 16:33:43 +0300",https://www.standardmedia.co.ke/article/2001553086/inside-kenya-s-ebola-defences-as-seven-americans-enter-quarantine,positive,2,positive,positive
Standard - Headlines,MPs push for urgent resolution of higher education funding crisis,"Thu, 16 Jul 2026 18:27:20 +0300",https://www.standardmedia.co.ke/article/2001552991/mps-push-for-urgent-resolution-of-higher-education-funding-crisis,positive,2,positive,positive
Standard - Headlines,Gachagua accuses IEBC of bias ahead of Ol Kalou by-election,"Tue, 14 Jul 2026 19:33:18 +0300",https://www.standardmedia.co.ke/article/2001552811/gachagua-accuses-iebc-of-bias-ahead-of-ol-kalou-by-election,negative,0,negative,negative
Standard - Headlines,"Oburu declares ODM won't field presidential candidate, endorses Ruto","Sun, 12 Jul 2026 17:51:07 +0300",https://www.standardmedia.co.ke/article/2001552630/oburu-declares-odm-won-t-field-presidential-candidate-endorses-ruto,neutral,1,neutral,neutral
Standard - Headlines,Why Linda Mwananchi leaders cancelled Ol Kalou tour,"Sat, 11 Jul 2026 20:29:32 +0300",https://www.standardmedia.co.ke/article/2001552582/why-linda-mwananchi-leaders-cancelled-ol-kalou-tour,neutral,1,neutral,neutral
Standard - Headlines,Registrar of Political Parties okays Sifuna's removal as ODM secretary general,"Thu, 09 Jul 2026 20:17:21 +0300",https://www.standardmedia.co.ke/article/2001552431/registrar-of-political-parties-okays-sifuna-s-removal-as-odm-secretary-general,positive,2,positive,positive
Standard - Headlines,Kalonzo condemns police over their conduct during Saba Saba Day,"Tue, 07 Jul 2026 20:49:00 +0300",https://www.standardmedia.co.ke/article/2001552263/kalonzo-condemns-police-over-their-conduct-during-saba-saba-day,positive,2,positive,positive
Standard - Headlines,"Kenya Kwanza leaders tell Uhuru to stay out of politics, act like a statesman","Mon, 06 Jul 2026 16:04:17 +0300",https://www.standardmedia.co.ke/article/2001552150/kenya-kwanza-leaders-tell-uhuru-to-stay-out-of-politics-act-like-a-statesman,neutral,1,neutral,neutral
Standard - Headlines,Kalonzo: Sale of Safaricom was a national abduction,"Sat, 04 Jul 2026 18:00:40 +0300",https://www.standardmedia.co.ke/article/2001552028/kalonzo-sale-of-safaricom-was-a-national-abduction,negative,0,negative,negative
Standard - Headlines,Inside NTSA's move to take instant traffic fine payments off eCitizen,"Wed, 01 Jul 2026 15:35:20 +0300",https://www.standardmedia.co.ke/article/2001551780/inside-ntsa-s-move-to-take-instant-traffic-fine-payments-off-ecitizen,positive,2,positive,positive
Standard - Headlines,Court orders Ruto to reshuffle Cabinet within 120 Days,"Tue, 30 Jun 2026 20:24:04 +0300",https://www.standardmedia.co.ke/article/2001551714/court-orders-ruto-to-reshuffle-cabinet-within-120-days,positive,2,positive,positive
Standard - Headlines,Russia begins process to compensate kin of Kenyans killed in Ukraine war,"Sun, 28 Jun 2026 15:00:57 +0300",https://www.standardmedia.co.ke/article/2001551509/russia-begins-process-to-compensate-kin-of-kenyans-killed-in-ukraine-war,positive,2,positive,positive
Standard - Headlines,Duale summoned for contempt sentencing over Ebola quarantine facility,"Mon, 22 Jun 2026 16:36:19 +0300",https://www.standardmedia.co.ke/article/2001550991/duale-summoned-for-contempt-sentencing-over-ebola-quarantine-facility,positive,2,positive,positive
Standard - Headlines,Three nursing gunshot wounds in rally chaos linked to MP,"Fri, 19 Jun 2026 19:35:00 +0300",https://www.standardmedia.co.ke/article/2001550780/three-nursing-gunshot-wounds-in-rally-chaos-linked-to-mp,negative,0,negative,negative
Standard - Headlines,"SHA hasn't paid healthcare centres Sh5.5b since February, say workers","Tue, 16 Jun 2026 08:50:00 +0300",https://www.standardmedia.co.ke/article/2001550507/sha-hasn-t-paid-healthcare-centres-sh5-5b-since-february-say-workers,negative,0,negative,negative
Standard - Headlines,Opposition unveils 'People's Budget' ahead of 202627 fiscal plan,"Wed, 10 Jun 2026 19:28:29 +0300",https://www.standardmedia.co.ke/article/2001550016/opposition-unveils-people-s-budget-ahead-of-202627-fiscal-plan,neutral,1,neutral,neutral
Standard - Kenya News,"Ruai, Kariobangi upgrade expand Nairobi sewer treatment plant","Thu, 16 Jul 2026 21:17:23 +0300",https://www.standardmedia.co.ke/article/2001553017/ruai-kariobangi-upgrade-expand-nairobi-sewer-treatment-plant,positive,2,positive,positive
Standard - Kenya News,Methu warns against hooded police as Ol Kalou's polls continue,"Thu, 16 Jul 2026 11:36:02 +0300",https://www.standardmedia.co.ke/article/2001552939/methu-warns-against-hooded-police-as-ol-kalou-s-polls-continue,negative,0,negative,negative
Standard - Kenya News,Ol Kalou by-election: DCP's Sammy Kamau says victory guaranteed,"Thu, 16 Jul 2026 11:26:13 +0300",https://www.standardmedia.co.ke/article/2001552937/ol-kalou-by-election-dcp-s-sammy-kamau-says-victory-guaranteed,positive,2,positive,positive
Standard - Kenya News,British High Commissioner visits Laikipia County,"Tue, 14 Jul 2026 21:51:39 +0300",https://www.standardmedia.co.ke/article/2001552823/british-high-commissioner-visits-laikipia-county,positive,2,positive,neutral
Thewill News,WAFCON 2026 Delayed At Last Minute: Here Are 7 Reasons Fans Won’t Regret The Wait,7/24/2026 21:04,https://thewillnews.com/wafcon-2026-delayed-at-last-minute-here-are-7-reasons-fans-wont-regret-the-wait/,positive,2,positive,positive
KBC,Senator Methu claims recent intense by-election campaign led to weight loss,"Wed, 22 Jul 2026 05:45:56 +0000",https://www.kbc.co.ke/senator-methu-claims-recent-intense-by-election-campaign-led-to-weight-loss/,negative,0,negative,negative
The Star,Tusker plot fast start at Kagame Cup as pre-season preps gather paceTusker kick off their Group C fixtures against Sudanese giants Al Hilal SC on Sunday at the Amahoro Stadium.,,https://www.the-star.co.ke/sports/football/2026-07-24-tusker-plot-fast-start-at-kagame-cup-as-pre-season-preps-gather-pace-1,positive,2,positive,positive
Newsroom,Comm Games Day 1: Semi-sweet first medal for Erika Fairweather,7/24/2026 21:20,https://newsroom.co.nz/2026/07/25/comm-games-day-1-semi-sweet-first-medal-for-erika-fairweather/,positive,2,positive,positive
World News API,Azerbaijan lists banks by their operational expenses,,,neutral,1,neutral,neutral
K24 Tv,Crowds gather in Kisumu to receive TikToker Zack Apela’s body days after his death in US,7/24/2026 21:19,https://k24.digital/entertainment/celebrity/crowds-gather-in-kisumu-to-receive-tiktoker-zack-apelas-body-days-after-his-death-in-us,negative,0,negative,negative
People Daily,Poor harvest before El Niño: Kenya faces double food security threat as rains shift to January,7/24/2026 22:52,https://peopledaily.digital/news/poor-harvest-before-el-nino-kenya-faces-double-food-security-threat-as-rains-shift-to-january,negative,0,negative,negative
The Star,"GT Bank managing director to exit as sector shake-up continuesThe lender said the MD has been recalled to parent company Guaranty Trust Bank Limited in Nigeria,",,https://www.the-star.co.ke/business/kenya/2026-07-20-gt-bank-managing-director-to-exit-as-sector-shake-up-continues,neutral,1,neutral,neutral
Citizen Digital (via Google News),"Fresh petition filed to remove Kenya Re CEO Hillary Wachinga over mismanagement, staff harassment claims - Citizen Digital","Fri, 24 Jul 2026 08:12:35 GMT",https://news.google.com/rss/articles/CBMi2wFBVV95cUxNOEthRnJ2YW5NRlpxX3dyb3h1QmxhODlnWUttaDNfaFBHUE1lLVdQakNVU3FRcjM1TV96UmlRbXEydWRoTXBMTGUyN0drOTN3TGxpQWlUemJSX1E1dk5rQnpnZVgzdGtzWDluYVh5TncwMXJpLWplWDRuWU1PVWZiYjZISk83bFdZc2pwdlpHTURqcDc0TkFhbGhpOFdHb0tsa2w3V2pHOHJlUVM5am40N3pLczNzOERLYUt5T3pDX1RFSHJnWWlVNEhwQnBRMXJHckZ6eTF5OFBJbXM?oc=5,neutral,1,neutral,neutral
Capital FM,"Kirinyaga, Wajir, Nyeri, Kiambu and Mombasa top Politrack governors’ performance index","Sat, 25 Jul 2026 08:10:48 +0000",https://capitalfm.africa/kirinyaga-wajir-nyeri-kiambu-and-mombasa-top-politrack-governors-performance-index/,neutral,1,neutral,neutral
World News API,Ministry to tighten food safety after study detects pesticide residues in vegetables,,https://www.standardmedia.co.ke/health/health-science/article/2001553711/ministry-to-tighten-food-safety-after-study-detects-pesticide-residues-in-vegetables,positive,2,positive,positive
People Daily,"How Kang’ata’s DCP switch boosts Gachagua’s Mt Kenya grip, rattles Ruto’s 2027 plans",7/24/2026 22:15,https://peopledaily.digital/inside-politics/how-kangatas-dcp-switch-boosts-gachaguas-mt-kenya-grip-rattles-rutos-2027-plans,neutral,1,neutral,neutral
K24,Bruised Banana: History behind Arsenal’s new away kit,"Sat, 25 Jul 2026 05:40:13 +0000",https://k24.digital/sports/epl/bruised-banana-history-behind-arsenals-new-away-kit,neutral,1,neutral,neutral
Kenyans.co.ke,Blow to Politicians as Police Threaten to Withdraw Security,2026-07-21T15:35:12+0300,https://www.kenyans.co.ke/news/125471-police-withdraw-security-politicians-who-hire-goons-coast-commander-warns,negative,0,negative,negative
Kenyans.co.ke,Ruto Appoints Ol Kalou UDA Candidate Samuel Muchina to Govt,2026-07-22T15:08:46+0300,https://www.kenyans.co.ke/news/125510-ruto-appoints-ol-kalou-uda-candidate-samuel-muchina-nairobi-rivers-commission,neutral,1,neutral,neutral
Citizen Digital (via Google News),Aston Villa sign Joao Gomes from Wolves - Citizen Digital,"Mon, 20 Jul 2026 13:31:16 GMT",https://news.google.com/rss/articles/CBMihgFBVV95cUxNUkFNLVpfdVR5d1VPZTBNaFRqMkt3Q2R6aFpMamVvLXIzbEN4R1BNNkowRXpBcy0xeTFlMWxFWVVpak4yalo5anRNVkd3c1J3SUtocTNCTlNsX05oNWdpWFBUajh2UXhIYUVVeXU0OU1YU25ua1RXNnh6U05SS1R0UjhrWDB6UQ?oc=5,positive,2,positive,positive
The Standard,Nairobi National Park hosts court inspection in orphanage relocation dispute,,https://www.standardmedia.co.ke/environment-climate/article/2001553429/nairobi-national-park-hosts-court-inspection-in-orphanage-relocation-dispute,positive,2,positive,positive
The Star,Kirimi: How emergency responses save lives during Kenya’s disastersJoy Kirimi explains how significant the golden hour is during emergencies,,https://www.the-star.co.ke/health/2026-07-08-kirimi-how-emergency-responses-save-lives-during-kenyas-disasters,positive,2,positive,positive
Capital FM Kenya,Gachagua says UDA will lose every seat in Mt Kenya,"Wed, 22 Jul 2026 17:12:22 +0000",https://capitalfm.africa/gachagua-says-uda-will-lose-every-seat-in-mt-kenya/,neutral,1,neutral,neutral
Standard - Politics,Bleak future: Why DP Kindiki is now walking on political egg shells,"Sun, 19 Jul 2026 10:00:00 +0300",https://www.standardmedia.co.ke/politics/article/2001553165/bleak-future-why-dp-kindiki-is-now-walking-on-political-egg-shells,negative,0,negative,negative
Citizen Digital (via Google News),Kerugoya court issues conservatory orders stopping rice importation - Citizen Digital,"Wed, 22 Jul 2026 11:26:31 GMT",https://news.google.com/rss/articles/CBMiqwFBVV95cUxNMXlkZUdfZ0N2LVR0VXRpanBTUlI1RHp4T2Y1Q2lQWl9YV3U0MWFrRjFOY19rYkRpTEYzMXFvVGtqcFo0aHo2OURNMzc0dzVnRDFfYURDNUR1d2IxUmJueUFEQWhCZXFHZTF5UXFHZ1cwV0hqR2lzWEZoeVFFVXhTUGtPdjFEUUZleXlpNjhVN0tXUWxPdXhtQUw0Z29ZamtvRnNIdTRqTUJTWGc?oc=5,positive,2,positive,positive
The Star,"Young Mwamba ready for National Sevens Series challenge, says MurungaMurunga said the club’s focus will be on giving young players valuable exposure rather than piling pressure on them.",,https://www.the-star.co.ke/sports/rugby/2026-07-09-young-mwamba-ready-for-national-sevens-series-challenge-says-murunga,positive,2,positive,positive
Capital FM Kenya,"High Court strikes out ‘premature’ bid to bar Wetang’ula, Kingi from political activities","Thu, 23 Jul 2026 13:48:43 +0000",https://capitalfm.africa/high-court-strikes-out-premature-bid-to-bar-wetangula-kingi-from-political-activities/,positive,2,neutral,neutral
People Daily,Inside govt’s 30-year recruitment plan transforming Kenya’s public service workforce by 2055,7/24/2026 20:18,https://peopledaily.digital/news/inside-govts-30-year-recruitment-plan-transforming-kenyas-public-service-workforce-by-2055,positive,2,positive,positive
K24,Five common misconceptions about tetanus,"Tue, 21 Jul 2026 22:27:56 +0000",https://k24.digital/lifestyle/health-and-fitness/five-common-misconceptions-about-tetanus,neutral,1,neutral,neutral
The Star,Rival dismisses Otuoma-Ojaamong alliance ahead of 2027 Busia contestOsiya says deal too late to save Otuoma's dwindling reelection bid,,https://www.the-star.co.ke/counties/western/2026-07-23-rival-dismisses-otuoma-ojaamong-alliance-ahead-of-2027-busia-contest,neutral,1,neutral,neutral
Citizen Digital,Family land dispute disrupts burial in Kirinyaga,,https://citizen.digital/article/family-land-dispute-disrupts-burial-in-kirinyaga-n386642,negative,0,negative,negative
The Star,"Nairobi saves Sh8.48bn by strengthening in-house legal teamDuring the review period, the county concluded 174 court cases, with 84 of them handled by internal lawyers.",,https://www.the-star.co.ke/counties/nairobi/2026-07-22-nairobi-saves-sh848bn-by-strengthening-in-house-legal-team,positive,2,negative,negative
Standard - Politics,How Sifuna's Western tour has rattled Kenya Kwanza,"Fri, 24 Jul 2026 09:00:00 +0300",https://www.standardmedia.co.ke/politics/article/2001553598/how-sifuna-s-western-tour-has-rattled-kenya-kwanza,neutral,1,neutral,neutral
World News API,"Genesis, The Last Chapter - Changing Lanes without Missing a beat",,https://www.kenyamoja.com/video/genesis-last-chapter-changing-lanes-without-missing-beat-ntv-video-411429,positive,2,positive,positive
Business Daily Africa,Court rejects bid to oust lawyers in EABL sale dispute,"Tue, 21 Jul 2026 12:56:34 GMT",https://www.businessdailyafrica.com/bd/corporate/companies/court-rejects-bid-to-oust-lawyers-in-eabl-sale-dispute-5533320,negative,0,negative,negative
Capital FM,"Mombasa Airport Handles 17,000 Passengers in 10 Days","Sat, 25 Jul 2026 07:55:29 +0000",https://capitalfm.africa/mombasa-airport-handles-17000-passengers-in-10-days/,positive,2,positive,positive
Ghafla Kenya,Kindiki Defended As Ruto’s Running Mate In 2027 Amid Pressure Following UDA’s Ol Kalou Loss,,,neutral,1,neutral,neutral
Capital FM Kenya,Britain moves Haraka Storm military drills out of Kenya after licence setback,"Thu, 23 Jul 2026 12:03:58 +0000",https://capitalfm.africa/britain-moves-haraka-storm-military-drills-out-of-kenya-after-licence-setback/,neutral,1,neutral,neutral
The Standard,New Bill recommends compulsory annual emissions tests for all vehicles,,https://www.standardmedia.co.ke/environment-climate/article/2001552336/new-bill-recommends-compulsory-annual-emissions-tests-for-all-vehicles,positive,2,positive,positive
K24,Aston Villa reach agreement to sign Alejandro Garnacho from Chelsea on Ksh7.3B loan deal,"Thu, 23 Jul 2026 07:11:11 +0000",https://k24.digital/sports/epl/aston-villa-reach-agreement-to-sign-alejandro-garnacho-from-chelsea-on-ksh7-3b-loan-deal,positive,2,positive,positive
NTV Kenya,Sifuna: I am no one’s project,,https://ntvkenya.co.ke/news/sifuna-i-am-no-ones-project/,neutral,1,negative,neutral
K24,7 Practical ways to leave work at work,"Tue, 21 Jul 2026 20:32:31 +0000",https://k24.digital/lifestyle/mental-wellnes/7-practical-ways-to-leave-work-at-work,neutral,1,neutral,neutral
World News API,IATA launches safety workshops under Focus Africa,,https://economist.com.na/108606/human-resources/iata-launches-safety-workshops-under-focus-africa,positive,2,positive,positive
Standard - Business,Lamu refinery eyes Africa's 86 million tonnes fuel import gap,"Mon, 20 Jul 2026 06:30:00 +0300",https://www.standardmedia.co.ke/business/article/2001553243/lamu-refinery-eyes-africa-s-86-million-tonnes-fuel-import-gap,neutral,1,neutral,neutral
The Standard Headlines,Scammed and abandoned: Who will save Uasin Gishu parents in Finland education saga?,"Sat, 25 Jul 2026 07:15:00 +0300",https://www.standardmedia.co.ke/article/2001553686/scammed-and-abandoned-who-will-save-uasin-gishu-parents-in-finland-education-saga,negative,0,negative,negative
The Star,"SRC approves Sh45,625 monthly allowance for police bodyguardsThere are about 12,000 police officers serving as bodyguards and providing protection to the President, judges, CSs, PSs and other senior public officials",,https://www.the-star.co.ke/counties/nairobi/2026-07-23-src-approves-sh45625-monthly-allowance-for-police-bodyguards,positive,2,negative,negative
K24,Why Alex Mwakideu wants erectile dysfunction recognised as a disability,"Thu, 23 Jul 2026 08:25:10 +0000",https://k24.digital/entertainment/celebrity/why-alex-mwakideu-wants-erectile-dysfunction-recognised-as-a-disability,positive,2,positive,positive
The East African,Africa pushes for unlocking untapped critical minerals,"Mon, 20 Jul 2026 16:16:34 GMT",https://www.theeastafrican.co.ke/tea/business-tech/africa-pushes-for-unlocking-untapped-critical-minerals-5532528,positive,2,positive,positive
Fox News,"EXCLUSIVE: ICE removes former NFL player Daniel Ogama Adongo after visa overstay, criminal record",7/24/2026 22:13,https://www.foxnews.com/politics/exclusive-ice-removes-former-nfl-player-daniel-ogama-adongo-after-visa-overstay-criminal-record,negative,0,negative,negative
The Star,"Young girl standing up to hereditary bone cancerFrida Lakita, 18, got amputated but the cancer recurred, requiring Sh9m treatment",,https://www.the-star.co.ke/sasa/society/2026-07-10-lakita-cancer-battle,negative,0,negative,negative
The African Exponent,Why do Africans send money home - and how big is the remittance economy?,7/24/2026 22:31,https://www.africanexponent.com/why-do-africans-send-money-home-and-how-big-is-the-remittance-economy/,neutral,1,neutral,neutral
Naijaonpoint.com.ng,"Fake jobs, tourist visas: Inside Russia’s vast network luring foreigners to fight Ukraine war",7/24/2026 22:50,https://naijaonpoint.com.ng/fake-jobs-tourist-visas-inside-russias-vast-network-luring-foreigners-to-fight-ukraine-war/,negative,0,negative,negative
Allafrica Tanzania,Uganda: Here Comes the Mandatory Monthly National Cleaning Days,7/24/2026 20:41,https://allafrica.com/stories/202607240671.html,neutral,1,neutral,neutral
K24,10 customer service mistakes that make people walk away for good,"Thu, 23 Jul 2026 12:44:03 +0000",https://k24.digital/lifestyle/life-hacks/10-customer-service-mistakes-that-make-people-walk-away-for-good,neutral,1,neutral,neutral
Standard - Kenya News,Four-month closure of Eldoret Road for Nairobi River Bridge works,"Mon, 11 May 2026 10:58:13 +0300",https://www.standardmedia.co.ke/article/2001547536/four-month-closure-of-eldoret-road-for-nairobi-river-bridge-works,negative,0,negative,negative
The Star,GEN Z CORNER: Pretty privilege in plain sightWhat opens doors for some frustrates those who are overlooked,,https://www.the-star.co.ke/sasa/lifestyle/2026-07-17-gen-z-corner,negative,0,negative,negative
The Standard Headlines,Murkomen: Police no longer rely on Gachagua's 'gossip',"Thu, 23 Jul 2026 16:40:19 +0300",https://www.standardmedia.co.ke/article/2001553582/murkomen-police-no-longer-rely-on-gachagua-s-gossip,positive,2,positive,positive
K24,I don’t believe in God: Tileh reveals why he left religion to become an atheist,"Thu, 23 Jul 2026 10:27:20 +0000",https://k24.digital/entertainment/celebrity/i-dont-believe-in-god-tileh-reveals-why-he-left-religion-to-become-an-atheist,negative,0,negative,negative
KBC,Ruto appoints Ol Kalou UDA candidate Muchina to Nairobi Rivers Commission,"Wed, 22 Jul 2026 12:43:26 +0000",https://www.kbc.co.ke/ruto-appoints-ol-kalou-uda-candidate-muchina-to-nairobi-rivers-commission/,neutral,1,neutral,neutral
World News API,Team Kenya receives donations and other essential items ahead of their trip to Glasgow,,,positive,2,positive,positive
Citizen Digital (via Google News),Spain beat France 2-0 to reach World Cup final - Citizen Digital,"Tue, 14 Jul 2026 21:58:56 GMT",https://news.google.com/rss/articles/CBMijwFBVV95cUxQWnRXcm9tYW5pMENob0RMcEt3aXhqM0EzQlFVYl9jb01WRDE3WGNxVmlQRlBUenRrUXBZYTNWM055NHMzVEhpVTVaUmZnOTZzQWJfVThCTW15YnBMNjBPMzlQVWNFbjZ0bFU4ckRJOVFGd0xia0V6TUk4TGhhblh0ajJkb2w5V2p0T0xIVHN3WQ?oc=5,neutral,1,neutral,neutral
NewsData.io,Medical Spa Market Revenue Forecast 2033,,,neutral,1,negative,negative
Ghafla Kenya,Drake’s World Cup Bet Backfires as Argentina’s Final Defeat Costs Him $1.5 Million,,,neutral,1,neutral,neutral
KBC News,"Wetang’ula rallies Mandera to back Ruto’s re-election bid, cites ID reforms and mega projects",,,negative,0,negative,negative
Citizen Digital (via Google News),"Not us, Not our children: Kaptagat residents deny cutting forest fence - Citizen Digital","Wed, 22 Jul 2026 19:57:31 GMT",https://news.google.com/rss/articles/CBMirAFBVV95cUxQRlZoZEhHZDJLcmhNdjRqZmxnY2YydlQwRGdkN3o3NzlhMFRINzNsWFZwWlN2d1pjeEhVcEpsS0lXZzZkZS05QzZBOEJOR0NvUFN6ZHJTUThvYXdHWjU4OVFSRDdPdEYwbUNOM2picEF6bVpyN2gxNFFQRlMxTlgxTTR6LW1qN2pnVEZfVnpnX1VuRFNjWWJaM0h1dG85ZGVwZFYtUGlBSmxKcUlW?oc=5,neutral,1,neutral,neutral
Ghafla Kenya,Kanyari Says He Has Alleged Daughter but Is Yet to Take DNA Test,,,neutral,1,neutral,neutral
K24,Man United defender Martinez addresses injury fears after World Cup heartbreak,"Wed, 22 Jul 2026 05:18:31 +0000",https://k24.digital/sports/epl/man-united-defender-martinez-addresses-injury-fears-after-world-cup-heartbreak,neutral,1,neutral,neutral
Standard - Kenya News,Partial closure on Ngong road as KURA finalises Sh3.8 B junction mall viaduct,"Sun, 17 May 2026 11:47:54 +0300",https://www.standardmedia.co.ke/article/2001548033/partial-closure-on-ngong-road-as-kura-finalises-sh3-8-b-junction-mall-viaduct,negative,0,negative,negative
K24,How to wash knitted sweaters without ruining them,"Tue, 21 Jul 2026 21:06:08 +0000",https://k24.digital/lifestyle/life-hacks/how-to-wash-knitted-sweaters-without-ruining-them,neutral,1,neutral,neutral
Ghafla Kenya,Kenya Airways Partners With Yemi Alade to Boost West Africa Expansion,,,positive,2,positive,positive
Standard - Politics,Ruto forced back to the drawing board after Ol Kalou defeat,"Sun, 19 Jul 2026 10:00:00 +0300",https://www.standardmedia.co.ke/politics/article/2001553156/ruto-forced-back-to-the-drawing-board-after-ol-kalou-defeat,negative,0,negative,negative
Capital FM Kenya,Kenya Air Force advances modernization drive through strategic UK defence engagements,"Wed, 22 Jul 2026 16:11:56 +0000",https://capitalfm.africa/kenya-air-force-advances-modernization-drive-through-strategic-uk-defence-engagements/,positive,2,positive,positive
NewsData.io,Ambassador Programme: Shaping a generation through dialogue,,,positive,2,positive,positive
Citizen Digital (via Google News),Tackling Messi 'huge challenge' for Spain: Merino - Citizen Digital,"Fri, 17 Jul 2026 19:59:22 GMT",https://news.google.com/rss/articles/CBMijwFBVV95cUxPay13WlBNUzBLTlRpXzI0dktwWXNDN1Iwdm96TXhCUmp2S3k0RXp5c0RNblZaV19MTndGYVI4VXE1cTdDaVQxQnRldXhjT1p5TEdNYy0tTzdRWUxRMDBNQUxwUUczVlgtNzA1a0lGNzRXcnRBWTBUWF9acnRCMlFLN2JHYnR2LUZUTmlpTDBOZw?oc=5,neutral,1,neutral,neutral
NewsData.io,"Dennis Ombachi Raises Eyebrows After Wrangling A Live Ostrich, Cooking It For Viral Burger Video",,,neutral,1,neutral,neutral
Business Daily Africa,Why ghosting your employer could cost you up to Sh3.2m,"Tue, 21 Jul 2026 14:44:45 GMT",https://www.businessdailyafrica.com/bd/lifestyle/workplace/why-ghosting-your-employer-could-cost-you-up-to-sh3-2m-5533556,neutral,1,neutral,neutral
KBC,"Wetang’ula, allies enlist boda boda riders in Ruto 2027 campaign machine","Sat, 25 Jul 2026 06:52:21 +0000",https://www.kbc.co.ke/wetangula-allies-enlist-boda-boda-riders-in-ruto-2027-campaign-machine/,neutral,1,neutral,neutral
NewsData.io,Reforming tourism from the superstructure to the substructure,,,positive,2,positive,positive
Citizen Digital (via Google News),What Kenyans searched for during the 2026 FIFA World Cup: Google reveals - Citizen Digital,"Tue, 21 Jul 2026 13:50:16 GMT",https://news.google.com/rss/articles/CBMisAFBVV95cUxQWFBIMUg3NjN4Z2dicE9FaDd2VUJsRlRQZ2NuSFBIU3BscUV2ZjN2MFR3Mlc2eVhDWDl4SjlodkwxNkhzUEhfeXctT0F0Mm5ZWnMtWUdMS0h6aFpWbURjNmw5bTI0VHpXUXpLS3pMalVqb1JYUTNjSzVraWVKdHlMSU1INjRZVVJOVkpVQUFXU0UyeGdJNWVrRHpmNm93MVRmR3YxdWduaXF5cjRXanRVRg?oc=5,neutral,1,neutral,positive
Business Daily,Jubilee taps embedded insurance to widen health cover access,"Thu, 23 Jul 2026 13:35:22 GMT",https://www.businessdailyafrica.com/bd/corporate/companies/jubilee-taps-embedded-insurance-to-widen-health-cover-5535390,positive,2,positive,positive
The East African,Uganda launches emergency food aid for drought-hit Karamoja,"Tue, 21 Jul 2026 03:36:14 GMT",https://www.theeastafrican.co.ke/tea/news/east-africa/uganda-launches-emergency-food-aid-for-drought-hit-karamoja-5532882,positive,2,positive,positive
The Standard,Prophetic challenge facing the Kenyan church today,,https://www.standardmedia.co.ke/opinion/article/2001553304/prophetic-challenge-facing-the-kenyan-church-today,neutral,1,neutral,neutral
The Star,Why Nairobi matters in a changing world,,https://www.the-star.co.ke/opinion/columnists/2026-07-23-why-nairobi-matters-in-a-changing-world,neutral,1,neutral,neutral
K24,Casemiro completes move to Inter Miami after Manchester United exit,"Wed, 22 Jul 2026 18:08:57 +0000",https://k24.digital/sports/casemiro-completes-move-to-inter-miami-after-manchester-united-exit,positive,2,neutral,positive
NTV Kenya,"Popular Kenyan women converge for a wellness, glam, and sisterhood experience | The Glam","Thu, 09 Jul 2026 09:42:04 +0000",https://ntvkenya.co.ke/arts-lifestyle/popular-kenyan-women-converge-for-a-wellness-glam-and-sisterhood-experience-the-glam/,neutral,1,neutral,neutral
Capital FM Kenya,Gachagua claims police will refuse to rig 2027 poll,"Wed, 22 Jul 2026 18:37:45 +0000",https://capitalfm.africa/gachagua-claims-police-will-refuse-to-rig-2027-poll/,positive,2,negative,negative
The Star,A teenager’s mission to help bridge Kenya’s emergency response gaps,,https://www.the-star.co.ke/sasa/technology/2026-07-09-a-teenagers-mission-to-help-bridge-kenyas-emergency-response-gaps,positive,2,positive,positive
World News API,GSU storms into Kenya Cup semi-finals,,https://www.kenyamoja.com/index.php/video/gsu-storms-kenya-cup-semi-finals-citizen-tv-411410,negative,0,negative,negative
Citizen Digital,How Dahlia Safaris is using golf tourism to market Kenya beyond traditional destinations,,https://citizen.digital/article/how-dahlia-safaris-is-using-golf-tourism-to-market-kenya-beyond-traditional-destinations-n385872,positive,2,positive,positive
The Standard,Wines agency KWAL banks on menstrual leave to champion wellbeing at work,,https://www.standardmedia.co.ke/health/reproductive-health/article/2001549473/wines-agency-kwal-banks-on-menstrual-leave-to-champion-wellbeing-at-work,positive,2,positive,positive
NTV Kenya,Nairobi International Financial Centre | Business Redefined,"Tue, 14 Jul 2026 16:35:46 +0000",https://ntvkenya.co.ke/business/nairobi-international-financial-centre-business-redefined/,neutral,1,neutral,neutral
Kenya News Agency,Government establishes committee to review unconstitutional laws,"Wed, 22 Jul 2026 13:27:26 +0000",https://www.kenyanews.go.ke/government-establishes-committee-to-review-unconstitutional-laws/,positive,2,positive,positive
Nairobi Wire,Thika Inches Closer to Becoming Kenya’s Newest City,,,positive,2,positive,positive
NTV Kenya,Samia hits back at foreign critics: “Who are you to lecture Tanzania on...,,https://ntvkenya.co.ke/news/samia-hits-back-at-foreign-critics-who-are-you-to-lecture-tanzania-on-its-affairs/,negative,0,negative,negative
NTV Kenya,Bongo icon Professor Jay confirms major stage comeback,,https://ntvkenya.co.ke/news/bongo-icon-professor-jay-confirms-major-stage-comeback/,positive,2,positive,positive
The Standard,"Kenyan businesses ready to electrify, but grid constraints slow progress",,https://www.standardmedia.co.ke/environment-climate/article/2001552676/kenyan-businesses-ready-to-electrify-but-grid-constraints-slow-progress,negative,0,positive,positive
Currents API,"Kenya: KMJA Appeals to LSK to Reconsider Court Boycott, Cites Harm to Litigants",,,negative,0,negative,negative
Riauone.com | Berita Nusantara Terkini,"QUBIC Goes Global on Alchemy Pay: Now Purchasable in 173 Countries, Including the US",7/24/2026 23:56,https://www.riauone.com/global/QUBIC-Goes-Global-on-Alchemy-Pay--Now-Purchasable-in-173-Countries--Including-the-US,positive,2,positive,positive
The Star,Police seem helpless as war drums soundIG Kanja long on warnings and short of action,,https://www.the-star.co.ke/opinion/leader/2026-07-22-police-seem-helpless-as-war-drums-sound,negative,0,negative,negative
Citizen Digital (via Google News),Rosenior ready for Paris FC challenge after 'learning lessons' at Chelsea - Citizen Digital,"Thu, 16 Jul 2026 18:49:02 GMT",https://news.google.com/rss/articles/CBMisAFBVV95cUxPTXRjRzJpUTE4aWN5N0tCenVxYU9wVDFHano5NUFfc0E3dGt5WjQ3U0hhaXZhZEFfNDd6OFFIQXE0REIybkNVVnFMeHlwSUIycmlPNm1sNlluaTUzZVhRTm1RaHZDdkxVNjRSTTdDVHNYby1qN0taX1JUQk5GdTM4SkVtdExIdmxxNG8wWXZ5aVBMZ3VScnhZMkVPTVJDd1RvUmgxazd2QUp2VnNWNG9Waw?oc=5,neutral,1,neutral,neutral
Nairobi Wire,Parking Fees in Nairobi Could Change as County Adopts New Pricing Policy,,,neutral,1,neutral,neutral
NewsData.io,Why the youth jobs crisis is becoming global,,,neutral,1,neutral,neutral
Capital FM Kenya,Omollo: Don’t allow politicians to exploit you for violence,"Sun, 19 Jul 2026 09:43:29 +0000",https://capitalfm.africa/omollo-dont-allow-politicians-to-exploit-you-for-violence/,positive,2,positive,positive
Capital FM,"Ruto defends SHA, says it is ‘ten times better’ than NHIF","Sat, 25 Jul 2026 09:51:32 +0000",https://capitalfm.africa/ruto-defends-sha-says-it-is-ten-times-better-than-nhif/,positive,2,negative,negative
K24,Key reasons why some employees actually look forward to Mondays,"Sun, 19 Jul 2026 21:08:05 +0000",https://k24.digital/lifestyle/life-hacks/key-reasons-why-some-employees-actually-look-forward-to-mondays,neutral,1,neutral,neutral
Citizen Digital (via Google News),Ebola: 7 Americans quarantined in Kenya after US travel ban - Citizen Digital,"Fri, 17 Jul 2026 12:44:37 GMT",https://news.google.com/rss/articles/CBMinwFBVV95cUxOcTdRMUY0NmhIeWpxSWJhRmhGUVA3TC13bjVTTlNVTENhX084Qi1pbTc1aHZzZ3N2T0VCVFlIOUFKd0VwRnZxQldpeWQ2N3lKN0IwMDUzNHFvVV9yV05DSkhuYTBXdGVkbzFxZnphaHNGbnpGR09FUzZwNWlVU05jTTRVTE5UelY4NWZqdVk2dXo3bXVJVzc5V01YMEFQLVU?oc=5,negative,0,negative,negative
NTV Kenya,Brazil’s former President Bolsonaro begins serving 27-year prison...,,https://ntvkenya.co.ke/news/brazil-former-president-bolsonaro-begins-serving-27-year-prison-sentence/,negative,0,negative,negative
NTV Kenya,South Korea court gives ex-First Lady 7-year jail term for bribery,,https://ntvkenya.co.ke/news/south-korea-court-gives-ex-first-lady-7-year-jail-term-for-bribery/,negative,0,negative,negative
Business Daily Africa,State ordered to produce key records in Kenya Pipeline sale,"Thu, 16 Jul 2026 16:48:14 GMT",https://www.businessdailyafrica.com/bd/economy/government-ordered-to-produce-records-in-kenya-pipeline-sale-5529468,neutral,1,neutral,neutral
Digital Spy,'The perfect comfort-watch': Judi Dench's beloved BBC sitcom is streaming right now,7/24/2026 21:12,https://www.digitalspy.com/tv/a73258583/judi-dench-as-time-goes-by-streaming/,positive,2,positive,positive
World News API,Inside Savinaah's World: From Childhood Dreams to Music Success,,https://www.kenyamoja.com/video/inside-savinaahs-world-childhood-dreams-music-success-ntv-video-411744,positive,2,positive,positive
Kenyans.co.ke,High Court Issues Orders Ahead of Aviation Workers Strike,2026-07-24T12:19:03+0300,https://www.kenyans.co.ke/news/125560-high-court-suspends-planned-nationwide-aviation-strike-over-labour-dispute,neutral,1,neutral,neutral
Standard - Headlines,"Kang'ata attends Linda Mwananchi rally in Thika, criticises Ruto policies","Sun, 14 Jun 2026 18:17:44 +0300",https://www.standardmedia.co.ke/article/2001550328/kang-ata-attends-linda-mwananchi-rally-in-thika-criticises-ruto-policies,negative,0,negative,negative
The Standard Headlines,"Luo nation will not take part in protests, MPs say","Wed, 24 Jun 2026 20:19:00 +0300",https://www.standardmedia.co.ke/article/2001551221/luo-nation-will-not-take-part-in-protests-mps-say,neutral,1,negative,negative
The Standard Headlines,IG Kanja faces jail for contempt over roadblocks during protests,"Fri, 26 Jun 2026 20:14:36 +0300",https://www.standardmedia.co.ke/article/2001551391/ig-kanja-faces-jail-for-contempt-over-roadblocks-during-protests,negative,0,negative,negative
Standard - Headlines,Ndindi Nyoro seeks annulment of Safaricom stake sale,"Wed, 08 Jul 2026 20:11:00 +0300",https://www.standardmedia.co.ke/article/2001552322/ndindi-nyoro-seeks-annulment-of-safaricom-stake-sale,positive,2,positive,positive
The Standard Headlines,"Karua condemns convoy attack, blames police lapse","Fri, 10 Jul 2026 20:58:00 +0300",https://www.standardmedia.co.ke/article/2001552520/karua-condemns-convoy-attack-blames-police-lapse,negative,0,negative,negative
The Standard Headlines,Wetang'ula risks jail over alleged breach of court orders on political campaigns,"Mon, 13 Jul 2026 16:39:03 +0300",https://www.standardmedia.co.ke/article/2001552695/wetang-ula-risks-jail-over-alleged-breach-of-court-orders-on-political-campaigns,negative,0,negative,negative
The Standard Headlines,High court suspends President Ruto's executive order placing IPOA under Interior Ministry,"Wed, 15 Jul 2026 20:15:39 +0300",https://www.standardmedia.co.ke/article/2001552906/high-court-suspends-president-ruto-s-executive-order-placing-ipoa-under-interior-ministry,neutral,1,neutral,neutral
The Standard,The best financial lesson from the World Cup: Prepare,,https://www.standardmedia.co.ke/opinion/article/2001553159/the-best-financial-lesson-from-the-world-cup-prepare,positive,2,positive,positive
The East African,"Sudan’s RSF leader Hemedti, 15 others sentenced to death by hanging","Mon, 13 Jul 2026 13:55:57 GMT",https://www.theeastafrican.co.ke/tea/news/north-africa/sudan-s-rsf-leader-hemedti-15-others-sentenced-to-death-5525756,negative,0,negative,negative
The East African,Washington’s attacks on ICC pose dilemma for its African partners,"Fri, 17 Jul 2026 22:56:13 GMT",https://www.theeastafrican.co.ke/tea/news/world/washington-attacks-on-icc-pose-dilemma-for-its-african-partners-5530612,negative,0,negative,negative
The Standard,The Commonwealth's greatest prize lies beyond the games,,https://www.standardmedia.co.ke/opinion/article/2001553480/the-commonwealths-greatest-prize-lies-beyond-the-games,positive,2,positive,positive
Business Daily,Bank customers left empty-handed after 22-year fight for refunds,"Tue, 21 Jul 2026 11:04:04 GMT",https://www.businessdailyafrica.com/bd/corporate/companies/bank-customers-left-empty-handed-22-year-fight-for-refunds-5533228,negative,0,negative,negative
Business Daily,Idle GDC drilling machines put Sh15bn investment into question,"Thu, 23 Jul 2026 12:58:10 GMT",https://www.businessdailyafrica.com/bd/corporate/industry/idle-gdc-drilling-machines-put-sh15bn-investment-into-question-5535316,negative,0,negative,negative
Business Daily,Kenyans unable to afford a healthy diet rise by 9m,"Wed, 22 Jul 2026 17:10:54 GMT",https://www.businessdailyafrica.com/bd/economy/kenyans-unable-to-afford-a-healthy-diet-rise-by-9m-5534718,negative,0,negative,negative
KBC,ICC dismisses prosecutor Karim Khan over serious misconduct,"Sat, 25 Jul 2026 07:35:30 +0000",https://www.kbc.co.ke/icc-dismisses-prosecutor-karim-khan-over-serious-misconduct/,negative,0,negative,negative
Kahawa Tungu,Panic as Safarilink plane veers off Wilson Airport runway after tyre burst,"Sat, 25 Jul 2026 05:12:03 +0000",https://kahawatungu.com/safarilink-plane-veers-off-wilson-airport-runway-after-tyre-burst/,negative,0,negative,negative
Nairobi Wire,Five Women Rescued as DCI Busts Suspected Online Sexual Exploitation Ring,"Wed, 22 Jul 2026 03:49:05 +0000",https://nairobiwire.com/2026/07/dci-arrests-three-suspected-online-sexual-exploitation-nairobi.html,negative,0,negative,negative
Nairobi Wire,Gachagua Warns of ‘Civil War’ if Murkomen Stays as Interior CS,"Fri, 24 Jul 2026 03:43:30 +0000",https://nairobiwire.com/2026/07/rigathi-gachagua-accuses-kipchumba-murkomen-police-militia-claims.html,negative,0,negative,negative
Nairobi Wire,Government Targets Buildings Without Disability Access in Fresh Crackdown,"Thu, 23 Jul 2026 03:41:01 +0000",https://nairobiwire.com/2026/07/alfred-mutua-disability-accessibility-building-crackdown.html,negative,0,negative,negative
Nairobi Wire,Murkomen Orders Police to Deal With Goons ‘Ruthlessly’,"Fri, 24 Jul 2026 03:42:38 +0000",https://nairobiwire.com/2026/07/murkomen-orders-police-ruthless-crackdown-goons.html,negative,0,negative,negative
Nairobi Wire,Mutua Orders Nationwide Crackdown on Employers Defying Minimum Wage,"Thu, 23 Jul 2026 03:49:22 +0000",https://nairobiwire.com/2026/07/kenya-minimum-wage-inspections-alfred-mutua-employers.html,negative,0,negative,negative
Nairobi Wire,Ruto Appoints Ol Kalou By-Election Loser to Key State Role,"Thu, 23 Jul 2026 03:40:32 +0000",https://nairobiwire.com/2026/07/ruto-appoints-muchina-nyaga-nairobi-rivers-commission.html,negative,0,negative,negative
The Mt Kenya Times,The analogy of plight and plunder: The case of a haemorrhaging nation,7/24/2026 22:34,https://mountkenyatimes.co.ke/the-analogy-of-plight-and-plunder-the-case-of-a-haemorrhaging-nation/,negative,0,negative,negative
The Standard,'Reggae na Lami': Western Kenya's dangerous and bizarre culture,"Wed, 01 Jul 2026 09:10:00 +0300",https://www.standardmedia.co.ke/article/2001551684/reggae-na-lami-western-kenya-s-dangerous-and-bizarre-culture,negative,0,negative,negative
The Standard,Counties face solid waste nightmare,"Tue, 02 Jun 2026 17:31:39 +0300",https://www.standardmedia.co.ke/article/2001549350/counties-face-solid-waste-nightmare,negative,0,negative,negative
The Standard,"Giant python terrorises Kapseret village, residents want it relocated","Tue, 30 Jun 2026 18:38:00 +0300",https://www.standardmedia.co.ke/article/2001551676/giant-python-terrorises-kapseret-village-residents-want-it-relocated,negative,0,negative,negative
The Standard,Police face hard time while booking body at Tigoni mortuary,"Sat, 25 Jul 2026 07:15:00 +0300",https://www.standardmedia.co.ke/article/2001553677/police-face-hard-time-while-booking-body-at-tigoni-mortuary,negative,0,negative,negative
The Standard,"Senators grill Sakaja over pending bills, procurement gaps","Thu, 18 Jun 2026 23:20:37 +0300",https://www.standardmedia.co.ke/article/2001550710/senators-grill-sakaja-over-pending-bills-procurement-gaps,negative,0,negative,negative
The Standard,Senators put Duale on the spot over utterances that may arouse ethnic tensions in the country,7/24/2026 21:00,https://www.standardmedia.co.ke/politics/article/2001553691/senators-put-duale-on-the-spot-over-utterances-that-may-arouse-ethnic-tensions-in-the-country,negative,0,negative,negative
The Standard Headlines,"As repression soars, East Africans are finding fragile refuge in Nairobi","Mon, 20 Jul 2026 14:05:00 +0300",https://www.standardmedia.co.ke/article/2001553281/as-repression-soars-east-africans-are-finding-fragile-refuge-in-nairobi,negative,0,negative,negative
World News API,"CBD pavement works disrupt movement, business for Nairobi commuters",,https://www.kenyamoja.com/video/cbd-pavement-works-disrupt-movement-business-nairobi-commuters-ntv-video-411775,negative,0,negative,negative
World News API,Ebola at State House? 14 staff quarantined as Ruto&#039;s Congo trip shelved,,https://www.standardmedia.co.ke/health/health-science/article/2001553663/ebola-at-state-house-14-staff-quarantined-as-rutos-congo-trip-shelved,negative,0,negative,negative
World News API,"How poverty, traffickers turned Mat’land into a pipeline for Russia’s war",,https://www.newsday.co.zw/local-news/article/200058696/how-poverty-traffickers-turned-matland-into-a-pipeline-for-russias-war,negative,0,negative,negative
World News API,KNUT Withdraws 59 Teachers as Insecurity Forces Closure of Four Primary Schools in Isiolo County,,https://www.kenyamoja.com/video/knut-withdraws-59-teachers-insecurity-forces-closure-four-primary-schools-isiolo-county-ktn,negative,0,negative,negative
World News API,Machakos Deputy Governor Dismisses Ruto's Free University Education Promise as Political Propaganda,,https://www.kenyamoja.com/video/machakos-deputy-governor-dismisses-rutos-free-university-education-promise-political,negative,0,negative,negative
World News API,Mau Mau freedom fighters' descendants decry decades of neglect,,https://www.kenyamoja.com/video/mau-mau-freedom-fighters-descendants-decry-decades-neglect-ktn-news-411838,negative,0,negative,negative
World News API,No one should assume public office without a legitimate democratic mandate,,https://www.newsday.co.zw/opinion-analysis/article/200058689/no-one-should-assume-public-office-without-a-legitimate-democratic-mandate,negative,0,negative,negative
World News API,One injured as Siaya nuclear project meeting turns chaotic,,https://www.kenyamoja.com/video/one-injured-siaya-nuclear-project-meeting-turns-chaotic-ntv-video-411777,negative,0,negative,negative
World News API,"Outrage as Journalists, Traders Barred from Controversial Kieni Forest Government Log Auction",,https://www.kenyamoja.com/video/outrage-journalists-traders-barred-controversial-kieni-forest-government-log-auction-ktn-news,negative,0,negative,negative
World News API,"Police-linked brutality victims in court, claim opaque compensation process",,https://www.standardmedia.co.ke/crime-and-justice/article/2001553685/police-linked-brutality-victims-in-court-claim-opaque-compensation-process,negative,0,negative,negative
World News API,Team Kenya struggles on Commonwealth Games opening day,,https://www.kenyamoja.com/video/team-kenya-struggles-commonwealth-games-opening-day-citizen-tv-411412,negative,0,negative,positive
World News API,The closing of the Anglophile mind,,https://www.newstatesman.com/ideas/2026/07/the-closing-of-the-anglophile-mind-0,negative,0,negative,negative
World News API,There&#039;s no road to the promised First World in a nation ruled by kleptocrats,,https://www.standardmedia.co.ke/opinion/article/2001553721/theres-no-road-to-the-promised-first-world-in-a-nation-ruled-by-kleptocrats,negative,0,positive,positive
World News API,Two losses in pre-tournament friendlies in Morocco not exuding any confidence on Scorchers ahead of WAfCON Morocco 2026,,https://www.maraviexpress.com/two-losses-in-pre-tournament-friendlies-in-morocco-not-exuding-any-confidence-on-scorchers-ahead-of-wafcon-morocco-2026,negative,0,negative,negative
World News API,Why CS Duale is in the spot over alleged ethnic remarks,,https://www.standardmedia.co.ke/politics/article/2001553691/why-cs-duale-is-in-the-spot-over-alleged-ethnic-remarks,negative,0,negative,negative
World News API,Why the 13th Parliament should never be forgiven,,https://www.standardmedia.co.ke/opinion/article/2001553699/why-the-13th-parliament-should-never-be-forgiven,negative,0,negative,negative
Standard - Politics,Whitewashed: Ol Kalou's crushing blow to UDA,"Fri, 17 Jul 2026 08:00:00 +0300",https://www.standardmedia.co.ke/politics/article/2001553018/whitewashed-ol-kalou-s-crushing-blow-to-uda,negative,0,negative,negative
Standard - Business,Why Kenya's middle class could be shrinking fast,"Sun, 19 Jul 2026 10:00:00 +0300",https://www.standardmedia.co.ke/business/article/2001553158/why-kenya-s-middle-class-could-be-shrinking-fast,negative,0,negative,negative
Standard - Business,"State repeating costly errors of secrecy, debts in SGR extension to Malaba","Thu, 16 Jul 2026 07:55:00 +0300",https://www.standardmedia.co.ke/business/article/2001552897/state-repeating-costly-errors-of-secrecy-debts-in-sgr-extension-to-malaba,negative,0,negative,negative
Standard - Business,Lamu refinery dream faces one major hurdle: Kenya's skills gap,"Thu, 16 Jul 2026 07:55:00 +0300",https://www.standardmedia.co.ke/business/article/2001552895/lamu-refinery-dream-faces-one-major-hurdle-kenya-s-skills-gap,negative,0,negative,negative
Standard - Business,Why Africa's middle class no longer wants to retire in the village,"Thu, 16 Jul 2026 07:00:00 +0300",https://www.standardmedia.co.ke/business/article/2001552893/why-africa-s-middle-class-no-longer-wants-to-retire-in-the-village,negative,0,negative,negative
Standard - Business,Why Dangote decided to build mega oil refinery in Lamu,"Wed, 15 Jul 2026 11:32:00 +0300",https://www.standardmedia.co.ke/business/article/2001552825/why-dangote-decided-to-build-mega-oil-refinery-in-lamu,negative,0,negative,negative
Capital FM Kenya,KDF Foils Multiple Terror Plots After Recovering Four IEDs in Lamu,"Mon, 20 Jul 2026 05:27:41 +0000",https://capitalfm.africa/kdf-foils-multiple-terror-plots-after-recovering-four-ieds-in-lamu/,negative,0,negative,negative
NTV Kenya,Unmasking faces behind Ol Kalou by-election terror and bribery,"Mon, 20 Jul 2026 06:31:53 +0000",https://ntvkenya.co.ke/news/ntv-unmasks-faces-behind-ol-kalou-by-election-terror-and-bribery/,negative,0,negative,negative
NTV Kenya,Trump administration launches effort to dismantle International Criminal Court,"Wed, 15 Jul 2026 08:19:53 +0000",https://ntvkenya.co.ke/news/trump-administration-launches-effort-to-isolate-international-criminal-court/,negative,0,negative,negative
NTV Kenya,"Ex-KDF Major Peter Mugure sentenced to life for murdering wife, two children","Wed, 15 Jul 2026 07:44:45 +0000",https://ntvkenya.co.ke/news/ex-kdf-major-peter-mugure-sentenced-to-life-for-murdering-wife-two-children/,negative,0,negative,negative
NTV Kenya,Nakuru: Students torch school after being served soda instead of promised meat,"Tue, 14 Jul 2026 09:00:13 +0000",https://ntvkenya.co.ke/news/nakuru-students-torch-school-after-being-served-soda-instead-of-promised-meat/,negative,0,negative,negative
NTV Kenya,‘VARgentina’ reach semi-finals under cloud of complaints,"Tue, 14 Jul 2026 08:18:08 +0000",https://ntvkenya.co.ke/news/vargentina-reach-semi-finals-under-cloud-of-complaints/,negative,0,negative,negative
NTV Kenya,"US to block citizens in Congo from immediate travel home, citing Ebola","Tue, 14 Jul 2026 07:34:20 +0000",https://ntvkenya.co.ke/news/us-to-block-citizens-in-congo-from-immediate-travel-home-citing-ebola/,negative,0,negative,negative
NTV Kenya,"EP9: Kabla ucomment social media, umewahi fikiria vile maneno Yako inaeza affect mtu?","Mon, 13 Jul 2026 10:33:31 +0000",https://ntvkenya.co.ke/podcast/e9-kabla-ucomment-social-media-umewahi-fikiria-vile-maneno-yako-inaeza-affect-mtu/,negative,0,negative,negative
NTV Kenya,DCP accuses IEBC of bias after Wanjiku Muhia fine ahead of Ol Kalou mini poll,"Mon, 13 Jul 2026 07:11:45 +0000",https://ntvkenya.co.ke/politics/dcp-accuses-iebc-of-bias-after-wanjiku-muhia-fine-ahead-of-ol-kalou-mini-poll/,negative,0,negative,negative
NTV Kenya,FIFA’s embrace of technology backfires in controversy-riven World Cup,"Fri, 10 Jul 2026 12:22:58 +0000",https://ntvkenya.co.ke/news/fifas-embrace-of-technology-backfires-in-controversy-riven-world-cup/,negative,0,negative,negative
NTV Kenya,IEBC warns it could postpone Ol Kalou mini-poll over alleged malpractice,"Fri, 10 Jul 2026 07:17:24 +0000",https://ntvkenya.co.ke/news/iebc-warns-it-could-postpone-ol-kalou-mini-poll-over-alleged-malpractice/,negative,0,negative,negative
NTV Kenya,"For all his records, Cristiano Ronaldo could not crack the World Cup","Thu, 09 Jul 2026 07:12:07 +0000",https://ntvkenya.co.ke/sports/for-all-his-records-ronaldo-could-not-crack-the-world-cup/,negative,0,positive,positive
NTV Kenya,9000 students opt for non-degree courses despite qualifying for university,"Thu, 09 Jul 2026 07:05:14 +0000",https://ntvkenya.co.ke/news/9000-students-opt-for-non-degree-courses-despite-qualifying-for-university/,negative,0,negative,negative
NTV Kenya,Oburu links ‘too much democracy’ to slow economic reforms,"Thu, 09 Jul 2026 06:33:21 +0000",https://ntvkenya.co.ke/politics/oburu-links-too-much-democracy-to-slow-economic-reforms/,negative,0,negative,negative
NTV Kenya,Egypt FA criticises VAR after dramatic World Cup defeat by Argentina,"Wed, 08 Jul 2026 12:44:01 +0000",https://ntvkenya.co.ke/news/egypt-fa-criticises-var-after-dramatic-world-cup-defeat-by-argentina/,negative,0,negative,negative
NTV Kenya,Egypt coach blasts refereeing and turns his back on World Cup,"Wed, 08 Jul 2026 07:03:59 +0000",https://ntvkenya.co.ke/sports-2/egypt-coach-blasts-refereeing-and-turns-his-back-on-world-cup/,negative,0,negative,negative
NTV Kenya,Ship hit in Hormuz; Iran says no talks unless Trump halts threats,"Tue, 07 Jul 2026 10:25:31 +0000",https://ntvkenya.co.ke/news/ship-hit-in-hormuz-iran-says-no-talks-unless-trump-halts-threats/,negative,0,negative,negative
NTV Kenya,Racist commentary about Black players comes under scrutiny at World Cup,"Mon, 06 Jul 2026 11:30:12 +0000",https://ntvkenya.co.ke/news/racist-commentary-about-black-players-comes-under-scrutiny-at-world-cup/,negative,0,positive,positive
Citizen Digital (via Google News),"President Ruto's official State House website hacked, hackers demand Ksh.41 million - Citizen Digital","Sat, 18 Jul 2026 10:05:38 GMT",https://news.google.com/rss/articles/CBMivAFBVV95cUxOSzFrdEdFRTJuVGVBVG5CVFBRb21GSWdDQVU5Z1B0aTZTbHdxVVlDY3FMTVd0QnY3TUNqY1BYaG50ZW1oYlREdUlCQ1YxTEc1TVNUNG9IVjVmdGhvZ1prd0ozQnExLWNyaVhjU0dZZjVncWJQX3FJVXZpbFZfdVlpelQ1V2hRTUxuOUU4eGdfbEtXNUlEQnZVRVhRR3BFbGl6ZmUxSHc0QjFsNEpONDQxWGtTM1psOHM4Mk4yZA?oc=5,negative,0,positive,positive
Citizen Digital (via Google News),"Ferry capsizes off Guyana, 66 people missing - Citizen Digital","Sun, 19 Jul 2026 18:55:29 GMT",https://news.google.com/rss/articles/CBMiiwFBVV95cUxOUDBqejFjVTFCcnJUR05nNi1VR09sQ3FXVW8ybUY2cjdISGJnMzAtQWtneUppSHFxbHV2VWZ3czNWaEpjWGJJVWhhZjJxTk40UVhkX2F5OFBPR3VVdmJOUGhRanktNW03cU9VaDIyNU1NajhaU2xYbnJXZW5FVzYtSWY2dmRDVHJQZ1Nr?oc=5,negative,0,negative,negative
Citizen Digital (via Google News),Ex-police officer sentenced to 40 years for shooting colleague 10 times - Citizen Digital,"Fri, 17 Jul 2026 07:03:48 GMT",https://news.google.com/rss/articles/CBMisAFBVV95cUxNVkRIRWh3eU43eHBiZGI0M1RrU2xPRDFzdTA0WXhpdFlWVGRiQ0xUVW1rYU5qSnNWQUhlMG12NC16WWRpZnFSUjFzRU5McWZYNFUwWVFxemR5Q2l2aWtfZjF0dFdPQVdpeXdYQk5QeXJUQS1fUXp2MzdLZ1d4V1dWTG1ydGdYMmpGV09MaTBmVU5ZQ1BCVHJiSFBaMlliUG02MHN6bERianJucU5VbUg1YQ?oc=5,negative,0,negative,negative
Citizen Digital (via Google News),"'Stay away from Kenya,' Gachagua tells tourists, investors over insecurity - Citizen Digital","Sun, 19 Jul 2026 11:23:16 GMT",https://news.google.com/rss/articles/CBMirwFBVV95cUxPaFBfaHZBV204YWhZNGFZTXRkY0pkbm1Qa0JkM3o3R2E2bjcyaGpoMnpCMFBoNFBxYlJ6X1R2cjBtZkwtRFQtWkpnYlhkVkhES2xMRUV6RDV5NVVnSk40aElSVTMwal84cWs4RGNzdzhFLWVHWThuejM0Z2Q1cUt4OVRrdFRfRnZ4bG5rRnd0M3N3X0FiVGVuMHhxOVRBb3RSYlBWa0NtSkUtcjJHRmdv?oc=5,negative,0,negative,negative
Citizen Digital (via Google News),"Ol Kalou polls: UDA’s Muchina claims vehicle burnt, voter bribery in polling stations - Citizen Digital","Thu, 16 Jul 2026 19:13:17 GMT",https://news.google.com/rss/articles/CBMivwFBVV95cUxOQVNZbzY4UE1mR0hMVTd0bm5MX1pYSkFVRGJNZ3ItWE55a0R4ajZZSWxUa2JWU2VHNlVaemtIN1hxLS1lbUd2WFd1YTZ2VGl2ekRiblV3WC1DMWJfMWhEX2Zua3V1cVRkbUFoUnIxRWp6VlduSV9fVVVKQVdvQTV5WFVzUGJRVW9KOVBaaS1XalVVNFpZWVdaS1hxQ18zQkNnMzRFcEt5di1wMnBmUUtzSklqZld6emJjRGgwc01haw?oc=5,negative,0,negative,negative
Citizen Digital (via Google News),"'Broad-based leaders are arrogant, don't listen to voters,' Millie Odhiambo on losing Ol Kalou poll - Citizen Digital","Sat, 18 Jul 2026 10:51:07 GMT",https://news.google.com/rss/articles/CBMizwFBVV95cUxNd2NNRWtuNXJUSkxNZmlISDFxckZQcTk5TnBIcWRTVVNtaFJLdlYweTZERFhvN0NYVk02YnpUUG1pbEJhYmdlY2F4ZkRSTURhTEV2S2RFZGJlZDJiSUdIQ3lmQ1l0YjJTekstQzNJUnRmZVNDSEdXQUd6a2xNUVR1R2lUT2NPQkI5NmtoWC1sS2tQTHZWM3VTTXZLbW9yQ25rT2NHWWtiNFVFeVh5dk5oNzduLXJwdTRfOEhVMHd5Wm92ZE1qQmtZdllhNkkxUDA?oc=5,negative,0,negative,negative
Citizen Digital (via Google News),"'UDA is repeating Jubilee mistakes', Kang'ata says over Ol Kalou by-election outcome - Citizen Digital","Fri, 17 Jul 2026 13:26:23 GMT",https://news.google.com/rss/articles/CBMivAFBVV95cUxOUGtuYXJZTk1uVm1Tay16Tjc2d0xQczVlMFk5WlM3NFNsTlRPdHJRUEtqMy1OVmJRLVhXUUxValBCbkRjVGxvazl6cEdPQzNpT1NfNXhrMUpzelNmZ1diamtPMUxzLTMweFZsYlBCOU9Xa3A2dG1mQ0hIRGNBV19IVnBEV1ZNdGtIRVQ2cjk5dmxiNkpjaXFfaDQ2Q3NrOVlUbEg3YlNJeVhhLU9zdUoyQmx5Ny00NzlITWZzUg?oc=5,negative,0,negative,negative
Citizen Digital (via Google News),"Gachagua: IG Kanja plotting to disrupt Ol Kalou poll with deployment of 2,000 police - Citizen Digital","Wed, 15 Jul 2026 10:42:20 GMT",https://news.google.com/rss/articles/CBMivwFBVV95cUxPZXJzUFVNS1djNjJiVzBjOE1PUEVsUFRHSDBOZ0ZuamVrdFNuQVkzN0VUalZ1UEdDQzVIRXZyRGxfSklKSWdkTGZrOE9ZM1pGODNMUWJtZFB2dm5UTjlOcXBncFVLU0hTYWxZNDZhby1PSDZWTmhobzE5dW5UV245M0pMbmlVS1FCZHFCZ1dUdVZZbVNKR1ZqRjlBeW9CaVBtVG1MNlp1Vk9wekdLbjB6c3p1ekNYVURpOUhnLUFnNA?oc=5,negative,0,negative,negative
Citizen Digital (via Google News),Thousands of Ethiopians rally against Tigray recruitment drive - Citizen Digital,"Sun, 19 Jul 2026 01:29:15 GMT",https://news.google.com/rss/articles/CBMi1wFBVV95cUxQcVYzX2toOEx5TS1fZV9Odkx6eWVKT2dSQldJWHlrczAwaWNsS3dZcFVnVl9YX3d2SWVWdVJfbnBIclkzVEUzOEFjdzhfMUlWRFBVOUE2VF9teS04ejRBVUI1MGhKV1ZTVko0Rkd5TEJ0dlZ1cXZyTlI4UzZqbG9lN0J3R3Eyb01PWVVZb3BNTEdGNDZ6bThoeGJmejE0NV9vLVVhaXYweDJYZ09CLUtLSXFpbW9xSnpuV3otY3kyeWRraGh4Y21GVTg4bjdaU1FtQmlWYmZuQQ?oc=5,negative,0,negative,negative
Citizen Digital (via Google News),UN experts say migrants abused at Tunisia-Libya border - Citizen Digital,"Thu, 16 Jul 2026 21:11:17 GMT",https://news.google.com/rss/articles/CBMi1wFBVV95cUxPWFFuZWVjdG1qSzlNdDRTdnFNcjMzejd3NUp1eTlaLTNZN2k4dFM1UWVyX2tNZDgxUVdkREEzUTUwNFg2eUl0WnF5LUFQVDllNklvREUxVThmQ2pGbXhudzNYd3JLbnR6Z3NUNV9nOW1faUhpNDJzQTNkTzg1T3ZJc0JMZEtlTE1NQzF0VHFhZGlKdXBoRDdGQW5Bc1VHbG1KQl85clR6UzFUc0RSUnBRQzVwaXFud3dWNExNM2NaTW04eHRiX196ejBncm9JMkFzUTRDS2VNYw?oc=5,negative,0,negative,negative
Citizen Digital (via Google News),Trump's fiery China allegations may threaten superpower truce - Citizen Digital,"Fri, 17 Jul 2026 22:37:43 GMT",https://news.google.com/rss/articles/CBMiogFBVV95cUxOUG16MnlQWnl5X2ZfeC1uV0NLb25GcE5INjd2NWZzTDhsVnU4QW53X0pVRWwzLU42N1VJMHVKTFpTcno4eUtXRUl1U3AxVGhSVkMtX0h3Yi1PTFR1akRudXZLRF9Tc0VKYS1pczlqVm9HZnZmS2VaSUVGamgtc2UxQXVKcmxMb3VSS3NLUkpBY0dadjNjV19DeTJSYk1jRWZ2M3c?oc=5,negative,0,negative,negative
Citizen Digital (via Google News),LSK announces nationwide court boycott over justice system concerns - Citizen Digital,"Sat, 18 Jul 2026 13:15:11 GMT",https://news.google.com/rss/articles/CBMiqwFBVV95cUxPcjIwd0tTajZDRlBaMFNZSUw5T0h4NWthZExYTW02b2VsV1RFbmdNR2hYWFlqbGFsM0E4dVJ0d01NU2psNk5BZ2pXVzhOZmMxS1I5dHFfeXBtN3lJLTU5X0lNSFZHb0NTOGU0YVcyTjRuZTNIb0xwdUUyQklnNUtJRE5hT0dJeW56Ml9aQ1FqLXpKTUZwY3Q1b3pRNEtSZHpreFFCeTdtdmh2VlE?oc=5,negative,0,negative,negative
K24,World Cup: Scaloni breaks down during interview in emotional scenes after Argentina’s defeat,"Mon, 20 Jul 2026 05:56:15 +0000",https://k24.digital/sports/world-cup/world-cup-scaloni-breaks-down-during-interview-in-emotional-scenes-after-argentinas-defeat,negative,0,negative,negative
K24,Lilian Ng’ang’a: Stop punishing children over poor exam performance,"Mon, 20 Jul 2026 03:04:58 +0000",https://k24.digital/entertainment/celebrity/lilian-nganga-stop-punishing-children-over-poor-exam-performance,negative,0,negative,negative
KBC,"KDF foils multiple terror plots, neutralises four IEDs in Lamu","Mon, 20 Jul 2026 08:26:52 +0000",https://www.kbc.co.ke/kdf-foils-multiple-terror-plots-neutralises-four-ieds-in-lamu/,negative,0,negative,negative
Standard - Politics,"Nakuru senator blames Ruto's inner circle for UDA woes, Ol Kalou defeat","Tue, 21 Jul 2026 11:53:09 +0300",https://www.standardmedia.co.ke/politics/article/2001553351/nakuru-senator-blames-ruto-s-inner-circle-for-uda-woes-ol-kalou-defeat,negative,0,negative,negative
Standard - Politics,Of Ruto's 'monumental threat' and vote-securing calls: Inside Rift Valley's panic,"Tue, 21 Jul 2026 09:00:00 +0300",https://www.standardmedia.co.ke/politics/article/2001553305/of-ruto-s-monumental-threat-and-vote-securing-calls-inside-rift-valley-s-panic,negative,0,negative,negative
Standard - Politics,Jubilee condemns Gachagua's call for tourists to boycott Kenya,"Mon, 20 Jul 2026 23:18:29 +0300",https://www.standardmedia.co.ke/politics/article/2001553326/jubilee-condemns-gachagua-s-call-for-tourists-to-boycott-kenya,negative,0,negative,negative
Standard - Business,"Your biggest debt collector isn't human, it's the app you downloaded","Wed, 22 Jul 2026 06:00:00 +0300",https://www.standardmedia.co.ke/business/article/2001553414/your-biggest-debt-collector-isn-t-human-it-s-the-app-you-downloaded,negative,0,negative,negative
Standard - Business,Borrowing spree: How expensive loans have pushed debt servicing to Sh862b,"Tue, 21 Jul 2026 09:00:00 +0300",https://www.standardmedia.co.ke/business/article/2001553316/borrowing-spree-how-expensive-loans-have-pushed-debt-servicing-to-sh862b,negative,0,negative,negative
Business Daily Africa,Nairobi County locked out of World Bank billions,"Tue, 21 Jul 2026 11:57:54 GMT",https://www.businessdailyafrica.com/bd/economy/failed-reforms-lock-out-nairobi-county-world-bank-billions-5533276,negative,0,positive,positive
Business Daily Africa,The cost of a healthy diet in Kenya up 76pc in eight years,"Tue, 21 Jul 2026 13:20:25 GMT",https://www.businessdailyafrica.com/bd/corporate/health/the-cost-of-a-healthy-diet-in-kenya-up-76pc-in-eight-years-5533394,negative,0,negative,negative
Business Daily Africa,CAK probes supermarkets over misleading price tags,"Mon, 20 Jul 2026 17:37:15 GMT",https://www.businessdailyafrica.com/bd/economy/cak-probes-supermarkets-over-misleading-price-tags-5532774,negative,0,negative,negative
The East African,"Dirty money curse: How voter bribery, unchecked spending sways democracy in Africa","Tue, 21 Jul 2026 16:08:40 GMT",https://www.theeastafrican.co.ke/tea/news/east-africa/how-voter-bribery-unchecked-spending-sways-democracy-in-africa-5533676,negative,0,negative,negative
Kenyans.co.ke,DCI Warns of Online Exploitation Ring Targeting Women,2026-07-21T17:07:01+0300,https://www.kenyans.co.ke/news/125473-dci-rescues-5-women-suspected-online-sex-exploitation-ring-nairobi,negative,0,negative,negative
Kenyans.co.ke,Global Experts Warn Kenyan Visa Applicants Amid Rising Scams,2026-07-21T15:19:23+0300,https://www.kenyans.co.ke/news/125470-vfs-global-warns-kenyans-against-visa-scams-applications-rise-20,negative,0,negative,negative
Kenyans.co.ke,Ruto Issues Fresh Orders After Goons Terrorise Ol Kalou Residents,2026-07-21T15:12:07+0300,https://www.kenyans.co.ke/news/125469-ruto-orders-security-agencies-crush-all-criminality-linked-goonism,negative,0,negative,negative
NTV Kenya,Messi says Argentina’s defeat by Spain left immense pain,"Tue, 21 Jul 2026 12:38:47 +0000",https://ntvkenya.co.ke/news/messi-says-argentinas-defeat-by-spain-left-immense-pain/,negative,0,negative,negative
NTV Kenya,"Reckless social media posts could derail foreign scholarships, warns Mudavadi","Tue, 21 Jul 2026 10:06:26 +0000",https://ntvkenya.co.ke/news/reckless-social-media-posts-could-derail-foreign-scholarships-warns-mudavadi/,negative,0,negative,negative
Citizen Digital (via Google News),"Over 17,000 packets of suspected counterfeit cigarettes seized in Thika - Citizen Digital","Tue, 21 Jul 2026 16:41:53 GMT",https://news.google.com/rss/articles/CBMirwFBVV95cUxQYW9sQlZteDM3ZjlBdzBfU3R1T3c2UXoxbnBzU1hzazF1Yi1mRkI4dC1xazZuaGV6Y0Z1ZHRSZW9Pck1iU1dCbGN3ZUZFejFUaDJNYWoxd29lLXZGQnhmU2JrLXZ5bjhyZmo0YXZFY3RQRHZ0N1B0REN6T3RIZTVzSFA3ZWhsWE5TbXJudklxNkNXb1R2MUowMzJmOU9PUzRLMmJBTFVoN2pGQzZha0Zr?oc=5,negative,0,negative,negative
Citizen Digital (via Google News),Jubilee condemns Gachagua remarks on tourism boycott ahead of 2027 polls - Citizen Digital,"Tue, 21 Jul 2026 07:04:33 GMT",https://news.google.com/rss/articles/CBMisgFBVV95cUxPOHhTaVZVUVBObFVLbXhQUEI3VXRULTg4dTBjVDh1WWc3Q1UzOGR0NWdhY3BETkZtVDJxX2JIVlM2MVVqRFJkaHhMcFdVcF9IN1VWbU03Q2Y2V3lfbW1PY3lheFlkM1NiT1BYS24tbnlLTTB0Z2hPcmxDUEdQT2paS1lBT2E2dmhzYmlFU2hIQUNTY0hMbWg5a00tc1FkYmZzYVA2SkxhOTBCY3FiRzM5LU1n?oc=5,negative,0,negative,negative
Citizen Digital (via Google News),East Africans find fragile refuge in Kenya as repression soars - Citizen Digital,"Mon, 20 Jul 2026 08:00:50 GMT",https://news.google.com/rss/articles/CBMipAFBVV95cUxNd21McUFlR2NvbXhQU2NSd19xRHZmYUQ3eERsbUZ3RlBFTzM3bmVTOWN4Y1Rkb1V3YUkxYTlFQkx0MDdqUmVubkV6Z3NLNHg4SGg0TGhtQWM4MlpsTGZhcXRiVmd3bWhxakdqbWtoVnhBaHR6NTNWRndKV0pKa050R2J6dGFmdjdEemNhTVhaZkgydE5xLVo5d2lfcUJWdWRJcFpreA?oc=5,negative,0,negative,negative
Citizen Digital (via Google News),Messi denied dream farewell as abject Argentina lose World Cup final - Citizen Digital,"Mon, 20 Jul 2026 02:40:21 GMT",https://news.google.com/rss/articles/CBMirAFBVV95cUxObklzR0EyLXdrU1d4b1BzalhYbFJXS0FteFVVVjBrV0phTDRWOUFNc3phSmxyemplOWNzcktRb0xHOXRSV0lFSHJlMXN4eURCTExkdndZdVFWYTI0alJHVDdNb0s0Y0tMY0JqYkFabFFhVWlBMjhfYWt2cTY2dnhlZVQ5aXBWVEFQLUJHbXdnbXZpZk01Q0ZLS2p1R0dVbzJnR2pJVkpET0hGSEZU?oc=5,negative,0,positive,positive
Citizen Digital (via Google News),La Liga chief says FIFA 'destroying football industry' - Citizen Digital,"Tue, 21 Jul 2026 18:53:48 GMT",https://news.google.com/rss/articles/CBMilwFBVV95cUxQdGFDMlFHaVBqTGpIWEdUUEVDNGxXRk1TZUNILWlGLXhSeElRMFlpaGpLWXNmbllRVHE4MUZlQ0NBUnJqaFJMZnJjSHN4SXlpUEhqb1JYT3ZqR294SWhFWU9FSXo0LXhUNVRzSG1vR1Zqblh1eGxMek5ZeHRxS21yc2dCZmw5Zk9XMVlfSFJUbjM4VTdUeTJZ?oc=5,negative,0,negative,negative
K24,World Cup fatigue and injuries hit Arsenal harder than most EPL rivals,"Wed, 22 Jul 2026 06:57:18 +0000",https://k24.digital/sports/epl/world-cup-fatigue-and-injuries-hit-arsenal-harder-than-most-epl-rivals,negative,0,negative,negative
K24,Peripartum cardiomyopathy: When pregnancy breaks the heart,"Tue, 21 Jul 2026 22:49:43 +0000",https://k24.digital/lifestyle/health-and-fitness/peripartum-cardiomyopathy-when-pregnancy-breaks-the-heart,negative,0,negative,negative
K24,How to remove carpet odours without buying expensive products,"Tue, 21 Jul 2026 21:45:21 +0000",https://k24.digital/lifestyle/home-and-living/how-to-remove-carpet-odours-without-buying-expensive-products,negative,0,negative,negative
K24,The explosion is what I remember: Man nearly sucked out of Ryanair plane recounts ordeal,"Tue, 21 Jul 2026 19:23:50 +0000",https://k24.digital/news/the-explosion-is-what-i-remember-man-nearly-sucked-out-of-ryanair-plane-recounts-ordeal,negative,0,negative,negative
Kenya News Agency,Council of elders want action taken against goons,"Wed, 22 Jul 2026 08:12:15 +0000",https://www.kenyanews.go.ke/council-of-elders-want-action-taken-against-goons/,negative,0,negative,negative
Capital FM Kenya,"Politicians Sponsoring Goons Risk Losing State Security, Coast Police Commander Warns","Wed, 22 Jul 2026 05:41:16 +0000",https://capitalfm.africa/politicians-sponsoring-goons-risk-losing-state-security-coast-police-commander-warns/,negative,0,negative,negative
Capital FM Kenya,"Witness Says Brother Abandoned Schooling, Medical Care After Embracing Mackenzie Teachings","Wed, 22 Jul 2026 05:34:34 +0000",https://capitalfm.africa/witness-says-brother-abandoned-schooling-medical-care-after-embracing-mackenzie-teachings/,negative,0,negative,negative
Capital FM Kenya,Lawyers Nationwide to Boycott Courts Over Orders Halting JSC Probes of Judges,"Wed, 22 Jul 2026 04:48:10 +0000",https://capitalfm.africa/lawyers-nationwide-to-boycott-courts-over-orders-halting-jsc-probes-of-judges/,negative,0,negative,negative
Standard - Business,How poor planning costs Africa 80pc of its infrastructure projects,"Wed, 22 Jul 2026 13:44:00 +0300",https://www.standardmedia.co.ke/business/article/2001553476/how-poor-planning-costs-africa-80pc-of-its-infrastructure-projects,negative,0,negative,negative
Capital FM Kenya,Gachagua reveals why he now believes Ruto was ‘overrated’,"Wed, 22 Jul 2026 17:21:56 +0000",https://capitalfm.africa/gachagua-reveals-why-he-now-believes-ruto-was-overrated/,negative,0,negative,negative
NTV Kenya,Video analysis links police officer to Ol Kalou bribery allegations,"Wed, 22 Jul 2026 13:18:44 +0000",https://ntvkenya.co.ke/news/video-analysis-links-police-officer-to-ol-kalou-bribery-allegations/,negative,0,negative,negative
NTV Kenya,"OpenAI AI models went rogue during testing, triggering hack at startup","Wed, 22 Jul 2026 11:57:59 +0000",https://ntvkenya.co.ke/news/openai-ai-models-went-rogue-during-testing-triggering-hack-at-startup/,negative,0,negative,negative
NTV Kenya,"La Liga chief accuses FIFA of ‘destroying football industry’, calls for Infantino to quit","Wed, 22 Jul 2026 08:49:25 +0000",https://ntvkenya.co.ke/sports/la-liga-chief-accuses-fifa-of-destroying-football-industry-calls-for-infantino-to-quit/,negative,0,negative,negative
Citizen Digital (via Google News),"Teachers reject SRC salary increments, cite disparities with other civil servants - Citizen Digital","Wed, 22 Jul 2026 12:26:57 GMT",https://news.google.com/rss/articles/CBMivAFBVV95cUxOUTNUNVNwQm5kdVlhR2pHWmZjZDNlcm1FRkI1SHBrcUxXbHZfTkRoLTk2ZGx3MnNhMnhKT0sydWpaMkd4bzdLMWM0dkRZR3FjQ3NlclhqSDNIcjVxcFUwUFRjcTl1WHBPRDBBaDl4NUJoZTgxZTdxUjhaalhoOV9mUUFIRUFoamE1NzVWS0lXbEhVN3RBMUxHYjh1SnVnQWVDLXpCTGc4ck9RNTI0eThaYUFreTVJYjFUb01sQQ?oc=5,negative,0,negative,negative
Citizen Digital (via Google News),"Lawyers begin court boycott, mount pressure on Judicial accountability - Citizen Digital","Wed, 22 Jul 2026 09:45:42 GMT",https://news.google.com/rss/articles/CBMirwFBVV95cUxQTURTdzJNRUkwQXE0WGNCYlliSWFtUUNDYlNxV3BrM0lnU1g2M3RmT0dpV1ZOa2kxOVRpem5tU2ZYeWpVYlFFWWtPZWFNY3hUeDIwNnJkWEJHMzFuTktuQXlpNWlhRDRhV2hyeGdtd0ZhckMyb2xCdjlucnRKNV9iN3J2cEZiRUM2eldNb1pySHB2bDlkZ0V3MENwZVlqM3lMenB3VXAxSFljdF9yZDFz?oc=5,negative,0,negative,negative
Citizen Digital (via Google News),Gov't speaks on viral video of Kenyan man harassing Burundian tea vendor - Citizen Digital,"Wed, 22 Jul 2026 14:48:03 GMT",https://news.google.com/rss/articles/CBMisAFBVV95cUxQNnZIbmVNZl9lV3RWYmxpRzgtaFlFY25rcUltN3FhNU9BQzZKZm5IMVdmNUFaRmpwZVJPVEFPQ2hOTERRdnJNYzRsN003dWp4OFBUT3FITUJhSWgwdkppNzNKVkVmWVVEcEZvR2NOVUIxeDZOaE5mTXVMRUY0WUpvQ25IazNfdzNVSF9hY3NYeHZ3eVNtMWkzM0pVSUM5eXhQSnU1QnVCdnZTRC03dGthTA?oc=5,negative,0,negative,negative
Citizen Digital (via Google News),"'Talk without action will not work,' Archbishop Ole Sapit dares gov't on taming goonism - Citizen Digital","Wed, 22 Jul 2026 08:20:34 GMT",https://news.google.com/rss/articles/CBMiwAFBVV95cUxNRUpmWm1FYklxdGRkR2NSakU3dFhIblNrRTBnQ1diV2gyMUdEZnVxUDlYN1hZM2lzUXZGR2lJWDdvU0poSGctMkpaT0gzWTZwcUs5ZmhqNmZRcHRVa2pRWV84V1l4OFAyY1FjRlhTZnNXX3N3dEVYdnhuZ2JlVzM1cHNDb3JtZGpJaWVrdWliUURKTE5JWkFvNEFsUmEwTzZIbHNXMmdDRS1zMWdRSkdRVE1FODVHOWNiRkU4UUp4bzQ?oc=5,negative,0,negative,negative
Citizen Digital (via Google News),'They want us gone' - Man Utd fans' fury over ticket ultimatum - Citizen Digital,"Wed, 22 Jul 2026 06:06:06 GMT",https://news.google.com/rss/articles/CBMingFBVV95cUxPa1BKY052bU4tOFhnc0FHOVltZ0tPemloMFVXSklwUmlteEFmOVZCSXRjVEVDNWNrdTNZU3hNYy0tUGxGLU4ta1ptTmlfNmY3WGJwS3RRanBTbWxEVTFwS2Q3YWNRbE5sRU9YVlI0Q0FVTjFMMHhRUTZSQ1VCYVN5UWQ3SFlJZ0daSTk1WldObW1QazFNa3pPV1g0Z2xKZw?oc=5,negative,0,negative,negative
Citizen Digital (via Google News),ChatGPT creator says its model went rogue and hacked into another AI company - Citizen Digital,"Wed, 22 Jul 2026 14:02:10 GMT",https://news.google.com/rss/articles/CBMitwFBVV95cUxNaEdBbWRBcF90eTIxZkJSeUJORVRBRVg4cUxLdjJCNmN5V0l0NGdfY1lsWmI2UFJ6dTlUYmJ1VVM2R0hpNkI1ZGlQMWF2d0dVUk5YLTZkNmtXQkhoWTRwN3R3SGdWUXg0SFFVTmdzWlVNaGtwcUoxd29KVUh6OWtzXzRuRnNIbTVYTDV0U09SYXF0ZHk5WFVEWTMtam9TQmRxYnNrSU41WHh2OEhtZDRFcU03cVZwRGs?oc=5,negative,0,negative,negative
K24,Foods that worsen anxiety: What to avoid on a stressful day,"Wed, 22 Jul 2026 18:20:31 +0000",https://k24.digital/lifestyle/food-and-culinary/foods-that-worsen-anxiety-what-to-avoid-on-a-stressful-day,negative,0,negative,negative
K24,What jealousy in relationships signals and why suppressing it makes it worse,"Wed, 22 Jul 2026 16:53:11 +0000",https://k24.digital/lifestyle/love-and-relationships/what-jealousy-in-relationships-signals-and-why-suppressing-it-makes-it-worse,negative,0,negative,negative
K24,Kenya Power highlights dangers of handling electrical appliances with wet hands,"Wed, 22 Jul 2026 14:20:40 +0000",https://k24.digital/lifestyle/home-and-living/kenya-power-highlights-dangers-of-handling-electrical-appliances-with-wet-hands,negative,0,negative,negative
Standard - Politics,Clergy: 2027 elections may be flawed if goons are not tamed,"Thu, 23 Jul 2026 07:30:00 +0300",https://www.standardmedia.co.ke/politics/article/2001553511/clergy-2027-elections-may-be-flawed-if-goons-are-not-tamed,negative,0,negative,negative
Standard - Politics,Why the President's allies are desperate for a divided Mt Kenya,"Thu, 23 Jul 2026 06:00:00 +0300",https://www.standardmedia.co.ke/politics/article/2001553506/why-the-president-s-allies-are-desperate-for-a-divided-mt-kenya,negative,0,neutral,neutral
Capital FM Kenya,Murkomen accuses Gachagua of plotting militia ahead of 2027 polls,"Thu, 23 Jul 2026 11:31:05 +0000",https://capitalfm.africa/murkomen-accuses-gachagua-of-plotting-militia-ahead-of-2027-polls/,negative,0,negative,negative
Capital FM Kenya,High Court Nullifies Ruto’s Public Debt Audit Task Force as Unconstitutional,"Thu, 23 Jul 2026 11:19:52 +0000",https://capitalfm.africa/high-court-nullifies-rutos-public-debt-audit-task-force-as-unconstitutional/,negative,0,negative,negative
Capital FM Kenya,Murkomen orders ruthless nationwide crackdown on goons,"Thu, 23 Jul 2026 10:46:23 +0000",https://capitalfm.africa/murkomen-orders-ruthless-nationwide-crackdown-on-goons/,negative,0,negative,negative
Kenyans.co.ke,KRA Announces 20-Hour Service Disruption Affecting eTIMS,2026-07-22T16:44:18+0300,https://www.kenyans.co.ke/news/125514-kra-announces-20-hour-scheduled-maintenance-etims-and-tims,negative,0,negative,negative
Kenyans.co.ke,Drama at Nairobi National Park as KWS Locks Out Environmental Activists,2026-07-22T14:32:40+0300,https://www.kenyans.co.ke/news/125507-kws-blocks-activists-court-ordered-inspection-nairobi-national-park,negative,0,negative,negative
Kenyans.co.ke,New Report Exposes Abuse of Kenyan Women Under Al-Shabaab Control,2026-07-22T13:32:19+0300,https://www.kenyans.co.ke/news/125496-new-report-exposes-abuse-kenyan-women-under-al-shabaab-control,negative,0,negative,negative
NTV Kenya,Israelis fear US-Saudi nuclear deal could ignite Mideast arms race,"Thu, 23 Jul 2026 08:42:45 +0000",https://ntvkenya.co.ke/news/israelis-fear-us-saudi-nuclear-deal-could-ignite-mideast-arms-race/,negative,0,negative,negative
Citizen Digital (via Google News),Father suspected of slitting 3-year-old son's throat in Gatundu - Citizen Digital,"Thu, 23 Jul 2026 08:33:00 GMT",https://news.google.com/rss/articles/CBMipAFBVV95cUxQOS1UUld0U3doQi1DODI1TWhWTkxESHZsbDVMbTN4V1VSbjhodUpJeG1HaGdBZkx0N0lmTzR3ck9HYzhZU3Rpci1sMDhDMzhzTm1abGZpNWlXT0hwTGQ2SG5ULUtWZnRRemYySFZNWEUxSmZHdlhoRTBmUGtZTnJHNVQyX2lOOFB4dUhvdVdtMWRlQk1IRHI3VFhYcHVKejVJYzNrZA?oc=5,negative,0,negative,negative
Citizen Digital (via Google News),High Court declares Ruto's Public Debt Audit taskforce unconstitutional - Citizen Digital,"Thu, 23 Jul 2026 10:11:46 GMT",https://news.google.com/rss/articles/CBMirwFBVV95cUxQV1ZJYklEcEI4cE1mVzd3UFFqQmpyTTJJbWhoWFdrYVZXU3YwUkhyc0dRcG1vYzA1bk1pX0FBVU5pOVdFZ1FVcFhGWnlMeFpUM0pLTFlnQndCemp3eV9VVGpRQ2l4em9FdVQtSTdWdTRxMlJ1aXk4dEhsNC1VX1pmdFlHZlVOX3VXa0szdmNSSzZQdWJHUzhRRnQ0YlVOMFhuMTM3dGN2TnZ0YWxvdmlB?oc=5,negative,0,negative,negative
Citizen Digital (via Google News),"TikTok removes 884,591 videos in Kenya over community guideline violations - Citizen Digital","Thu, 23 Jul 2026 08:27:08 GMT",https://news.google.com/rss/articles/CBMiswFBVV95cUxOLWZJaktkdFN0dmpyQnJRc1RfdTNoMmZ0SFpyOFNBbEh2VXJSdzhxcjFmVDA5bXB5NWpjcEVvOFBOdk9POFhkc1VIazBqd1BYTFdMTFFSWVlWc3FXdkg4NUpzMkI1V3JBVEVMRjNIeVI4NVcwQndjUFVmZlJkQTFhMy1oenlCeVVoSG9kUTBheHpscXZnS2VfZEZ5OVNxekJOZU5kblQzZ09xYmFMaFJqaHJCOA?oc=5,negative,0,negative,negative
Citizen Digital (via Google News),"There's no place for goons in Kenya, perpetrators will face full force of the law - DP Kindiki - Citizen Digital","Wed, 22 Jul 2026 13:41:39 GMT",https://news.google.com/rss/articles/CBMizAFBVV95cUxNb0VtOHBJTlJQa0w0RkdvTGswdDNPbi1OckdlbjdKS0dCTEVOZjUxSE1hTWhEX200YTZmV1gwamZ2Tkt3blJVZlpWYUtWYjgtN0ZUYjhnai1hYVVabEJXNmxOaGVDVHY5WEpyUl9qaWpDSVl0S1RoZkR2bUxhNjRRZEI2dDZ1eTRqemc2V0VkSlNUbWEzQXFhUENMSEZWTGFRbldkZ1RHRXdUdjJlWVdzQ3VjV2tUVndxV1pXal9ibGZJTkhLRUdRZk1ncHI?oc=5,negative,0,negative,negative
K24,Why your Bluetooth earbuds stutter whenever the microwave is running,"Thu, 23 Jul 2026 09:48:28 +0000",https://k24.digital/lifestyle/technology/why-your-bluetooth-earbuds-stutter-whenever-the-microwave-is-running,negative,0,neutral,neutral
K24,"TikTok removes 884,591 videos in Kenya over community guideline violations","Thu, 23 Jul 2026 09:45:17 +0000",https://k24.digital/news/tiktok-removes-884591-videos-in-kenya-over-community-guideline-violations,negative,0,negative,negative
K24,Pritty Vishy breaks down after faulty equipment disrupts her first DJ gig,"Thu, 23 Jul 2026 07:16:50 +0000",https://k24.digital/entertainment/celebrity/pritty-vishy-breaks-down-after-faulty-equipment-disrupts-her-first-dj-gig,negative,0,negative,negative
K24,How consuming piping-hot beverages increases oesophageal cancer risk,"Thu, 23 Jul 2026 07:13:39 +0000",https://k24.digital/lifestyle/health-and-fitness/how-consuming-piping-hot-beverages-increases-oesophageal-cancer-risk,negative,0,negative,negative
KBC,KUPPET says new teachers’ salary review fails to address pay inequality,"Thu, 23 Jul 2026 09:26:40 +0000",https://www.kbc.co.ke/kuppet-says-new-teachers-salary-review-fails-to-address-pay-inequality/,negative,0,negative,negative
Standard - Politics,Orengo: ODM has been reduced to a Luo party,"Thu, 23 Jul 2026 15:50:03 +0300",https://www.standardmedia.co.ke/politics/article/2001553569/orengo-odm-has-been-reduced-to-a-luo-party,negative,0,negative,negative
Capital FM Kenya,Dentists reject KMPDC plan to let non-dentists offer dental care,"Thu, 23 Jul 2026 15:09:30 +0000",https://capitalfm.africa/dentists-reject-kmpdc-plan-to-let-non-dentists-offer-dental-care/,negative,0,negative,negative
NTV Kenya,US tests GMO flies in rush to fight flesh-eating livestock pest,"Thu, 23 Jul 2026 13:40:00 +0000",https://ntvkenya.co.ke/news/us-tests-gmo-flies-in-rush-to-fight-flesh-eating-livestock-pest/,negative,0,negative,negative
Citizen Digital (via Google News),Drama as burial of Embu man ends in chaos after wife omitted from eulogy - Citizen Digital,"Thu, 23 Jul 2026 15:54:01 GMT",https://news.google.com/rss/articles/CBMisgFBVV95cUxPVGtyUUhNMWxiZlZIWWY0TjZQS2l5dkRlbUlkZ0lNUDNkWm9QSkJLTksxRGRfT3MzUVFwbWFoTzVETW1OWGVzZTMzZFBMb1pKQW1RTWVIangwR1FueWJ3ZWVuQVVtSGozV0UzSFVTd29xa29JY1lVcXhpS1Z5TFNkcWFrZ2o3cnZPSV9MQUN4SnN0ekxrd1FRNnp3V3dRbWRFX0ROQ1k2dW9tRTJoWmxiZXRn?oc=5,negative,0,negative,negative
Citizen Digital (via Google News),Obado's claim that he accepted Sharon Otieno's pregnancy was not sincere; court rules - Citizen Digital,"Thu, 23 Jul 2026 12:19:44 GMT",https://news.google.com/rss/articles/CBMivwFBVV95cUxQU3FZTkx4RUtGTFVMQXllemZSSUx4ZlVXUVJHcjI5cFVlOF9IUU1PMk9pUnd6RkkxaDl5QUhrRndfV0FfekItRmFPeDV6ODJIYUZDd09SVWF2THFlYWZRWl9hQ3hDd1VKNFRHTW5sd21vSlhQdFFQVno4RmsySEhadlBDVUNqWF9PNFY1bUJiN0l6M0RSRU8ydmhEYUIteTd1MEpGZXZ5ekNWellkZG5TRUIteDU0VDBfRkpLN19zNA?oc=5,negative,0,negative,negative
Citizen Digital (via Google News),"Gachagua claims new killer police squad being trained in Moyale, wants Murkomen sacked - Citizen Digital","Wed, 22 Jul 2026 18:31:46 GMT",https://news.google.com/rss/articles/CBMiwwFBVV95cUxQRUFvcnB0Wk5CQ3FzTjFGdS1FMUlpelpqamo3TlI5Z2pOLW0zV01YQVBvaEhsSi03Y1llZ19qTEUySUFFZEJxOXFqOWNMR05vQUpCNlBQMzdISnlFbVM5cGdCU3pWdjJqOEt3Y2FXV05yamVqcjVpSUJ4U2twbDZscHlGUjc2aHdxeWZxYWdVYWxidGE4U3BvR2p0Z3BtaHUyZHM3WGRSM0ZoTjhhaE9lckJUUFJYZEd3dFR4V3JWb01Wa28?oc=5,negative,0,negative,negative
K24,Raw chicken and other foods you should not wash before cooking,"Thu, 23 Jul 2026 19:48:15 +0000",https://k24.digital/lifestyle/food-and-culinary/raw-chicken-and-other-foods-you-should-not-wash-before-cooking,negative,0,negative,negative
K24,"How misusing asthma, diabetes & livestock drugs as slimming pills could land you in ICU","Thu, 23 Jul 2026 12:24:00 +0000",https://k24.digital/lifestyle/health-and-fitness/how-misusing-asthma-diabetes-livestock-drugs-as-slimming-pills-could-land-you-in-icu,negative,0,negative,negative
Standard - Politics,Ruto's rating drops to 24,"Fri, 24 Jul 2026 18:05:59 +0300",https://www.standardmedia.co.ke/politics/article/2001553680/ruto-s-rating-drops-to-24,negative,0,negative,negative
Standard - Politics,"Sonko blames Supreme Court for political woes, vows to fight back","Fri, 24 Jul 2026 15:17:42 +0300",https://www.standardmedia.co.ke/politics/article/2001553650/sonko-blames-supreme-court-for-political-woes-vows-to-fight-back,negative,0,negative,negative
Standard - Business,"Illicit alcohol makes up 60pc of Kenya's consumption, says industry lobby","Fri, 24 Jul 2026 15:45:34 +0300",https://www.standardmedia.co.ke/business/article/2001553657/illicit-alcohol-makes-up-60pc-of-kenya-s-consumption-says-industry-lobby,negative,0,negative,negative
The East African,Why Gachagua is fresh headache for opposition alliance,"Sat, 25 Jul 2026 01:25:48 GMT",https://www.theeastafrican.co.ke/tea/news/east-africa/why-gachagua-is-fresh-headache-for-opposition-alliance-5536856,negative,0,negative,negative
The East African,International Criminal Court members dismiss prosecutor Khan over sexual misconduct allegation,"Sat, 25 Jul 2026 00:48:36 GMT",https://www.theeastafrican.co.ke/tea/news/world/icc-members-dismiss-prosecutor-khan-sexual-misconduct-allegation-5536846,negative,0,negative,negative
The East African,International Criminal Court drops case against Darfur militia leader,"Fri, 24 Jul 2026 02:22:46 GMT",https://www.theeastafrican.co.ke/tea/news/north-africa/icc-drops-case-against-darfur-militia-leader-5535740,negative,0,negative,negative
NTV Kenya,Gachagua launches ‘Operation Fagia’ targeting Kenya Kwanza loyalists,"Fri, 24 Jul 2026 09:57:37 +0000",https://ntvkenya.co.ke/news/gachagua-launches-operation-fagia-targeting-kenya-kwanza/,negative,0,positive,positive
NTV Kenya,Somali pirates seize control of Tanzanian fuel tanker hijacked off Yemen,"Fri, 24 Jul 2026 08:08:53 +0000",https://ntvkenya.co.ke/news/somali-pirates-seize-control-of-tanzanian-fuel-tanker-hijacked-off-yemen/,negative,0,negative,negative
Citizen Digital (via Google News),'I was misquoted!' Duale defends anti-Kikuyu remarks as NCIC opens probe - Citizen Digital,"Fri, 24 Jul 2026 17:11:32 GMT",https://news.google.com/rss/articles/CBMirgFBVV95cUxPT0xnUTRrNWEyMU5Vcy0tVVNEai1hZ3ptYXdMbHB5UHdZY0tEWW1IclVfUGNPc25jckNKNEtXQWVfTW1MM1pkbW9zd3hqWDRZdWNmTGRoR00zTXVtVjB3b05wZ3V3emtnRVBrVjU4NlAtZmVWZjVCOGpWYy13QTlTcVliM2NxaUVKcFVoS2NPWE5lSGZrWnltNllUdnFaUl9DaXZubmppcTFqSGRKaVE?oc=5,negative,0,negative,negative
K24,Adelle Onyango opens up about how traditional media robbed her of confidence,"Sat, 25 Jul 2026 11:15:15 +0000",https://k24.digital/entertainment/celebrity/adelle-onyango-opens-up-about-how-traditional-media-robbed-her-of-confidence,negative,0,negative,negative
K24,Why hot water shrinks cotton shirts and how to stop it,"Sat, 25 Jul 2026 09:43:25 +0000",https://k24.digital/lifestyle/fashion-and-beauty/why-hot-water-shrinks-cotton-shirts-and-how-to-stop-it,negative,0,negative,negative
K24,Why airplane food tastes bland while high in the air,"Sat, 25 Jul 2026 09:41:25 +0000",https://k24.digital/lifestyle/food-and-culinary/why-airplane-food-tastes-bland-while-high-in-the-air,negative,0,negative,negative
K24,"Pritty Vishy announces social media break, says DJ journey left her feeling defeated and hated","Sat, 25 Jul 2026 04:45:40 +0000",https://k24.digital/entertainment/celebrity/pritty-vishy-announces-social-media-break-says-dj-journey-left-her-feeling-defeated-and-hated,negative,0,negative,negative
The Star,Google fined €890m by EU for favouring its own apps over rivalsThe total fine handed down to Google comprises of two separate breaches of the DMA,,https://www.the-star.co.ke/news/world/2026-07-23-google-fined-eur890m-by-eu-for-favouring-its-own-apps-over-rivals,negative,0,negative,negative
The Star,"OpenAI says its AI went rogue and launched 'unprecedented' cyber-attackThe ChatGPT-maker said its agent - an AI system which can operate alone after human instruction – was being tested in a controlled environment but, after finding weaknesses, was able to escape the test limits.",,https://www.the-star.co.ke/news/world/2026-07-23-openai-says-its-ai-went-rogue-and-launched-unprecedented-cyber-attack,negative,0,negative,negative
The Star,Cocaine worth $370m seized in Liberia's biggest-ever drugs bustVideos and photos released by police showed dozens of sealed suitcases and boxes inside a lorry.,,https://www.the-star.co.ke/news/africa/2026-07-22-cocaine-worth-370m-seized-in-liberias-biggest-ever-drugs-bust,negative,0,negative,negative
The Star,"Ghanaian politician sentenced to 20 years for illegal miningBernard Antwi Boasiako, known as ""Chairman Wontumi"", was also fined more than $10,000 (£7,450).",,https://www.the-star.co.ke/news/africa/2026-07-21-ghanaian-politician-sentenced-to-20-years-for-illegal-mining,negative,0,negative,negative
The Star,MPs cry foul after costly by-election defeat,,https://www.the-star.co.ke/news/corridors-of-power/2026-07-23-mps-cry-foul-after-costly-by-election-defeat,negative,0,negative,negative
The Star,Dismal party resullts in by-elections raise queries on top aspirant's influenceThe results were so bad that they have triggered a debate about a principal’s grip on the party,,https://www.the-star.co.ke/news/corridors-of-power/2026-07-19-dismal-party-resullts-in-by-elections-raise-queries-on-top-aspirants-influence,negative,0,negative,negative
The Star,Wedding bells on hold? Power couple hit by split rumoursThe romance hit a rough patch after the woman allegedly made away with substantial cash.,,https://www.the-star.co.ke/news/corridors-of-power/2026-07-15-wedding-bells-on-hold-power-couple-hit-by-split-rumours,negative,0,negative,negative
The Star,"Ten years after losing her arms, Mwende still carries GBV scarsToday, the mother of one lives with permanent disability, says emotional wounds fresh",,https://www.the-star.co.ke/news/big-read/2026-07-17-ten-years-after-losing-her-arms-mwende-still-carries-gbv-scars,negative,0,negative,negative
The Star,Mathare GBV survivors turn dumpsite into memorial parkDhobi Women’s Network turned land filled with trash into therapeutic tree-planting zone,,https://www.the-star.co.ke/news/big-read/2026-07-08-mathare-gbv-survivors-turn-dumpsite-into-memorial-park,negative,0,negative,negative
The Star,Failed rains trigger digital maize damage assessmentMaize farmers in the North Rift are facing heavy losses after the rains failed soon after planting about a month ago,,https://www.the-star.co.ke/counties/rift-valley/2026-07-16-failed-rains-trigger-digital-maize-damage-assessment,negative,0,negative,negative
The Star,Duale tells off Gachagua over Ol Kalou by-election victoryDuale said Gachagua's claims of delivering a major political blow to UDA were misleading,,https://www.the-star.co.ke/counties/north-eastern/2026-07-21-duale-tells-off-gachagua-over-ol-kalou-by-election-victory,negative,0,negative,negative
The Star,Where's Mukhtar? Garissa family alleges man's abduction by policeMukhtar was allegedly taken on June 15 at around 5 pm while seeking medical treatment in Holugho,,https://www.the-star.co.ke/counties/north-eastern/2026-07-20-wheres-mukhtar-garissa-family-alleges-mans-abduction-by-police,negative,0,negative,negative
The Star,Court rejects bid to halt fresh Dock Workers Union electionsKebira rejects attempts by ex-secretary general Owuor and six other officials to stop the implementation of the court's June 17 judgment,,https://www.the-star.co.ke/counties/coast/2026-07-23-court-rejects-bid-to-halt-fresh-dock-workers-union-elections,negative,0,negative,negative
The Star,Finnish firm loses bid to overturn KPA’s Sh1 billion port equipment tender awardKPA disqualified Kalmar at financial evaluation stage after discovering the firm had altered the pre-set quantity in a section of its price schedule.,,https://www.the-star.co.ke/counties/coast/2026-07-22-finnish-firm-loses-bid-to-overturn-kpas-sh1-billion-port-equipment-tender-award,negative,0,negative,negative
The Star,Mombasa turns to tech to fix Majengo sewer menaceMCA says residents bear a big portion of the blame for the broken sewer system,,https://www.the-star.co.ke/counties/coast/2026-07-18-mombasa-turns-to-tech-to-fix-majengo-sewer-menace,negative,0,negative,negative
The Star,"Nassir disputes claims of medicine shortage at Coast General HospitalHe said of the 249 facilities, the county only manages 52 (about 30 per cent) which are public facilities.",,https://www.the-star.co.ke/counties/coast/2026-07-16-nassir-disputes-claims-of-medicine-shortage-at-coast-general-hospital,negative,0,negative,negative
The Star,Luo elders urge politicians to engage youths as goonism threatens 2027 election PeaceCouncil chairman Nyandiko Ongadi said the elders were concerned by the conduct of some youths,,https://www.the-star.co.ke/counties/nyanza/2026-07-21-luo-elders-urge-politicians-to-engage-youths-as-goonism-threatens-2027-election-peace,negative,0,negative,negative
The Star,"Reject MP Caroli in 2027, Mbadi tells Suba South residentsMbadi urged Suba South voters not to re-elect MP Caroli, cites leadership concerns",,https://www.the-star.co.ke/counties/nyanza/2026-07-20-reject-mp-caroli-in-2027-mbadi-tells-suba-south-residents,negative,0,negative,negative
The Star,"Owalo: Politics cannot be anchored on handouts""Handouts are not development and handouts are not sustainable,” Owalo said",,https://www.the-star.co.ke/counties/nyanza/2026-07-20-owalo-politics-cannot-be-anchored-on-handouts,negative,0,negative,negative
The Star,Magwanga: This is why I resigned as Homa Bay Deputy GovernorMagwanga claimed that the frustrations began when he tried to advise the governor to honour their campaign pledges.,,https://www.the-star.co.ke/counties/nyanza/2026-07-19-magwanga-this-is-why-i-resigned-as-homa-bay-deputy-governor,negative,0,negative,negative
The Star,Police appeal for urgent facelift of Malaba police stationThe facility has a leaking roof that threatens safety of essential documents.,,https://www.the-star.co.ke/counties/western/2026-07-22-police-appeal-for-urgent-facelift-of-malaba-police-station,negative,0,negative,negative
The Star,Western governors condemn use of goons to disrupt public eventsGovernor Barasa warned that the practice threatens public safety and national stability if not checked.,,https://www.the-star.co.ke/counties/western/2026-07-17-western-governors-condemn-use-of-goons-to-disrupt-public-events,negative,0,negative,negative
The Star,Thieves steal 27 laptops in Teso school break-inSchool principal Ronald Orodi said the thieves also broke into the kitchen but stole nothing,,https://www.the-star.co.ke/counties/western/2026-07-16-thieves-steal-27-laptops-in-teso-school-break-in,negative,0,negative,negative
The Star,Kitui teachers demand security after two colleagues killedKitui Kuppet executive secretary Philip Maanzo says the killings have exposed teachers' vulnerability and heightened fears over their safety.,,https://www.the-star.co.ke/counties/eastern/2026-07-23-kitui-teachers-demand-security-after-two-colleagues-killed,negative,0,negative,negative
The Star,"Fuel subsidy deficit pressure denies consumers price reliefAs of last month, it owed Oil Marketing Companies over Sh20 billion in pending fuel subsidy arrears.",,https://www.the-star.co.ke/business/markets/2026-07-16-fuel-subsidy-deficit-pressure-denies-consumers-price-relief-1,negative,0,negative,negative
The Star,MUTORO: Shrinkflation: One of Kenya's most under-litigated consumer harms,,https://www.the-star.co.ke/business/commentary/2026-07-20-mutoro-shrinkflation-one-of-kenyas-most-under-litigated-consumer-harms,negative,0,negative,negative
The Star,MACHIRA: Workers savings not for solving cash flow problemsEvery month that contributions remain unremitted means lost investment income and reduced retirement benefits.,,https://www.the-star.co.ke/business/commentary/2026-06-22-machira-workers-savings-not-for-solving-cash-flow-problems,negative,0,negative,negative
The Star,"MUGA: Clashing incentives in the conserving of wildlifeWithout the active participation of locals in the conserving of the elephant populations at Amboseli, the elephants would be doomed.",,https://www.the-star.co.ke/opinion/columnists/2026-07-20-muga-clashing-incentives-in-the-conserving-of-wildlife,negative,0,negative,negative
The Star,"MUSAU: Cry, the beloved country lost to goons, pathetic politiciansUnholy alliance between politicians and goons poses an existential threat to the soul of our republic",,https://www.the-star.co.ke/opinion/columnists/2026-07-16-musau-cry-the-beloved-country-lost-to-goons-pathetic-politicians,negative,0,negative,negative
The Star,"OKANGO: Goonism Economy threatens our democracyThose who hire goons must be named, shamed and ostracised",,https://www.the-star.co.ke/opinion/columnists/2026-07-14-wednesday-oped-okango-goonism-economy-threatens-our-democracy-1,negative,0,negative,negative
The Star,"EDITORIAL: Consumers deserve honesty, not hidden inflationThis silent erosion of value has become one of the most overlooked threats to consumer welfare.",,https://www.the-star.co.ke/opinion/leader/2026-07-20-editorial-consumers-deserve-honesty-not-hidden-inflation,negative,0,negative,negative
The Star,EDITORIAL: End Kenya's descent into goon ruleViolence cannot become an acceptable campaign strategy or a tool for settling political scores.,,https://www.the-star.co.ke/opinion/leader/2026-07-19-editorial-end-kenyas-descent-into-goon-rule,negative,0,negative,negative
The Star,"EDITORIAL: Rein in thugs before the country collapsesWhen states surrender the monopoly of lawful force, criminal networks inevitably fill the vacuum",,https://www.the-star.co.ke/opinion/leader/2026-07-14-wednesday-leader-rein-in-thugs-before-the-country-collapses-1,negative,0,negative,negative
The Star,G-SPOT: Confessions of a chronic boda boda overpayerI feel for folks undercut by ride-hailing apps even as customers welcome savings,,https://www.the-star.co.ke/sasa/lifestyle/2026-07-17-g-spot-confessions,negative,0,negative,negative
The Star,"‘It got out of hand’: Fight against self-pleasuringKenyans addicted to masturbation blame adolescence, loneliness and adult entertainment",,https://www.the-star.co.ke/sasa/lifestyle/2026-07-16-guilty-pleasure,negative,0,negative,negative
The Star,Weak hands and blurry vision: Are you getting a 'phone body'?Rates of myopia (near sightedness) have been skyrocketing for decades.,,https://www.the-star.co.ke/sasa/technology/2026-07-01-weak-hands-and-blurry-vision-are-you-getting-a-phone-body,negative,0,negative,negative
The Star,"JIJI NDOGO: It can’t be a girl, vows SophiaSchool fire makes Makini’s pregnant wife think twice about getting a daughter",,https://www.the-star.co.ke/sasa/entertainment/2026-07-04-jiji-ndogo,negative,0,negative,negative
The Star,"SOCIETY TALK: Bad house helps? Give me a breakPerfect domestic workers do not exist, so learn to co-exist",,https://www.the-star.co.ke/sasa/society/2026-08-04-society-talk-bad-house-helps-give-me-a-break,negative,0,negative,negative
The Star,SOCIETY TALK: Why is Mombasa so full of beggars?Young boys are taking over the streets as though driven into begging by cartel,,https://www.the-star.co.ke/sasa/society/2026-06-25-society-talk,negative,0,negative,negative
The Star,TIDBITS OF HOPE: When my friend resigned last weekI saw in her the frustration of workers fed up with 9 to 5 jobs,,https://www.the-star.co.ke/sasa/society/2026-06-25-tidbits,negative,0,negative,negative
The Star,"KISIA: Inside Kenya's growing goon economyFrom campaign rallies to churches, goonism is fast becoming part of Kenya's public life.",,https://www.the-star.co.ke/siasa/2026-07-19-kisia-inside-kenyas-growing-goon-economy,negative,0,negative,negative
The Star,"Why Africa's climate message is getting lost in translationAccording to Otteng, many rural communities still interpret climate change simply as changing weather patterns.",,https://www.the-star.co.ke/climate-change/2026-07-06-why-africas-climate-message-is-getting-lost-in-translation,negative,0,negative,negative
The Star,"Sanitary pads rising as pollutant in oceanThe pads are threatening fish, marine ecosystems and food safety, marine scientists say",,https://www.the-star.co.ke/climate-change/2026-06-19-sanitary-pads-rising-as-pollutant-in-ocean,negative,0,negative,negative
NTV Kenya,Shilling stability under threat as economic pressures mount,,https://ntvkenya.co.ke/news/shilling-stability-under-threat-as-economic-pressures-mount/,negative,0,negative,negative
NTV Kenya,Iran prepares to bury slain supreme leader with week of mass mourning,,https://ntvkenya.co.ke/news/iran-prepares-to-bury-slain-supreme-leader-with-week-of-mass-mourning/,negative,0,negative,negative
NTV Kenya,Scared but staying: Some migrants dig in as South Africa turns hostile,,https://ntvkenya.co.ke/news/scared-but-staying-some-migrants-dig-in-as-south-africa-turns-hostile/,negative,0,negative,negative
NTV Kenya,"KRA rules out extension of tax filing deadline, warns of penalties",,https://ntvkenya.co.ke/news/kra-rules-out-extension-of-tax-filing-deadline-warns-taxpayers-of-penalties/,negative,0,negative,negative
NTV Kenya,Kenyan editors condemn NMG-Uganda shutdown by Museveni’s son Gen...,,https://ntvkenya.co.ke/news/kenyan-editors-condemn-nmg-uganda-shutdown-by-musevenis-son-gen-muhoozi/,negative,0,negative,negative
NTV Kenya,South Africa’s anti-migrant deadline forces fathers to leave...,,https://ntvkenya.co.ke/news/south-africas-anti-migrant-deadline-forces-fathers-to-leave-families-behind/,negative,0,negative,negative
NTV Kenya,South Korea president calls for investigation after poor World Cup showing,,https://ntvkenya.co.ke/news/south-korea-president-calls-for-investigation-after-poor-world-cup-showing/,negative,0,negative,negative
NTV Kenya,ODM moves to oust Sifuna as secretary general,,https://ntvkenya.co.ke/news/odm-moves-to-oust-sifuna-as-secretary-general/,negative,0,negative,negative
NTV Kenya,NCIC launches probe into UDA’s Hassan Omar over alleged hate speech,,https://ntvkenya.co.ke/politics/ncic-launches-probe-into-udas-hassan-omar-over-alleged-hate-speech/,negative,0,negative,negative
NTV Kenya,‘Don’t force yourself on citizens’ – Museveni warns leaders,,https://ntvkenya.co.ke/news/dont-impose-yourself-on-the-people-museveni-warns-leaders/,negative,0,negative,negative
NTV Kenya,"Court rejects bid to withdraw MP Salasya’s hate speech case, orders...",,https://ntvkenya.co.ke/news/court-rejects-bid-to-withdraw-mp-salasyas-hate-speech-case-orders-public-apology/,negative,0,negative,negative
NTV Kenya,Wamatangi claims political persecution after demolition of businesses near...,,https://ntvkenya.co.ke/news/wamatangi-claims-political-persecution-after-demolition-of-businesses-near-nyayo-stadium/,negative,0,negative,negative
NTV Kenya,Minnesota heist debacle: North Eastern MPs accuse Gachagua of profiling...,,https://ntvkenya.co.ke/news/minnesota-heist-debacle-north-eastern-mps-accuse-gachagua-of-profiling-somali-community/,negative,0,negative,negative
NTV Kenya,African Union condemns US raid in Venezuela after capture of President...,,https://ntvkenya.co.ke/news/african-union-condemns-us-raid-in-venezuela-after-capture-of-president-maduro/,negative,0,negative,negative
NTV Kenya,ODM exodus: MP Caroli Omondi rules out re-election on party ticket,,https://ntvkenya.co.ke/news/several-odm-mps-may-seek-re-election-outside-party-ticket-in-2027/,negative,0,negative,negative
NTV Kenya,"Church service turns chaotic as Wamatangi, Alice Ng’ang’a camps clash...",,https://ntvkenya.co.ke/news/church-service-turns-chaotic-as-rival-kiambu-gubernatorial-camps-clash-in-front-of-ruto/,negative,0,negative,negative
NTV Kenya,Wamatangi claims life in danger after bullet fired near his residence,,https://ntvkenya.co.ke/news/wamatangi-claims-life-in-danger-after-bullet-fired-near-his-residence/,negative,0,negative,negative
NTV Kenya,Outrage as Uganda police unleash dogs at opposition rallies,,https://ntvkenya.co.ke/news/outrage-as-uganda-police-unleash-dogs-at-opposition-rallies/,negative,0,negative,negative
NTV Kenya,"Low turnout, bribery claims cloud Kariobangi North Ward by-election",,https://ntvkenya.co.ke/news/low-turnout-bribery-claims-cloud-kariobangi-north-ward-by-election/,negative,0,negative,negative
NTV Kenya,Vehicle torched amid confrontations in Malava,,https://ntvkenya.co.ke/news/vehicle-torched-amid-confrontations-in-malava/,negative,0,negative,negative
NTV Kenya,Natembeya accuses Ruto of intimidation after security withdrawal,,https://ntvkenya.co.ke/news/natembeya-accuses-ruto-of-intimidation-after-security-withdrawal/,negative,0,negative,negative
NTV Kenya,Amnesty accuses State of weaponising technology to silence dissent,,https://ntvkenya.co.ke/news/amnesty-says-state-is-weaponising-technology-to-silence-dissent/,negative,0,negative,negative
NTV Kenya,"Tanzania may struggle to get funding due to tarnished image, Samia Suluhu...",,https://ntvkenya.co.ke/news/tanzania-may-struggle-to-get-funding-due-to-tarnished-image-samia-suluhu-says/,negative,0,negative,negative
NTV Kenya,South Sudan president sacks powerful VP Bol Mel,,https://ntvkenya.co.ke/news/south-sudan-president-sacks-powerful-vp-bol-mel/,negative,0,negative,negative
NTV Kenya,Mali TikTok influencer abducted and executed after pro-army posts,,https://ntvkenya.co.ke/news/mali-tiktok-influencer-abducted-and-executed-after-pro-army-posts/,negative,0,negative,negative
NTV Kenya,"Ex-Botswana president slams African leaders clinging to power, takes swipe...",,https://ntvkenya.co.ke/news/ex-botswana-president-slams-african-leaders-clinging-to-power-takes-swipe-at-suluhu/,negative,0,negative,negative
Citizen Digital,4 hours ago'We're angry and we’ll teach you a lesson!' Gachagua warns Ruto over alleged betrayal of Mt. KenyaBy Brian KimaniGachagua noted that his party would form a historic wave that would seek to unseat President Ruto's administration. He declared that his former boss and the UDA pa...Read More,,https://citizen.digital/article/were-angry-and-well-teach-you-a-lesson-gachagua-warns-ruto-over-alleged-betrayal-of-mt-kenya-n386983,negative,0,negative,negative
Citizen Digital,"News•2 minutes ago'Goonism is being exaggerated,' Murkomen says as he blames politiciansBy Willy Lusige",,https://citizen.digital/article/goonism-is-being-exaggerated-murkomen-says-as-he-blames-politicians-n387020,negative,0,negative,negative
Citizen Digital,2-year-old girl drowns in a borehole in Kisumu,,https://citizen.digital/article/2-year-old-girl-drowns-in-a-borehole-in-kisumu-n386946,negative,0,negative,negative
Citizen Digital,Traders count losses as Kirinyaga Road repairs drag on,,https://citizen.digital/article/traders-count-losses-as-kirinyaga-road-repairs-drag-on-n386622,negative,0,negative,negative
Citizen Digital,"Kenyan football is paying the price for childhood malnutrition, warns former Gor Mahia assistant coach",,https://citizen.digital/article/kenyan-football-is-paying-the-price-for-childhood-malnutrition-warns-former-gor-mahia-assistant-coach-n386471,negative,0,negative,negative
The Standard,Kenya Dental Association opposes KMPDC's proposed scope of practice,,https://www.standardmedia.co.ke/national/article/2001553580/kenya-dental-association-opposes-kmpdcs-proposed-scope-of-practice,negative,0,negative,negative
The Standard,"TikTok removes more than 884,000 videos in Kenya over guideline violations",,https://www.standardmedia.co.ke/national/article/2001553549/tiktok-removes-more-than-884000-videos-in-kenya-over-guideline-violations,negative,0,negative,negative
The Standard,"This man, Charles Owino: Loyalist 'spin doctor ', comes to defend the indefensible",,https://www.standardmedia.co.ke/national/article/2001553504/this-man-charles-owino-loyalist-spin-doctor-comes-to-defend-the-indefensible,negative,0,negative,negative
The Standard,How missing Kiamaiko trader Zizo was abducted by armed men in police uniform,,https://www.standardmedia.co.ke/national/article/2001553460/how-missing-kiamaiko-trader-zizo-was-abducted-by-armed-men-in-police-uniform,negative,0,negative,negative
The Standard,"'Like a war zone': France evacuates 20,000 due to wildfires",,https://www.standardmedia.co.ke/environment-climate/article/2001553620/like-a-war-zone-france-evacuates-20000-due-to-wildfires,negative,0,negative,negative
The Standard,"Hunger bites as hundreds flee West Pokot for Uganda in search of pasture, water",,https://www.standardmedia.co.ke/rift-valley/article/2001553470/hunger-bites-as-hundreds-flee-west-pokot-for-uganda-in-search-of-pasture-water,negative,0,negative,negative
The Standard,Kilifi contractors decry unpaid dues after the county scrapped stalled projects,,https://www.standardmedia.co.ke/coast/article/2001553445/kilifi-contractors-decry-unpaid-dues-after-the-county-scrapped-stalled-projects,negative,0,negative,negative
The Standard,Alarm over rising cases of suicide among men in Taita Taveta,,https://www.standardmedia.co.ke/coast/article/2001553313/alarm-over-rising-cases-of-suicide-among-men-in-taita-taveta,negative,0,negative,negative
The Standard,County workers' pension at risk in Sh2 billion Lapfund real estate mess,,https://www.standardmedia.co.ke/business/financial-standard/article/2001552716/county-workers-pension-at-risk-in-sh2-billion-lapfund-real-estate-mess,negative,0,negative,negative
The Standard,PremiumWhy African teams keep struggling at World Cup,,https://www.standardmedia.co.ke/business/sports/article/2001552000/why-african-teams-keep-struggling-at-world-cup,negative,0,positive,positive
The Standard,PremiumWhy Harambee Stars coach McCarthy is a frustrated man,,https://www.standardmedia.co.ke/business/football/article/2001549600/why-harambee-stars-coach-mccarthy-is-a-frustrated-man,negative,0,negative,negative
The Standard,African hustlers did not create this xenophobia. It's Africa's failures,,https://www.standardmedia.co.ke/business/opinion/article/2001552228/african-hustlers-did-not-create-this-xenophobia-its-africas-failures,negative,0,negative,negative
The Standard,Why formal jobs remain out of reach for Africa's youth,,https://www.standardmedia.co.ke/business/work-life/article/2001547082/why-formal-jobs-remain-out-of-reach-for-africas-youth,negative,0,negative,negative
The Standard,"How pre-import vehicle inspection reforms birthed monopoly, unending court battles",,https://www.standardmedia.co.ke/business/motoring/article/2001552575/how-pre-import-vehicle-inspection-reforms-birthed-monopoly-unending-court-battles,negative,0,negative,negative
The Standard,Deadly wildfires force thousands from homes in parts of Europe,,https://www.standardmedia.co.ke/europe/article/2001553538/deadly-wildfires-force-thousands-from-homes-in-parts-of-europe,negative,0,negative,negative
The Standard,"Trump vows to bomb Iran bridges, power plants when it fires on Hormuz ships",,https://www.standardmedia.co.ke/america/article/2001553490/trump-vows-to-bomb-iran-bridges-power-plants-when-it-fires-on-hormuz-ships,negative,0,negative,negative
The Standard,"AI playing a growing role in child sexual abuse, German report warns",,https://www.standardmedia.co.ke/world/article/2001553403/ai-playing-a-growing-role-in-child-sexual-abuse-german-report-warns,negative,0,negative,negative
The Standard,Iran targets US military assets as Houthis threaten to expand Mideast war,,https://www.standardmedia.co.ke/world/article/2001553336/iran-targets-us-military-assets-as-houthis-threaten-to-expand-mideast-war,negative,0,negative,negative
The Standard,Survivors warn of loopholes in Hong Kong sexual offence reforms,,https://www.standardmedia.co.ke/world/article/2001553263/survivors-warn-of-loopholes-in-hong-kong-sexual-offence-reforms,negative,0,negative,negative
The Standard,Men with mental health issues urged to seek professional help,,https://www.standardmedia.co.ke/health/health-science/article/2001553449/men-with-mental-health-issues-urged-to-seek-professional-help,negative,0,negative,negative
The Standard,25 million kids missed routine vaccinations because of Covid-19,,https://www.standardmedia.co.ke/health/nutrition-wellness/article/2001450593/25-million-kids-missed-routine-vaccinations-because-of-covid-19,negative,0,negative,negative
The Standard,I feared losing my baby: Regina's journey through epileptic pregnancy,,https://www.standardmedia.co.ke/health/reproductive-health/article/2001550327/i-feared-losing-my-baby-reginas-journey-through-epileptic-pregnancy,negative,0,negative,negative
The Standard,Why 'forever chemical' TFA is toxic for human reproduction,,https://www.standardmedia.co.ke/health/reproductive-health/article/2001549985/why-forever-chemical-tfa-is-toxic-for-human-reproduction,negative,0,negative,negative
The Standard,Obstetric fistula exposes gaps in Kenya's maternal healthcare system,,https://www.standardmedia.co.ke/health/reproductive-health/article/2001548781/obstetric-fistula-exposes-gaps-in-kenyas-maternal-healthcare-system,negative,0,negative,negative
The Standard,Low uptake of the Hepatitis B vaccine among health workers puts them at risk,,https://www.standardmedia.co.ke/health/reproductive-health/article/2001545993/low-uptake-of-the-hepatitis-b-vaccine-among-health-workers-puts-them-at-risk,negative,0,negative,negative
The Standard,"Homa Bay, Garisa, Kwale and Mandera counties worst to be a new mother",,https://www.standardmedia.co.ke/health/reproductive-health/article/2001545796/homa-bay-garisa-kwale-and-mandera-counties-worst-to-be-a-new-mother,negative,0,negative,negative
The Standard,"Toxic chemicals threatening Kenya's children, women",,https://www.standardmedia.co.ke/health/health-science/article/2001553218/toxic-chemicals-threatening-kenyas-children-women,negative,0,negative,negative
The Standard,From war to fear: Children seeking asylum still at risks at Kakuma refugees camp,,https://www.standardmedia.co.ke/health/health-science/article/2001553091/from-war-to-fear-children-seeking-asylum-still-at-risks-at-kakuma-refugees-camp,negative,0,negative,negative
The Standard,Kenya's new health policies are abandoning infertile Wanjiku,,https://www.standardmedia.co.ke/health/health-opinion/article/2001552981/kenyas-new-health-policies-are-abandoning-infertile-wanjiku,negative,0,negative,negative
The Standard,"Graves, crying families as cheap, killer liquor rules Kathonzweni",,https://www.standardmedia.co.ke/health/mental-health/article/2001552251/graves-crying-families-as-cheap-killer-liquor-rules-kathonzweni,negative,0,negative,negative
The Standard,"Shame of Sh300,000 reward for KVF league champs after grueling season",,https://www.standardmedia.co.ke/sports/volleyball-and-handball/article/2001553550/shame-of-sh300000-reward-for-kvf-league-champs-after-grueling-season,negative,0,negative,negative
The Standard,Heartbreak as Shujaa miss HSBC SVNS Division One promotion,,https://www.standardmedia.co.ke/sports/rugby/article/2001549810/heartbreak-as-shujaa-miss-hsbc-svns-division-one-promotion,negative,0,negative,negative
The Standard,'The last of Messi': Argentines mourn loss and end of an era,,https://www.standardmedia.co.ke/sports/football/article/2001553297/the-last-of-messi-argentines-mourn-loss-and-end-of-an-era,negative,0,negative,negative
The Standard,Why African teams keep struggling at World Cup,,https://www.standardmedia.co.ke/sports/sports/article/2001552000/why-african-teams-keep-struggling-at-world-cup,negative,0,negative,negative
The Standard,Why Harambee Stars coach McCarthy is a frustrated man,,https://www.standardmedia.co.ke/sports/football/article/2001549600/why-harambee-stars-coach-mccarthy-is-a-frustrated-man,negative,0,negative,negative
The Standard,"Harmonize blasts Kajala mid-concert, accuses her of disrespecting him over age gap...",,https://www.standardmedia.co.ke/entertainment/article/2001553545/harmonize-blasts-kajala-mid-concert-accuses-her-of-disrespecting-him-over-age-gap,negative,0,negative,negative
The Standard,"Early smartphone use linked to anxiety, poor self-esteem and mental health risks among children...",,https://www.standardmedia.co.ke/features/article/2001553050/early-smartphone-use-linked-to-anxiety-poor-self-esteem-and-mental-health-risks-among-children,negative,0,negative,negative
The Standard,22 pedestrians arraigned for failing to use footbridge at Allsops,,https://www.standardmedia.co.ke/news/article/2001553379/22-pedestrians-arraigned-for-failing-to-use-footbridge-at-allsops,negative,0,negative,negative
The Standard,"TikTok removes 884k videos, 49k underage Kenyan accounts over guideline violations",,https://www.standardmedia.co.ke/newsbeat/article/2001553546/tiktok-removes-884k-videos-49k-underage-kenyan-accounts-over-guideline-violations,negative,0,negative,negative
The Standard,"KUPPET rejects SRC salary increments, cites widening pay gap",,https://www.standardmedia.co.ke/education/article/2001553525/kuppet-rejects-src-salary-increments-cites-widening-pay-gap,negative,0,negative,negative
The Standard,Ruto promises free university education after three failed funding experiments,,https://www.standardmedia.co.ke/education/article/2001553405/ruto-promises-free-university-education-after-three-failed-funding-experiments,negative,0,negative,negative
The Standard,REVEALED: Worst subjects among KCSE top performers,,https://www.standardmedia.co.ke/education/article/2001553154/revealed-worst-subjects-among-kcse-top-performers,negative,0,negative,negative
The Standard,School in Kiambu closed following Sexual predation allegations,,https://www.standardmedia.co.ke/education/article/2001552800/school-in-kiambu-closed-following-sexual-predation-allegations,negative,0,negative,negative
The Standard,Hyenas impose night lockdown in Mara villages,,https://www.standardmedia.co.ke/environment-climate/article/2001553513/hyenas-impose-night-lockdown-in-mara-villages,negative,0,negative,negative
The Standard,"We have no place to go, lament Nithi bridge land owners",,https://www.standardmedia.co.ke/environment-climate/article/2001552457/we-have-no-place-to-go-lament-nithi-bridge-land-owners,negative,0,negative,negative
The Standard,Government's 15b tree campaign contradicted by forest destruction,,https://www.standardmedia.co.ke/environment-climate/article/2001552436/governments-15b-tree-campaign-contradicted-by-forest-destruction,negative,0,negative,negative
The Standard,Raising Lake Naivasha's water causes wildlife displacement,,https://www.standardmedia.co.ke/environment-climate/article/2001552348/raising-lake-naivashas-water-causes-wildlife-displacement,negative,0,negative,negative
The Standard,Government plan for public participation in Imenti Forest project is illegal,,https://www.standardmedia.co.ke/environment-climate/article/2001552107/government-plan-for-public-participation-in-imenti-forest-project-is-illegal,negative,0,negative,negative
The Standard,"Billions lost as leaks, illegal connections drain Kenya's water sector",,https://www.standardmedia.co.ke/environment-climate/article/2001551838/billions-lost-as-leaks-illegal-connections-drain-kenyas-water-sector,negative,0,negative,negative
The Standard,Kenyans warned of diseases and destruction as El Nino closes in,,https://www.standardmedia.co.ke/environment-climate/article/2001551679/kenyans-warned-of-diseases-and-destruction-as-el-nino-closes-in,negative,0,negative,negative
The Standard,Experts sound alarm over rising pollution in crucial Athi River,,https://www.standardmedia.co.ke/environment-climate/article/2001551539/experts-sound-alarm-over-rising-pollution-in-crucial-athi-river,negative,0,negative,negative
The Standard,"How e-waste causes biodiversity loss, health challenges in humans",,https://www.standardmedia.co.ke/environment-climate/article/2001551284/how-e-waste-causes-biodiversity-loss-health-challenges-in-humans,negative,0,negative,negative
The Standard,Why Kenya's artificial intelligence rush could end in expensive failure,,https://www.standardmedia.co.ke/opinion/article/2001553383/why-kenyas-artificial-intelligence-rush-could-end-in-expensive-failure,negative,0,negative,negative
The Standard,Gachagua didn't just win Ol Kalou; He buried Ruto's hustler dream,,https://www.standardmedia.co.ke/opinion/article/2001553309/gachagua-didnt-just-win-ol-kalou-he-buried-rutos-hustler-dream,negative,0,negative,negative
The Standard,Act now to silence the drums of war,,https://www.standardmedia.co.ke/opinion/article/2001553312/act-now-to-silence-the-drums-of-war,negative,0,negative,negative
The Standard,Attacking journalists will not win UDA votes,,https://www.standardmedia.co.ke/opinion/article/2001553232/attacking-journalists-will-not-win-uda-votes,negative,0,negative,negative
The Standard,Success of 'PITO' principle and the fear it has sparked in Europe and United States,,https://www.standardmedia.co.ke/opinion/article/2001553233/success-of-pito-principle-and-the-fear-it-has-sparked-in-europe-and-united-states,negative,0,negative,negative
The Standard,Why management of healthcare workers should be reconsidered,,https://www.standardmedia.co.ke/opinion/article/2001553240/why-management-of-healthcare-workers-should-be-reconsidered,negative,0,negative,negative
The Standard,"""When the altar blames the miniskirt!"" Perhaps it is celibacy, not women, that needs a confession",,https://www.standardmedia.co.ke/opinion/article/2001553244/when-the-altar-blames-the-miniskirt-perhaps-it-is-celibacy-not-women-that-needs-a-confession,negative,0,negative,negative
The Standard,Pork barrel politics will be the end of us,,https://www.standardmedia.co.ke/opinion/article/2001553155/pork-barrel-politics-will-be-the-end-of-us,negative,0,negative,negative
The Standard,From drugs to insecurity: How Nairobi's Eastleigh is being strangled,,https://www.standardmedia.co.ke/nairobi/article/2001553225/from-drugs-to-insecurity-how-nairobis-eastleigh-is-being-strangled,negative,0,negative,negative
The Standard,Restaurant evicted from Uchumi's Lang'ata branch despite earlier court orders,,https://www.standardmedia.co.ke/nairobi/article/2001553152/restaurant-evicted-from-uchumis-langata-branch-despite-earlier-court-orders,negative,0,negative,negative
The Standard,"Traders feel the heat as Sakaja, Kenya Power standoff persists",,https://www.standardmedia.co.ke/nairobi/article/2001552909/traders-feel-the-heat-as-sakaja-kenya-power-standoff-persists,negative,0,negative,negative
The Standard,Heavy police presence brings Thika Road to a standstill on Saba Saba,,https://www.standardmedia.co.ke/nairobi/article/2001552208/heavy-police-presence-brings-thika-road-to-a-standstill-on-saba-saba,negative,0,negative,negative
The Standard,Rivers Commission decries delay of clean-up exercise,,https://www.standardmedia.co.ke/nairobi/article/2001552108/rivers-commission-decries-delay-of-clean-up-exercise,negative,0,positive,positive
The Standard,Activist slams state narrative over enforced disappearances,,https://www.standardmedia.co.ke/nairobi/article/2001551761/activist-slams-state-narrative-over-enforced-disappearances,negative,0,negative,negative
The Standard,Construction authority cracks down on rogue developers,,https://www.standardmedia.co.ke/nairobi/article/2001551586/construction-authority-cracks-down-on-rogue-developers,negative,0,negative,negative
The Standard,Embakasi-Wall Street Business Park razed down,,https://www.standardmedia.co.ke/nairobi/article/2001551359/embakasi-wall-street-business-park-razed-down,negative,0,negative,negative
The Standard,Hundreds stranded as police seal off Mombasa Road at Mlolongo,,https://www.standardmedia.co.ke/nairobi/article/2001551248/hundreds-stranded-as-police-seal-off-mombasa-road-at-mlolongo,negative,0,negative,negative
The Standard,"'Don't make us your goons,' boda boda riders warn politicians ahead of Gen Z demos",,https://www.standardmedia.co.ke/nairobi/article/2001551176/dont-make-us-your-goons-boda-boda-riders-warn-politicians-ahead-of-gen-z-demos,negative,0,negative,negative
The Standard,"Land cartels, goons keep a tight grip on Kirimas' 1,000 acres in the city",,https://www.standardmedia.co.ke/nairobi/article/2001550942/land-cartels-goons-keep-a-tight-grip-on-kirimas-1000-acres-in-the-city,negative,0,negative,negative
The Standard,Traders suffer huge losses in Gikomba fire,,https://www.standardmedia.co.ke/nairobi/article/2001550949/traders-suffer-huge-losses-in-gikomba-fire,negative,0,negative,negative
The Star,Huge explosion and fire rip through Essex industrial siteA number of buildings and vehicles on farmland were gutted by the fire,,https://www.the-star.co.ke/news/world/2026-07-25-huge-explosion-and-fire-rip-through-essex-industrial-site,negative,0,negative,negative
The Star,Health CS Duale under fire over remarks made in Mandera,,https://www.the-star.co.ke/counties/north-eastern/2026-07-24-health-cs-duale-under-fire-over-remarks-made-in-mandera,negative,0,negative,negative
The Star,Lobby to Opposition: Stop politicising security issuesThe Mt. Kenya Political Leaders for Change decried smear campaign against CS Murkomen,,https://www.the-star.co.ke/counties/central/2026-07-24-lobby-to-opposition-stop-politicising-security-issues,negative,0,negative,negative
The Star,Principal denies assaulting her estranged husbandPlea briefly delayed after defence filed two applications to stop proceedings,,https://www.the-star.co.ke/counties/central/2026-07-24-principal-denies-assaulting-her-estranged-husband,negative,0,negative,negative
The Star,"Wandayi, Omollo fault Orengo over anti-Ruto campaignWandayi said Orengo's politics was unfit for the development of the Luo Nyanza region",,https://www.the-star.co.ke/counties/nyanza/2026-07-24-wandayi-omollo-fault-orengo-over-anti-ruto-campaign,negative,0,negative,negative
The Star,"Kenya moves to end harassment of truck drivers in South SudanBilateral talks target illegal roadblocks, extortion as insecurity continues to disrupt regional trade",,https://www.the-star.co.ke/business/kenya/2026-07-24-kenya-moves-to-end-harassment-of-truck-drivers-in-south-sudan,negative,0,negative,negative
The Star,Police CCTV should not have a delete button,,https://www.the-star.co.ke/opinion/columnists/2026-07-25-police-cctv-should-not-have-a-delete-button,negative,0,negative,negative
The Star,End culture of broken promises,,https://www.the-star.co.ke/opinion/leader/2026-07-25-end-culture-of-broken-promises,negative,0,negative,negative
The Star,"TIDBITS OF HOPE: The most enduring legacy of colonialismSpeaking in mother tongue would earn you a ‘disk’, embedding inferiority complex that carries elsewhere",,https://www.the-star.co.ke/sasa/lifestyle/2026-07-22-tidbits-of-hope,negative,0,negative,negative
The Star,"SOCIETY TALK: Beautiful game hit by hate, bias",,https://www.the-star.co.ke/sasa/society/2026-07-22-society-talk,negative,0,negative,negative
Citizen Digital,News•16 hours ago'I was misquoted!' Duale defends anti-Kikuyu remarks as NCIC opens probeBy Benjamin Muriuki,,https://citizen.digital/article/i-was-misquoted-duale-defends-anti-kikuyu-remarks-as-ncic-opens-probe-n387076,negative,0,negative,negative
Citizen Digital,"7 hours agoIOC reject complaint against FIFA chief Infantino over 'political neutrality'By AFPThe FairSquare complaint alleges that Infantino has ""repeatedly breached IOC's rules on political neutrality by offering his political support for US president Donald Trump""....Read More",,https://citizen.digital/article/ioc-reject-complaint-against-fifa-chief-infantino-over-politicaleutrality-n387081,negative,0,negative,negative
Citizen Digital,"7 hours agoWaiguru demands apology from Duale over Ol Kalou ethnic remarksBy Citizen ReporterIn a statement posted on her Facebook page on Friday, Waiguru said it was dangerous to reduce the government's political challenges to tribal prejudice, particularly gi...Read More",,https://citizen.digital/article/waiguru-demands-apology-from-duale-over-ol-kalou-ethnic-remarks-n386830,negative,0,negative,negative
Citizen Digital,Police rescue 30 women found in Ongata Rongai house in alleged sexual exploitation,,https://citizen.digital/article/police-rescue-30-women-found-in-ongata-rongai-house-in-alleged-sexual-exploitation-n387044,negative,0,negative,negative
Citizen Digital,Google fined Ksh.129B by European Union for favouring its apps in search results,,https://citizen.digital/article/google-fined-ksh129b-by-european-union-for-favouring-its-apps-in-search-results-n387036,negative,0,negative,negative
The Standard,"Duale denies ethnic incitement claims, says remarks taken out of context",,https://www.standardmedia.co.ke/national/article/2001553693/duale-denies-ethnic-incitement-claims-says-remarks-taken-out-of-context,negative,0,negative,negative
The Standard,Kenya denies end of UK military deal after BATUK training row,,https://www.standardmedia.co.ke/national/article/2001553671/kenya-denies-end-of-uk-military-deal-after-batuk-training-row,negative,0,negative,negative
The Standard,'Immoral and illegal': Atwoli slams KCAA over NYS plan,,https://www.standardmedia.co.ke/national/article/2001553647/immoral-and-illegal-atwoli-slams-kcaa-over-nys-plan,negative,0,negative,negative
The Standard,KDA opposes scope-of-practice rules over patient safety concerns,,https://www.standardmedia.co.ke/national/article/2001553591/kda-opposes-scope-of-practice-rules-over-patient-safety-concerns,negative,0,negative,negative
The Standard,EADB's Kenya operations on the spot amid Sh6.6b loss fears,,https://www.standardmedia.co.ke/business/business/article/2001553730/eadbs-kenya-operations-on-the-spot-amid-sh66b-loss-fears,negative,0,negative,negative
The Standard,Cancer in rural Kilifi: a different kind of pain and suffering,,https://www.standardmedia.co.ke/coast/article/2001553662/cancer-in-rural-kilifi-a-different-kind-of-pain-and-suffering,negative,0,negative,negative
The Standard,Cattle rustling victims allege foul play in restocking exercise,,https://www.standardmedia.co.ke/central/article/2001553629/cattle-rustling-victims-allege-foul-play-in-restocking-exercise,negative,0,negative,negative
The Standard,Day two of lawyers boycott,,https://www.standardmedia.co.ke/coast/article/2001553611/day-two-of-lawyers-boycott,negative,0,negative,negative
The Standard,PremiumEbola at State House? 14 staff quarantined as Ruto's Congo trip shelved,,https://www.standardmedia.co.ke/business/health-science/article/2001553663/ebola-at-state-house-14-staff-quarantined-as-rutos-congo-trip-shelved,negative,0,negative,negative
The Standard,PremiumWhy the 13th Parliament should never be forgiven,,https://www.standardmedia.co.ke/business/opinion/article/2001553699/why-the-13th-parliament-should-never-be-forgiven,negative,0,negative,negative
The Standard,"Untamed wildfires force over 160,000 to flee in France, Spain",,https://www.standardmedia.co.ke/europe/article/2001553704/untamed-wildfires-force-over-160000-to-flee-in-france-spain,negative,0,negative,negative
The Standard,EU accuses TikTok of exposing children to risks online,,https://www.standardmedia.co.ke/europe/article/2001553653/eu-accuses-tiktok-of-exposing-children-to-risks-online,negative,0,negative,negative
The Standard,Kidney transplant patients accuse SHA of 'punitive' rules that put lives at risk,,https://www.standardmedia.co.ke/health/health-science/article/2001553656/kidney-transplant-patients-accuse-sha-of-punitive-rules-that-put-lives-at-risk,negative,0,negative,negative
The Standard,"Illegal dental clinics put patients at risk despite laws, dental federation warns",,https://www.standardmedia.co.ke/health/health-science/article/2001553689/illegal-dental-clinics-put-patients-at-risk-despite-laws-dental-federation-warns,negative,0,negative,negative
The Standard,"Why dating, motherhood remain lonely battles for women with sickle cell",,https://www.standardmedia.co.ke/health/reproductive-health/article/2001553633/why-dating-motherhood-remain-lonely-battles-for-women-with-sickle-cell,negative,0,negative,negative
The Standard,"Poverty, childhood hunger linked to brain resilience",,https://www.standardmedia.co.ke/health/health-science/article/2001553216/poverty-childhood-hunger-linked-to-brain-resilience,negative,0,negative,negative
The Standard,ICC fires former Ruto lawyer Karim Khan over sexual misconduct findings,,https://www.standardmedia.co.ke/newsbeat/article/2001553717/icc-fires-former-ruto-lawyer-karim-khan-over-sexual-misconduct-findings,negative,0,negative,negative
The Standard,"Fake KDF soldier accused of stealing Sh653,000 from girlfriend after mysterious return",,https://www.standardmedia.co.ke/newsbeat/article/2001553710/fake-kdf-soldier-accused-of-stealing-sh653000-from-girlfriend-after-mysterious-return,negative,0,negative,negative
The Standard,Shakib's remarks on Kenyan female artistes trigger online backlash...,,https://www.standardmedia.co.ke/entertainment/article/2001553636/shakibs-remarks-on-kenyan-female-artistes-trigger-online-backlash,negative,0,negative,negative
The Standard,"This man Sossion: Controversial educationist who deflated CBC tyre, but wants to ride it",,https://www.standardmedia.co.ke/education/article/2001553669/this-man-sossion-controversial-educationist-who-deflated-cbc-tyre-but-wants-to-ride-it,negative,0,negative,negative
The Standard,Why curriculum brand alone does not guarantee success,,https://www.standardmedia.co.ke/opinion/article/2001553634/why-curriculum-brand-alone-does-not-guarantee-success,negative,0,negative,negative
The Standard,"'Oro Karao' poll numbers don't add up, use songs to decipher political meaning",,https://www.standardmedia.co.ke/opinion/article/2001553597/oro-karao-poll-numbers-dont-add-up-use-songs-to-decipher-political-meaning,negative,0,negative,negative
The Standard,Gachagua's formula for picking flagbearer wrong,,https://www.standardmedia.co.ke/editorial/article/2001553624/gachaguas-formula-for-picking-flagbearer-wrong,negative,0,negative,negative
The Standard,The Economic and human cost of neglecting mental health in Kenya,,https://www.standardmedia.co.ke/opinion/article/2001553581/the-economic-and-human-cost-of-neglecting-mental-health-in-kenya,negative,0,negative,negative
World News API,"Ruto&#039;s tough talk, zero action on goons",,,negative,0,negative,negative
World News API,Inside how Kenya shipped its daughters into slavery,,,negative,0,negative,negative
World News API,Embu Jua Kali Association Faces Fresh Leadership Battle Following Election Dispute,,,negative,0,negative,negative
NewsData.io,Why young people are struggling to find entry-level jobs,,,negative,0,negative,negative
NewsData.io,IPOB blasts ‘rented traitor’ behind call to assasinate Kanu,,,negative,0,negative,negative
NewsData.io,Insta360 says it wants to replace photographers with an ‘intelligent photography robot’ that will become ‘imperceptible’ — and it sounds like a nightmare for privacy and creativity,,,negative,0,negative,negative
NewsData.io,MPs Blame Kenya Power-REREC Rift for Delays in Electricity Connections,,,negative,0,negative,negative
NewsData.io,I don’t need your money: Sifuna fires back at Atwoli over campaign funding remarks,,,negative,0,negative,negative
NewsData.io,Canals of waste: Why multibillion-shilling Coast irrigation schemes fail,,,negative,0,negative,negative
NewsData.io,Why making films for African audiences remains an uphill task,,,negative,0,negative,negative
NewsData.io,Rights group finds abusive conditions for migrants working on UAE renewables,,,negative,0,positive,positive
NewsData.io,"Kenya: Jubilee Criticises Gachagua's Tourism Boycott Call, Warns of Economic Fallout",,,negative,0,negative,negative
NewsData.io,"Jubilee Criticises Gachagua’s Tourism Boycott Call, Warns of Economic Fallout",,,negative,0,negative,negative
NewsData.io,Museveni: ‘Thieves’ Tried to Double Cost of AFCON Roads,,,negative,0,negative,negative
NewsData.io,Vindee opens up on how his brother was stranded in Qatar after job scam,,,negative,0,negative,negative
NewsData.io,Crop theft costing Sri Lanka’s agricultural sector millions: Industry calls for urgent Government action,,,negative,0,negative,negative
NewsData.io,Jubilee condemns Gachagua remarks on tourism boycott ahead of 2027 polls,,,negative,0,negative,negative
NewsData.io,Kenya Presidency Website Hacked as China-Africa Trade Surges 24%,,,negative,0,positive,positive
NewsData.io,Kenyan startup funding slips to Sh16.3bn in first half of 2026,,,negative,0,negative,negative
Currents API,Kenya: Disregard Fake Kenyans.Co.Ke Graphic Falsely Attributing Mt Kenya MP Rankings to Infotrak,,,negative,0,negative,negative
Currents API,Kenya: 22 Pedestrians Arraigned in Nairobi Over Illegal Thika Road Crossings,,,negative,0,negative,negative
Nairobi Wire,"CS Ruku Downplays DCP’s Ol Kalou Win, ‘Like a Chicken That Laid One Egg’",,,negative,0,negative,negative
Nairobi Wire,Did Infotrak Really Predict the Wrong Ol Kalou By-Election Winner?,,,negative,0,negative,negative
Kahawa Tungu,"Ann Widdecombe was hit on head repeatedly with hammer, prosecutors say",,,negative,0,negative,negative
World News API,Daughter accuses father of marrying her off at 17 for a bottle of beer,7/21/2026 17:15,,negative,0,negative,negative
World News API,Hesbon Owilla: The real goons are politicians who have created & benefitted from this system,7/19/2026 0:00,,negative,0,negative,negative
Al Jazeera,Which matches and tournaments can football fans watch after the World Cup?,7/24/2026 23:25,https://www.aljazeera.com/sports/2026/7/24/what-do-football-fans-have-in-store-to-beat-post-world-cup-blues,positive,2,positive,positive
Business Daily,"AI giants face new minimum pay, mental healthcare rule in Kenya","Fri, 24 Jul 2026 11:17:05 GMT",https://www.businessdailyafrica.com/bd/corporate/technology/ai-giants-face-new-minimum-pay-mental-healthcare-rule-in-kenya-5536272,positive,2,positive,positive
Business Daily,Funders push for social impact beyond profits,"Thu, 23 Jul 2026 15:46:07 GMT",https://www.businessdailyafrica.com/bd/markets/funders-push-for-social-impact-beyond-profits-5535668,positive,2,positive,positive
Business Daily,Inside Kenya's high-stakes bid to become Africa's AI investment epicentre,"Thu, 23 Jul 2026 14:56:09 GMT",https://www.businessdailyafrica.com/bd/corporate/boss-talk/inside-kenya-s-bid-to-become-africa-s-ai-investment-epicentre-5535584,positive,2,positive,positive
Business Daily,Toned back for women: The newest obsession and how to get it,"Fri, 24 Jul 2026 19:16:06 GMT",https://www.businessdailyafrica.com/bd/lifestyle/health-fitness/toned-back-for-women-the-newest-obsession-5536800,positive,2,positive,positive
Business Daily,Why Diani and Watamu are luring land buyers,"Tue, 21 Jul 2026 15:04:17 GMT",https://www.businessdailyafrica.com/bd/markets/real-estate/why-diani-and-watamu-are-luring-land-buyers-5533596,negative,0,negative,negative
Capital FM,Artcaffé Eyes New Markets on Demand for Curated Dining,"Sat, 25 Jul 2026 07:43:14 +0000",https://capitalfm.africa/artcaffe-eyes-new-markets-on-demand-for-curated-dining/,positive,2,positive,positive
Capital FM,Food Science expert urges Africa to dismantle innovation regulatory barriers to unlock bioeconomy potential,"Sat, 25 Jul 2026 08:25:08 +0000",https://capitalfm.africa/food-science-expert-urges-africa-to-dismantle-innovation-regulatory-barriers-to-unlock-bioeconomy-potential/,positive,2,positive,positive
Citizen Digital,Hamilton tops times ahead of Leclerc in Ferrari 1-2 in Hungary,7/24/2026 20:52,https://citizen.digital/article/hamilton-tops-times-ahead-of-leclerc-in-ferrari-1-2-in-hungary-n387079,positive,2,positive,positive
Citizen Digital,ICC member states decide fate of embattled prosecutor Karim Khan,7/24/2026 22:11,https://citizen.digital/article/icc-member-states-decide-fate-of-embattled-prosecutor-karim-khan-n387071,negative,0,negative,negative
Citizen Digital,Mama Ibado Charity opens elderly care centre to support vulnerable seniors in Isiolo,7/24/2026 22:19,https://citizen.digital/article/mama-ibado-charity-opens-elderly-care-centre-to-support-vulnerable-seniors-in-isiolo-n387101,positive,2,positive,positive
Citizen Digital,US nuclear deal with Saudi Arabia sparks proliferation concerns,7/24/2026 21:15,https://citizen.digital/article/us-nuclear-deal-with-saudi-arabia-sparks-proliferation-concerns-n387072,negative,0,negative,negative
Cp24,Commonwealth Games: Canada begins defence of women's wheelchair basketball crown,7/24/2026 20:16,https://www.cp24.com/news/sports/2026/07/24/commonwealth-games-canada-begins-defence-of-womens-wheelchair-basketball-crown/,positive,2,positive,positive
Dispatch Argus,Cloud cover and 69 degrees expected for Bix 7 start time Saturday,7/24/2026 22:30,https://qconline.com/news/local/weather/article_f6b37b56-42d5-5c42-b1a8-b94cabbe1bd4.html,positive,2,positive,positive
Financialcontent,Kamran Pitafi Appointed as Judge for 2026 Global Recognition Awards,7/24/2026 22:35,https://www.financialcontent.com/article/marketersmedia-2026-7-24-kamran-pitafi-appointed-as-judge-for-2026-global-recognition-awards,positive,2,positive,positive
Financialcontent,iFortify: The Sub-Saharan African Cybersecurity Firm Quietly Defending the Continent’s Financial and Digital Infrastructure,7/24/2026 21:40,https://www.financialcontent.com/article/getnews-2026-7-24-ifortify-the-sub-saharan-african-cybersecurity-firm-quietly-defending-the-continents-financial-and-digital-infrastructure,positive,2,positive,positive
Ghafla,Co-op Bank hosts Virtual Seminar promoting Smart Farming and Agriculture,7/24/2026 21:20,https://www.ghafla.co.ke/co-op-bank-hosts-virtual-seminar-promoting-smart-farming-and-agriculture/,positive,2,positive,positive
Jamaica Observer,Jamaica delivers at US pool checkers championship,7/24/2026 23:39,https://www.jamaicaobserver.com/2026/07/24/jamaica-delivers-us-pool-checkers-championship/,positive,2,positive,positive
KBC,Ahmadiyya Muslims convene in UK for annual global spiritual gathering,"Sat, 25 Jul 2026 04:17:14 +0000",https://www.kbc.co.ke/ahmadiyya-muslims-convene-in-uk-for-annual-global-spiritual-gathering/,positive,2,positive,positive
KBC,Govt vows sustained security operation in Kerio Valley until banditry is eradicated,"Sat, 25 Jul 2026 09:05:32 +0000",https://www.kbc.co.ke/govt-vows-sustained-security-operation-in-kerio-valley-until-banditry-is-eradicated/,negative,0,negative,negative
KBC,PSV saccos urged to embrace financial literacy for growth,"Fri, 24 Jul 2026 14:18:59 +0000",https://www.kbc.co.ke/psv-saccos-urged-to-embrace-financial-literacy-for-growth/,positive,2,positive,positive
Kahawa Tungu,Dubai launches Kenya Business Council to boost trade and investment ties,"Sat, 25 Jul 2026 08:32:16 +0000",https://kahawatungu.com/dubai-launches-kenya-business-council-to-boost-trade-and-investment-ties/,positive,2,positive,positive
Kahawa Tungu,How to Calculate Return on Earnings,"Sat, 25 Jul 2026 08:50:09 +0000",https://kahawatungu.com/how-to-calculate-return-on-earnings/,positive,2,positive,positive
Kahawa Tungu,How to Calculate Salary Increase Percentage in South Africa,"Sat, 25 Jul 2026 08:52:26 +0000",https://kahawatungu.com/how-to-calculate-salary-increase-percentage-in-south-africa/,negative,0,negative,negative
Kahawa Tungu,"Over 17,000 passengers pass through Mombasa airport in 10 days as tourism picks up","Sat, 25 Jul 2026 08:20:48 +0000",https://kahawatungu.com/over-17000-passengers-pass-through-mombasa-airport-in-10-days-as-tourism-picks-up/,positive,2,positive,positive
Kenya News Agency,Stakeholders push to revitalize Kenya’s Coffee Sector,"Sat, 25 Jul 2026 07:19:35 +0000",https://www.kenyanews.go.ke/stakeholders-push-to-revitalize-kenyas-coffee-sector/,positive,2,positive,positive
Kenya News Agency,State to strengthen food safety following pesticide residue report,"Sat, 25 Jul 2026 07:25:05 +0000",https://www.kenyanews.go.ke/state-to-strengthen-food-safety-following-pesticide-residue-report/,negative,0,negative,negative
Medicine Hat News,"Commonwealth Games: Jibb, Gill earn Canada’s first medals in Para swimming",7/24/2026 20:34,https://medicinehatnews.com/sports/national-sports/2026/07/24/commonwealth-games-jibb-gill-earn-canadas-first-medals-in-para-swimming/,positive,2,positive,positive
Nairobi Wire,Borrowers Set for Major Relief Under Kenya’s New Microfinance Bill,"Thu, 23 Jul 2026 03:46:19 +0000",https://nairobiwire.com/2026/07/microfinance-bill-2026-kenya-cbk-borrower-protection.html,positive,2,positive,positive
Nairobi Wire,Chaiiwali Robbery: DCI Arrest 3 Suspects in Dramatic Githurai Operation,"Wed, 22 Jul 2026 03:45:06 +0000",https://nairobiwire.com/2026/07/dci-arrest-armed-robbery-suspects-githurai-chaiiwali-restaurant.html,negative,0,negative,negative
Nairobi Wire,Electric Vehicle Drivers Could Get Special Number Plates With New Benefits,"Thu, 23 Jul 2026 03:42:48 +0000",https://nairobiwire.com/2026/07/kenya-electric-vehicle-number-plates-special-benefits.html,positive,2,positive,positive
Nairobi Wire,Ruto Offers State Certification and Sh80 Million Boost to Artisans,"Fri, 24 Jul 2026 03:46:01 +0000",https://nairobiwire.com/2026/07/ruto-artisan-certification-sh80-million-equipment-fund.html,positive,2,positive,positive
Nairobi Wire,"Sony, Universal, Warner Move to Nairobi Set to Boost Kenyan Artists and Producers","Wed, 22 Jul 2026 03:44:35 +0000",https://nairobiwire.com/2026/07/sony-universal-warner-music-nairobi-ruto-announcement.html,positive,2,positive,positive
Newstalkzb,Avocados: Asian demand and new trade deals reshaping New Zealand’s exports,7/24/2026 20:41,https://www.newstalkzb.co.nz/news/national/avocados-asian-demand-and-new-trade-deals-reshaping-new-zealand-s-exports/,positive,2,positive,positive
Players,Commonwealth Games viewing guide: Canadians to watch this weekend,7/24/2026 23:21,https://players.bio/news/commonwealth-games-viewing-guide-canadians-2/892799,positive,2,positive,positive
Shotoe Nigeria,How China Benefits from Zimbabwe's Lithium Laws,7/25/2026 0:00,https://ng.shotoe.com/lithium-st_466306/news/how-china-benefits-from-zimbabwes-lithium-laws-sn_4386726/,positive,2,positive,positive
The Mt Kenya Times,Duale’s sharp tongue lands him in NCIC’s crosshairs,7/24/2026 21:30,https://mountkenyatimes.co.ke/duales-sharp-tongue-lands-him-in-ncics-crosshairs/,negative,0,negative,negative
The Standard,48 women rescued from sexual exploitation in Kajiado County,"Fri, 24 Jul 2026 19:07:40 +0300",https://www.standardmedia.co.ke/article/2001553687/48-women-rescued-from-sexual-exploitation-in-kajiado-county,negative,0,negative,negative
The Standard,DCI identifies six students linked to Utumishi Girls dorm fire,"Sun, 31 May 2026 11:34:59 +0300",https://www.standardmedia.co.ke/article/2001549135/dci-identifies-six-students-linked-to-utumishi-girls-dorm-fire,negative,0,negative,negative
The Standard,DCI told to investigate irregularities in recruiting assistant chiefs in Homa Bay,"Fri, 10 Jul 2026 13:49:14 +0300",https://www.standardmedia.co.ke/article/2001552474/dci-told-to-investigate-irregularities-in-recruiting-assistant-chiefs-in-homa-bay,negative,0,negative,negative
The Standard,EACC warns counties over conflict of interest,"Thu, 21 May 2026 23:25:00 +0300",https://www.standardmedia.co.ke/article/2001548433/eacc-warns-counties-over-conflict-of-interest,negative,0,negative,negative
The Standard,Face off as rival politicians scramble for a piece of Mulembe nation,7/24/2026 21:00,https://www.standardmedia.co.ke/politics/article/2001553692/face-off-as-rival-politicians-scramble-for-a-piece-of-mulembe-nation,negative,0,negative,negative
The Standard,"Kilifi sets aside Sh10 million to register widows, orphans to SHA","Thu, 02 Jul 2026 11:30:00 +0300",https://www.standardmedia.co.ke/article/2001551839/kilifi-sets-aside-sh10-million-to-register-widows-orphans-to-sha,positive,2,positive,positive
The Standard,Sh19.3 Billion appeal for drought crisis,"Wed, 20 May 2026 20:27:57 +0300",https://www.standardmedia.co.ke/article/2001548334/sh19-3-billion-appeal-for-drought-crisis,negative,0,negative,negative
The Standard,"Single gunshot ended Nanyuki teen life, autopsy revealed","Wed, 17 Jun 2026 21:51:09 +0300",https://www.standardmedia.co.ke/article/2001550614/single-gunshot-ended-nanyuki-teen-life-autopsy-revealed,negative,0,negative,negative
World News API,Alshabaab oo weeraray deegaano ka tirsan Waqooyi Bari Kenya,,https://jowhar.com/alshabaab-oo-weeraray-deegaano-ka-tirsan-waqooyi-bari-kenya,positive,2,positive,positive
World News API,BAT Kenya profit tops KSh3 billion,,https://www.kenyamoja.com/index.php/video/bat-kenya-profit-tops-ksh3-billion-citizen-tv-411407,positive,2,positive,positive
World News API,BREAKING: Court convicts Okoth Obado and two co-defendants in Sharon Otieno murder trial,,https://www.standardmedia.co.ke/ktn/ktn-leo/video/2000228995/breaking-court-convicts-okoth-obado-and-two-co-defendants-in-sharon-otieno-murder-trial,negative,0,negative,negative
World News API,"CITIZEN NIPASHE WIKENDI ~ JULY 24, 2026",,https://www.kenyamoja.com/index.php/video/citizen-nipashe-wikendi-july-24-2026-citizen-tv-411245,negative,0,negative,negative
World News API,Civil servants fight to strip PSC of promotion powers in court case,,https://www.standardmedia.co.ke/national/article/2001553718/civil-servants-fight-to-strip-psc-of-promotion-powers-in-court-case,negative,0,negative,negative
World News API,Damar Thomas: Britain’s next heavyweight hope is gunning for gold at the Glasgow Commonwealth Games,,https://www.skysports.com/boxing/news/12183/13566772/damar-thomas-britain-s-next-heavyweight-hope-is-gunning-for-gold-at-the-glasgow-commonwealth-games,positive,2,positive,positive
World News API,FIFA World Cup's global reach highlights cricket's limited footprint,,https://assamtribune.com/opinion/fifa-world-cups-global-reach-highlights-crickets-limited-footprint-1614728,positive,2,positive,positive
World News API,"FRIDAY NIGHT NEWS ~ JULY 24, 2026",,https://www.kenyamoja.com/video/friday-night-news-july-24-2026-citizen-tv-411405,negative,0,negative,negative
World News API,Face the Facts investigates security failures exposed during Ol Kalou poll,,https://www.kenyamoja.com/index.php/video/face-facts-investigates-security-failures-exposed-during-ol-kalou-poll-ktn-news-411363,negative,0,negative,negative
World News API,Gor Mahia thrash APR FC 5-0 in Kagame Cup opener,,https://www.kenyamoja.com/video/gor-mahia-thrash-apr-fc-5-0-kagame-cup-opener-ntv-video-411806,positive,2,positive,positive
World News API,IG Douglas Kanja in court over Gatoto Primary ownership dispute,,https://www.kenyamoja.com/index.php/video/ig-douglas-kanja-court-over-gatoto-primary-ownership-dispute-ktn-news-411365,negative,0,negative,negative
World News API,"Inside the World of Risky Branks: Trap Dancehall, Music & More | Teen Republik",,https://www.kenyamoja.com/video/inside-world-risky-branks-trap-dancehall-music-more-teen-republik-ntv-video-411743,positive,2,positive,positive
World News API,Kericho Doctors End 3 Week Strike After Deal with County Government Restores Health Services,,https://www.kenyamoja.com/video/kericho-doctors-end-3-week-strike-after-deal-county-government-restores-health-services-ktn,negative,0,negative,negative
World News API,"Kona ile ingine ya mlima haituhusu chochote,'' Public CS Geoffrey Ruku to Gachagua",,https://www.kenyamoja.com/video/kona-ile-ingine-ya-mlima-haituhusu-chochote-public-cs-geoffrey-ruku-gachagua-citizen-tv,negative,0,negative,negative
World News API,"Laikipia Leaders Demand New BATUK Deal with Jobs, Justice for Agnes Wanjiru and Accountability",,https://www.kenyamoja.com/video/laikipia-leaders-demand-new-batuk-deal-jobs-justice-agnes-wanjiru-and-accountability-ktn-news,positive,2,positive,positive
World News API,Literature&#039;s timeless warning against politics of violence,,https://www.standardmedia.co.ke/opinion/article/2001553722/literatures-timeless-warning-against-politics-of-violence,negative,0,negative,negative
World News API,Postbank unveil new kits ahead of KVF Women's League season,,https://www.kenyamoja.com/video/postbank-unveil-new-kits-ahead-kvf-womens-league-season-ntv-video-411808,positive,2,positive,positive
World News API,The 49th edition of the Kenya Amateur Strokeplay Championship,,https://www.kenyamoja.com/video/49th-edition-kenya-amateur-strokeplay-championship-tv-47-411829,positive,2,positive,positive
World News API,Timmy T Dat talks about his legacy | #FridayNightRave,,https://www.kenyamoja.com/video/timmy-t-dat-talks-about-his-legacy-fridaynightrave-ntv-video-411418,negative,0,negative,negative
World News API,UHC workers demand permanent jobs despite payroll reprieve,,https://www.kenyamoja.com/video/uhc-workers-demand-permanent-jobs-despite-payroll-reprieve-ntv-video-411803,negative,0,negative,negative
World News API,"“Kama wewe ni mwanaume, si ukamate Riggy G upeleke kwa cell!” Gachagua dares Interior CS Murkomen",,https://www.kenyamoja.com/video/kama-wewe-ni-mwanaume-si-ukamate-riggy-g-upeleke-kwa-cell-gachagua-dares-interior-cs-murkomen,negative,0,negative,negative
World News API,"“Sasa umetuma Duale kututukana ati sisi ni mafisi ,"" Gachagua hits at Ruto over CS Duale remarks",,https://www.kenyamoja.com/video/sasa-umetuma-duale-kututukana-ati-sisi-ni-mafisi-gachagua-hits-ruto-over-cs-duale-remarks,negative,0,negative,negative
Standard - Kenya News,13 suspects arrested in Trans Nzoia gang crackdown,"Sun, 10 May 2026 13:56:23 +0300",https://www.standardmedia.co.ke/article/2001547468/13-suspects-arrested-in-trans-nzoia-gang-crackdown,negative,0,negative,negative
Standard - Politics,Why MCAs boycotted Murkomen's event in Trans Nzoia,"Sat, 18 Jul 2026 07:35:00 +0300",https://www.standardmedia.co.ke/politics/article/2001553073/why-mcas-boycotted-murkomen-s-event-in-trans-nzoia,negative,0,negative,negative
Standard - Politics,Against all odds: How Ol Kalou guarded the vote,"Sat, 18 Jul 2026 07:30:00 +0300",https://www.standardmedia.co.ke/politics/article/2001553104/against-all-odds-how-ol-kalou-guarded-the-vote,negative,0,negative,negative
Standard - Politics,Senate approves conferment of city status to Thika Municipality,"Sat, 18 Jul 2026 00:00:00 +0300",https://www.standardmedia.co.ke/politics/article/2001553095/senate-approves-conferment-of-city-status-to-thika-municipality,positive,2,positive,positive
Standard - Business,Why civil society wants Kenya's Sh13 trillion debt discussed at dinner tables,"Sun, 19 Jul 2026 10:00:00 +0300",https://www.standardmedia.co.ke/business/article/2001553162/why-civil-society-wants-kenya-s-sh13-trillion-debt-discussed-at-dinner-tables,negative,0,negative,negative
Standard - Business,Eviction looms for Athi River squatters as August 15 deadline nears,"Thu, 16 Jul 2026 09:15:00 +0300",https://www.standardmedia.co.ke/business/article/2001552898/eviction-looms-for-athi-river-squatters-as-august-15-deadline-nears,negative,0,negative,negative
Standard - Business,Biotech sector fast-tracks access to regulatory data with new portal,"Wed, 15 Jul 2026 22:15:50 +0300",https://www.standardmedia.co.ke/business/article/2001552915/biotech-sector-fast-tracks-access-to-regulatory-data-with-new-portal,positive,2,positive,positive
Standard - Business,Swedish firm bets on Kenya in regional expansion strategy,"Wed, 15 Jul 2026 22:08:20 +0300",https://www.standardmedia.co.ke/business/article/2001552914/swedish-firm-bets-on-kenya-in-regional-expansion-strategy,positive,2,positive,positive
Standard - Business,New programme mentors students into healthcare technology careers,"Wed, 15 Jul 2026 19:44:00 +0300",https://www.standardmedia.co.ke/business/article/2001552911/new-programme-mentors-students-into-healthcare-technology-careers,positive,2,positive,positive
Standard - Business,Regulatory maze slows Kenya's drive for bigger EU exports,"Wed, 15 Jul 2026 12:27:47 +0300",https://www.standardmedia.co.ke/business/article/2001552862/regulatory-maze-slows-kenya-s-drive-for-bigger-eu-exports,positive,2,positive,positive
Capital FM Kenya,PS Karugu: Kenya’s Borderlands Will Drive Cross-Border Industry and Regional Integration,"Mon, 20 Jul 2026 06:35:18 +0000",https://capitalfm.africa/ps-karugu-kenyas-borderlands-will-drive-cross-border-industry-and-regional-integration/,positive,2,positive,positive
Capital FM Kenya,"Former Garissa Assembly Speaker Reports Missing Firearm in Nairobi, Police Launch Probe","Mon, 20 Jul 2026 04:20:22 +0000",https://capitalfm.africa/former-garissa-assembly-speaker-reports-missing-firearm-in-nairobi-police-launch-probe/,negative,0,negative,negative
NTV Kenya,How ‘People’s IEBC’ Tracked Ol Kalou By-Election | Daniel Miringa,"Fri, 17 Jul 2026 09:26:23 +0000",https://ntvkenya.co.ke/arts-lifestyle/how-peoples-iebc-tracked-ol-kalou-by-election-daniel-miringa/,negative,0,negative,negative
NTV Kenya,NTV LIVE | Top 40 Under 40 Women Awards Dinner 2026,"Wed, 15 Jul 2026 17:13:17 +0000",https://ntvkenya.co.ke/live/ntv-kenya-livestream-3/,positive,2,positive,positive
NTV Kenya,Kylian Mbappe calls France ‘sloppy’ after semifinal loss,"Wed, 15 Jul 2026 08:18:18 +0000",https://ntvkenya.co.ke/sports/kylian-mbappe-calls-france-sloppy-after-semifinal-loss/,negative,0,negative,negative
NTV Kenya,IEBC judgment on MP Gikaria voter bribery claims,"Tue, 14 Jul 2026 13:10:49 +0000",https://ntvkenya.co.ke/news/iebc-judgment-on-mp-gikaria-voter-bribery-claims/,negative,0,negative,negative
NTV Kenya,"Over 1,000 officers deployed to secure Ol Kalou by-election","Tue, 14 Jul 2026 11:50:08 +0000",https://ntvkenya.co.ke/news/over-1000-officers-deployed-to-secure-ol-kalou-by-election/,negative,0,negative,negative
NTV Kenya,EU and partners launch $1 billion scheme to help Gaza recover from war,"Mon, 13 Jul 2026 13:10:19 +0000",https://ntvkenya.co.ke/news/eu-and-partners-launch-1-billion-scheme-to-help-gaza-recover-from-war/,negative,0,negative,negative
NTV Kenya,Court halts construction of 12-storey apartment block near KDF headquarters,"Mon, 13 Jul 2026 12:43:00 +0000",https://ntvkenya.co.ke/news/court-stops-construction-of-apartments-near-kdf-headquarters/,negative,0,negative,negative
NTV Kenya,Potential World Cup expansion to be discussed after 2026 edition – Infantino,"Mon, 13 Jul 2026 12:15:31 +0000",https://ntvkenya.co.ke/sports/potential-world-cup-expansion-to-be-discussed-after-2026-edition-infantino/,positive,2,positive,positive
NTV Kenya,EP8: Kwani Kuna shida kuongea na ex?,"Mon, 13 Jul 2026 09:55:56 +0000",https://ntvkenya.co.ke/podcast/ep8-kwani-kuna-shida-kuongea-na-ex/,negative,0,negative,negative
NTV Kenya,Maendeleo or Voter Bribery? What’s Happening in Ol Kalou? | Gabriel Muthama,"Mon, 13 Jul 2026 08:54:42 +0000",https://ntvkenya.co.ke/arts-lifestyle/maendeleo-or-voter-bribery-whats-happening-in-ol-kalou-gabriel-muthama/,negative,0,negative,negative
NTV Kenya,"Kang’ata, Gachagua, Nyahururu, Ol Kalou | Joe Nyutu Speaks","Mon, 13 Jul 2026 08:51:31 +0000",https://ntvkenya.co.ke/arts-lifestyle/kangata-gachagua-nyahururu-ol-kalou-joe-nyutu-speaks/,negative,0,negative,negative
NTV Kenya,PRESSURE MOUNTS ON KENYA TO PERFORM AHEAD OF 2026 RUGBY AFRICA WOMEN’S CUP,"Fri, 10 Jul 2026 10:02:58 +0000",https://ntvkenya.co.ke/sports/pressure-mounts-on-kenya-to-perform-ahead-of-2026-rugby-africa-womens-cup/,positive,2,positive,positive
NTV Kenya,"Twende Marsabit: Where islands float on a desert lake, volcanic mountains rise above plains","Thu, 09 Jul 2026 12:57:33 +0000",https://ntvkenya.co.ke/arts-lifestyle/twende-marsabit-where-islands-float-on-a-desert-lake-volcanic-mountains-rise-above-plains/,negative,0,positive,positive
NTV Kenya,Julius Yego targets gold in final Commonwealth Games appearance,"Thu, 09 Jul 2026 06:19:04 +0000",https://ntvkenya.co.ke/sports/julius-yego-targets-gold-in-final-commonwealth-games-appearance/,positive,2,positive,positive
NTV Kenya,Justin Bieber to co-headline World Cup final halftime show,"Thu, 09 Jul 2026 06:06:16 +0000",https://ntvkenya.co.ke/entertainment/justin-bieber-to-co-headline-world-cup-final-halftime-show/,positive,2,positive,positive
NTV Kenya,"Three sons of Iran’s slain leader Khamenei appear at funeral, not his successor","Mon, 06 Jul 2026 10:03:43 +0000",https://ntvkenya.co.ke/news/three-sons-of-irans-slain-leader-khamenei-appear-at-funeral-not-his-successor/,negative,0,negative,negative
NTV Kenya,CCTV captures armed robbery at Westlands restaurant,"Mon, 06 Jul 2026 08:50:48 +0000",https://ntvkenya.co.ke/news/cctv-captures-four-armed-men-raiding-westlands-restaurant/,negative,0,negative,negative
Citizen Digital (via Google News),"'Boats, mattresses...' Humiliating lesson for Gov't in Ol Kalou election after a hollow show of force and money - Citizen Digital","Fri, 17 Jul 2026 08:06:13 GMT",https://news.google.com/rss/articles/CBMi3AFBVV95cUxNaWoxUEROTDl5T2dpdGtFQVd5TkF1N0k3R3l2anhaWnZIaG1iN0NMd2JBZW5ncWpQR1ZpLXpqUlhFUUxqSFFSV1JhMHhGTVJQNXFzSU8zcHJibWVJeVR6NlU1UnFsT09VdFprb2Z1cF9hQ0Jjd252WEN4S1V2Qm5PanlxbGV2RHNpX0xoSlUzb1FudkNYT2JucTZXS1RNZzE4czNrNnNsSlZVLVRWaUhDQzZxSmVPWXp5YWF6SEhNd0JzSlRiM3Jrb3lXb2ZNazZIVjNZUTdhTURKOUdk?oc=5,negative,0,negative,negative
Citizen Digital (via Google News),DCI probing armed goons captured in Ol Kalou during by-election - Murkomen - Citizen Digital,"Sun, 19 Jul 2026 12:59:36 GMT",https://news.google.com/rss/articles/CBMisgFBVV95cUxPakkzYnMxQkVCTnhiaGZLZ2JyTXNuTERHWnJJNUJQTUVhdUc5R2wtOUViekIwSW9yNzNnalBJeTV4d1RJenk1R3pwOTByRzJSaW9OTEt4Vm05Q2FUTDNWTE5aVGJWZzBsR2x3QzVqV1d4TWluaFlOMkh3cUc2WmNRNC0tWXFTSE14MV9laWV5TzBOYzJvYUYxOW5iSTRLRnd5VjFLdERkQTFpQjZQRXplWlBB?oc=5,negative,0,negative,negative
Citizen Digital (via Google News),Ol Kalou by-election: Police to impound cars without number plates - Citizen Digital,"Thu, 16 Jul 2026 09:18:29 GMT",https://news.google.com/rss/articles/CBMiqAFBVV95cUxQNUN4NG5KczlXNk5jZERxZUpvTV9oaXZkemdKSFVmZFZpUzhsWVBoZTdqQ3hEZklpcXlYTEktc2wydjd3TmxvY2FaRThPNnp2M3c1QWl1RjlPNDcwcUhmTGxHbjJPWTJyZnJvaGVvZW04MlFhVWVUSTNMbC1pWng0YlB4TFM5TXdITHFTTGZpQzlUYW1uckRsT3UxY1NuWFVEdTRfbzZFQkU?oc=5,negative,0,negative,negative
Citizen Digital (via Google News),"'Votes are protected', IEBC dismisses Gachagua's rigging claims in Ol Kalou by-election - Citizen Digital","Thu, 16 Jul 2026 14:52:24 GMT",https://news.google.com/rss/articles/CBMiwAFBVV95cUxNUXhJd0ZZaHJSWXAyUmFzUlJFeWg4aEcyMGhOU0hySnZfOHRDRUprU0V0UlYtODRZTWoyREtjMGV1cDRjdjR0OHdmb2h2SXBKOVFiZzFRTXJvLTIzUmZzU29acGlmVndqMi1wTWdMa3VIaEUwdlRFc1lOSE5Jek5BdnJiR1pYc2xWZmFobnI3aTdHb1hTaEo3MTU5X0t1TnRJTjNQZ0V4SzhCWlYxY0lVZHdyMzRpdXk3NnozcHZxQTE?oc=5,negative,0,negative,negative
Citizen Digital (via Google News),Senator Karen Nyamu served with demand letter over Ksh.500K debt - Citizen Digital,"Fri, 17 Jul 2026 13:41:21 GMT",https://news.google.com/rss/articles/CBMipgFBVV95cUxOY1JZckZibUVhdjY0NF9zUmpRM09neDJ1RnJfUnVJbE5oRlVKUE4tSWZQMUd2U1ZXMlFRUUNxdmlubVpPcTctY05oZHdHeVNIZ3FiMmk1QTB3ZHpYQTFOOUlKN1ZOZmJMUzljYjJ6V212TklxUHM2bGlPaEZSTG5yUmRwaWZqM0NFcEtDSzhJSlFGWkxoQWVxWTZXMlNRWGIxMVJ4cm9n?oc=5,negative,0,negative,negative
Citizen Digital (via Google News),"'Elections are not a matter of life and death,' Ruto speaks after Ol Kalou poll outcome - Citizen Digital","Fri, 17 Jul 2026 10:30:56 GMT",https://news.google.com/rss/articles/CBMiwgFBVV95cUxNdUVOOW9hN2k1OXFHTEJnVUlZWk1uRHN0cWpGbGlUSFdTTUdudUszejFQdjBKbnJTM3AwZ0F3eHY4QTE2QmtuVzVmV1F3X1ZqUFZzTDY2X3V4STd4M200QzhLZndBUkxMNEtMV04tbFdZWUZqU1BFQlRsRG1oWGM1T3pyc0xkcDVxUVY5Q3hsSEYweUJTVXNZMXhxNFpwSHJMRVM3Q2VGcktMVWZLRENoY1hRVGpsMlVsVEl1aGpsTlVvQQ?oc=5,negative,0,negative,negative
Citizen Digital (via Google News),The Kipipiri script: How Ol Kalou by-election revived memories of KANU's defeat in 1995 - Citizen Digital,"Fri, 17 Jul 2026 16:35:53 GMT",https://news.google.com/rss/articles/CBMiwwFBVV95cUxQd3NjQlBlQ1JKYlZucVJ0cmIxLXRyODNJOWwxZ2pjQVBVNmlnbVhqejB0eEo4VWUycHFMZFJER3R3RXZ5Z2haa0MtNlMzemhNcE90WFMwTmFkV09ZWGFqcWtGdzZkT3c4SWpMUXlTMERiZlc3emx4bFZTeVdvX2JReE5NOTgtLVo2dHJzNjZhZG5GVEtSY0xLVWdGVlNMeFFfTnVWNmtMYTZjaGZBLXV3Uk5IQ3BWOWl3T1VWTVlNMlRLLTQ?oc=5,negative,0,negative,negative
Citizen Digital (via Google News),"United States limits stays of students, journalists - Citizen Digital","Fri, 17 Jul 2026 02:44:00 GMT",https://news.google.com/rss/articles/CBMilAFBVV95cUxOSTJES1R5S1RiTk5tT1pLMjB1ckRPT2ZiSUNhbEx5NUhpa3ZpNDY4eHVaLU45YWxEc21haHZjaGM5T0dlVkVBc0tUTG1LNXRDd1JxWUlybjF5c09OVFY3b0tveHM1TGxldDR4aEZwdThNUUNBQ045M3VQaUh1TGtSSS1iS3FfQ1MzTENJU3BKTXFITGUx?oc=5,negative,0,negative,negative
Citizen Digital (via Google News),"IEBC says Ol Kalou by-election 'progressing as planned', reports 38% turnout by midday - Citizen Digital","Thu, 16 Jul 2026 23:52:24 GMT",https://news.google.com/rss/articles/CBMixgFBVV95cUxNd3JPcW1ua0RTdXhCNldTRFFJV3gtRWdNY2l1d2M5empBZFlDaUFNZC15VTc5NWRKWnBsVlhKWW5aeUdhQTY0Tkl1ejdaTHFwdkRYQUFWZFFlSmk2TVk1U3BCQnR3Y0tKaENuSS0xcWtESjBDVnh4cndmTjNHQUNzMXZPUTJXY18tM3I2S1FOTFlQMXF5S09ZR3UyU3plaWNuemtiRUZLMDFaZy1GSGttUFAxYXF5RlZWcnpFcDVBTTkybUcyRnc?oc=5,negative,0,negative,negative
Citizen Digital (via Google News),Ebola spreading in DRC 'faster than any previous outbreak': WHO - Citizen Digital,"Fri, 17 Jul 2026 04:58:38 GMT",https://news.google.com/rss/articles/CBMiogFBVV95cUxNVi1lZnA0YjRlNGRQQzdYT1hIaE85bHdoUmtkeDlXYWFzckNncVVjR2hvcE92a0ZORGZMWFJhLS1janVhRzNha19lWlpMMUxDajBTZ2I0YmVibElHVmkxSXc5UThiSXY0Nk8zdzIyYlZzXzh4Q010aHdwRzZBMkhkME9ySDdhbFcxcXJtV2pVQUdoOTZLenBMaVd0SDB3dWY5WXc?oc=5,negative,0,negative,negative
Citizen Digital (via Google News),"Sirisia MP John Waluke opens up on 67-year sentence, military career and life after conviction - Citizen Digital","Fri, 17 Jul 2026 11:47:19 GMT",https://news.google.com/rss/articles/CBMizgFBVV95cUxQMktXck5KU0RaMms5Ym0tWHZyUzB5Mlpwd0RDbGZKT29FTFZ5ekx3QjhfaHg4WDRxQ1VWa2xPb1dMdDBXbG9PckxGSndsUkEwQ0xqaHgzODV1T1FjaFo5WU9WazRrOHIyTF91ai03em1YcEhFUmVnNEtBWWl3VTZ2ZnJXWE1jX3JHSldibUVxb3JubVQtaE9wSzVHVU9SZDZfMWFQX1BWc29qeXhaWnU0SVRqdDZVWU1JMFZhSng3b1dxcVNjdWZjQUh5QmJ3UQ?oc=5,negative,0,negative,negative
Citizen Digital (via Google News),UK minister urges FIFA to investigate Argentina over World Cup Falklands banner - Citizen Digital,"Thu, 16 Jul 2026 17:45:53 GMT",https://news.google.com/rss/articles/CBMiuwFBVV95cUxQVUJKZ2hkSWlTWm8wLUVPM0tpdzdVUjEzOTZKTGxlY21KaTAxSlNESm12QmxSMDFrQ2xNTTZOUm94VDdKMjNPZzY4RVVLeHZGdzJldXp5eV9qQ01MWUZqRm9RZnBSbFF5UWV0N3YxbVQ3a0ZONnl2aXJsMXNJS2hFRFJPcXlxd3lIdElNTndMbnNhVUpodnBGcG9BNGxaRjJvNmxMQ0pmdHFKc2RqbkpFM1lTbmgzZFN1ODJR?oc=5,positive,2,positive,positive
Citizen Digital (via Google News),Citizen Digital - Citizen Digital,"Tue, 23 Aug 2022 02:55:31 GMT",https://news.google.com/rss/articles/CBMiV0FVX3lxTE9yVTB2dEJySW5aZUYwMzVyVE1rQ0UyWTBNZU5EWUQ5Ui1JSTh6cTEwaU5xaFExcXF0c01RQ3VpZHEwbGttY3p4RHFXa3hWVjhRQXBFbjNmVQ?oc=5,negative,0,negative,negative
Citizen Digital (via Google News),Campaigns end in Ol Kalou as Murkomen assures of tight security ahead of Thursday poll - Citizen Digital,"Mon, 13 Jul 2026 22:30:05 GMT",https://news.google.com/rss/articles/CBMixAFBVV95cUxNZkowczQ3TWhYRFF2VjdkVmxvRWFJeHdMX2FsZW9CWFFYUWtSQzBDdHVxWkVzdTVGbHE5NkVkUUJmcldxSlJleS1Yd21FaUZiMFVweHpZbHJqYktWbFZwRkNDbXppRmcyZlhzYjhnVlZMR1FzVHRjZUJucnJqaG4xXzBTekJ5V25jcFpOZTEyX0RES3ZENVhVSEpiZWhVUGNkb2ZtQ2U0WGp3NWVEcVI4cllvYnNycnV5NE9uWlpYU2JmTkJu?oc=5,negative,0,negative,negative
Citizen Digital (via Google News),Trump backs down on levy on Hormuz ships - Citizen Digital,"Wed, 15 Jul 2026 01:45:34 GMT",https://news.google.com/rss/articles/CBMihwFBVV95cUxQTG54cFMtMDFTWHZsRGo2RHgtbTMzSTNBcFo5X21fbnNjOWdRN2tOV0JlQnZDTjJROVNHV0hiWEFNemh5Vl9YR3BmNmFhTHVpOFNoVUc5SHFZOTRCZmhXaDhpTXB4NkN0UVFzUnJPdjhVMEFNaHlqaGotZGp6MXJ4OWZkdDg3WWM?oc=5,negative,0,negative,negative
Citizen Digital (via Google News),Ol Kalou by-election: IEBC warns against unaccredited 'super agents' posing as politicians' security - Citizen Digital,"Tue, 14 Jul 2026 07:00:00 GMT",https://news.google.com/rss/articles/CBMi0gFBVV95cUxQSTRFZWRobkFHYU1xRkd3SFhJWHJoU1pFWGpuR1hkOEpkUDg0UmRHdjRCenhsbExRTWtERWU5UWF3ZldORHFYUjZtaHBvYWh2cUZ1NWJHcEY4bjYwUmtJSUNZNVF6YUR3aDJTbG5vc1Rya2JqZHpCTjU4b3JrSnVDeGlUbzNPYUxCUEZiS1czNXNub2VST3ZVcW1Oa3d1S01MX2hEWmNfdExfVGwtV0pmbS0xSVVmZjdTVnF1WmRLVWh2NjRuUVFjN2g0ZU1FSV9qc1E?oc=5,negative,0,negative,negative
Citizen Digital (via Google News),"Lebanon, Israel conclude two days of 'positive' talks: US official - Citizen Digital","Thu, 16 Jul 2026 00:04:32 GMT",https://news.google.com/rss/articles/CBMipAFBVV95cUxPSWIwWDVqV3htbm1CWENFLW1jVDZ6M1FqOFJaX2pTdGNHSWZFSldfQm1tWjAwZVFqR3U5SDB0WmV0WnByYW9OOEpObmIwRGVfVEh6QzRWdExTQTU1MWdZMEx6aW5wYXFhakFtd1FGbmtlSmNrOFlId2lNM0E3OFBSaWRBWDkxV3F1d2tqZDNkX0NfQ1dKbjN4YTFpVEVxWkxNbEw4Xw?oc=5,negative,0,negative,negative
Citizen Digital (via Google News),Writers union sues to block US Paramount deal - Citizen Digital,"Wed, 15 Jul 2026 05:18:39 GMT",https://news.google.com/rss/articles/CBMijgFBVV95cUxNSVpvYnZ3b1pxVjdmcnkyeFkxLU5JWmRNVGNoYzhtdHk1WlJtUWlwY3JxQ3JWM1ViQkVnNllSdnpUUDFNa2dsY2VJNU1XWTNNUk1odEVNaW51N21vZEhWM2VGX1NZUWFkaGFIcFl5bDd3WVJ6WkxYVzA4dEtiMTZQdS05MXFvNUFJWlZiX2Rn?oc=5,negative,0,negative,negative
Citizen Digital (via Google News),First batch of Kenyan athletes depart for Commonwealth Games - Citizen Digital,"Thu, 16 Jul 2026 08:15:49 GMT",https://news.google.com/rss/articles/CBMiogFBVV95cUxQa0dDMjlrNkNqSXVseGloNy1uTUVrUElaZVUwdmIyT0RwOFpoVjdpXzRhbmo3VHJ4bUloUzhIYnJyYUZWaVBEVmd3X3F1YWhLdHJwbUVXSEo0T0VSdk4zVG9lTkREdjI4cl9QSDc4V1VaNkt2ZWFGTGNrdFdxOXRnb2Z1Rkp6R2d3YXJVb1R5cV9UNDd5Vlg3d1lsVm8yLWZHSEE?oc=5,positive,2,positive,positive
Citizen Digital (via Google News),"Record seekers Hodgkinson and Kerr in London action alongside Wanyonyi, Duplantis - Citizen Digital","Fri, 17 Jul 2026 05:21:46 GMT",https://news.google.com/rss/articles/CBMivAFBVV95cUxPam9ucGRhU0kyY2pQRzVjcTFPZlB1d2pvZVg3SEZsTm80RmR3aTgzRm93WkZLeWxZM29WZFlFM1lrN3FQYzFhOVlhUjBWc3M2bXV2WklUNkQyR1B3YVVDTWFyYTJSZXRkVmc1S0hhTlZPY0xuOE1VWlNoUy1kaG1fSFNvekpCRFRURlhJMEcxODlvV2lyaVJtNmR0dVdfSjc0ZXkzem05Q1YwUTh3eDg1cGQzdi1HTTItZ1JWVQ?oc=5,negative,0,negative,negative
Citizen Digital (via Google News),Israel warns will respond to any Iran attack with 'full force' - Citizen Digital,"Sun, 19 Jul 2026 19:14:20 GMT",https://news.google.com/rss/articles/CBMiogFBVV95cUxOLUYyYWtmVEg1c1NsZU1tTGVVUnV5dy11c2hudkdGNkptTC1od1BNN1lJV2RjR1Z4TnlXVHByV183YXlyNThTLWx5NXpnSjlmSFMyNVdJdFZaM1lqdlRjazhZdEtzMXYzcjM4TDdtOUVQZW1TcnJIUmVOeDhXdFdGOWQ1WXo5aGpLRzhmSVQ3Qi1VM0Y4dnNhY3g0c0owaVpxSnc?oc=5,negative,0,negative,negative
Citizen Digital (via Google News),Global clean energy firm targets Kenya’s untapped solar market - Citizen Digital,"Sat, 18 Jul 2026 10:40:02 GMT",https://news.google.com/rss/articles/CBMiowFBVV95cUxQc01jS213Vi03dzVjWGlkVGdVRUpoaHZzVzk3NFk2b2wtdWRjb2t5SHBvc25IRWtDRWFSOURvQTY0ZXlzU1N6MndZWjc2LUlIemdZajlZVjV6US1WejRZRHBCTURmTVFnRDZQblhpSDNFUUVJekFVbG10cVBpakppM3lkVEhwcVI1TWNYbHBUd29SSWhZaG1qaWk5M2ZBa3VqMUgw?oc=5,positive,2,positive,positive
Citizen Digital (via Google News),"Gov't expands Ardhisasa rollout in Mombasa, moves more land transactions online - Citizen Digital","Sat, 18 Jul 2026 13:39:43 GMT",https://news.google.com/rss/articles/CBMiuAFBVV95cUxPWkp4VHMzNzBwRFdDbnE2NnRwZUF0YXN0cG01SzJWSUxUalBOYWJiYmNLRENlZm9GbXp5N1RfUzNfdnpST3ZLanlhQjRTcGFFaUxFSDEwdVhra1FZRThwMTJvZzBHZWVoakhkZlgxejk0Smt2cW8tX2t3Q1N2aHNPdTIxVTBDU1NIaE0wd3BPdlhKaTFNSkV2UkhGUVoybFBGYmpJSFpJckZVUlJ3RGVPYzYxa2czMFh3?oc=5,negative,0,negative,negative
Citizen Digital (via Google News),From swamps to rice fields: Homa Bay farmers reap from revived farm - Citizen Digital,"Sun, 19 Jul 2026 18:40:18 GMT",https://news.google.com/rss/articles/CBMiqgFBVV95cUxNbkJLelgzX3NNeWVqRW1NR1BHWjllQUdXSGJJWi02clNVYmwzMVpzOXJCMnJzQnVaTk1lTW01dm9CSWRLdGxwa3FLWnExaWNMSVJaTGROV1UybVh5ZmJMa1VLbnBZbE1HYzU4QnNvQ3FtVGpxWGpGMXMtN2VVM1pDXzlRX05KeHRrWU9kUS1iNkpyYzktVHBxcC1xSTl4YndqcDVnbDREWHJEQQ?oc=5,negative,0,negative,negative
Citizen Digital (via Google News),Lebanon's president departs for Washington to meet Trump - Citizen Digital,"Sun, 19 Jul 2026 03:02:27 GMT",https://news.google.com/rss/articles/CBMimwFBVV95cUxPazBCZS1VNGNkeWE1MDJyNUtodW5lbW5HZkc2MF9ibk9Ka0pGV1pxT2g3YkRXenhLTTRCTE1OM0ZwS3VjNTBNcDVhSFJlbFN3WU5HSFFjb1ZZSzNPeWZfeU92RTljNVNNZjlqMEZiOGxlQ0VNZElOT0I2UDltLTMxUnR4a2NjVC1xeV9fQkFDb2xPZE10R2FKaFRrOA?oc=5,negative,0,negative,negative
K24,5 things your house needs after hosting World Cup watch parties,"Mon, 20 Jul 2026 03:43:05 +0000",https://k24.digital/lifestyle/home-and-living/5-things-your-house-needs-after-hosting-world-cup-watch-parties,positive,2,positive,positive
K24,How to recover financially after weeks of World Cup spending,"Mon, 20 Jul 2026 03:34:03 +0000",https://k24.digital/lifestyle/money/how-to-recover-financially-after-weeks-of-world-cup-spending,positive,2,positive,positive
KBC,Police recover 45 stolen cattle in Turkana,"Mon, 20 Jul 2026 08:44:17 +0000",https://www.kbc.co.ke/police-recover-45-stolen-cattle-in-turkana/,negative,0,negative,negative
Kenya News Agency,Nandi upscales coffee processing to maximize profits,"Mon, 20 Jul 2026 08:45:25 +0000",https://www.kenyanews.go.ke/nandi-upscales-coffee-processing-to-maximize-profits/,positive,2,positive,positive
Standard - Politics,"Malala: I'll only talk to Ruto after graft, killings end","Wed, 22 Jul 2026 09:39:22 +0300",https://www.standardmedia.co.ke/politics/article/2001553431/malala-i-ll-only-talk-to-ruto-after-graft-killings-end,negative,0,negative,negative
Standard - Politics,Of William Ruto's tough talk and zero action on goons,"Wed, 22 Jul 2026 07:50:00 +0300",https://www.standardmedia.co.ke/politics/article/2001553416/of-william-ruto-s-tough-talk-and-zero-action-on-goons,negative,0,negative,negative
Standard - Politics,Pauline Njoroge resigns from Jubilee Party,"Tue, 21 Jul 2026 10:48:24 +0300",https://www.standardmedia.co.ke/politics/article/2001553343/pauline-njoroge-resigns-from-jubilee-party,negative,0,negative,neutral
Standard - Politics,Raila's mausoleum to be completed in two months - Oburu,"Mon, 20 Jul 2026 15:50:00 +0300",https://www.standardmedia.co.ke/politics/article/2001553291/raila-s-mausoleum-to-be-completed-in-two-months-oburu,negative,0,negative,negative
Standard - Business,Family Bank bets on SMEs to drive new health insurance business,"Wed, 22 Jul 2026 06:00:00 +0300",https://www.standardmedia.co.ke/business/article/2001553408/family-bank-bets-on-smes-to-drive-new-health-insurance-business,positive,2,positive,positive
Business Daily Africa,UK-based asset firm the latest to enter Kenya in partnership deal,"Mon, 20 Jul 2026 17:08:57 GMT",https://www.businessdailyafrica.com/bd/markets/uk-based-asset-firm-latest-to-enter-kenya-in-partnership-deal-5532748,positive,2,positive,positive
Business Daily Africa,BasiGo targets upcountry EVs with four charging stations,"Mon, 20 Jul 2026 14:32:17 GMT",https://www.businessdailyafrica.com/bd/corporate/companies/basigo-targets-upcountry-evs-with-four-charging-stations-5532500,negative,0,negative,negative
Business Daily Africa,"Record Google searches in Kenya as fans chase World Cup stars, stadium culture","Tue, 21 Jul 2026 12:24:23 GMT",https://www.businessdailyafrica.com/bd/corporate/technology/record-google-searches-in-kenya-word-cup-stars-5533284,positive,2,positive,positive
The East African,Abyei scar reopens as South Sudan lays out polls plan,"Mon, 20 Jul 2026 13:53:28 GMT",https://www.theeastafrican.co.ke/tea/news/east-africa/abyei-scar-reopens-as-south-sudan-lays-out-polls-plan-5532422,negative,0,negative,negative
Kenyans.co.ke,"Britam Unveils New Insurance Package for Over 40,000 ICPAK Members",2026-07-21T19:04:49+0300,https://www.kenyans.co.ke/featured/125477-britam-partners-icpak-offer-tailored-insurance-solutions-40000-members,positive,2,positive,positive
Kenyans.co.ke,92 City Homeowners Face Eviction in Fresh Land Row,2026-07-21T13:50:31+0300,https://www.kenyans.co.ke/news/125467-92-kisumu-homeowners-face-eviction-eacc-seeks-recover-prisons-land,negative,0,negative,negative
Kenyans.co.ke,Police Suspect Al-Shabaab Involvement After Two Pupils Go Missing,2026-07-21T13:34:05+0300,https://www.kenyans.co.ke/news/125465-police-link-missing-garissa-pupils-suspected-al-shabaab-recruitment,negative,0,negative,negative
Kenyans.co.ke,KDF Expands Security Operations in Eastern DRC,2026-07-21T13:18:51+0300,https://www.kenyans.co.ke/news/125464-kdf-expands-operations-eastern-drc-after-securing-key-corridor,negative,0,negative,negative
Kenyans.co.ke,U.S. Opens New Security Training Programme for Kenyans Ahead of Elections,2026-07-21T13:08:05+0300,https://www.kenyans.co.ke/news/125463-us-opens-grant-train-kenyans-crowd-management-ahead-2027-elections,positive,2,positive,positive
Kenyans.co.ke,NTSA Begins Crackdown on Pedestrians Avoiding Footbridges,2026-07-21T12:54:21+0300,https://www.kenyans.co.ke/news/125462-22-pedestrians-arraigned-ntsa-begins-crackdown-those-avoiding-footbridges,negative,0,negative,negative
Kenyans.co.ke,"KFS Announces New Rules for Timber, Wood Product Businesses",2026-07-21T11:26:55+0300,https://www.kenyans.co.ke/news/125458-kfs-announces-new-registration-rules-timber-wood-product-businesses,positive,2,positive,positive
NTV Kenya,Inside LSK’s Nationwide Court Boycott | SC Charles Kanjama,"Wed, 22 Jul 2026 07:56:55 +0000",https://ntvkenya.co.ke/arts-lifestyle/inside-lsks-nationwide-court-boycott-sc-charles-kanjama/,negative,0,negative,negative
Citizen Digital (via Google News),President Ruto directs security agencies to tame goonism - Citizen Digital,"Tue, 21 Jul 2026 11:49:17 GMT",https://news.google.com/rss/articles/CBMinAFBVV95cUxONHVPNHUyWHZobmNBRmhnZ19oZWF2OHJnVjI5QUtHUlU1REw2UHdwLWthWC1XdVZsczZGc0twcXJRQTJZZUE5S3MwU3VXZmRvZkgteXpMWkRUdEFTTHJ4Y014eVctclNWWHUyWVN0Sl9HUzZaam5hUDd4MG5jeS1DSmlJM3Q4ZnFpTklNSnhrd0JITDUxaTVlTmJEY0E?oc=5,negative,0,negative,negative
Citizen Digital (via Google News),Ex-Police Spokesman Charles Owino appointed gov't spokesperson in President Ruto's latest reshuffle - Citizen Digital,"Tue, 21 Jul 2026 16:11:40 GMT",https://news.google.com/rss/articles/CBMi0wFBVV95cUxPTk1nLWhTS2RCbkR6ZFJkZ1NHYnFOWHh2WHpZbi1Pc2czMW9CNlJGbmp3eHhRMXJDRjZ2VmdjTkhPZDF0TjR1UnIxRDhHbHpXWG5qcDFfLTVINlVvZkpwX0dFSm5OVU1ybWFkNjhIdDVWTGJWTmFvd0hObXZnNlVOXzRVQVBBb3ZlU3hLU05WSjdyWXR0RmNCbEZTMVVmZENwcHZnV3hXN3JnX3FiMU1IYU9rbzV3YTcyV1BNNFJqTlBIUkhjbHluYWxvM0x5NXZqOTkw?oc=5,negative,0,negative,negative
Citizen Digital (via Google News),"Three family members arrested, 5 women rescued as online sexual exploitation ring busted - Citizen Digital","Tue, 21 Jul 2026 15:27:08 GMT",https://news.google.com/rss/articles/CBMixgFBVV95cUxPZVpTcmh5dFNBemJhYlpsYmNmSG1EMFAycmhfV1NabmtGX3BoZzJTdVBjUW1LY1V5TUd4Y0Q1TkVMT2xpY013aEpudVpuQUF2WTJOT2VNTjlDaGdSWktmcF9KcmFwbGc5RU1GSzkwOThPVVBjRU1jTU1BWFota0twc3NWN256OG9EelZCbHJxS24td3dMRUdQcFUzX24zS3VlUUpkTk1tU0gxMDY5dkpoV0NUOGZSOEZNaUtSRmJ0dWxsZGNVZVE?oc=5,negative,0,negative,negative
Citizen Digital (via Google News),US actress Skai Jackson apologises to Kenyans over controversial mirror remarks - Citizen Digital,"Mon, 20 Jul 2026 19:42:00 GMT",https://news.google.com/rss/articles/CBMiuwFBVV95cUxNSWUxUU52b0lPQ3M0c2ktUjJjTTB6MndRdUVla0tzcjNJcHkxdWpiVU55Mm95QW8yTFVfeWFMUS1JQ2dmRDBsbkljLTd4dkdPbWR6cW1WeTUzZzFiRGVWaVFSVDdLa09aUDJRcDFlejA3UGFUS2l2Zm5WMTFxVU83ckRGaVdpUWpvc2FoR1UyQjk1dllEUDdhcTBESGxyWjZtTTNwQVE3Ylc0YWlkdzZXR1JhUUFBeF9IdHpF?oc=5,negative,0,negative,negative
Citizen Digital (via Google News),WATCH LIVE: Albert Ojwang Murder Trial at Kibra Law Court - Citizen Digital,"Mon, 20 Jul 2026 07:49:02 GMT",https://news.google.com/rss/articles/CBMinAFBVV95cUxPU0hxcnNxZW0zVG82VUN6djJOdnNDRjc1LVg0YXJOWXpZWUVGRWJIUHluUmJCeFhDVHgyWWRycENrdmN4dm1qUVlxSXAxR2xzREpDSUg2S3VJYXFQV3BKem9RNTdLNExQWjFmVmY0aHRGdjJNTnh1YWxVMTRqTHhmTk9SS1A2Smd0clFSZnJKWm10S2JmaFlrQmhKWlI?oc=5,negative,0,negative,negative
Citizen Digital (via Google News),"Duale dismisses Gachagua's Ol Kalou victory celebrations, says race was between DCP and Jubilee - Citizen Digital","Tue, 21 Jul 2026 17:32:15 GMT",https://news.google.com/rss/articles/CBMisgFBVV95cUxOQ3dUWkh0YzNXc3dOTkVzbnRLZjBQZHgyUjZWcV90OWJoXzByU3lhVWlzbTA3bGRjc280TUN3M0NMSjFxSWpYRWduREFFX05OSjZOQ2pJU3p6Tk5nTm9hOFZOUHB3dV9Ob19rd1ZCNHFWSnlNdFBDWlNjeDdFRFd2NV8tekFkTDlYVVdHS25DVHM5cV9QMVNXZG9FOUhpY2c5ODl1cWxzQmNZa1hSQlM3ejBR?oc=5,negative,0,negative,negative
Citizen Digital (via Google News),Judge Muchelule's missing gun recovered from Westlands robbery suspect killed by police - Citizen Digital,"Wed, 15 Jul 2026 20:37:08 GMT",https://news.google.com/rss/articles/CBMivAFBVV95cUxNZk9ORXVfU3BGQ1hyMzhvU3pKWEw1dHREcExJQjFwaXl5bHk2dlBCLVJ4MzR6bjJFcThUU0F2Y3E1RFVDQ2I4NW5pVi1kUGV6XzQ1M3BjX1ZYdDcxWGFrRDF4cEltNDZDYlJuRkx2VFFhSVoxNTJYNWRQUzV0ZjZDaURLTnAyMVBJVlprQ2djdmxxY1BrOXBMQ1JENG8xdWY4MUZNeVNNRGc2VkN6ZHctUHdIUy1nbE1XU1ZBWA?oc=5,negative,0,negative,negative
Citizen Digital (via Google News),"IG Kanja, DIG Lagat, PS Ololtuaa summoned in court over Gatoto school management - Citizen Digital","Mon, 20 Jul 2026 12:24:34 GMT",https://news.google.com/rss/articles/CBMiugFBVV95cUxQVjE0OXFvOUtPQWtYZ0xIbWNvYnBNYmNsRWFFTEp3ZU1KQWVrQVFvTi04RDU0eklUU2dFLTIxRTgtOGhzVVVCcnltNG1sdDN4V0lqYllRak9veDdZazVuTUZFU0x6ZU1XNFNrYXVzaGJVUEZsZFRUMnk4bWFjdGMtcUF2TzR4dFQ1SnNSR2tyUHhpUFhXY3FUM2U0YWI2LUNvZGtzNUhSaGgySC1xR0dKWWg1SGJHT3hZWnc?oc=5,negative,0,negative,negative
Citizen Digital (via Google News),"Citizen Digital - Breaking News, Latest News, Kenya Politics, Business, Sports & TV - Citizen Digital","Thu, 21 Oct 2021 04:21:50 GMT",https://news.google.com/rss/articles/CBMiQkFVX3lxTE8tM1hfbzNHMXhrVXA2TUtUYlE1eXVtNHNvd0JzaGd2SEp0eXlwZTQ2TGw0a2VVMi1BUm5yUzlPQUo0Zw?oc=5,negative,0,negative,negative
Citizen Digital (via Google News),CCTV footage shows Albert Ojwang alive moments before being locked in police cells - Citizen Digital,"Tue, 21 Jul 2026 15:11:03 GMT",https://news.google.com/rss/articles/CBMivwFBVV95cUxPZEdqbi0zbERYOHo5OGY4aVp3dnhNVzR1ZlF2S3VoejZwNXNoQ1JCZ3U4c3dsY08yMUEwdjJVX2o2WUJFOVdlSkVrWFJlWjBkcTFuQ1dHNG5UR1JRQzRVcGdtRzczQjJFQVYxY3NLd2haUXAzYk4ta2txZGd3dnVKaG4zOXJOUnJZZDZXZzFFSzBhTFVfbUtqc1FEZUNIMWl4RGlkODhheHEzZ0pWZ3ZSbU5LRnluSExFUUFvbmlkVQ?oc=5,negative,0,negative,negative
Citizen Digital (via Google News),Judge Muchelule records statement as police probe missing gun used in Westlands robbery - Citizen Digital,"Thu, 16 Jul 2026 18:36:07 GMT",https://news.google.com/rss/articles/CBMixgFBVV95cUxQUkVqOEhVbjN5ZDBVMy14UUVlUnhRSkkyQ084aFF0RW9sQ2FZYmw2RG1zVDBQZnVCWHJUa3BKSF8zdzhJZDMzTWdtajdldHJjT203WXhzcDdxcWRyMDdTSUo2WHBDWmw1Z215TW9DVkVreVBUTmZtUXVJZGU5d004WWtDMG5VZl9xbGtpSTVsTGlpZmFuNG1hMUtrTmlLSGcyTDZFXzF2YUJKanh4bjlTbjJscVVVS3pXNlBNRkpGSElGTXp3c1E?oc=5,negative,0,negative,negative
Citizen Digital (via Google News),Spanish World Cup celebrations detected by seismic sensors after final goal - Citizen Digital,"Mon, 20 Jul 2026 19:42:00 GMT",https://news.google.com/rss/articles/CBMitgFBVV95cUxOVkdKZEFIU1pqZVA4UEtOeERsUnlLVHBnaHQ3cXIyRjZZUlJiN2F6enFqM1hNcUdlN2NjSnNKR3dwamQ0TzM4c0ZkT0NGTDVhS0Y4RmdwODRrc2hkOGFnLW5qUjVaTi1LUGc2SzRHNDlUallnamxNcUwzcWNTUk1femU3d2tEb19jTFBLbmZfUm15YjBTSjNfWWY3VDJ4M2VKU2kyYmlnOF9sZUxQTkhWOWlyXzRCQQ?oc=5,positive,2,positive,positive
Citizen Digital (via Google News),Search - Citizen Digital,"Sun, 23 Nov 2025 22:26:22 GMT",https://news.google.com/rss/articles/CBMiREFVX3lxTE9SdDJ4ODhBRVJuU2kyZzNlaUJhMmktNTh0bXZ1Q2s2eHFyUXJRWVFqY05ZWjNMdmV6ZWNYdEQ3ZlU0ci1M?oc=5,negative,0,negative,negative
Citizen Digital (via Google News),Family seeks justice after kin was killed during Ol Kalou by-election - Citizen Digital,"Sun, 19 Jul 2026 17:53:20 GMT",https://news.google.com/rss/articles/CBMirgFBVV95cUxOdkhXNy1SN1hSZ2xaQmZIXy1PZlFiaGl1bi1YVVllVUkxTUJOWmpYWF9pRVpwTlJXcnNzYjZCdzZjNnI3M0t0Z0g0ZnF2Q2RIVjFCd3NhLTFLbHpfelBibG0yOFpJczBJWjRGLWRJNXM3blZfelk5em1OVVJETjBEeVlVT0dTR2ZnZTM1WnJuc0J4VXR6MzRwMm9hUkNhcGVnMHI3Vm1GQTNqcldpMHc?oc=5,negative,0,negative,negative
Citizen Digital (via Google News),Ol Kalou by-election mirrors what awaits Ruto in 2027 - MP-elect Ngotho - Citizen Digital,"Mon, 20 Jul 2026 06:46:19 GMT",https://news.google.com/rss/articles/CBMirgFBVV95cUxQdUpBV0MtV3psN1JHbVNhaDhuMmFmU3hyOTAzWkc3aExPQlo5cXF2bVdNZVMyNFVXS1F1cEJRS09BdEFkd2xFS0VRNzg1VjBSNjdlY1FTNXZPNXloNmwtalNTd19NWU9KNHhQcHNNLTV5OHJvVHNNMTZ2dXAybEZtX2VVeFhEY1dzZFEyVHE3eUQ4Z0Q1bzBKTS1CUWdFSnFQUWxBTmVnbGVxaUJ2S3c?oc=5,negative,0,negative,negative
Citizen Digital (via Google News),Judiciary assures normal court proceedings ahead of lawyers boycott - Citizen Digital,"Mon, 20 Jul 2026 12:01:53 GMT",https://news.google.com/rss/articles/CBMiqwFBVV95cUxPS0hHaG5ja3NNSTJETnNPNzBmbzVuUTVGTU9VNDVUbjZuN25HLXgxNllZc1l3UU9fNnRKTzF2Nm9KMkoySHljcnUwRW9SS213ZGJGOFBvNndjeWRNb0xwT20tQ05PUGRqZDJqMXdyREtNQUtuaFZIekNBZE96VTNMZjJnbm1iLWM0U1FGVmlrNDV6Q1FHY1FhZGpVYjgwVHc5M3FWQlBrakpzWEk?oc=5,negative,0,negative,negative
Citizen Digital (via Google News),EACC moves to recover Ksh.790M grabbed Kenya Prisons land in Kisumu - Citizen Digital,"Tue, 21 Jul 2026 15:41:27 GMT",https://news.google.com/rss/articles/CBMiqgFBVV95cUxNaUVWQk5LZjl2NXM4TU5PV0R3U3Ewd2N4QTBNTjNqSWk2WTduYkNlWVl2QkFVYkhRa05pOUhwNndtSU1TWE13NjlsV0JiSVBPVkRGRU5QV2xYenU3VTJyMDNZTHA3bEVQeWp2QkNERGpiOHU3QlRoV1JmR3VUTllyUGZqcEhvOEJIdXdnckVYemJKM0pYMDg5bmV3TFQ2ZjNKeEdDcDFxVTQzZw?oc=5,negative,0,negative,negative
Citizen Digital (via Google News),Andy Burnham set to take over as new British PM - Citizen Digital,"Mon, 20 Jul 2026 10:21:01 GMT",https://news.google.com/rss/articles/CBMijgFBVV95cUxNQW1TMWVnWno2QVZIUVdpUW9FbjVKR19rdmJkZXdFUFdVV3hlNjRSWjNSRjE2U0VEMEdtYnJ6U0taQ1JIeUViWVQ2NV9oZk5qRUdnZjVZRlNMd0J2TlZaZnF6NnV6ZFB3bkNjSVN4bXg5aklUVVhnVzRUZTRJYmkzX2xtS1lINk8xTERIb3Bn?oc=5,positive,2,positive,positive
Citizen Digital (via Google News),Trump says US 'not finished at all' with Iran - Citizen Digital,"Wed, 22 Jul 2026 03:02:28 GMT",https://news.google.com/rss/articles/CBMiiwFBVV95cUxPMjg3SmlVWFVXYTZtZ1FiTkRLOHlWUGFwUWZNTmNKNjVlczVuTzY0ZlFGVHpKeWstazMyWXNHTWlHOUVuUXBGX2ZJTTNsRDZldXREeVRXSm5YdlhMMzZVZjBQMXhSMlBfc0wzYnR0QXZhVTBFMkRBWmVZRHVLRm1CV2FySEJRQzUzZ2pn?oc=5,negative,0,negative,negative
Citizen Digital (via Google News),Ruto pledges deeper Kenya-UK ties in message to new PM Andy Burnham - Citizen Digital,"Mon, 20 Jul 2026 18:15:57 GMT",https://news.google.com/rss/articles/CBMiqwFBVV95cUxOaWV5SUVVNXozWG45V3RJT1h2VjlyZmZzdmQ1NlppLW5fTlNRRlViSnF4X3M1QS1DbndIaG9JUV80V3UyRWhNVFpBWTlVR3dBSmNocWVDSlZ1Q1hGWXpVcWJ5ckc0VzJqOVBRZV95V1dGR1VxWEV6YzUzcU1sOVN2ejJxR05aUXVtR2J6cFJwN2szZzdSTXV4YnJfclNVQk5tdDVoRFVaZVZtd0k?oc=5,positive,2,positive,positive
Citizen Digital (via Google News),Chile declares state of emergency over deadly rainfall - Citizen Digital,"Tue, 21 Jul 2026 04:12:44 GMT",https://news.google.com/rss/articles/CBMimgFBVV95cUxPdHNwLU03S3RueE1VZUZacnBRV1o5MEpqRGgxZG1fclZYZ0xRR1ltRFZGVm9DTU5zVWlVV0RZckhtTml6RGhYSzJ3ZkduclFnUFdJYmlQYmRESi1WVXpnLTBRd0pvTm1KcmZtLTFLcEllNy1zNUIzYTZJZDVxZy1vMmRsQUxVYll5WGJKdVRILVhSZWNGWmxtU0dR?oc=5,negative,0,negative,negative
K24,"Highskul Moto: Inside Jaymohdecin’s film exploring school-burning crisis, boarding chaos","Wed, 22 Jul 2026 07:38:47 +0000",https://k24.digital/entertainment/movies/highskul-moto-inside-jaymohdecins-film-exploring-school-burning-crisis-boarding-chaos,negative,0,negative,negative
K24,Rebel Wilson cleared in defamation case brought by actress in her own film,"Wed, 22 Jul 2026 07:19:37 +0000",https://k24.digital/entertainment/celebrity/rebel-wilson-cleared-in-defamation-case-brought-by-actress-in-her-own-film,negative,0,negative,negative
K24,Inside Chelsea and Xabi Alonso’s 6-match preseason schedule ahead of 2026/27 season,"Wed, 22 Jul 2026 05:49:23 +0000",https://k24.digital/sports/epl/inside-chelsea-and-xabi-alonsos-6-match-preseason-schedule-ahead-of-2026-27-season,positive,2,positive,positive
K24,King Kalala warns trolls after surprise pregnancy announcement,"Wed, 22 Jul 2026 05:10:59 +0000",https://k24.digital/entertainment/celebrity/king-kalala-warns-trolls-after-surprise-pregnancy-announcement,negative,0,negative,negative
K24,World Cup: Enzo Fernandez defends Argentina after final red card and post-match chaos,"Tue, 21 Jul 2026 18:23:32 +0000",https://k24.digital/sports/world-cup/world-cup-enzo-fernandez-defends-argentina-after-final-red-card-and-post-match-chaos,positive,2,positive,positive
KBC,"CDC calls for urgent action as Ebola cases top 2,400 in DR Congo","Wed, 22 Jul 2026 07:30:04 +0000",https://www.kbc.co.ke/cdc-calls-for-urgent-action-as-ebola-cases-top-2400-in-dr-congo/,negative,0,negative,negative
KBC,"Carney to intensify trade talks with Trump, warns all options on table","Wed, 22 Jul 2026 07:01:50 +0000",https://www.kbc.co.ke/carney-to-intensify-trade-talks-with-trump-warns-all-options-on-table/,negative,0,positive,positive
KBC,France passes law banning under-15s from social media,"Wed, 22 Jul 2026 06:56:13 +0000",https://www.kbc.co.ke/france-passes-law-banning-under-15s-from-social-media/,negative,0,negative,negative
KBC,How China’s AI innovation could inspire elderly care in Kenya,"Wed, 22 Jul 2026 05:45:57 +0000",https://www.kbc.co.ke/how-chinas-ai-revolution-could-inspire-elderly-care-in-kenya/,positive,2,positive,positive
Kenya News Agency,Water hyacinth offers livelihoods to lake communities despite health risks,"Wed, 22 Jul 2026 08:16:28 +0000",https://www.kenyanews.go.ke/water-hyacinth-offers-livelihoods-to-lake-communities-despite-health-risks/,negative,0,negative,negative
Kenya News Agency,Judiciary urge lawyers to drop planned court boycott,"Wed, 22 Jul 2026 08:13:57 +0000",https://www.kenyanews.go.ke/judiciary-urge-lawyers-to-drop-planned-court-boycott/,negative,0,negative,negative
Capital FM Kenya,China Pledges Deeper Security Cooperation With Kenya as Global Tensions Rise,"Wed, 22 Jul 2026 06:35:13 +0000",https://capitalfm.africa/china-pledges-deeper-security-cooperation-with-kenya-as-global-tensions-rise/,positive,2,positive,positive
Kenya News Agency,Kaburwo elders’ chairman urges peaceful political campaigns,"Wed, 22 Jul 2026 08:20:47 +0000",https://www.kenyanews.go.ke/kaburwo-elders-chairman-urges-peaceful-political-campaigns/,negative,0,negative,negative
Capital FM Kenya,Gachagua warns voters may arm themselves ahead of 2027,"Wed, 22 Jul 2026 18:06:38 +0000",https://capitalfm.africa/gachagua-warns-voters-may-arm-themselves-ahead-of-2027/,negative,0,negative,negative
Capital FM Kenya,"Digital posts carry same legal consequences as public speeches, NCIC warns as election rhetoric escalates","Wed, 22 Jul 2026 17:43:08 +0000",https://capitalfm.africa/digital-posts-carry-same-legal-consequences-as-public-speeches-ncic-warns-as-election-rhetoric-escalates/,negative,0,negative,negative
Capital FM Kenya,Govt gives team seven days to chart reopening of Marsabit’s Hillo Gold Mines,"Wed, 22 Jul 2026 17:23:27 +0000",https://capitalfm.africa/govt-gives-team-seven-days-to-chart-reopening-of-marsabits-hillo-gold-mines/,positive,2,positive,positive
NTV Kenya,Kenyans evacuated from South Africa return home to new set of challenges,"Wed, 22 Jul 2026 12:52:10 +0000",https://ntvkenya.co.ke/news/kenyans-evacuated-from-south-africa-return-home-to-new-set-of-challenges/,positive,2,positive,positive
NTV Kenya,Africa’s top health official asks US to lift Ebola-related travel restrictions on Uganda,"Wed, 22 Jul 2026 08:41:56 +0000",https://ntvkenya.co.ke/news/africas-top-health-official-asks-us-to-lift-ebola-related-travel-restrictions-on-uganda/,positive,2,negative,negative
NTV Kenya,CCTV captures Albert Ojwang’s final moments at Nairobi Central Police Station,"Wed, 22 Jul 2026 08:31:12 +0000",https://ntvkenya.co.ke/news/cctv-captures-albert-ojwangs-final-moments-at-nairobi-central-police-station/,negative,0,negative,negative
Citizen Digital (via Google News),Ruto is doing guesswork on university funding model - Malala - Citizen Digital,"Wed, 22 Jul 2026 12:21:55 GMT",https://news.google.com/rss/articles/CBMinwFBVV95cUxNSHZXNGpuYnA0TzlVSnRFQy1yLVAwOEdVN0tqY2VOT05ZX3Nfdm1xUHd1dWduaklWUXFqUmxCV2RnbTFjTWUwcG1vcTVLTDhqQ1NZUFFJS3hMVk9sSG5rcmZwYzJiUkgtcTdEM0pBcks1b3JjdHVwUGhMck82d090aGE3cm9uTWxuckFfbzlyc1pGZk9WN1ZWMFNGT3dZYUU?oc=5,negative,0,negative,negative
Citizen Digital (via Google News),Kangema Principal Magistrate relieved from duty pending probe on graft allegations - Citizen Digital,"Wed, 22 Jul 2026 11:20:19 GMT",https://news.google.com/rss/articles/CBMivwFBVV95cUxOVTF2T29QYU5HcTYyT3U3WVFIanNYSFdPRGJuTlR4TV85RFprNFJLTzRoVmJrQjBKYi1OWk5RZ0RuZExJSVhxbEZRZVZtM1JsYS1PZ0Y5WjFNR0E4ckNXUU9OWXdFbGl2X0kwV0dfaU12WHNWeWYtdklQN1piakg2V0NDbmNqWElmNjcxNERscmVJMU1jLVp5eFpSQnhWNnI5OWJ1SXlwMENaMmg3RXVYdHhXU3FEYUI3T0dIRU4wZw?oc=5,negative,0,negative,negative
Citizen Digital (via Google News),"Premier League referee Taylor retires, bemoans 'constant scrutiny' - Citizen Digital","Wed, 22 Jul 2026 04:55:35 GMT",https://news.google.com/rss/articles/CBMipgFBVV95cUxOdE45Q2dWTUU4azVFNkVTd244bVdTVU02OWRfYXMzQUU1cVdVakxlNEpFek5sdmRJVENGSzd3T1pyaHM4bEdpU08wZlFyTEk4Qm1CcW9BMkRmdkM5R01wNUZNR0JKbE9ETV9USXF0N29rNFlORXlLbS1TWTgxOUtOcEZrU2pFQlQ4ZF9mOWg0d1JRYW1ramw1NlVVWktxMkVxczFrTUFB?oc=5,negative,0,negative,negative
Citizen Digital (via Google News),Duped or spun with juju: how sex trade trafficks Nigerian women - Citizen Digital,"Wed, 22 Jul 2026 04:43:07 GMT",https://news.google.com/rss/articles/CBMiogFBVV95cUxNeFVEMW1vZjhiQlRDS1NCX3F1ZHlWaEktcGlVUlhwYTVkVkhBWWIwSTUtcXZnZGZfZURkRW4yb01yNkN4UTM2NENrMWYzWTBRRHFGaTR5ZUJzcXp0MEZYaHNuSzNmYU8wOExoTWVqMzdIbkptaEYxQ1RlODBiX0o5YVQ1NzJvb0hiQnExM1hxUm12YkdfOEpQV3otaWFCUnozdlE?oc=5,negative,0,negative,negative
Citizen Digital (via Google News),John Methu: The scruffy 35-year-old 'Mountain' Senator whose political star just got brighter - Citizen Digital,"Wed, 22 Jul 2026 11:34:46 GMT",https://news.google.com/rss/articles/CBMiygFBVV95cUxNb3htblRVdzhNalVrYkVnSE9aOHNveEp3RkdTTmZBcFVuWUtUTXdUUTlVbnJPdDVGUkI3VGNla29wQnlrblJNZkNXTEE1UnJKdjlNMURlOW5NWXBsNVZ4cG1mQ3VMZmRYU1FKTUtnblE0blNZUzR2Um9WdlhxMnNseEZsQTVNR0dMdExiR0ZyeE9PSmRDSDR0T3JRYy1oVzh6eW15X0w5U2RSNFlKeW9valZBRExybXVtRmFKejY5SFQ3aFl4SGVUVDF3?oc=5,negative,0,negative,negative
Citizen Digital (via Google News),Bezos holds talks with group interested in buying Liverpool stake - Citizen Digital,"Wed, 22 Jul 2026 13:10:21 GMT",https://news.google.com/rss/articles/CBMiqAFBVV95cUxQSVJzV3FHUkM2VjdfdkhXNHpKbzZpQjdhdkMwM0htQ3BuSmR3QXFiVmU2aXdCNWdHbVFYd2VaaFNlSGpvbDBRWUJnbncteEUzWXN6aWlaOFFLNTN1UU9YZ0tjc1NuTDBQSm5RS09SMTZCd2RMSk0wLXRKc0UtWWQtdWF6UXloOWRfZ3EzRW1LOEZMbER6bjFWWEdCVWp5RlBweC1sNWs4ak8?oc=5,negative,0,negative,negative
K24,"WhatsApp rolls out in-car calling, iPad sign-ups and other new features","Wed, 22 Jul 2026 16:52:10 +0000",https://k24.digital/lifestyle/technology/whatsapp-rolls-out-in-car-calling-ipad-sign-ups-and-other-new-features,positive,2,positive,positive
K24,Phil Foden commits future to Manchester City with fresh 2030 contract,"Wed, 22 Jul 2026 15:20:26 +0000",https://k24.digital/sports/epl/phil-foden-commits-future-to-manchester-city-with-fresh-2030-contract,positive,2,positive,positive
K24,2030 in focus: Nigeria and 9 teams targeting World Cup comeback,"Wed, 22 Jul 2026 12:18:27 +0000",https://k24.digital/sports/world-cup/2030-in-focus-nigeria-and-9-teams-targeting-world-cup-comeback,positive,2,positive,positive
K24,13 records broken at FIFA World Cup 2026,"Wed, 22 Jul 2026 11:48:07 +0000",https://k24.digital/sports/world-cup/13-records-broken-at-fifa-world-cup-2026,positive,2,positive,positive
KBC,Kenya backs IGAD peace efforts in Horn of Africa,"Wed, 22 Jul 2026 18:23:52 +0000",https://www.kbc.co.ke/kenya-backs-igad-peace-efforts-in-horn-of-africa/,positive,2,positive,positive
KBC,PS Oluga calls for stronger African health systems at AU meeting,"Wed, 22 Jul 2026 17:48:02 +0000",https://www.kbc.co.ke/ps-oluga-calls-for-stronger-african-health-systems-at-au-meeting/,negative,0,negative,negative
KBC,Mudavadi orders review of EAC resolutions to boost regional integration,"Wed, 22 Jul 2026 16:25:05 +0000",https://www.kbc.co.ke/mudavadi-directs-joint-review-of-eac-summit-resolutions-to-boost-regional-integration/,positive,2,positive,positive
KBC,Politicians risk security withdrawal over goons,"Wed, 22 Jul 2026 13:29:40 +0000",https://www.kbc.co.ke/politicians-risk-security-withdrawal-over-goons/,negative,0,negative,negative
KBC,Police arrest serial robbery suspect in Garissa,"Wed, 22 Jul 2026 10:45:48 +0000",https://www.kbc.co.ke/police-arrest-serial-robbery-suspect-in-garissa/,negative,0,negative,negative
Kenya News Agency,Malindi DCC warns residents against rogue religious groups,"Wed, 22 Jul 2026 12:33:07 +0000",https://www.kenyanews.go.ke/malindi-dcc-warns-residents-against-rogue-religious-groups/,negative,0,negative,negative
Standard - Politics,Gachagua: Voter numbers to determine Opposition's flagbearer,"Thu, 23 Jul 2026 08:30:00 +0300",https://www.standardmedia.co.ke/politics/article/2001553519/gachagua-voter-numbers-to-determine-opposition-s-flagbearer,negative,0,negative,negative
Standard - Politics,Uproar greets decision to shift Mashujaa Day national fete from Iten to Eldoret,"Thu, 23 Jul 2026 00:00:00 +0300",https://www.standardmedia.co.ke/politics/article/2001553516/uproar-greets-decision-to-shift-mashujaa-day-national-fete-from-iten-to-eldoret,positive,2,positive,positive
Standard - Business,AI catches up with humans to score 100pc at top maths contest,"Thu, 23 Jul 2026 09:44:54 +0300",https://www.standardmedia.co.ke/business/article/2001553533/ai-catches-up-with-humans-to-score-100pc-at-top-maths-contest,positive,2,positive,positive
Standard - Business,Developer eyes Nairobi's diplomatic hub with new project,"Thu, 23 Jul 2026 06:00:00 +0300",https://www.standardmedia.co.ke/business/article/2001553496/developer-eyes-nairobi-s-diplomatic-hub-with-new-project,positive,2,positive,positive
Standard - Business,Kenya to tap Chinese power expertise to boost manufacturing,"Thu, 23 Jul 2026 06:00:00 +0300",https://www.standardmedia.co.ke/business/article/2001553497/kenya-to-tap-chinese-power-expertise-to-boost-manufacturing,positive,2,positive,positive
Standard - Business,KMRC's Sh9.4b sustainability bond signals new era for housing finance,"Thu, 23 Jul 2026 06:00:00 +0300",https://www.standardmedia.co.ke/business/article/2001553493/kmrc-s-sh9-4b-sustainability-bond-signals-new-era-for-housing-finance,positive,2,positive,positive
Standard - Business,Kenya urged to invest in its manpower to secure maritime future,"Thu, 23 Jul 2026 06:00:00 +0300",https://www.standardmedia.co.ke/business/article/2001553488/kenya-urged-to-invest-in-its-manpower-to-secure-maritime-future,positive,2,positive,positive
Standard - Business,EAC stakeholders in new push to end regional trade barriers,"Thu, 23 Jul 2026 00:00:00 +0300",https://www.standardmedia.co.ke/business/article/2001553484/eac-stakeholders-in-new-push-to-end-regional-trade-barriers,positive,2,positive,positive
Capital FM Kenya,Police Clearance Certificates to Be Issued Within 24hrs Under New Biometric System,"Thu, 23 Jul 2026 08:48:10 +0000",https://capitalfm.africa/police-clearance-certificates-to-be-issued-within-24hrs-under-new-biometric-system/,positive,2,positive,positive
Kenyans.co.ke,CS Mutua Declares Nationwide Crackdown on Employers Over Minimum Wage,2026-07-22T13:46:19+0300,https://www.kenyans.co.ke/news/125506-labour-ministry-announces-crackdown-employers-defying-workers-pay-rise-directive,negative,0,negative,negative
Kenyans.co.ke,Nairobi County Approves First Underground Rail Line Beneath CBD,2026-07-22T12:44:27+0300,https://www.kenyans.co.ke/news/125501-nairobi-county-approves-first-underground-rail-line-beneath-cbd,positive,2,positive,positive
Kenyans.co.ke,NTSA Issues Warning to Kenyans Amid Safety Crackdown,2026-07-22T11:50:20+0300,https://www.kenyans.co.ke/news/125490-ntsa-warns-pedestrians-against-crossing-roads-undesignated-points,negative,0,negative,negative
NTV Kenya,Keroche faces auction over Sh22m debt to former employees,"Thu, 23 Jul 2026 10:21:22 +0000",https://ntvkenya.co.ke/politics/keroche-faces-auction-over-sh22m-debt-to-former-employees/,negative,0,negative,negative
NTV Kenya,"D-day for Obado, two others in Sharon Otieno murder case","Thu, 23 Jul 2026 07:53:59 +0000",https://ntvkenya.co.ke/politics/d-day-for-obado-two-others-in-sharon-otieno-murder-case/,negative,0,negative,negative
Citizen Digital (via Google News),WATCH LIVE: Sharon Otieno murder case judgment - Citizen Digital,"Thu, 23 Jul 2026 08:53:00 GMT",https://news.google.com/rss/articles/CBMijgFBVV95cUxPLXJNdUpkOVRPVHEzM2hlaFpNSzRvTjJwYnA2dmI0eUQwUVFneTRkbmJ3SnhwSG5QNTE0U2dxa0FYQUxJR2lQd0E1YmtIbVljNTZwMTFNSjJEbm04SEs0Vm94REhBVFNJelJfVnliYXdIQUpwblZCNk9QS3hXWUJWdk5uTzh0eWpFRzlEdml3?oc=5,negative,0,negative,negative
Citizen Digital (via Google News),Orengo accuses Ruto of reducing ODM to a Luo Nyanza party - Citizen Digital,"Thu, 23 Jul 2026 06:17:04 GMT",https://news.google.com/rss/articles/CBMingFBVV95cUxOSWpUSjNfYmk4b0t0QUJWdnFNTEJXR1Qzc3pNX05zaU5mRE1BVnNTSENJSGFHWXltUUZkMWRXQnQ4UlZKWFlKa1M1U0w4RHdZd2dOd0RLR21vWDRjX1B0QkY2VXQ4T3k4MkFhMHdxUjVRcjRveFduRHhPVnhJVXBVR2wwMzMxbThNUWdyUnNqMDJkaVJUX05DZjM1QmJYdw?oc=5,negative,0,negative,negative
Citizen Digital (via Google News),"Police delayed taking Albert Ojwang to hospital by 24 minutes, court hears - Citizen Digital","Wed, 22 Jul 2026 16:59:08 GMT",https://news.google.com/rss/articles/CBMiswFBVV95cUxQaGtRQV9VaVE3SHdjRHhwbGc3d3MwM3RHeHlVdk1VN3VkOXh1bGVOcVRBaElqSVRKOTNyN2VyandvWVd0dzZqeGgyejFJWEJGMVZnUmZEWUVJTFdLZ1RDYUh5bl9TMXVoeVpva2VIU3FHbHRvWkZOR2ZtdE5PeHQwTWlPeVFQMWhIY1owWF96cGxSeHBOc0dnZEhDOGV1dDNsTUN2ZlJFejBDSjgzWGNJbEdTUQ?oc=5,negative,0,negative,negative
Citizen Digital (via Google News),Public participation exercise begins for Ksh.500B Siaya nuclear power plant - Citizen Digital,"Wed, 22 Jul 2026 06:59:13 GMT",https://news.google.com/rss/articles/CBMitAFBVV95cUxPNFZsbzYxcThlbzdPZENOdU14cmQ3RlpSSFNSOXVmQUVNeUZpNEhyRFdxRXBWVXFoekVoR0lqdEltRi1Fc1dkeDdHLVV3V1kyNUtmZ0k2T3NTMk4xb0VRdHdsTjkwOU9VUWJGOThGeERqREZ6WklnMUVDNzZQeTB5SnF0cVNuOElaTnZxbThJZ1M2WjQzT2NuRTRsVlM3VF9TdHZlWTNOSDltcG1SU01veC1rUzE?oc=5,negative,0,negative,negative
Citizen Digital (via Google News),Courts sets July 30 for ruling on construction of State lodge in Imenti forest - Citizen Digital,"Tue, 21 Jul 2026 11:59:22 GMT",https://news.google.com/rss/articles/CBMiugFBVV95cUxNV0VVVzgyb0kzREJ4c29tajQ2NnNZTUFuSE1aSEVfc3pPRURKeW12bmFuQmhuMHpQWWlJLW82cWk5bmp1Y2RNQWNVRjdkQ1JWZEhycldDbE9PU2ZDRlZfV005VFlvTnBZTjh5eVA0VlFabFFwWFh1Zlh4bjE3eDlkMzJpeDNFX3J1UHk4U2Zqam1nZmZaRHQxWE9sR29yUTFrMGpuZHlNNmlFVHJPSjBFVEZPb2FSVDBYa2c?oc=5,negative,0,negative,negative
Citizen Digital (via Google News),Nigerian authorities search for survivors of deadly boat sinking - Citizen Digital,"Tue, 21 Jul 2026 03:01:58 GMT",https://news.google.com/rss/articles/CBMipwFBVV95cUxNVXFqdU1DTE1RRjVTdlFlbzJRb3lVc2o5WXBsM2FNWnlPTE1rYnVPdXd3ZllyR01WUUpmbElnTTRlMTlsb1pJU1hPcmU5SjJDVndvWmJxVlRtei1vTW9SRkUyTDlUemZVNHhjSXd2RXlnNjAyLUNiUm1PbDJmZU1QcGJOXzgxY1dDWVYyOUZWZ2xDZlZiNUI0Z0pyaTlVem81dmJpb1kxZw?oc=5,negative,0,negative,negative
K24,Bishop Maina Wa OTC warns Isaac Mwaura of another govt exit after losing spokesperson role,"Thu, 23 Jul 2026 11:30:16 +0000",https://k24.digital/entertainment/celebrity/bishop-maina-wa-otc-warns-isaac-mwaura-of-another-govt-exit-after-losing-spokesperson-role,negative,0,negative,negative
K24,How price tags ending in 99 trick your brain,"Thu, 23 Jul 2026 08:25:22 +0000",https://k24.digital/lifestyle/money/how-price-tags-ending-in-99-trick-your-brain,negative,0,negative,negative
K24,10 African players who stood out at the 2026 FIFA World Cup,"Thu, 23 Jul 2026 07:04:34 +0000",https://k24.digital/sports/world-cup/10-african-players-who-stood-out-at-the-2026-fifa-world-cup,positive,2,positive,positive
KBC,Saliba set for extended absence after back injury at World Cup,"Thu, 23 Jul 2026 11:33:13 +0000",https://www.kbc.co.ke/saliba-set-for-extended-absence-after-back-injury-at-world-cup/,positive,2,positive,positive
KBC,"Casemiro leaves Manchester United, joins MLS side Inter Miami on a free transfer","Thu, 23 Jul 2026 11:26:01 +0000",https://www.kbc.co.ke/casemiro-leaves-manchester-united-joins-mls-side-inter-miami-on-a-free-transfer/,positive,2,positive,positive
KBC,"Wanyonyi, Arop set for 800m showdown at Zurich Diamond League","Thu, 23 Jul 2026 11:19:48 +0000",https://www.kbc.co.ke/wanyonyi-arop-set-for-800m-showdown-at-zurich-diamond-league/,positive,2,positive,positive
KBC,Murkomen: Police clearance certificates to be issued within 24 hours,"Thu, 23 Jul 2026 08:56:54 +0000",https://www.kbc.co.ke/murkomen-police-clearance-certificates-to-be-issued-within-24-hours/,negative,0,negative,negative
KBC,"Kenya advances regional integration agenda to unlock trade, investment","Thu, 23 Jul 2026 08:48:10 +0000",https://www.kbc.co.ke/kenya-advances-regional-integration-agenda-to-unlock-trade-investment/,positive,2,positive,positive
KBC,Kenya deepens partnership with CIVIC to advance civilian protection,"Thu, 23 Jul 2026 08:14:11 +0000",https://www.kbc.co.ke/kenya-deepens-partnership-with-civic-to-advance-civilian-protection/,positive,2,positive,positive
Kenya News Agency,"Govt  steps-up efforts to strengthen emergency, healthcare services","Thu, 23 Jul 2026 11:57:14 +0000",https://www.kenyanews.go.ke/govt-steps-up-efforts-to-strengthen-emergency-healthcare-services/,positive,2,positive,positive
Kenya News Agency,Malindi MP woos Coast residents to boost voter numbers,"Thu, 23 Jul 2026 09:07:53 +0000",https://www.kenyanews.go.ke/malindi-mp-woos-coast-residents-to-boost-voter-numbers/,positive,2,positive,positive
Standard - Business,"Kenya, Dubai launch business council to unlock trade, investment","Thu, 23 Jul 2026 13:58:00 +0300",https://www.standardmedia.co.ke/business/article/2001553579/kenya-dubai-launch-business-council-to-unlock-trade-investment,positive,2,positive,positive
Capital FM Kenya,"Ronald Ngala Utalii College to open Sep 1 with first cohort of 1,000 students","Thu, 23 Jul 2026 13:15:09 +0000",https://capitalfm.africa/ronald-ngala-utalii-college-to-open-sep-1-with-first-cohort-of-1000-students/,positive,2,positive,positive
Capital FM Kenya,"Murkomen rallies behind IG Kanja, says Kenya ‘safer than ever’ despite Gachagua’s attacks","Thu, 23 Jul 2026 12:13:04 +0000",https://capitalfm.africa/murkomen-rallies-behind-ig-kanja-says-kenya-safer-than-ever-despite-gachaguas-attacks/,negative,0,negative,negative
NTV Kenya,"Vozinha, Haaland, Mbappe named in fan-voted World Cup dream team","Thu, 23 Jul 2026 12:19:43 +0000",https://ntvkenya.co.ke/news/vozinha-haaland-mbappe-named-in-fan-voted-world-cup-dream-team/,positive,2,positive,positive
Citizen Digital (via Google News),Obado had motive to eliminate Sharon Otieno - Justice Githua - Citizen Digital,"Thu, 23 Jul 2026 12:04:37 GMT",https://news.google.com/rss/articles/CBMinwFBVV95cUxQdEJjMlVqMkZ2ZU1ERkpINktzOXJOb05ZdFBVbGRVM0NVcWxkQjFIOTJyd19IWUlLOVJhVWlaZGJuaWtIRWxrZURiXzIzT2hsOU9ESEtTNk5CVlJBZnZTQy1XYVI1aWpsZ21IVjlRc19QZTVINmJ6NjlQQ1FlMUxoSUlXT0xvb0N1MDZPYkdubzJjZUt4UU9YMjVjNktFT28?oc=5,negative,0,negative,negative
Citizen Digital (via Google News),"Probe after 4,060 bullets suspected to be from colonial era found in Moyale - Citizen Digital","Thu, 23 Jul 2026 15:43:42 GMT",https://news.google.com/rss/articles/CBMitAFBVV95cUxNaHJyeFJRREI4eWNqMGtHODE2eVR1T0JMNFlpektwWkhvRHdKazRmYjI2QVFTeHFTMjV0NUdmWHJMdXRFeExaUHdyX0pVNldkZWRNQ1c0SFVvNzFFaWdfS2dPcXBkRFRRUnBoUmExTW5CYURINjZuY05GV1ZXTzM0MWpiOTVwUmx1NHNXVDlEdUMxQWU0dnhHbkVqU3lfb2RKT2ZwM0dXQzdjeDBoYzBveUJ0NGQ?oc=5,negative,0,negative,negative
Citizen Digital (via Google News),Mashujaa Day celebrations to be held in three Rift Valley counties - CS Murkomen - Citizen Digital,"Thu, 23 Jul 2026 15:12:40 GMT",https://news.google.com/rss/articles/CBMiugFBVV95cUxPcGZOTEhseF95MG1XUGFWR2E5bThnM2dOVUlyeTBrZS12dXcxSy1EZVhvbHZScWhkZU1xYlhDUWIwMzNjMGtyMTNRS3Z4NjZEWEYyQ0lVc0g5MXRfVWEzNjBTcHYzdUxkT1ZFSlZXWmRCQWVZX2F6cjN5RXdwZVExWWZKQ081UmJZVUFZTTBXOFlsT1ZzdWRobTRuVHZ4UEg4RnpuQUozTS1pQno1RVp2UHc1d0l2Y1laV2c?oc=5,negative,0,negative,negative
Citizen Digital (via Google News),Michael Oyamo convened meeting to deliver Sharon Otieno to her killers - Court - Citizen Digital,"Thu, 23 Jul 2026 12:19:44 GMT",https://news.google.com/rss/articles/CBMitwFBVV95cUxQNTczMzFsUFBaaUdBNW01bW4zZ0ZjTWgwd1VZbzhZclRRWVhIQ0x6dTQ3MFl2c3VyN0RaWHE5cXB5bnM0QzdaN2prNDlLcGRwY1lRNjVIWkNqZHNiZjJDdmNpVkozdHZhVWh6WjRNSnFyRzMzR2gxQklkSE5WM1NkWE5KQmVKa2NXLUg1aWh1dGFZUE1ySG1melBTMEVHYmhNMmpfT3h3SktKYjZxdG94NGNCLWZwWUk?oc=5,negative,0,negative,negative
Citizen Digital (via Google News),IEBC receives Ksh.1.7B boost from UNDP to support election preparedness - Citizen Digital,"Thu, 23 Jul 2026 13:20:20 GMT",https://news.google.com/rss/articles/CBMirgFBVV95cUxQY0RySmVHcGZob1FxU3hoUlI2aTVfdWwwV3RLS2VBazNxOTRPZ1VxOUFSRWNGaVliOWVZbnlwcFNiLUY4aDBxY3ZyTlFGcllyc2o1UmRDVEtqZ2lLRmRKNFpMRXQwbWFGTkttODB5bWk1VGJhcG9mTEctRlNlOHUtVXI5ZEFmZ2I3ZEtKdGJ1VmlJV1NkM1E2UEdra28zdVJudFpneHl2RUZpa2ZTSEE?oc=5,positive,2,positive,positive
K24,Sharon Otieno murder judgment: Court reveals details of pregnancy dispute with Obado,"Thu, 23 Jul 2026 15:17:23 +0000",https://k24.digital/news/sharon-otieno-murder-judgment-court-reveals-details-of-pregnancy-dispute-with-obado,negative,0,negative,negative
K24,"Veteran goalkeeper Guillermo Ochoa retires after joining exclusive World Cup club alongside Messi, Ronaldo","Thu, 23 Jul 2026 13:54:50 +0000",https://k24.digital/sports/world-cup/veteran-goalkeeper-guillermo-ochoa-retires-after-joining-exclusive-world-cup-club-alongside-messi-ronaldo,positive,2,positive,positive
K24,Kenya U20 captain Amos Wanjala makes first team debut with Valencia,"Thu, 23 Jul 2026 13:05:45 +0000",https://k24.digital/sports/la-liga/kenya-u20-captain-amos-wanjala-makes-first-team-debut-with-valencia,positive,2,positive,positive
K24,"2026 WAFCON: Kenya’s group rivals Algeria, lay down marker with win over Zambia","Thu, 23 Jul 2026 12:25:57 +0000",https://k24.digital/sports/2026-wafcon-kenyas-group-rivals-algeria-lay-down-marker-with-win-over-zambia,positive,2,positive,positive
K24,Security tightened at Milimani Law Courts ahead of Sharon Otieno murder case judgment,"Thu, 23 Jul 2026 12:13:28 +0000",https://k24.digital/news/security-tightened-at-milimani-law-courts-ahead-of-sharon-otieno-murder-case-judgment,negative,0,negative,negative
KBC,"Mau, Angata Barikoi, and Cheluget land disputes nearing resolution, says Senator Cheruiyot","Thu, 23 Jul 2026 18:34:31 +0000",https://www.kbc.co.ke/mau-angata-barikoi-and-cheluget-land-disputes-nearing-resolution-says-senator-cheruiyot/,negative,0,negative,negative
KBC,DPP hails High Court verdict in Sharon Otieno murder case,"Thu, 23 Jul 2026 16:14:01 +0000",https://www.kbc.co.ke/dpp-hails-high-court-verdict-in-sharon-otieno-murder-case/,negative,0,negative,negative
KBC,"Murkomen dismisses Gachagua’s attacks, insists Kenya safer than ever","Thu, 23 Jul 2026 12:53:47 +0000",https://www.kbc.co.ke/murkomen-dismisses-gachaguas-attacks-insists-kenya-safer-than-ever/,negative,0,negative,negative
Standard - Business,New Digital platform launched to curb violence ahead of 2027 elections,"Sat, 25 Jul 2026 11:56:31 +0300",https://www.standardmedia.co.ke/business/article/2001553712/new-digital-platform-launched-to-curb-violence-ahead-of-2027-elections,positive,2,positive,positive
Standard - Business,Coffee Revitalisation Programme in North Rift to triple production by 2030,"Fri, 24 Jul 2026 06:00:00 +0300",https://www.standardmedia.co.ke/business/article/2001553607/coffee-revitalisation-programme-in-north-rift-to-triple-production-by-2030,positive,2,positive,positive
The East African,Samia takes first Africa trip after 2025 election,"Sat, 25 Jul 2026 01:36:12 GMT",https://www.theeastafrican.co.ke/tea/news/east-africa/samia-takes-first-africa-trip-after-2025-election-5536854,positive,2,positive,positive
The East African,"South Sudan cancels 2018 peace deal, clearing way for December elections","Fri, 24 Jul 2026 01:34:49 GMT",https://www.theeastafrican.co.ke/tea/news/east-africa/south-sudan-cancels-2018-peace-deal-5535968,negative,0,negative,negative
Kenyans.co.ke,"DCI Busts Alleged Sexual Exploitation Rings in Ongata Rongai, Kiserian",2026-07-24T14:09:22+0300,https://www.kenyans.co.ke/news/125562-dci-busts-alleged-sexual-exploitation-rings-rescues-48-women-ongata-rongai-kiserian,negative,0,negative,negative
Kenyans.co.ke,DCI Officer Detained After Alleged Ksh60 Million Robbery,2026-07-24T08:31:38+0300,https://www.kenyans.co.ke/news/125555-dci-anti-narcotics-officer-detained-over-alleged-ksh60-million-robbery,negative,0,negative,negative
NTV Kenya,Murkomen says Kenya is “safer than ever” amid goonism concerns,"Fri, 24 Jul 2026 10:06:35 +0000",https://ntvkenya.co.ke/news/murkomen-says-kenya-is-safer-than-ever-amid-goonism-concerns/,negative,0,negative,negative
NTV Kenya,ICC members to vote on dismissing prosecutor Karim Khan,"Fri, 24 Jul 2026 07:21:26 +0000",https://ntvkenya.co.ke/news/icc-members-to-vote-on-dismissing-prosecutor-karim-khan/,negative,0,negative,negative
Citizen Digital (via Google News),"Senators condemn Duale over alleged tribal remarks, demand action - Citizen Digital","Fri, 24 Jul 2026 06:23:19 GMT",https://news.google.com/rss/articles/CBMipwFBVV95cUxOZ3VtQi1qTFBfVTNtS2lFSzRiTW5fNFR1a1pna2lrejdVRldYeGdVMElLSHIyNC03ZlpRQnZBWXlyVzlCNWdyWVZVRkY2VEdmM1RaUWctSk9qb1M1NTY5X2VNXzlPYkNENVJaTFF2emY5dWplTlQ5V01lRDJxM0VNSFAyY2tmSkxrTEV1T3JjOEJxOEZoY0VqRExSSGh3RkttRkEzZUlBVQ?oc=5,negative,0,negative,negative
Citizen Digital (via Google News),Murang'a Governor Kang'ata joins Gachagua's DCP - Citizen Digital,"Fri, 24 Jul 2026 14:34:30 GMT",https://news.google.com/rss/articles/CBMilAFBVV95cUxNNjlydUZ1UXRzU3ZmSHBSUjBteGhNUEpUVjdnWHFWZEMzLXdhbE5BeEJReEZRUnpXMXRCbG93UVllT0xJTWdXUWRBLXg0QmZtWW52M2YtTWc1SDJEZHJXbWFWUVJQcE5yeEVtcVgyRDN6Wk1nNG96YlAxRE5BOHE1WnljSGNBcTZBZk16SzM2UDk4b09G?oc=5,negative,0,negative,negative
Citizen Digital (via Google News),Police rescue 30 women found in Ongata Rongai house in alleged sexual exploitation - Citizen Digital,"Fri, 24 Jul 2026 12:04:44 GMT",https://news.google.com/rss/articles/CBMivwFBVV95cUxOanZKRUhfMXlNcHFOdTVQc3lfSWRHSnF2bVpKcnZxUENoWVVZXzNTcm5DYWlvRmNFRkJ4MFlSbUtOeng5V01lTGVWcm4xQVRhUE9TOW1PNElNVW9GOEg4SDhTWnhzYXVqSGhxVnl0cEo3djdDeUJHTFdwdGx6Vmh1dGhDeU5nd00weVdobTJScjYwRnlGaGRoR1BhVFE3RG1ORUJhcktacnAzMG9USzVOTERJd2NjeXhZaHR5SDB6MA?oc=5,negative,0,negative,negative
Citizen Digital (via Google News),India's Gen Z protesters adapt to internet shutdown - Citizen Digital,"Fri, 24 Jul 2026 23:55:27 GMT",https://news.google.com/rss/articles/CBMilAFBVV95cUxQM01ZVUQyN2xPSXVKX29GWkhYeVVmTW5nM0tGNk9uVkVraEVHYmQ1Z3lCZUtPb1dGUXRqWFVwQ3ZtYzVNWlV5Y0pwcjhadG9aa0tmZzNCOVZXeVJJeFo0VFE4UHVLLU1fUkRpUFBQNmdjUUZuREVwSjhSMzBzUHBHeng1WF9Wc1l6WlhIR0IxVWtZU1Bh?oc=5,negative,0,negative,negative
Citizen Digital (via Google News),Bangladesh's President Shahabuddin resigns from office - Citizen Digital,"Fri, 24 Jul 2026 12:14:52 GMT",https://news.google.com/rss/articles/CBMimAFBVV95cUxNRTFFeXdvZ0FCV1VTM2gyZFRtUWFSTGdkVlBUSF9aXzhJU0F0LWpUQ2xCZVBsQXBHMWJielNLS2RNOW5tUVpMM180OHhGSm9leGRFMEtFazJwdG9DV0FVOWVKbnNwSThGS250UHVoNUVqWkI0MDFwT2RtYlFpcS1ib0RGbmstV3JzZEo1V0d6eElPbnJoYnp1bA?oc=5,negative,0,negative,negative
Citizen Digital (via Google News),What happens next with the US-Saudi nuclear deal? - Citizen Digital,"Fri, 24 Jul 2026 03:01:12 GMT",https://news.google.com/rss/articles/CBMikgFBVV95cUxOWV94SnViQ2haajJ5aWR1UTkybXdzbDA2TUU3dUJONU5rU1V3UkN6aWRsRk9wTnNZdjhYVXVNUExKd1RuY25VREQ0czVTRGJJY2JzVVhoTGtXYXo0TDlUaFNVRmVZcERtQUtGTWprZWMwMDE1Z2tyemZtcmtPRzkwMHJBYy1VT1hEX3BEQ0VCQ1dQUQ?oc=5,negative,0,negative,negative
Citizen Digital (via Google News),Trump warns Russia and China against arms sales to Iran - Citizen Digital,"Sat, 25 Jul 2026 03:02:04 GMT",https://news.google.com/rss/articles/CBMimwFBVV95cUxNQkE2SnBGSktwTHZCWVpoWHQ1akczTHkySTBya2hWRzh4UTM2a1ZIbXBWQlFjZUY1RnVSc3hlR3JOcEZpVWQxc0ppS01VLTF5Uk9oSnl1OFJSRHAyRlVfSk5rUFl3N21LbzZJZGdoaEdhcGRBZ2JGcUNSWURjSVhBdWlVdFAta2xwS2VFZGlPOGhPcjJmWlY2MnhMbw?oc=5,negative,0,negative,negative
Citizen Digital (via Google News),DP Kindiki says gov't to cushion Kenyans against reduced rainfall and expected El Nino - Citizen Digital,"Fri, 24 Jul 2026 10:06:07 GMT",https://news.google.com/rss/articles/CBMiwwFBVV95cUxNdFAtdnJtYURKTE9iZ3RKU3FMdHpLcG0xaHRkdVpLUUZsWDdYeFBJVmNsLUhyako2QzRlZ0ZQQXlIRUZqUjJvNHBOUTNKdmNlNmZXOHFrTkhtU3NEd3pIU0RLc1BhUFNKcUpWV3JaQmRWQk8wODlJMDRyUnl4QlhwTU1mUWVIX3RqMy12cVpUY0t5RlVMdkdUaDZvazBGTDYxU1licFRYU0ZrVlVCMmlwLTRpVWsyMWFUcUIxNDhjVGt5cGM?oc=5,negative,0,negative,negative
Citizen Digital (via Google News),Israel says Saudi recognition would be 'historic' for regional peace - Citizen Digital,"Fri, 24 Jul 2026 00:19:51 GMT",https://news.google.com/rss/articles/CBMiqgFBVV95cUxNUFZMelI1cnNqdFpsSE9iUmdpUE43YzdrclFRMlVSRzNfY2FrQlphR0g3eGdabVR2TTVISENpNFYxYlpHVHlHeVg0ZmwzS051aEFSc3N1MmlqUGJZeE53WlI5cF9NMHI2NlUtYUo2RjgtMFZpcThqQjFuVzNRNVJaaU5QQlpzbzBaVkVheUtGZ3BLbjNBdW42a011YnFmQW9xcDRNakhISjhnZw?oc=5,negative,0,negative,negative
Citizen Digital (via Google News),Petitioner wants Tourism CS Miano barred from alleged political campaigns - Citizen Digital,"Thu, 23 Jul 2026 07:53:42 GMT",https://news.google.com/rss/articles/CBMiswFBVV95cUxNSTJLRnA4dFFyaHNlZmhCc0tlbmg0R09zcU4tai1OUzZuLW93NUdIaVpkYy1fR3NXY2lrX0NuRDB5eW9OMnNoY0JtXzNjZG5XRzBKYVJqQkNVTlVsTmUtdUlRZjNrVV9saXk1S1BGRWtwbF91b04tYzVqaGUxUW5yZE9ySVo4aEE2TXBpMUNLMVdWR2tuWnpEdXMtRU00UGR3d1NWZmtzSzN2OEgxMk55dkpIOA?oc=5,negative,0,negative,negative
Citizen Digital (via Google News),TRA warns tourists against unlicensed operators ahead of peak season - Citizen Digital,"Fri, 24 Jul 2026 06:35:02 GMT",https://news.google.com/rss/articles/CBMirAFBVV95cUxPMnRlWm9ScGlzS1FCVFBFbFk5VjFUUlF2Q1h0VTVLbGxXS051ajlGUE1qSnZTVXAycmxUdWZocWJPOE5xWEhKRzVNYzlhM1V4Smd2T29OTE9INzdhcTNFUFlVLUcyZENFLW5QbnlTSkk3UFhVamNvVUZHQkZ1SDJPMThCRlZsX0tYQ3FNTWJBQTNleGJfbEZFWG01MWxtZVB1NTAzNUtDZlhsWHRB?oc=5,negative,0,negative,negative
Citizen Digital (via Google News),IOC reject complaint against FIFA chief Infantino over 'political neutrality' - Citizen Digital,"Sat, 25 Jul 2026 04:06:23 GMT",https://news.google.com/rss/articles/CBMiswFBVV95cUxNSmIwYVZqaFJnbWtZc2owR19BU1M1Wlp3enVFT29TY0ZCRzQ0NWljSDdFcWl1YXFqeG9KY1ZLN2t0RFRFNDNxMkFlUzdBV0FjMmd6cWZnMF9TaERQWlpvREd0ejZ6Tmp3TXBJY2c1U29oTlZ6VkU4eFI2a1FTOXEyS3lUX1FJczFNZUJRYVRkNmh0UDV1cjVHdzNpbnRZU0dVLXUzSlBETnFmTDUwZEJDcERzSQ?oc=5,negative,0,negative,negative
Citizen Digital (via Google News),"Vozinha, Haaland named in fan-voted World Cup dream team - Citizen Digital","Thu, 23 Jul 2026 17:25:35 GMT",https://news.google.com/rss/articles/CBMimAFBVV95cUxPZDRKTzNDeEpEZnB6Sy1tVW1fTnZYeTVWenoxQU9kVzk5eFRsZmtRNUVfcWdYQ0hLMkVqSGstTFpDZ3BOLXYtSVRxUkc3cnZuSFczZHZOamdkd2V3QVBzY1R3NDUxcTJZSEtKNmVTd2cxRjY3bVZoZm5UZkVGTGJxTU41Q3A3b0NGU2JoWllMc2hrbkJORTQ1UQ?oc=5,positive,2,positive,positive
Citizen Digital (via Google News),Italy sounded out Ancelotti before Guardiola about coach role - Citizen Digital,"Fri, 24 Jul 2026 08:05:41 GMT",https://news.google.com/rss/articles/CBMiowFBVV95cUxNVG1UaTlkM2dtNGRFeGlhSllsV1NJWEZXd0xJYnEteEk1bEJsdmdEd01jalZtTl9xWnZRaXRvZVNiZF90ZlhvWVE5OTRuYm9RbnlRUE9zLVhCTkhlUWRLV09WZW5EaEJYS2xIakdNRVZPTTlrclZtN2hkQU5uQWhDOThVNjl4bkNPRXVtcGlZcldrSXdzYlprUXZHMy1CRE81QmRB?oc=5,negative,0,negative,negative
Citizen Digital (via Google News),ICC member states decide fate of embattled prosecutor Karim Khan - Citizen Digital,"Fri, 24 Jul 2026 22:16:11 GMT",https://news.google.com/rss/articles/CBMipwFBVV95cUxOaThXWlFXSGwxU2FWbWJKR2huY2RNT3BubmM4bkdZOFJrR2lWcXpIVGJfaG5ham1VcUtTWkNOZTItSjM1OVN5Q2NNTDNPb2U2M1h4UU1pZjljNU9OM2FoRk4tck9TWVo0RHRrVFQydXhVVTh0ejhOb1lNNjBweEFIMlBHWncyZjVlbDgwOTR3TVcyMlNVU3Jsa1lGTWtNOGk1X2hveGJKRQ?oc=5,negative,0,negative,negative
Citizen Digital (via Google News),Raila Odinga family hands over site for Ksh.30M mausoleum - Citizen Digital,"Mon, 20 Jul 2026 18:01:10 GMT",https://news.google.com/rss/articles/CBMinAFBVV95cUxPTmlhaFJienRTb29hUlFVQS05OFJrNHJWTDRmaXlCVGVSdVFPTDJ4Yk03Zy1nX1hqRmRHOGFIOGFQWTEzVENWM0ktMndaSy1GQjN2cG9fMGJkT0loaDR0MURKOElianVaUDVZckVjLTBsYzhCcGdnWEV3OUd3aktpUC1Fb0hkTFNvTjVqQXlOdV9Ed19WaFp0Y0VXWFM?oc=5,negative,0,negative,negative
Citizen Digital (via Google News),Klopp expected to be named new Germany coach on Friday - Citizen Digital,"Thu, 23 Jul 2026 13:03:48 GMT",https://news.google.com/rss/articles/CBMilAFBVV95cUxNdUMzelNvY2dyM2xlUDN4RFgtWWxpRHhUZzl3OGlfSXNQMEhGM05PamhZeU1KZlNGMnp4aGZxa0tOTF9NM1gzdmdNX2xzRi1ZMGhKYVJIalBYNDVxdHAycmNHUlQ3WG9BLTRrSHVqcEp3VEthSHFWVXdHV05ab09BVUh0NmlBY2JpMmp5T1RYNmI1T2ti?oc=5,positive,2,positive,positive
Citizen Digital (via Google News),SBM Bank Kenya posts Ksh.548M half-year profit as earnings surge 171% - Citizen Digital,"Wed, 22 Jul 2026 14:59:04 GMT",https://news.google.com/rss/articles/CBMiqwFBVV95cUxQbzljeE5ITUR6bVVjMEhIS0hhSzhHR3FuZ1A1N24tWEU4RHpzTVBTMExHMy1XVVVpMVBUYmQ4U01UZlJySFpzdG1nM01ZNlEyekhlTlc2Nm9EUTR0UkhWU0p4MDJTM1B3UXFLRXVndlFpSUNtb2JKcTl4X1ZOLUNsaWZGdTdrZkc4MURVekp2bW5oQTg0TFJ2RU5yS0VSbVRhck12aTZZUVh3MEU?oc=5,positive,2,positive,positive
Citizen Digital (via Google News),Klopp handed task of reviving Germany's football fortunes - Citizen Digital,"Fri, 24 Jul 2026 14:57:36 GMT",https://news.google.com/rss/articles/CBMinAFBVV95cUxPams4M2FuVW1PR05wZzBVVW5ZTW55dXBadjhOeUVnYmFqQThaOTVoR0h0M2JtWFpSZ2dxTWZ0b3dXR3hQWmZ2OGp6TnZVOWFYWmdQbU4ydl9yaVRadGNyT0NORWdqZ0NFYTNOTTNmNXlJRW5qLTNCdHBJYlM2OFFnVXVsTWJQREIwMElKc05fdkdSU1ZoMmJXaXM4bEU?oc=5,negative,0,negative,negative
Citizen Digital (via Google News),Costa Rica arrests most wanted drug trafficker 'El Diablo' - Citizen Digital,"Sat, 25 Jul 2026 06:37:30 GMT",https://news.google.com/rss/articles/CBMinAFBVV95cUxNcjQ3cDdEX3lZSEFQcjJzS0Q2TnJVb3c0QnF1RnJUWlluLThqMXZHV0liWmMtYllKZ1JnSVZTcWdXb1A2dWNWSXNVNm5zSi1qR2lQeHBtMDNlSUo4RGYwOGxwR0dvWjE2STJnTTBfN08xbDN3dU9fX2hCdkpPMFVla1AzRzQ1eGJYdzhJQnJvMUgtQUdHRkdaemd0WDI?oc=5,negative,0,negative,negative
K24,"The difference between boiling, steaming and blanching foods and when to use each","Sat, 25 Jul 2026 10:23:20 +0000",https://k24.digital/lifestyle/food-and-culinary/the-difference-between-boiling-steaming-and-blanching-foods-and-when-to-use-each,negative,0,negative,negative
K24,Pools and match schedule released for 2026 Prinsloo 7s as National Sevens Circuit begins,"Sat, 25 Jul 2026 09:59:45 +0000",https://k24.digital/sports/rugby/pools-and-match-schedule-released-for-2026-prinsloo-7s-as-national-sevens-circuit-begins,positive,2,positive,positive
K24,Why chewing gum on a flight keeps ears from popping,"Sat, 25 Jul 2026 07:29:36 +0000",https://k24.digital/lifestyle/travel-and-leisure/why-chewing-gum-on-a-flight-keeps-ears-from-popping,negative,0,negative,negative
K24,Hussein Mohammed says Gor Mahia win over APR sets tone for CECAFA Kagame Cup,"Sat, 25 Jul 2026 05:13:11 +0000",https://k24.digital/sports/hussein-mohammed-says-gor-mahia-win-over-apr-sets-tone-for-cecafa-kagame-cup,positive,2,positive,positive
The Star,Trump: Saudis must recognise Israel for nuclear dealHe says the landmark agreement to help Saudis develop nuclear energy is dependent on it joining the Abraham Accords.,,https://www.the-star.co.ke/news/world/2026-07-23-trump-saudis-must-recognise-israel-for-nuclear-deal,negative,0,positive,positive
The Star,Oil prices hit $100 for the first time since MayThe price of Brent crude rose more than 6% on Thursday as the war in the Middle East continues to escalate.,,https://www.the-star.co.ke/news/world/2026-07-23-oil-prices-hit-100-for-the-first-time-since-may,negative,0,negative,negative
The Star,Africa's ships of the desert hit by rising temperatures,,https://www.the-star.co.ke/news/africa/2026-07-23-africas-ships-of-the-desert-hit-by-rising-temperatures,negative,0,negative,negative
The Star,"DR Congo Ebola cases hit over 2,400Some 734 patients remained in quarantine or treatment as of July 19",,https://www.the-star.co.ke/news/africa/2026-07-21-dr-congo-ebola-cases-hit-over-2400,negative,0,negative,negative
The Star,"Governor, nemesis burry hatchet to scheme for 2027 pollsThe duo have quietly buried the hatchet and is now traversing the county together.",,https://www.the-star.co.ke/news/corridors-of-power/2026-07-13-governor-nemesis-burry-hatchet-to-scheme-for-2027-polls,negative,0,negative,negative
The Star,Flashy lifestyle puts governor's family in the spotlightTheir lavish spending and constant show of affluence have become the talk of the county.,,https://www.the-star.co.ke/news/corridors-of-power/2026-07-08-flashy-lifestyle-puts-governors-family-in-the-spotlight,negative,0,negative,negative
The Star,"Police probe 3 suicide cases across the countryThe incidents happened in Nairobi, Nyamira and Taita Taveta.",,https://www.the-star.co.ke/news/news-brief/2024-10-11-police-probe-3-suicide-cases-across-the-country,negative,0,negative,negative
The Star,"Trans Nzoia sets aside Sh500 million for farm inputs, livestock and irrigationGovernor George Natembeya said the investment is intended to help farmers increase food production",,https://www.the-star.co.ke/counties/rift-valley/2026-07-22-trans-nzoia-sets-aside-sh500-million-for-farm-inputs-livestock-and-irrigation,positive,2,positive,positive
The Star,"North Rift counties back new healthcare workforce policyGovernment is finalising the Kenya Healthcare Professionals Policy, 2026, which seeks to advance reforms",,https://www.the-star.co.ke/counties/rift-valley/2026-07-19-rift-valley-page-story-2-north-rift-counties-back-new-healthcare-workforce-policy-1,positive,2,positive,positive
The Star,Nyota Fund helps Eldoret mum build coffin businessChebet is now seeking support to run a full-scale funeral services business,,https://www.the-star.co.ke/counties/rift-valley/2026-07-16-nyota-fund-helps-eldoret-mum-build-coffin-business,positive,2,positive,positive
The Star,"Sakaja: Since installing cabro paving, my only battle has been with shoe shiners",,https://www.the-star.co.ke/counties/nairobi/2026-07-23-sakaja-since-installing-cabro-paving-my-only-battle-has-been-with-shoe-shiners,negative,0,negative,negative
The Star,"Sakaja gazettes landmark policy to end chaotic construction in NairobiPolicy provides comprehensive legal, planning framework that will guide approval of buildings",,https://www.the-star.co.ke/counties/nairobi/2026-07-17-sakaja-gazettes-landmark-policy-to-end-chaotic-construction-in-nairobi,negative,0,negative,negative
The Star,Nairobi doubles Ruai sewer capacitySakaja expands Kariobangi Plant and fast-tracks 54km trunk sewer project,,https://www.the-star.co.ke/counties/nairobi/2026-07-16-nairobi-doubles-ruai-sewer-capacity,positive,2,positive,positive
The Star,Isiolo export abattoir nears launch after successful test runThe successful tests form part of final commissioning process aimed at confirming that facility's equipment is operating,,https://www.the-star.co.ke/counties/north-eastern/2026-07-20-isiolo-export-abattoir-nears-launch-after-successful-test-run,positive,2,positive,positive
The Star,"Support lobbies to sustain economic growth, development, state told",,https://www.the-star.co.ke/counties/coast/2026-07-23-support-lobbies-to-sustain-economic-growth-development-state-told,positive,2,positive,positive
The Star,Coast leaders censure former DP Gachagua over tourists remarksVeteran tourism stakeholder Hersi says sector accounts for 12.5 per cent of the country’s GDP.,,https://www.the-star.co.ke/counties/coast/2026-07-22-coast-leaders-censure-former-dp-gachagua-over-tourists-remarks,negative,0,negative,negative
The Star,Court asked to bar serving CS from partisan campaignsConstitutional petition raises questions over the political neutrality of State officers,,https://www.the-star.co.ke/counties/central/2026-07-23-court-asked-to-bar-serving-cs-from-partisan-campaigns,negative,0,negative,negative
The Star,Probe as decomposing body of man found in friend’s apartmentPolice have launched investigations into the circumstances surrounding the death.,,https://www.the-star.co.ke/counties/central/2026-07-23-probe-as-decomposing-body-of-man-found-in-friends-apartment,negative,0,negative,negative
The Star,"Kirinyaga banks on improved maize varieties to boost harvestsCounty has deployed 147 extension officers to provide technical support, monitor crop performance and collect field data",,https://www.the-star.co.ke/counties/central/2026-07-22-kirinyaga-banks-on-improved-maize-varieties-to-boost-harvests,positive,2,positive,positive
The Star,"Ogamba flags off phase III of assistive devices for special needs learnersA total of 11,139 assistive devices will be distributed to 321 inclusive programmes",,https://www.the-star.co.ke/counties/western/2026-07-17-ogamba-flags-off-phase-iii-of-assistive-devices-for-special-needs-learners,positive,2,positive,positive
The Star,Kavyu urges Ukambani voters to reject ethnic politicsThe Machakos County Minority Leader questioned Gachagua's 'cousins' narrative,,https://www.the-star.co.ke/counties/eastern/2026-07-20-kavyu-urges-ukambani-voters-to-reject-ethnic-politics,negative,0,negative,negative
The Star,"State expands excise duty relief to wines, spirits",,https://www.the-star.co.ke/business/markets/2026-07-23-state-expands-excise-duty-relief-to-wines-spirits,negative,0,negative,negative
The Star,"NCBA, ePure Motion partner to drive EVs uptake in KenyaThe agreement builds on NCBA's Sh2 billion electric vehicle financing programme.",,https://www.the-star.co.ke/business/markets/2026-07-18-ncba-epure-motion-partner-to-drive-evs-uptake-in-kenya,positive,2,positive,positive
The Star,KIBUGI: Why Kenya satellite towns are winning the housing raceSuccess now depends on understanding where demand is moving and why,,https://www.the-star.co.ke/business/commentary/2026-07-17-kibugi-why-kenya-satellite-towns-are-winning-the-housing-race,positive,2,positive,positive
The Star,"AI adoption is a leadership, not a tool conversationReal AI adoption requires leadership from the top because the future will not belong to the organizations that experiment with AI the most",,https://www.the-star.co.ke/business/commentary/2026-07-08-ai-adoption-is-a-leadership-not-a-tool-conversation,positive,2,positive,positive
The Star,"KAVUGWI: Inside Africa’s Insurtech revolutionIf Africa gets the model right, insurance will no longer be seen as a luxury product",,https://www.the-star.co.ke/business/commentary/2026-06-08-kavugwi-inside-africas-insurtech-revolution,positive,2,positive,positive
The Star,"K'ONYANGO: China's development model: Lessons for Kenya's economic transformationFor countries seeking faster development, the lessons offered by China deserve thoughtful consideration",,https://www.the-star.co.ke/opinion/columnists/2026-07-22-konyango-chinas-development-model-lessons-for-kenyas-economic-transformation,positive,2,positive,positive
The Star,"EDITORIAL: Let wisdom, not money, decide Ol KalouVoters must remember that they are electing a leader, not settling political scores",,https://www.the-star.co.ke/opinion/leader/2026-07-16-editorial-let-wisdom-not-money-decide-ol-kalou,negative,0,negative,negative
The Star,"Gor Mahia, APR clash in Kagame Cup heavyweight openerThe encounter headlines the opening day of the 2026 Cecafa Kagame Cup, which features 12 clubs from East and Central Africa.",,https://www.the-star.co.ke/sports/football/2026-07-22-gor-mahia-apr-clash-in-kagame-cup-heavyweight-opener,positive,2,positive,positive
The Star,TOUCHLINE COLUMN: We can't continue to celebrate victories while ignoring the suffering of those who deliver them.Starlets captain Mwanalima Adam and Junior Starlets skipper Berveline Awuor used the country’s highest office to reveal the struggles hidden behind the glory,,https://www.the-star.co.ke/sports/football/2026-07-21-tuesday-touchline-column-we-cant-continue-to-celebrate-victories-while-ignoring-the-suffering-of-those-who-deliver-them-1,positive,2,positive,positive
The Star,"Riadha Connect to strengthen Kenya's athlete database and transform governance, says Tuwei",,https://www.the-star.co.ke/sports/athletics/2026-07-23-riadha-connect-to-strengthen-kenyas-athlete-database-and-transform-governance-says-tuwei,positive,2,positive,positive
The Star,Commonwealth Games: Naomi Korir banking on maiden National triumph to finally spark global breakthroughKorir has long been a familiar face on Kenya's middle-distance circuit but is yet to claim an individual medal for the country on either the continental or global stage.,,https://www.the-star.co.ke/sports/athletics/2026-07-23-commonwealth-games-naomi-korir-banking-on-maiden-national-triumph-to-finally-spark-global-breakthrough,positive,2,positive,positive
The Star,Impala Sevens coach Nyandigisi backs young charges to ruffle feathers at national circuit,,https://www.the-star.co.ke/sports/rugby/2026-07-23-impala-sevens-coach-nyandigisi-backs-young-charges-to-ruffle-feathers-at-national-circuit,positive,2,positive,positive
The Star,"Champions Kabras RFC face rivals KCB in the opening match of the 2026/27 Kenya Cup season in NovemberIn a shift from previous years where the top two sides met at the tail end of the campaign, the heavyweights will square off right away at the Kakamega Showground.",,https://www.the-star.co.ke/sports/rugby/2026-07-21-champions-kabras-rfc-face-rivals-kcb-in-the-opening-match-of-the-2026-2027-kenya-cup-season-in-november-1,positive,2,positive,positive
The Star,"Amonde believes tactical tweaks and depth will be key at Prinsloo Sevens this weekendThe bankers won four of the six National Sevens Circuit tournaments, lifting the Driftwood, Christie, Kabeberi, and Dala Sevens titles.",,https://www.the-star.co.ke/sports/rugby/2026-07-20-amonde-believes-tactical-tweaks-and-depth-will-be-key-at-prinsloo-sevens-this-weekend-1,positive,2,positive,positive
The Star,"JKUAT Cougars bolster squad with eight signings ahead of Kenya Cup debutCoach Smith Muhoya said due to the short transfer window, they didn’t sign experienced players they had identified.",,https://www.the-star.co.ke/sports/rugby/2026-07-17-jkuat-cougars-bolster-squad-with-eight-signings-ahead-of-kenya-cup-debut,positive,2,positive,positive
The Star,"Strathmore Leos coach Ojal demands faster starts ahead of National Sevens CircuitDespite guiding his side to victory at last weekend’s Ruff and Tuff pre-season tournament, Ojal said the team cannot afford to keep playing catch-up once the competitive season begins.",,https://www.the-star.co.ke/sports/rugby/2026-07-17-strathmore-leos-coach-ojal-demands-faster-starts-ahead-of-national-sevens-circuit,positive,2,positive,positive
The Star,"Mutsami joins Menengai Oilers as Weru eyes revivalMutsami had been widely tipped to join reigning Kenya Cup champions Kabras Sugar, but the move failed to materialise, paving the way for the Nakuru-based club to secure his signature.",,https://www.the-star.co.ke/sports/rugby/2026-07-16-mutsami-joins-menengai-oilers-as-weru-eyes-revival-1,positive,2,positive,positive
The Star,Nyangige joins KCB as bankers bolster squad for National Sevens Circuit title defenceNyangige arrives from Impala RFC after becoming a free agent following a contract dispute with the club at the end of last season.,,https://www.the-star.co.ke/sports/rugby/2026-07-15-nyangige-joins-kcb-as-bankers-bolster-squad-for-national-sevens-circuit-title-defence,positive,2,positive,positive
The Star,"Rwanda, Burundi set to join expanded 2027 Enterprise CupKRU hopes to further expand the competition in the coming years by bringing on board clubs from Zimbabwe and Zambia",,https://www.the-star.co.ke/sports/rugby/2026-07-10-rwanda-burundi-set-to-join-expanded-2027-enterprise-cup,positive,2,positive,positive
The Star,"BRINGING SEXY BACK: Six things men secretly wish for in bedFrom making the first move to giving positive vibes, there’s a lot desired of women",,https://www.the-star.co.ke/sasa/lifestyle/2026-07-17-bringing-sexy-back,positive,2,positive,positive
The Star,BRINGING SEXY BACK: Four myths men need to unlearnYou don’t need an anaconda if you want to be a real king between the sheets,,https://www.the-star.co.ke/sasa/lifestyle/2026-07-11-bringing-sexy-back-four-myths-men-need-to-unlearn,negative,0,negative,negative
The Star,Chinese pay-TV firm StarTimes explores AI to boost media production in KenyaThe broadcaster said locally produced programming remains a key part of its growth strategy,,https://www.the-star.co.ke/sasa/technology/2026-07-13-chinese-pay-tv-firm-startimes-explores-ai-to-boost-media-production-in-kenya,positive,2,positive,positive
The Star,Nairobi to host 300 global exhibitors in construction industryExhibitors from 45 countries will participate in BUILDEXPO Kenya 2026,,https://www.the-star.co.ke/sasa/technology/2026-07-06-nairobi-to-host-300-global-exhibitors-in-construction-industry,positive,2,positive,positive
The Star,Kenya urged to match AI growth with stronger laws frameworksExpert warned that Africa risks being underrepresented in the global digital economy,,https://www.the-star.co.ke/sasa/technology/2026-06-29-kenya-urged-to-match-ai-growth-with-stronger-laws-frameworks,positive,2,positive,positive
The Star,Smartphone firms race to build AI ecosystems beyond the deviceIndustry observers see such AI agents as the next stage in the evolution of smartphones,,https://www.the-star.co.ke/sasa/technology/2026-06-26-smartphone-firms-race-to-build-ai-ecosystems-beyond-the-device,positive,2,positive,positive
The Star,JIJI NDOGO: A clash of allegiancesVillagers are convinced it’s time for Africa to win the World Cup,,https://www.the-star.co.ke/sasa/entertainment/2026-06-18-jiji-ndogo,positive,2,positive,positive
The Star,SOCIETY TALK: Is Kenya turning into South Korea?,,https://www.the-star.co.ke/sasa/society/2026-07-17-society-talk,negative,0,negative,negative
The Star,SOCIETY TALK: The truth behind Mombasa’s modern real estateAbandoned or half-empty buildings raise concerns of money laundering,,https://www.the-star.co.ke/sasa/society/2026-07-04-society-talk-the-truth-behind-mombasas-modern-real-estate,negative,0,negative,negative
The Star,"Nigerian engineer takes over as Rotary presidentHe becomes the second African to head the organisation, best known for its decades-long campaign to eradicate polio.",,https://www.the-star.co.ke/health/2026-07-01-nigerian-engineer-takes-over-as-rotary-president,positive,2,positive,positive
The Star,"WANJAWA: Why academia must help shape Kenya's democratic futureDemocracy not a five-year ritual of casting ballots but an ecosystem of civic education, legal reform, progressive institutions and public participation.",,https://www.the-star.co.ke/siasa/2026-07-19-wanjawa-why-academia-must-help-shape-kenyas-democratic-future,positive,2,positive,positive
The Star,MBEHI: Polymaths not specialists needed in era of AI for human progressTech inventions reshape how humans meet basic needs.,,https://www.the-star.co.ke/siasa/2026-07-19-mbehi-polymaths-not-specialists-needed-in-era-of-ai-for-human-progress,negative,0,negative,negative
The Star,OSEN: Here's the World Cup blueprint Kenya should followSuccessful tournaments are not centralised. They are coordinated from the top but delivered from the ground up.,,https://www.the-star.co.ke/siasa/2026-07-19-osen-heres-the-world-cup-blueprint-kenya-should-follow,positive,2,positive,positive
The Star,ABDIRAHMAN: Kenya’s new ‘AI Sandbox’ mere suggestion box without teethThe AI that actually decides things about people’s lives is precisely the category the sandbox leaves to no one.,,https://www.the-star.co.ke/siasa/2026-07-19-abdirahman-kenyas-new-ai-sandbox-mere-suggestion-box-without-teeth,positive,2,positive,positive
The Star,Global climate forum lands in Nairobi for first-ever African editionEvent jointly organised by Global Covenant of Mayors for Climate and Energy (GCoM) and UN-Habitat,,https://www.the-star.co.ke/climate-change/2026-06-20-global-climate-forum-lands-in-nairobi-for-first-ever-african-edition,positive,2,positive,positive
NTV Kenya,Ziidi Trader Goes Live: Chat With Safaricom’s Esther Masese Waititu...,,https://ntvkenya.co.ke/business/ziidi-trader-goes-live-chat-with-safaricoms-esther-masese-waititu-business-redefined/,positive,2,positive,positive
NTV Kenya,Kenya eyes evening Sh32.0 billion trade deficit at Türkiye-Africa Forum,,https://ntvkenya.co.ke/business/kenya-eyes-evening-sh32-0-billion-trade-deficit-at-turkiye-africa-forum/,positive,2,positive,positive
NTV Kenya,Rayvanny joins global lineup for World Cup 2026 performance in Toronto,,https://ntvkenya.co.ke/entertainment/rayvanny-joins-global-lineup-for-world-cup-2026-celebrations-in-toronto/,positive,2,positive,positive
NTV Kenya,‘They’re real’ – former US President Obama on...,,https://ntvkenya.co.ke/news/theyre-real-former-us-president-obama-on-aliens/,negative,0,negative,negative
NTV Kenya,151 Kenyans return home after emergency evacuation from South Africa,,https://ntvkenya.co.ke/news/151-kenyans-return-home-after-emergency-evacuation-from-south-africa/,positive,2,positive,positive
NTV Kenya,Government seizes Nithi Bridge land before paying owners,,https://ntvkenya.co.ke/news/government-seizes-nithi-bridge-land-before-paying-owners/,negative,0,negative,negative
NTV Kenya,Afcon organisers confident as Kenya stages tournament,,https://ntvkenya.co.ke/news/afcon-organisers-confident-as-kenya-stages-tournament/,positive,2,positive,positive
NTV Kenya,Nairobi ‘Birdman’ responds to claims of zoonotic disease risk,,https://ntvkenya.co.ke/news/nairobi-birdman-responds-to-claims-of-zoonotic-disease-risk/,negative,0,negative,negative
NTV Kenya,US senator calls for review of security ties with Uganda after media...,,https://ntvkenya.co.ke/news/us-senator-calls-for-review-of-security-ties-with-uganda-after-media-shutdown/,negative,0,negative,negative
NTV Kenya,Paraguay declares national holiday after team shock Germany at World Cup,,https://ntvkenya.co.ke/news/paraguay-declares-national-holiday-after-team-shock-germany-at-world-cup/,positive,2,positive,positive
NTV Kenya,World Cup Round of 32: History as 9 African teams reach knockout stage,,https://ntvkenya.co.ke/news/world-cup-round-of-32-history-as-9-african-teams-reach-knockout-stage/,positive,2,positive,positive
NTV Kenya,Goons paradise: Archbishop Ole Sapit calls for action after All Saints...,,https://ntvkenya.co.ke/news/goons-paradise-archbishop-ole-sapit-calls-for-action-after-all-saints-cathedral-attack/,negative,0,negative,negative
NTV Kenya,Bitok’s transfer from Education Ministry ignites political debate,,https://ntvkenya.co.ke/news/bitoks-transfer-from-education-ministry-sparks-political-debate/,positive,2,positive,positive
NTV Kenya,President Trump booed while attending Game 3 of NBA Finals in New York,,https://ntvkenya.co.ke/news/president-trump-booed-while-attending-game-3-of-nba-finals-in-new-york/,positive,2,positive,positive
NTV Kenya,Trump nominates Henry Wooster as new US ambassador to Kenya,,https://ntvkenya.co.ke/politics/trump-nominates-career-diplomat-henry-wooster-as-new-ambassador-to-kenya/,positive,2,positive,positive
NTV Kenya,Gachagua says State agents secretly recorded his meeting with late MP...,,https://ntvkenya.co.ke/news/gachagua-says-state-agents-secretly-recorded-his-meeting-with-late-mp-johana-ngeno/,negative,0,negative,negative
NTV Kenya,Homa Bay Deputy Governor Oyugi Magwanga resigns,,https://ntvkenya.co.ke/politics/homa-bay-deputy-governor-oyugi-magwanga-resigns/,negative,0,negative,negative
NTV Kenya,Isaac Rutto faces calls for removal from JSC after attending UDA meeting,,https://ntvkenya.co.ke/news/isaac-rutto-faces-calls-for-removal-from-jsc-after-attending-uda-meeting/,negative,0,negative,negative
NTV Kenya,Sibling rivalry as brother and sister face off in Isiolo South by-election,,https://ntvkenya.co.ke/news/sibling-rivalry-as-brother-and-sister-face-off-in-isiolo-south-by-election/,negative,0,negative,negative
NTV Kenya,Tanzania’s main opposition Chadema calls for annulment of Suluhu’s...,,https://ntvkenya.co.ke/news/tanzanias-main-opposition-chadema-calls-for-annulment-of-suluhus-election-win/,negative,0,negative,negative
NTV Kenya,Muturi in physical confrontations as voter bribery accusations fly in...,,https://ntvkenya.co.ke/news/muturi-in-physical-confrontations-as-voter-bribery-accusations-fly-in-mbeere-north/,negative,0,negative,negative
NTV Kenya,Impeachment – Nyamira MCAs oust Governor Amos Nyaribo,,https://ntvkenya.co.ke/news/impeachment-nyamira-mcas-oust-governor-amos-nyaribo/,negative,0,negative,negative
NTV Kenya,"Kindiki, Gachagua trade barbs as by-election battles heat up",,https://ntvkenya.co.ke/news/kindiki-gachagua-trade-barbs-as-by-election-battles-heat-up/,negative,0,negative,negative
NTV Kenya,Former Malawi president Chakwera tapped to mediate Tanzania’s...,,https://ntvkenya.co.ke/news/former-malawi-president-chakwera-tapped-to-mediate-tanzanias-post-election-tensions/,negative,0,negative,negative
NTV Kenya,Baba’s barber: The man who trimmed Raila Odinga’s hair for 15 years,,https://ntvkenya.co.ke/news/babas-barber-the-man-who-trimmed-raila-odingas-hair-for-15-years/,negative,0,negative,negative
NTV Kenya,"Future ambassadors must be diplomats, new Bill proposes",,https://ntvkenya.co.ke/news/future-ambassadors-must-be-diplomats-new-bill-proposes/,positive,2,positive,positive
NTV Kenya,Jacob Zuma daughter pleads not guilty over deadly South African riots as...,,https://ntvkenya.co.ke/news/jacob-zuma-daughter-pleads-not-guilty-over-deadly-south-african-riots-as-trial-begins/,negative,0,negative,negative
NTV Kenya,"Cherargei tells Museveni, Suluhu to rein in ‘busybody’ activists",,https://ntvkenya.co.ke/news/cherargei-tells-museveni-suluhu-to-rein-in-busybody-activists/,negative,0,negative,negative
NTV Kenya,Tanzania’s parliament to convene without official opposition,,https://ntvkenya.co.ke/news/tanzanias-parliament-to-convene-without-official-opposition/,negative,0,negative,negative
Citizen Digital,"News•4 hours agoEx-Migori Governor Obado, co-accused found guilty of Sharon Otieno's murderBy Dzuya Walter",,https://citizen.digital/article/ex-migori-governor-obado-co-accused-found-guilty-of-sharon-otienos-murder-n386978,negative,0,negative,negative
Citizen Digital,"News•1 hour agoVozinha, Haaland named in fan-voted World Cup dream teamBy Reuters",,https://citizen.digital/article/vozinha-haalandamed-in-fan-voted-world-cup-dream-team-n387004,positive,2,positive,positive
Citizen Digital,"2 hours agoCourt acquits Senator Mandago, two co-accused in Finland scholarship sagaBy Joseph MuiaThe ruling, which had initially been scheduled for July 21 but was postponed due to paperwork, was delivered on Wednesday by Senior Principal Magistrate Alloyce Ndege.Read More",,https://citizen.digital/article/court-acquits-senator-mandago-two-co-accused-in-finland-scholarship-saga-n387003,negative,0,negative,negative
Citizen Digital,"2 hours agoPremier League champions Arsenal sign Greece winger Tzolis from BruggeBy AFPNo fee was disclosed but British media reports said the 24-year-old had arrived from Club Brugge for £34 million ($45 million), with Tzolis effectively a replacement for Leandro Trossard following his...Read More",,https://citizen.digital/article/premier-league-champions-arsenal-sign-greece-winger-tzolis-from-brugge-n387002,positive,2,positive,positive
Citizen Digital,"3 hours agoDrama as burial of Embu man ends in chaos after wife omitted from eulogyBy Citizen ReporterFamily, friends and neighbours had gathered at Muriuki's home in Embu North sub-county for his final send-off, with the ceremony proceeding peacefully after the body arrived from the mortuary.However,...Read More",,https://citizen.digital/article/drama-as-burial-of-embu-man-ends-in-chaos-after-wife-omitted-from-eulogy-n386991,negative,0,negative,negative
Citizen Digital,"3 hours agoProbe after 4,060 bullets suspected to be from colonial era found in MoyaleBy Citizen ReporterAccording to Marsabit County Police Commander Leonard Kimaiyo, the bullets are 8 by 50 mm in calibre, and preliminary investigations suggest they may have been left beh...Read More",,https://citizen.digital/article/probe-after-4060-bullets-suspected-to-be-from-colonial-era-found-in-moyale-n386990,negative,0,negative,negative
Citizen Digital,3 hours agoAmbrose Rachier-led committee formed to plan new KPL seasonBy Angel ShantelThe top-flight competition has been operating as the FKF Premier League under the direct control of the federation.Read More,,https://citizen.digital/article/ambrose-rachier-led-committee-formed-to-plan-new-kpl-season-n386998,positive,2,positive,positive
Citizen Digital,4 hours agoKDA slams KMPDC over move allowing quacks to provide dental careBy Brian OkelloKDA argued that the scope of clinical dental practice cannot be expanded through administrative notices without following the required legislative and regulatory processes.It maintained that the scope...Read More,,https://citizen.digital/article/kda-slams-kmpdc-over-move-allowing-quacks-to-provide-dental-care-n386992,negative,0,negative,negative
Citizen Digital,"4 hours agoCS Kagwe defends Tea Levy as uptake hits record 93%By Citizen ReporterCS Kagwe maintained that the levy is critical to financing research, global marketing and value addition that will secure the sector's future.He argued that the 0.8 per...Read More",,https://citizen.digital/article/cs-kagwe-defends-tea-levy-as-uptake-hits-record-93-n386982,positive,2,positive,positive
Citizen Digital,"4 hours agoChema's fairytale season sparks funding calls for community clubsBy Magdaline Thuku""Coming in second place in the first season is not a mean feat, especially for a newly promoted side and Chema embodies where we want Kenya volleyball to be,"" said Gach...Read More",,https://citizen.digital/article/chemas-fairytale-season-sparks-funding-calls-for-community-clubs-n386989,positive,2,positive,positive
Citizen Digital,5 hours agoIEBC receives Ksh.1.7B boost from UNDP to support election preparednessBy Citizen ReporterUN Resident Coordinator Garry Conille said the programme goes beyond financial and technical assistance.Read More,,https://citizen.digital/article/iebc-receives-ksh17b-boost-from-undp-to-support-election-preparedness-n386977,positive,2,positive,positive
Citizen Digital,Obado had motive to eliminate Sharon Otieno - Justice Githua,,https://citizen.digital/article/obado-had-motive-to-eliminate-sharon-otieno-justice-githua-n386973,negative,0,negative,negative
Citizen Digital,"News•12 minutes agoRonald Ngala Utalii College to officially open in September, PS Bitok confirmsBy Citizen Reporter",,https://citizen.digital/article/ronald-ngala-utalii-college-to-officially-open-in-september-ps-bitok-confirms-n387023,negative,0,negative,negative
Citizen Digital,Kenyan SMEs to receive Ksh.65K digital credits in Zoho-KNCCI partnership,,https://citizen.digital/article/kenyan-smes-to-receive-ksh65k-digital-credits-in-zoho-kncci-partnership-n386629,positive,2,positive,positive
Citizen Digital,A once wary Hollywood slowly warms to AI,,https://citizen.digital/article/a-once-wary-hollywood-slowly-warms-to-ai-n386872,positive,2,positive,positive
Citizen Digital,Tate brothers to fight 'politically motivated' UK extradition: lawyer,,https://citizen.digital/article/tate-brothers-to-fight-politically-motivated-uk-extradition-lawyer-n386812,negative,0,negative,negative
Citizen Digital,US actress Skai Jackson apologises to Kenyans over controversial mirror remarks,,https://citizen.digital/article/us-actress-skai-jackson-apologises-to-kenyans-over-controversial-mirror-remarks-n386797,negative,0,negative,negative
Citizen Digital,Equity retirement funds post double-digit returns as assets hit Ksh.900 million,,https://citizen.digital/article/equity-retirement-funds-post-double-digit-returns-as-assets-hit-ksh900-million-n386980,positive,2,positive,positive
Citizen Digital,Of moon faces and curves: How trending beauty standards are fueling steroid misuse,,https://citizen.digital/article/of-moon-faces-and-curves-how-trending-beauty-standards-are-fueling-steroid-misuse-n386787,negative,0,negative,negative
The Standard,NTSA intensifies road safety crackdown as school holiday begins,,https://www.standardmedia.co.ke/national/article/2001553610/ntsa-intensifies-road-safety-crackdown-as-school-holiday-begins,negative,0,negative,negative
The Standard,CoG tells county boards to ignore Health Ministry directive to absorb UHC workers,,https://www.standardmedia.co.ke/national/article/2001553590/cog-tells-county-boards-to-ignore-health-ministry-directive-to-absorb-uhc-workers,negative,0,negative,negative
The Standard,Safe but scared...: Tales of Mathare floods survivors,,https://www.standardmedia.co.ke/national/article/2001553268/safe-but-scared-tales-of-mathare-floods-survivors,negative,0,negative,negative
The Standard,Applying for a Good Conduct certificate? New DCI system cuts wait to 24 hours,,https://www.standardmedia.co.ke/national/article/2001553557/applying-for-a-good-conduct-certificate-new-dci-system-cuts-wait-to-24-hours,positive,2,positive,positive
The Standard,"'Execute the CBAs or prepare for a full withdrawal of labour', county workers warn",,https://www.standardmedia.co.ke/national/article/2001553463/execute-the-cbas-or-prepare-for-a-full-withdrawal-of-labour-county-workers-warn,negative,0,negative,negative
The Standard,"Nairobi ramps up emergency response with 406 personnel, seven fire stations",,https://www.standardmedia.co.ke/nairobi/article/2001553599/nairobi-ramps-up-emergency-response-with-406-personnel-seven-fire-stations,positive,2,positive,positive
The Standard,Lusaka warns finance office over audit compliance,,https://www.standardmedia.co.ke/western/article/2001553583/lusaka-warns-finance-office-over-audit-compliance,negative,0,negative,negative
The Standard,Dual citizenship claim raises questions on abducted businessman,,https://www.standardmedia.co.ke/nairobi/article/2001553517/dual-citizenship-claim-raises-questions-on-abducted-businessman,negative,0,negative,negative
The Standard,Kamariny Stadium reaches halfway mark after years of delays,,https://www.standardmedia.co.ke/rift-valley/article/2001553482/kamariny-stadium-reaches-halfway-mark-after-years-of-delays,positive,2,positive,positive
The Standard,Tunai gains early political boost as seven Maasai clans endorse 2027 senate bid,,https://www.standardmedia.co.ke/rift-valley/article/2001553440/tunai-gains-early-political-boost-as-seven-maasai-clans-endorse-2027-senate-bid,positive,2,positive,positive
The Standard,Body of missing Naivasha businessman found dumped in cave,,https://www.standardmedia.co.ke/rift-valley/article/2001553292/body-of-missing-naivasha-businessman-found-dumped-in-cave,negative,0,negative,negative
The Standard,Kenya researchers push African ownership of Chinese AI models,,https://www.standardmedia.co.ke/business/sci-tech/article/2001552166/kenya-researchers-push-african-ownership-of-chinese-ai-models,positive,2,positive,positive
The Standard,PremiumDay Nairobi city was taken over by North London,,https://www.standardmedia.co.ke/business/football/article/2001549194/day-nairobi-city-was-taken-over-by-north-london,positive,2,positive,positive
The Standard,Why the right car battery is no longer just about engine size,,https://www.standardmedia.co.ke/business/motoring/article/2001550658/why-the-right-car-battery-is-no-longer-just-about-engine-size,positive,2,positive,positive
The Standard,ASEAN calls for open straits as US-Iran war casts shadow,,https://www.standardmedia.co.ke/world/article/2001553568/asean-calls-for-open-straits-as-us-iran-war-casts-shadow,negative,0,negative,negative
The Standard,New UK PM announces tax cut for struggling pubs,,https://www.standardmedia.co.ke/europe/article/2001553561/new-uk-pm-announces-tax-cut-for-struggling-pubs,positive,2,positive,positive
The Standard,Chad's desert east faces 'dire need' for access to water,,https://www.standardmedia.co.ke/africa/article/2001553536/chads-desert-east-faces-dire-need-for-access-to-water,negative,0,negative,negative
The Standard,Six candidates in race to lead UN set for televised debate,,https://www.standardmedia.co.ke/world/article/2001553535/six-candidates-in-race-to-lead-un-set-for-televised-debate,positive,2,positive,positive
The Standard,US trial of Venezuela's Maduro set for June 2027,,https://www.standardmedia.co.ke/world/article/2001553528/us-trial-of-venezuelas-maduro-set-for-june-2027,negative,0,negative,negative
The Standard,Mudavadi orders review of EAC resolutions to deepen regional integration,,https://www.standardmedia.co.ke/africa/article/2001553523/mudavadi-orders-review-of-eac-resolutions-to-deepen-regional-integration,positive,2,positive,positive
The Standard,North Korea reaffirms support for Moscow over Ukraine,,https://www.standardmedia.co.ke/world/article/2001553333/north-korea-reaffirms-support-for-moscow-over-ukraine,positive,2,positive,positive
The Standard,New UK PM Burnham stamps authority with cabinet shakeup,,https://www.standardmedia.co.ke/world/article/2001553331/new-uk-pm-burnham-stamps-authority-with-cabinet-shakeup,positive,2,positive,positive
The Standard,Burnham becomes new UK PM after meeting king,,https://www.standardmedia.co.ke/world/article/2001553261/burnham-becomes-new-uk-pm-after-meeting-king,positive,2,positive,positive
The Standard,Hospitals remain operational despite health workers' strike,,https://www.standardmedia.co.ke/health/health-science/article/2001553424/hospitals-remain-operational-despite-health-workers-strike,negative,0,negative,negative
The Standard,Experts call for a lasting solution to endless cycle of hunger up north,,https://www.standardmedia.co.ke/health/family-wellness/article/2001542408/experts-call-for-a-lasting-solution-to-endless-cycle-of-hunger-up-north,negative,0,negative,negative
The Standard,How womb bypass saved 'miracle' baby in rare abdominal pregnancy,,https://www.standardmedia.co.ke/health/reproductive-health/article/2001545789/how-womb-bypass-saved-miracle-baby-in-rare-abdominal-pregnancy,negative,0,negative,negative
The Standard,Governor Nyong'o opens up about cancer diagnosis,,https://www.standardmedia.co.ke/health/health-science/article/2001553227/governor-nyongo-opens-up-about-cancer-diagnosis,negative,0,negative,negative
The Standard,Kisumu RFC target fresh start as Prinsloo Sevens opens National Sevens Circuit,,https://www.standardmedia.co.ke/sports/rugby/article/2001553465/kisumu-rfc-target-fresh-start-as-prinsloo-sevens-opens-national-sevens-circuit,positive,2,positive,positive
The Standard,New stars emerge at MSFK national season opener,,https://www.standardmedia.co.ke/sports/motorsport/article/2001553171/new-stars-emerge-at-msfk-national-season-opener,positive,2,positive,positive
The Standard,"Shun doping, Olympians tell athletes at Eldoret City race awards",,https://www.standardmedia.co.ke/sports/athletics/article/2001552486/shun-doping-olympians-tell-athletes-at-eldoret-city-race-awards,positive,2,positive,positive
The Standard,Lessons for East Africa ahead of AFCON after successful World Cup in North America,,https://www.standardmedia.co.ke/sports/football/article/2001553433/lessons-for-east-africa-ahead-of-afcon-after-successful-world-cup-in-north-america,positive,2,positive,positive
The Standard,Arrogance or pride? Argentina grapples with World Cup villain label,,https://www.standardmedia.co.ke/sports/football/article/2001553337/arrogance-or-pride-argentina-grapples-with-world-cup-villain-label,positive,2,positive,positive
The Standard,Plane carrying Spain's World Cup winning team lands in Madrid,,https://www.standardmedia.co.ke/sports/football/article/2001553295/plane-carrying-spains-world-cup-winning-team-lands-in-madrid,positive,2,positive,positive
The Standard,Kenyan stars set to battle for glory at Paris Diamond League meeting,,https://www.standardmedia.co.ke/sports/athletics/article/2001551460/kenyan-stars-set-to-battle-for-glory-at-paris-diamond-league-meeting,positive,2,positive,positive
The Standard,"Lemayan defends marathon title, debutant Simiyu clinches women's crown",,https://www.standardmedia.co.ke/sports/athletics/article/2001551427/lemayan-defends-marathon-title-debutant-simiyu-clinches-womens-crown,positive,2,positive,positive
The Standard,Day Nairobi city was taken over by North London,,https://www.standardmedia.co.ke/sports/football/article/2001549194/day-nairobi-city-was-taken-over-by-north-london,positive,2,positive,positive
The Standard,"African filmmakers call for better IP protection, gov't support amid industry growth",,https://www.standardmedia.co.ke/newsbeat/article/2001553584/african-filmmakers-call-for-better-ip-protection-govt-support-amid-industry-growth,positive,2,positive,positive
The Standard,WAFCON 2026 begins with Harambee Starlets back on Africa's biggest stage,,https://www.standardmedia.co.ke/sports/article/2001553560/wafcon-2026-begins-with-harambee-starlets-back-on-africas-biggest-stage,positive,2,positive,positive
The Standard,1 in 15 million: Woman welcomes rare quadruplets sharing single placenta,,https://www.standardmedia.co.ke/diaspora/article/2001553558/1-in-15-million-woman-welcomes-rare-quadruplets-sharing-single-placenta,positive,2,negative,positive
The Standard,Trinity Tatum signs with top Hollywood agency after Love Island USA win...,,https://www.standardmedia.co.ke/entertainment/article/2001553543/trinity-tatum-signs-with-top-hollywood-agency-after-love-island-usa-win,positive,2,positive,positive
The Standard,Mbappe returns as EA SPORTS FC 27 cover star after four-year wait,,https://www.standardmedia.co.ke/entertainment/article/2001553474/mbappe-returns-as-ea-sports-fc-27-cover-star-after-four-year-wait,positive,2,positive,positive
The Standard,"Selling skin, selling souls: Sheryl Gabriella and inside Kenya's underground economy of nudes an...",,https://www.standardmedia.co.ke/features/article/2001553119/selling-skin-selling-souls-sheryl-gabriella-and-inside-kenyas-underground-economy-of-nudes-and-online-sex-work,positive,2,positive,positive
The Standard,"Haaland, Vozinha, Messi, Ronaldo: Players who gained most followers during World Cup",,https://www.standardmedia.co.ke/Sports/article/2001553481/haaland-vozinha-messi-ronaldo-players-who-gained-most-followers-during-world-cup,positive,2,positive,positive
The Standard,Grade 10 learners to register for KNEC assessments by end of this month,,https://www.standardmedia.co.ke/education/article/2001552732/grade-10-learners-to-register-for-knec-assessments-by-end-of-this-month,negative,0,negative,negative
The Standard,Murang'a School Joins Kenya's National Read Aloud World Record attempt,,https://www.standardmedia.co.ke/education/article/2001552699/muranga-school-joins-kenyas-national-read-aloud-world-record-attempt,positive,2,positive,positive
The Standard,The last stripes: How northern Kenya is fighting to save world's rarest zebra,,https://www.standardmedia.co.ke/environment-climate/article/2001553235/the-last-stripes-how-northern-kenya-is-fighting-to-save-worlds-rarest-zebra,positive,2,positive,positive
The Standard,"4,642 Kenyans move to court to stop development in Nairobi National Park",,https://www.standardmedia.co.ke/environment-climate/article/2001552356/4642-kenyans-move-to-court-to-stop-development-in-nairobi-national-park,positive,2,positive,positive
The Standard,KFS presents case for airstrip in forest as conservationists ejected,,https://www.standardmedia.co.ke/environment-climate/article/2001552318/kfs-presents-case-for-airstrip-in-forest-as-conservationists-ejected,negative,0,negative,negative
The Standard,Dangote Lamu refinery is more than a response to the Middle East energy crisis,,https://www.standardmedia.co.ke/opinion/article/2001553475/dangote-lamu-refinery-is-more-than-a-response-to-the-middle-east-energy-crisis,negative,0,negative,negative
The Standard,"The asymmetric India, Pakistan treaty and long overdue reckoning",,https://www.standardmedia.co.ke/opinion/article/2001553479/the-asymmetric-india-pakistan-treaty-and-long-overdue-reckoning,negative,0,negative,negative
The Standard,Ol Kalou by-election and a warning Kenya keeps on ignoring,,https://www.standardmedia.co.ke/opinion/article/2001553306/ol-kalou-by-election-and-a-warning-kenya-keeps-on-ignoring,negative,0,negative,negative
The Standard,Inside Millennials' analogue faith vs Gen Z digital minds,,https://www.standardmedia.co.ke/opinion/article/2001553241/inside-millennials-analogue-faith-vs-gen-z-digital-minds,negative,0,negative,negative
The Standard,World Bank must demand accountability before and after lending,,https://www.standardmedia.co.ke/opinion/article/2001553217/world-bank-must-demand-accountability-before-and-after-lending,positive,2,positive,positive
The Standard,World Bank must demand for accountability before and after lending,,https://www.standardmedia.co.ke/opinion/article/2001553242/world-bank-must-demand-for-accountability-before-and-after-lending,positive,2,positive,positive
The Standard,Calm in Kitengela as police arrest youth over looming protests,,https://www.standardmedia.co.ke/nairobi/article/2001551260/calm-in-kitengela-as-police-arrest-youth-over-looming-protests,negative,0,negative,negative
The Standard,Run for Dignity initiative receives Sh2 million support ahead of Karura Forest event,,https://www.standardmedia.co.ke/nairobi/article/2001551150/run-for-dignity-initiative-receives-sh2-million-support-ahead-of-karura-forest-event,positive,2,positive,positive
The Star,First person gets new experimental vaccine for Ebola,,https://www.the-star.co.ke/news/world/2026-07-25-first-person-gets-new-experimental-vaccine-for-ebola,positive,2,positive,positive
The Star,"More than 220,000 evacuated in France and Spain due to wildfiresAround 200,000 people have been evacuated in south-west France in the Gironde and Landes regions",,https://www.the-star.co.ke/news/world/2026-07-25-more-than-220000-evacuated-in-france-and-spain-due-to-wildfires,negative,0,negative,negative
The Star,Five counties roll out agroecology policies to boost climate resilienceStakeholders are urging more devolved governments to fast-track implementation to strengthen food security.,,https://www.the-star.co.ke/counties/nairobi/2026-07-24-five-counties-roll-out-agroecology-policies-to-boost-climate-resilience,positive,2,positive,positive
The Star,Court upholds conviction of driver who killed two ridersJudge rules the trial court’s findings on both conviction and sentence were sound.,,https://www.the-star.co.ke/counties/nairobi/2026-07-24-court-upholds-conviction-of-driver-who-killed-two-riders,negative,0,negative,negative
The Star,Senators warn against rhetoric that could reopen 2007/08 woundsOle Kina cautioned leaders against making statements that could inflame ethnic divisions,,https://www.the-star.co.ke/counties/nairobi/2026-07-24-senators-warn-against-rhetoric-that-could-reopen-200708-wounds,negative,0,negative,negative
The Star,"Sakaja unveils City Hall fire, rescue planNairobi has trained 312 structural firefighters, 57 disaster management officers, 32 urban search and rescue specialist",,https://www.the-star.co.ke/counties/nairobi/2026-07-24-sakaja-unveils-city-hall-fire-rescue-plan,negative,0,negative,negative
The Star,"Garissa succession battle now exposes clan fault linesEmerging clan alignments, rival endorsements, rising political rhetoric unmask divisions",,https://www.the-star.co.ke/counties/north-eastern/2026-07-24-garissa-succession-battle-now-exposes-clan-fault-lines,negative,0,negative,negative
The Star,Kenyan firm to be first maker of pharmaceutical bottles in Africa,,https://www.the-star.co.ke/counties/coast/2026-07-25-kenyan-firm-to-be-first-maker-of-pharmaceutical-bottles-in-africa,positive,2,positive,positive
The Star,"PSV saccos urged to strengthen savings cultureThe call came during the launch of seven new public service vehicles in Othaya, Nyeri County",,https://www.the-star.co.ke/counties/central/2026-07-24-psv-saccos-urged-to-strengthen-savings-culture,positive,2,positive,positive
The Star,Man found with heroin convictedMagistrate rules police evidence was sufficient for conviction,,https://www.the-star.co.ke/counties/central/2026-07-24-man-found-with-heroin-convicted,negative,0,negative,negative
The Star,"Crackdown on gangs to continue in Garissa, says officerSays the government is determined to eliminate criminals that have subjected residents to fear through robberies.",,https://www.the-star.co.ke/counties/eastern/2026-07-24-crackdown-on-gangs-to-continue-in-garissa-says-officer,negative,0,negative,negative
The Star,Muyoti targets domestic double with Police FC,,https://www.the-star.co.ke/sports/football/2026-07-25-muyoti-targets-domestic-double-with-police-fc,negative,0,negative,negative
The Star,"Sportpesa League set for overhaul after FKF-club dealThe breakthrough comes after club chairmen warned they would boycott the new season, scheduled to kick off on August 22",,https://www.the-star.co.ke/sports/football/2026-07-24-sportpesa-league-set-for-overhaul-after-fkf-club-deal,positive,2,positive,positive
The Star,"Pamba Jiji line up Kenya friendlies as Baraza targets improved seasonThe Mwanza-based outfit is set to face FKF Premier League champions Kenya Police and newly promoted Nairobi United in Nairobi next week, with another fixture against Shabana also under consideration.",,https://www.the-star.co.ke/sports/football/2026-07-24-pamba-jiji-line-up-kenya-friendlies-as-baraza-targets-improved-season,positive,2,positive,positive
The Star,Second junior crown in sight for world cross champion Kibet,,https://www.the-star.co.ke/sports/athletics/2026-07-24-second-global-junior-crown-in-sight-for-world-cross-champion-kibet-1,positive,2,positive,positive
The Star,"Kipruto hopes to topple Kiplimo as regional rivalry takes centre stage in star-studded Chicago MarathonAt last year's Chicago Marathon, Kiplimo stormed to victory in 2:02:23, comfortably holding off Kipruto, who crossed the line second in 2:03:54.",,https://www.the-star.co.ke/sports/athletics/2026-07-25-kipruto-hopes-to-topple-kiplimo-as-regional-rivalry-takes-centre-stage-in-star-studded-chicago-marathon,positive,2,positive,positive
The Star,"KCB hand Amaitsa, Nyangige debuts as Prinsloo Sevens title chase beginsThe duo is expected to feature in KCB’s star-studded lineup for the opening leg of the 2026 National Sevens Circuit.",,https://www.the-star.co.ke/sports/rugby/2026-07-24-kcb-hand-amaitsa-nyangige-debuts-as-prinsloo-sevens-title-chase-begins,positive,2,positive,positive
The Star,BRINGING SEXY BACK: Six things women secretly wish for,,https://www.the-star.co.ke/sasa/lifestyle/2026-07-25-bringing-sexy-back-six-things-women-secretly-wish-for,positive,2,positive,positive
The Star,GEN Z CORNER: Party after party until I got tired of ‘sherehe’Calculating how much I had spent on alcohol in a month was a wake-up call,,https://www.the-star.co.ke/sasa/lifestyle/2026-07-22-gen-z-corner,negative,0,negative,negative
Citizen Digital,News•6 minutes agoFury stops Wach in Thailand to close in on Joshua fightBy AFP,,https://citizen.digital/article/fury-stops-wach-in-thailand-to-close-in-on-joshua-fight-n387094,negative,0,negative,negative
Citizen Digital,News•1 hour agoICC prosecutor Karim Khan removed over 'serious misconduct'By AFP,,https://citizen.digital/article/icc-prosecutor-karim-khan-removed-over-serious-misconduct-n387098,negative,0,negative,negative
Citizen Digital,1 hour agoWATCH LIVE: Rigathi Gachagua in Embu for 'Meet the People' tourBy Citizen ReporterRead More,,https://citizen.digital/article/watch-live-rigathi-gachagua-in-embu-for-meet-the-people-tour-n387100,negative,0,negative,negative
Citizen Digital,"4 hours agoEquity Bank boosts transport sector with PSV fleetBy Citizen ReporterSpeaking during the flag-off ceremony at Equity Bank's Othaya branch, the bank's Central Region Manager, Stephen Mwaniki, said the vehicles were acquired through the bank's SME financing programme....Read More",,https://citizen.digital/article/equity-bank-boosts-transport-sector-with-psv-fleet-n387092,positive,2,positive,positive
Citizen Digital,"4 hours agoMore than 160,000 flee out-of-control wildfires in France, SpainBy AFPFrench President Emmanuel Macron asked the army on Friday to mobilise to help contain the worst wildfire the country has ever seen after seeking European Union help, as a local official warned the bla...Read More",,https://citizen.digital/article/more-than-160000-flee-out-of-control-wildfires-in-france-spain-n387089,negative,0,negative,negative
Citizen Digital,"5 hours agoCosta Rica arrests most wanted drug trafficker 'El Diablo'By AFPThe United States had offered a $500,000 (Ksh.64.7 million) reward for the arrest of Alejandro Arias Monge, who is known as ""El Diablo,"" before he was taken into custody Friday morning in Rio Frio, in...Read More",,https://citizen.digital/article/costa-rica-arrests-most-wanted-drug-trafficker-el-diablo-n387087,negative,0,negative,negative
The Standard,Wa Muthende named in alleged Ol Kalou by-election robbery,,https://www.standardmedia.co.ke/national/article/2001553701/wa-muthende-named-in-alleged-ol-kalou-by-election-robbery,negative,0,negative,negative
The Standard,Duale under probe over alleged ethnic remarks,,https://www.standardmedia.co.ke/national/article/2001553681/duale-under-probe-over-alleged-ethnic-remarks,negative,0,negative,negative
The Standard,"Ruto launches 30,000 youth internship programme",,https://www.standardmedia.co.ke/national/article/2001553654/ruto-launches-30000-youth-internship-programme,positive,2,positive,positive
The Standard,State to turn failed maize crop into animal feed to cushion farmers,,https://www.standardmedia.co.ke/national/article/2001553643/state-to-turn-failed-maize-crop-into-animal-feed-to-cushion-farmers,negative,0,negative,negative
The Standard,"'My lord, I was not aware': IG Kanja pledges compliance in Gatoto School standoff",,https://www.standardmedia.co.ke/national/article/2001553639/my-lord-i-was-not-aware-ig-kanja-pledges-compliance-in-gatoto-school-standoff,negative,0,negative,negative
The Standard,"Kwa Binzaro victims buried naked, without coffins; court told",,https://www.standardmedia.co.ke/coast/article/2001553635/kwa-binzaro-victims-buried-naked-without-coffins-court-told,negative,0,negative,negative
The Standard,Tana River targets livestock feed hub with new farming project,,https://www.standardmedia.co.ke/coast/article/2001553651/tana-river-targets-livestock-feed-hub-with-new-farming-project,positive,2,positive,positive
The Standard,Medics sound alarm over growing cases of heart attacks,,https://www.standardmedia.co.ke/coast/article/2001553587/medics-sound-alarm-over-growing-cases-of-heart-attacks,negative,0,negative,negative
The Standard,EAC stakeholders in new push to end regional trade barriersThe East African Community (EAC) secretariat has reiterated calls for its partner states to eliminate domestic administrative bottlenecks that continue to delay the movement of goods and services.,,https://www.standardmedia.co.ke/business/shipping-logistics/article/2001553484/eac-stakeholders-in-new-push-to-end-regional-trade-barriers,positive,2,positive,positive
The Standard,"Saudi Arabia is running recruitment networks for Sudan's war, reports says",,https://www.standardmedia.co.ke/africa/article/2001553675/saudi-arabia-is-running-recruitment-networks-for-sudans-war-reports-says,negative,0,negative,negative
The Standard,Hundreds flee French peninsula by boat to escape wildfire,,https://www.standardmedia.co.ke/europe/article/2001553648/hundreds-flee-french-peninsula-by-boat-to-escape-wildfire,negative,0,negative,negative
The Standard,Kenya's top sharpshooters battle for glory IPSC championship,,https://www.standardmedia.co.ke/sports/sports/article/2001553670/kenyas-top-sharpshooters-battle-for-glory-ipsc-championship,positive,2,positive,positive
The Standard,Laiser Hill keen to restore fading rugby 7s glory,,https://www.standardmedia.co.ke/sports/sports/article/2001553589/laiser-hill-keen-to-restore-fading-rugby-7s-glory,positive,2,positive,positive
The Standard,Nyakach Girls target national football crown,,https://www.standardmedia.co.ke/sports/sports/article/2001553588/nyakach-girls-target-national-football-crown,positive,2,positive,positive
The Standard,Rachier to lead transition Committee for Premier League,,https://www.standardmedia.co.ke/sports/sports/article/2001553628/rachier-to-lead-transition-committee-for-premier-league,positive,2,positive,positive
The Standard,"Kwa Binzaro massacre victims buried naked in shallow graves, court told",,https://www.standardmedia.co.ke/county/article/2001553719/kwa-binzaro-massacre-victims-buried-naked-in-shallow-graves-court-told,negative,0,negative,negative
The Standard,Kumbe ni under 18: Age doubts saves man from 10 years in jail,,https://www.standardmedia.co.ke/newsbeat/article/2001553715/kumbe-ni-under-18-age-doubts-saves-man-from-10-years-in-jail,negative,0,negative,negative
The Standard,"Susumila, Amoxco and Chibo Dee urge artists to embrace culture in modern music...",,https://www.standardmedia.co.ke/entertainment/article/2001553708/susumila-amoxco-and-chibo-dee-urge-artists-to-embrace-culture-in-modern-music,positive,2,positive,positive
The Standard,"Shaq The Yungin claims he is King Kalala's baby daddy, shares alleged WhatsApp chats...",,https://www.standardmedia.co.ke/entertainment/article/2001553642/shaq-the-yungin-claims-he-is-king-kalalas-baby-daddy-shares-alleged-whatsapp-chats,negative,0,negative,negative
The Standard,Knut withdraws 59 teachers from Isiolo schools,,https://www.standardmedia.co.ke/education/article/2001553683/knut-withdraws-59-teachers-from-isiolo-schools,negative,0,negative,negative
The Standard,Ogamba: No student will be left out under new university funding model,,https://www.standardmedia.co.ke/education/article/2001553585/ogamba-no-student-will-be-left-out-under-new-university-funding-model,positive,2,positive,positive
The Standard,Why luck won't strike twice for Pauline Njoroge,,https://www.standardmedia.co.ke/opinion/article/2001553695/why-luck-wont-strike-twice-for-pauline-njoroge,negative,0,negative,negative
The Standard,Letter from Mogadishu: Morocco hosts talk on piracy as India sentences Somali pirates,,https://www.standardmedia.co.ke/opinion/article/2001553644/letter-from-mogadishu-morocco-hosts-talk-on-piracy-as-india-sentences-somali-pirates,negative,0,negative,negative
The Standard,How Gachagua won Ol Kalou by-election and lost it the same day,,https://www.standardmedia.co.ke/opinion/article/2001553572/how-gachagua-won-ol-kalou-by-election-and-lost-it-the-same-day,negative,0,negative,negative
The Standard,It is time for Kenya to rethink judicial accountability design,,https://www.standardmedia.co.ke/opinion/article/2001553573/it-is-time-for-kenya-to-rethink-judicial-accountability-design,positive,2,positive,positive
World News API,Team Kenya continues its preparations for the World Athletics U20 championships,,,positive,2,positive,positive
World News API,Kenya' Legacy Football Academy U14 make Gothia Cup history,,,positive,2,positive,positive
World News API,Kazakhstan advances railway modernization with track and locomotive renewal,,,positive,2,positive,positive
World News API,Hospitals remain operational despite health workers&#039; strike,,,negative,0,negative,negative
World News API,Kenya's Commonwealth Games Debutants Eye Podium Finish as Glasgow Preparations Intensify,,,positive,2,positive,positive
World News API,"Kenya, Ghana explore health partnership on UHC pharmaceutical manufacturing",,,positive,2,positive,positive
World News API,"US Deepens Commercial Diplomacy With Africa to Boost Trade, Investment and Innovation",,,positive,2,positive,positive
World News API,New bill proposes easier process for peaceful demonstrations,,,positive,2,positive,positive
World News API,AI and Digital Diplomacy Take Centre Stage at Major African Technology Conference,,,positive,2,positive,positive
World News API,The Bold Standard : BOYCOTT,,,negative,0,negative,negative
World News API,EACC moves to recover KSh4.3 billion Kisumu prison land,,,negative,0,negative,negative
NewsData.io,Watch Trailer: First look at Sarah Hassan as Salma in ‘Tides’,,,positive,2,positive,positive
NewsData.io,Kenya to host Africa’s first Youth Hockey 5s Championship,,,positive,2,positive,positive
NewsData.io,Eindhoven students build world’s first solar-powered ambulance,,,positive,2,positive,positive
NewsData.io,AI-infrastructure Platform InfoBay.AI Crosses Rs 100 Crores in Revenue in FY 2025-26,,,positive,2,positive,positive
NewsData.io,Kenya’s trade corridors open East Africa’s healthcare market to new business as WHX returns to Nairobi in September,,,positive,2,positive,positive
NewsData.io,Pauline Njoroge resigns from Jubilee party: Who is Pauline Njoroge?,,,negative,0,negative,negative
NewsData.io,CAK investigates Naivas over alleged price mismatch,,,negative,0,negative,negative
NewsData.io,Working in a Kenyan abattoir inspired founder of Kenyan fashion brand,,,positive,2,positive,positive
NewsData.io,Kenya’s Trade Corridors Expand East Africa’s Healthcare Market as WHX Returns to Nairobi in September,,,positive,2,positive,positive
NewsData.io,New rules for Mobile Phone Importers and Distributors in Kenya: Full details,,,positive,2,positive,positive
NewsData.io,Handicrafts Market Innovation Trends,,,positive,2,positive,positive
NewsData.io,"Russia, Switzerland among countries set for Nanenane",,,positive,2,positive,positive
NewsData.io,South Africa wants every SIM to become a digital ID,,,negative,0,negative,negative
NewsData.io,QatarDebate takes part in World Schools Debating Championship,,,positive,2,positive,positive
NewsData.io,Morara Kebaso dismisses claims of rift in Matiang’i’s camp,,,negative,0,negative,negative
NewsData.io,"What is Commonwealth Mile, the iconic race returning to CWG after 60 years?",,,positive,2,positive,positive
NewsData.io,Witness Tells Court How Father’s Faith Led Him to Quit Prison Job in Shakahola Manslaughter Trial,,,negative,0,negative,negative
NewsData.io,Who is a citizen in India? The answer will determine who has rights,,,negative,0,negative,negative
NewsData.io,"KRA, AFC, Anti-FGM Board, NCK Among Institutions Recruiting",,,negative,0,negative,negative
Currents API,Kenya: Wanyama Urges LSK to Pair Court Boycott With Crackdown On Rogue Lawyers,,,negative,0,negative,negative
Currents API,"Kenya: Saudi Arabia, UK and Canada Top Visa Applications From Kenya",,,positive,2,positive,positive
Currents API,Kenya: Constituencies to Share Sh58.7bn Ng-CDF Allocation As Funding Rises By 5.1pc,,,positive,2,positive,positive
Capital FM Kenya,"CCTV forensic analysis shows Albert Ojwang entered police station alive, left unresponsive",,,negative,0,negative,negative
Capital FM Kenya,NTSA outlines tougher road safety drive at UN amid rising pedestrian deaths,,,negative,0,negative,negative
KBC News,"Kenya has what it takes to become first-world, says Nyong’o",,,positive,2,positive,positive
KBC News,"Museveni eulogises late Gen. Moses Ali as freedom fighter, peacemaker",,,negative,0,negative,negative
Nairobi Wire,All The Top Memes in Nairobi This Tuesday,,,positive,2,positive,positive
Nairobi Wire,Rigathi Gachagua Tells Tourists and Investors to Avoid Kenya,,,negative,0,negative,negative
Kahawa Tungu,Court told CCTV evidence shows Albert Ojwang left Central Police cells unresponsive,,,negative,0,negative,negative
Kahawa Tungu,Lebanese army says troops deploying in ‘pilot zone’ after Israeli withdrawal,,,negative,0,negative,negative
Ghafla Kenya,Bolo Bespoke Challenges Oga Obinna To Boxing Match After KES 2M World Cup Win,,,positive,2,positive,positive
Business Today Kenya,Kenya’s Vision 2030 Is Coming to an End. What’s New?,,,positive,2,positive,positive
Business Today Kenya,Equity Life Retirement Funds Top Ksh900M  on Growing Demand,,,positive,2,positive,positive
Business Today Kenya,CBK Supports Pan-African Payment Network to Boost Regional Trade,,,positive,2,positive,positive
World News API,Meshack Babu Alenga Dhahabu Katika Debut Yake ya Commonwealth Games Jijini Glasgow,7/19/2026 0:00,,positive,2,positive,positive
World News API,Ogolla: Amri ya Rais haitataua maneno ya goons. Kenya ni Uchumi la genge; usipokuwa goon hautakula,7/19/2026 0:00,,negative,0,negative,negative
KBC,Kiambu County internal revenue hits record Ksh 6.5B,"Thu, 23 Jul 2026 10:00:55 +0000",https://www.kbc.co.ke/kiambu-county-internal-revenue-hits-record-ksh-6-5b/,positive,2,positive,positive
Currents API,Kenya: High Court to Rule On Bid to Halt Upper Imenti Forest Developments On July 30,,,positive,2,positive,positive
Capital FM Kenya,Ruto appoints Charles Owino Government Spokesperson in Executive reshuffle,,,neutral,1,neutral,neutral
NTV Kenya,"Ruto defends National Infrastructure Fund, dismisses opposition criticism","Mon, 06 Jul 2026 09:23:50 +0000",https://ntvkenya.co.ke/politics/ruto-defends-national-infrastructure-fund-dismisses-opposition-criticism/,positive,2,positive,positive
Standard - Politics,Gachagua: DCP to field candidates across 47 counties in 2027,"Fri, 17 Jul 2026 12:53:32 +0300",https://www.standardmedia.co.ke/politics/article/2001553054/gachagua-dcp-to-field-candidates-across-47-counties-in-2027,positive,2,positive,positive
Citizen Digital (via Google News),OPINION: Why the World is looking at China differently - Citizen Digital,"Thu, 23 Jul 2026 08:05:33 GMT",https://news.google.com/rss/articles/CBMimAFBVV95cUxNVmlqLVNyUHRaVWZiQm9rNGhNWnBDVnJsUEpZZUFPeUxNUWhJX3lBbHVkSVh2MUxad1BjcFRkUTBJbGFRdnNocUJOTk11MnhXYXRNc0hXYmlHbjFIcXp0S3hmQXJqQl9vaDA4ODJfUTEyaHNfVmhJQ1k1aEhrVG9GRmlGSW80bnBSVHpXRS1IUE85cWhCVloyUg?oc=5,neutral,1,neutral,neutral
World News API,Petitioners say armed KWS personnel barred court-ordered site visit of Nairobi National park,,,negative,0,negative,negative
K24,How carrying large banknotes can help you spend less,"Sat, 25 Jul 2026 04:48:13 +0000",https://k24.digital/lifestyle/money/how-carrying-large-banknotes-can-help-you-spend-less,positive,2,positive,positive
The Standard,PremiumSh365 million raised at 37th Rhino Charge Challenge,,https://www.standardmedia.co.ke/business/motorsport/article/2001549189/sh365-million-raised-at-37th-rhino-charge-challenge,positive,2,positive,positive
The Star,"Money now key to winning polls, shows NCCK reportAbout 91 per cent of Kenyans believe money and material handouts have become a key determinant of electoral success",,https://www.the-star.co.ke/counties/eastern/2026-07-24-money-now-key-to-winning-polls-shows-ncck-report,negative,0,negative,negative
Standard - Business,Expanding your business through digital trade: What every Kenyan SME should know,"Wed, 22 Jul 2026 00:00:00 +0300",https://www.standardmedia.co.ke/business/article/2001553400/expanding-your-business-through-digital-trade-what-every-kenyan-sme-should-know,positive,2,positive,positive
Kahawa Tungu,Onyonka to Gusii leaders: Back Matiang’i now or stay away later,,,neutral,1,neutral,neutral
The Standard,"UK PM Burnham unveils energy tax cut, tells ministers to cut living costs",,https://www.standardmedia.co.ke/world/article/2001553402/uk-pm-burnham-unveils-energy-tax-cut-tells-ministers-to-cut-living-costs,positive,2,positive,positive
Nairobi Wire,CS Ogamba Reveals When Schools Can Legally Charge Parents Extra Fees,,,neutral,1,neutral,neutral
Citizen Digital (via Google News),Wakhu wins fifth leg of the PGK Equator Tour in Ruiru - Citizen Digital,"Sun, 19 Jul 2026 17:41:53 GMT",https://news.google.com/rss/articles/CBMimAFBVV95cUxOWEhWTnBJYkI0RllGRTBsbVk4b2g3ZUIxNHBJbldyODV3Y3diTFdDQVF0Qm5LOHJYWDZ4SzhqZDg2V3dJR285MVpQTUxaZkxpT205VHhqX3Z6TGNwMS1lSVU3X1lIYVNUd05wYTNVQjk3VEkyUW1nYlN6cnZ5bHVwQWJ3QmVzbmV6UzY1VFlCMk53ODYyTHQ4Xw?oc=5,positive,2,negative,negative
World News API,DCP leader Rigathi Gachagua arrives in Embu for 'Meet the People' tour,,https://www.kenyamoja.com/video/dcp-leader-rigathi-gachagua-arrives-embu-meet-people-tour-citizen-tv-411691,neutral,1,neutral,neutral
Citizen Digital,"3 hours agoLinda Mwananchi brigade arrives in Trans Nzoia ahead of rallyBy Joseph MuiaGovernor Natembeya received the delegation upon its arrival in Kitale, Trans Nzoia, where the leaders are scheduled to address residents at various public forums during the Western region tour.Read More",,https://citizen.digital/article/governor-natembeya-welcomes-linda-mwananchi-brigade-in-trans-nzoia-n387093,neutral,1,neutral,neutral
Citizen Digital (via Google News),Estate beneficiaries oppose Ksh.120 million legal fees claim by Ojienda’s law firm - Citizen Digital,"Thu, 16 Jul 2026 13:01:16 GMT",https://news.google.com/rss/articles/CBMivAFBVV95cUxPd3AzeUZrcENTbl93QVFNaGRWMzZLd3hyNGNrRi1scGVGVk1sYldWN01pQm1VZmgxVjNHY1BIT0NKcThPSm8tbkhiX1BCTWdsZkxYUXBlb1ZTRTN2UWFvSjNROWtzcjdrcUdoeGRtNjVSbFl3VkQyeEJ3UUF3U29YenZpWXVveThEYkFIa1pSVW1fa3dXV3hWQ2w0czViajFwNXJadUFuckhaUWNpVDdIQkFnZjktQzNpVTZtZg?oc=5,negative,0,negative,negative
K24,Blow to Arsenal as Premier League champions confirm Saliba injury setback,"Thu, 23 Jul 2026 07:34:47 +0000",https://k24.digital/sports/epl/blow-to-arsenal-as-premier-league-champions-confirm-saliba-injury-setback,neutral,1,positive,positive
NTV Kenya,Scaling Family Owned Businesses | Business Redefined,"Tue, 21 Jul 2026 16:35:38 +0000",https://ntvkenya.co.ke/business/scaling-family-owned-businesses-business-redefined/,neutral,1,neutral,neutral
K24,Shakib Cham says Nadia Mukami and Tanasha Donna are only Kenyan female artistes he knows,"Thu, 23 Jul 2026 06:37:58 +0000",https://k24.digital/entertainment/celebrity/shakib-cham-says-nadia-mukami-and-tanasha-donna-are-only-kenyan-female-artistes-he-knows,neutral,1,neutral,neutral
NTV Kenya,Dangote picks Lamu for landmark Kenya oil refinery project,"Wed, 08 Jul 2026 06:50:19 +0000",https://ntvkenya.co.ke/news/dangote-picks-lamu-for-landmark-kenya-oil-refinery-project/,neutral,1,neutral,neutral
NTV Kenya,Ichung’wa to Uhuru: Heal and move on,,https://ntvkenya.co.ke/politics/ichungwa-to-uhuru-heal-and-move-on/,neutral,1,neutral,neutral
World News API,The Last Word | The lessons of Ol Kalou,,,neutral,1,neutral,neutral
NTV Kenya,Lessons From Ol Kalou | The Last Word,"Thu, 23 Jul 2026 10:47:41 +0000",https://ntvkenya.co.ke/arts-lifestyle/the-lessons-from-ol-kalou-the-last-word/,neutral,1,neutral,neutral
The Star,"Kiambu own-source revenue doubles, hits a record Sh6.5 billionThe collections have risen from Sh2.8bn in 2022, with the increase attributed to tighter financial controls.",,https://www.the-star.co.ke/counties/central/2026-07-24-kiambu-own-source-revenue-doubles-hits-a-record-sh65-billion,positive,2,positive,positive
World News API,Nedbank seals Sh116bn NCBA deal,,,positive,2,positive,positive
The Standard,Ruto seeks permanent internship framework for graduates,,https://www.standardmedia.co.ke/national/article/2001553668/ruto-seeks-permanent-internship-framework-for-graduates,positive,2,positive,positive
Citizen Digital (via Google News),"President Ruto launches Ksh.2B jobs programme targeting 100,000 youth - Citizen Digital","Fri, 24 Jul 2026 11:25:13 GMT",https://news.google.com/rss/articles/CBMiqwFBVV95cUxQV1JaWVlJYlFhMmRxN3daV1hVZlYxYkFPMFpvZC1YWmt4TmUwWkIwMnJiRGZfMGJFa2Y0M3NaV1N3MkVjWXVaY05sNmtiRTFhNWRwMlp2NnBWOUhoQXY1UllaM3ZXMUs3X0xIOUt1SzN4QzI3S1ZzczZCMkM1V3U4SHNiSEFJUTRjZFBiNlZ2YkU3aXNEdXRqT0pKVGtwc0ZpOERzTF9rUHdlbTQ?oc=5,positive,2,positive,positive
World News API,WATCH LIVE: Linda Mwananchi Rally in Trans Nzoia County,,https://www.kenyamoja.com/video/watch-live-linda-mwananchi-rally-trans-nzoia-county-citizen-tv-411725,neutral,1,neutral,neutral
The Star,Inside the Ruto–Sakaja pact: Five months after Sh80bn deal — hit or miss?,,https://www.the-star.co.ke/counties/nairobi/2026-07-24-inside-the-ruto-sakaja-pact-five-months-after-sh80bn-deal-hit-or-miss,neutral,1,neutral,neutral
Standard - Politics,Linda Mwananchi vows to strengthen grassroots network,"Sat, 18 Jul 2026 07:30:00 +0300",https://www.standardmedia.co.ke/politics/article/2001553100/linda-mwananchi-vows-to-strengthen-grassroots-network,positive,2,positive,positive
KBC News,"Visa applications by Kenyans up 20pc on work, business travel",,,positive,2,positive,positive
World News API,"ODM's Omanyo faults Sifuna, questions his political influence",,https://www.kenyamoja.com/video/odms-omanyo-faults-sifuna-questions-his-political-influence-ntv-video-411783,neutral,1,negative,negative
NewsData.io,Street Vendors Bill Explained and What It Could Change for Hawkers in Kenya,,,neutral,1,neutral,neutral
The Star,Accessibility gains tested as Ol Kalou by-election exposes PWD inclusion gapsNo disabled candidate made it to the ballot despite new efforts for more inclusion,,https://www.the-star.co.ke/counties/nairobi/2026-07-22-accessibility-gains-tested-as-ol-kalou-by-election-exposes-pwd-inclusion-gaps,negative,0,negative,negative
NTV Kenya,Cameroon swears in world’s oldest president after disputed vote,,https://ntvkenya.co.ke/news/cameroon-swears-in-worlds-oldest-president-after-disputed-vote/,negative,0,negative,negative
The Standard,Sh365 million raised at 37th Rhino Charge Challenge,,https://www.standardmedia.co.ke/sports/motorsport/article/2001549189/sh365-million-raised-at-37th-rhino-charge-challenge,positive,2,positive,positive
The Standard,Ruto says public university students to get full government funding,,https://www.standardmedia.co.ke/education/article/2001553362/ruto-says-public-university-students-to-get-full-government-funding,positive,2,positive,positive
The Standard,KICD yet to pay publishers Sh9b over textbook policy gap as Grade 11 rollout nears,,https://www.standardmedia.co.ke/education/article/2001552965/kicd-yet-to-pay-publishers-sh9b-over-textbook-policy-gap-as-grade-11-rollout-nears,negative,0,negative,negative
Citizen Digital (via Google News),"Ruto, Sifuna trade barbs in escalating 'chicken' feud over affordable housing - Citizen Digital","Thu, 23 Jul 2026 13:50:38 GMT",https://news.google.com/rss/articles/CBMiwgFBVV95cUxNc3VEZEhlWlgzZnRFQ0VqM2lqMnh3NUplckhnWDR6M09jNUM1V2o5U0NWZ0ZsbmdoSzNvbVNLYnVrNFJMODY4bUE0dk9ibGpjdjdvQlNPM0gwZUh0Y2cycXVSNWJQWHVFLW9wNDlzTXgwMDVLSWhIdlNuOWI1c0U3cTA1Uk9nSGhPRmZ2OHI5cHNrUlZvM3JLV2RUMTFaSUd1ZmtBNmVaQ1RoQldxM2Jjc1RxN2szdTRmakpPbE1rTHY2Zw?oc=5,negative,0,negative,negative
NTV Kenya,Nairobi lawyer moves to court to stop new NTSA traffic rules,,https://ntvkenya.co.ke/news/nairobi-lawyer-moves-to-court-to-stop-new-ntsa-traffic-rules/,positive,2,positive,positive
The Standard,Revealed: How much 2025 National Prayer Breakfast cost taxpayers,,https://www.standardmedia.co.ke/national/article/2001553646/revealed-how-much-2025-national-prayer-breakfast-cost-taxpayers,negative,0,negative,negative
NTV Kenya,Congo Senate adopts bill that could pave the way for Tshisekedi’s...,,https://ntvkenya.co.ke/news/congo-senate-adopts-bill-that-could-pave-the-way-for-tshisekedis-third-term/,negative,0,negative,negative
NTV Kenya,Nandi Governor announces plan to rename Kipchoge Keino Stadium after...,,https://ntvkenya.co.ke/news/nandi-governor-announces-plan-to-rename-kipchoge-keino-stadium-after-president-ruto/,neutral,1,neutral,neutral
Standard - Politics,Petition filed to limit nominated MCAs tenure to one term,"Fri, 17 Jul 2026 16:57:22 +0300",https://www.standardmedia.co.ke/politics/article/2001553089/petition-filed-to-limit-nominated-mcas-tenure-to-one-term,positive,2,positive,positive
The Star,NLP counts gains despite modest showing in Ol Kalou pollsMuli said NLP’s performance reflects growing support for a party that is still rebuilding,,https://www.the-star.co.ke/counties/eastern/2026-07-18-nlp-counts-gains-despite-modest-showing-in-ol-kalou-polls,neutral,1,neutral,neutral
The Standard,We must protect every child beyond survival,,https://www.standardmedia.co.ke/opinion/article/2001553160/we-must-protect-every-child-beyond-survival,positive,2,positive,positive
The Standard,"Ruto to certify 40,000 skilled youth without formal qualifications",,https://www.standardmedia.co.ke/national/article/2001553658/ruto-to-certify-40000-skilled-youth-without-formal-qualifications,positive,2,positive,positive
World News API,Kindiki unveils plan to cushion farmers from El Niño and food shortages,,https://www.kenyamoja.com/index.php/video/kindiki-unveils-plan-cushion-farmers-el-nino-and-food-shortages-ktn-news-411346,positive,2,positive,positive
The Standard,"Government bows to pressure on airstrip plan, convenes public participation",,https://www.standardmedia.co.ke/environment-climate/article/2001551935/government-bows-to-pressure-on-airstrip-plan-convenes-public-participation,positive,2,positive,positive
Kenyans.co.ke,UK Issues Fresh Travel Advisory for Kenya,2026-07-22T12:56:21+0300,https://www.kenyans.co.ke/news/125497-uk-updates-travel-advisory-warns-citizens-over-travel-parts-kenya,negative,0,negative,negative
Kenyans.co.ke,"Drone Spraying Costs Ksh1,000 Per Acre and Takes Seven Minutes, Expert Says",2026-07-24T19:55:50+0300,https://www.kenyans.co.ke/featured/125569-drone-spraying-costs-ksh1000-acre-and-takes-seven-minutes-expert-says,positive,2,positive,positive
World News API,Wanariadha wa Kenya Wanaoshiriki Kwa Mara ya Kwanza Walenga Kutwaa Medali Glasgow,7/19/2026 0:00,,positive,2,positive,positive
NTV Kenya,"MPs pass Finance Bill 2026, awaits President Ruto’s assent",,https://ntvkenya.co.ke/news/mps-vote-on-finance-bill-2026-ammendments/,negative,0,positive,positive
The Star,"Relief for Embu tea farmers as state constructs Sh2.2bn key roadThe Rukuriri-Kathageri-Kanyuambora road links productive tea, coffee and dairy zones with processing factories and major highways.",,https://www.the-star.co.ke/counties/central/2026-07-20-relief-for-embu-tea-farmers-as-state-constructs-sh22bn-key-road,positive,2,positive,positive
Standard - Politics,Matiang'i meets Sifuna as opposition talks gather pace ahead of 2027 race,"Wed, 22 Jul 2026 15:28:23 +0300",https://www.standardmedia.co.ke/politics/article/2001553478/matiang-i-meets-sifuna-as-opposition-talks-gather-pace-ahead-of-2027-race,neutral,1,neutral,neutral
Standard - Business,Petition filed for ouster of Kenya Re chief,"Tue, 21 Jul 2026 18:17:00 +0300",https://www.standardmedia.co.ke/business/article/2001553406/petition-filed-for-ouster-of-kenya-re-chief,positive,2,positive,positive
Nairobi Wire,‘Give It to Workers’: Sifuna Snubs Atwoli’s Ksh1 Billion Offer,"Wed, 22 Jul 2026 03:46:12 +0000",https://nairobiwire.com/2026/07/sifuna-rejects-atwoli-ksh1-billion-offer.html,neutral,1,negative,negative
KBC,Gathuthi Tea Factory secures Ksh 65.2M grant for modernization,"Fri, 24 Jul 2026 18:23:19 +0000",https://www.kbc.co.ke/gathuthi-tea-factory-secures-ksh-65-2m-grant-for-modernization/,positive,2,positive,positive
Citizen Digital,"4 hours agoPirlo set for Italy job after Guardiola rejection, report saysBy ReutersThe 55-year-old Spaniard held talks over becoming Italy's head coach, with FIGC president Giovanni ​Malago suggesting financial flexibility could be shown for a candidate of his stature....Read More",,https://citizen.digital/article/pirlo-set-for-italy-job-after-guardiola-rejection-report-says-n387084,neutral,1,neutral,neutral
The Standard,One thing the rest of the country should learn from Mt Kenya on elections,,https://www.standardmedia.co.ke/opinion/article/2001553384/one-thing-the-rest-of-the-country-should-learn-from-mt-kenya-on-elections,neutral,1,neutral,neutral
Headtopics,Merck to let generic makers produce low-cost HIV prevention pill,7/24/2026 23:07,https://us.headtopics.com/news/merck-to-let-generic-makers-produce-low-cost-hiv-85917372,positive,2,positive,positive
Kenya News Agency,"Choose your leaders wisely, Kahiga appeals to Nyeri residents","Wed, 22 Jul 2026 13:24:42 +0000",https://www.kenyanews.go.ke/choose-your-leaders-wisely-kahiga-appeals-to-nyeri-residents/,positive,2,positive,positive
NTV Kenya,"Congo, Rwanda presidents to sign peace deal in Washington",,https://ntvkenya.co.ke/news/congo-rwanda-presidents-to-sign-peace-deal-in-washington/,positive,2,positive,positive
The Star,NERIMA: Ol Kalou is a litmus test for 2027 pollsWhat is ultimately at stake is public confidence in Kenya’s electoral process,,https://www.the-star.co.ke/opinion/columnists/2026-07-16-nerima-ol-kalou-is-a-litmus-test-for-2027-polls,neutral,1,neutral,neutral
Citizen Digital,Google appeals Swedish Ksh.194B anti-trust award,,https://citizen.digital/article/google-appeals-swedish-ksh194b-anti-trust-award-n386920,neutral,1,negative,negative
Kenyans.co.ke,"Ruto Advisors Propose New Law to Stop Presidents, Governors from Abandoning Projects",2026-07-22T15:54:44+0300,https://www.kenyans.co.ke/news/125509-ruto-advisors-propose-new-law-stop-presidents-governors-abandoning-projects,positive,2,positive,positive
Citizen Digital,"News•1 hour agoKenya Kwanza leaders urge Kalonzo to join Ruto, quit opposition ahead of 2027 raceBy Benjamin Muriuki",,https://citizen.digital/article/kenya-kwanza-leaders-urge-kalonzo-to-join-ruto-quit-opposition-ahead-of-2027-race-n387007,neutral,1,neutral,neutral
NTV Kenya,"FIFA, CAF intervene in FKF leadership crisis",,https://ntvkenya.co.ke/news/fifa-caf-intervene-in-fkf-leadership-crisis/,positive,2,positive,positive
Citizen Digital (via Google News),Petition filed for removal of Kenya Pipeline Company board Chair Faith Boinett - Citizen Digital,"Thu, 16 Jul 2026 13:23:45 GMT",https://news.google.com/rss/articles/CBMiugFBVV95cUxQazl5SExKVkVCSEE3YjZJSFNtOV94NG45QzJZNUFST18yckhqeXZCcG8xNHc2cTA1NXdmWjhXd25RTS01TzB5VmFhZkNTcnpTT3N2QXBlbHRnRFZKM196czFNLUFmTkY1RHNaMWZrLW9iTWNfNExfWHJobXM5bFlLMTZxQmx6RWgwQkZVemtVMjctUXAxaFBwc0Vpd3I3dmlKaG45ZnB6VHpsbXB2Q2JOa2dnX0J0c0ZWWVE?oc=5,neutral,1,neutral,neutral
NTV Kenya,KENYA’S SKATING CHAMPION KEVIN KIARIE NARRATES HIS JOURNEY TO STARDOM AMID CHALLENGES | SPORT ON,"Fri, 10 Jul 2026 10:25:36 +0000",https://ntvkenya.co.ke/sports/kenyas-skating-champion-kevin-kiarie-narrates-his-journey-to-stardom-amid-challenges-sport-on/,positive,2,positive,positive
NTV Kenya,Senegal President Faye backs ex-leader Macky Sall’s bid for UN Secretary-General,"Tue, 21 Jul 2026 11:49:08 +0000",https://ntvkenya.co.ke/politics/senegal-president-faye-backs-ex-leader-macky-salls-bid-for-un-secretary-general/,neutral,1,neutral,neutral
The Standard,High Court lifts jail term against former Nairobi Finance CEC Kerich,,https://www.standardmedia.co.ke/nairobi/article/2001552949/high-court-lifts-jail-term-against-former-nairobi-finance-cec-kerich,neutral,1,neutral,neutral
NTV Kenya,Analysis: Will a Sifuna-Kalonzo ticket derail Ruto’s 2027 re-election...,,https://ntvkenya.co.ke/politics/analysis-will-a-sifuna-kalonzo-ticket-derail-rutos-2027-re-election-bid/,neutral,1,neutral,neutral
World News API,Court orders lawfirm to pay ex-secretary Sh 5.4 million for constructive dismissal after assault,,https://www.standardmedia.co.ke/crime-and-justice/article/2001553676/court-orders-lawfirm-to-pay-ex-secretary-sh-54-million-for-constructive-dismissal-after-assault,positive,2,positive,positive
NTV Kenya,"Ruto allies woo Kalonzo, warn against staying with Gachagua ahead of 2027","Fri, 24 Jul 2026 12:03:34 +0000",https://ntvkenya.co.ke/news/ruto-allies-woo-kalonzo-warn-against-staying-with-gachagua-ahead-of-2027/,neutral,1,neutral,neutral
Business Daily,Investor loses final bid against Dyer & Blair over Sh100m deal,"Wed, 22 Jul 2026 12:00:54 GMT",https://www.businessdailyafrica.com/bd/markets/capital-markets/investor-loses-final-bid-against-dyer-blair-over-sh100m-deal-5534256,negative,0,negative,negative
NTV Kenya,Cabinet shake-up looms as Ruto races to meet court gender rule deadline,,https://ntvkenya.co.ke/news/cabinet-shake-up-looms-as-ruto-races-to-meet-court-gender-rule-deadline/,positive,2,positive,positive
NTV Kenya,Babu Owino tops list as preferred Raila Odinga successor – Infotrak,,https://ntvkenya.co.ke/news/babu-owino-tops-list-as-preferred-raila-odinga-successor-infotrak/,neutral,1,negative,negative
Nairobi Wire,Sifuna Loses Senate Deputy Minority Whip Post After ODM Ouster,,,neutral,1,negative,negative
The Standard,"Ruto clears the way for CBK to buy gold locally, flags surge in demand",,https://www.standardmedia.co.ke/business/financial-standard/article/2001552168/ruto-clears-the-way-for-cbk-to-buy-gold-locally-flags-surge-in-demand,positive,2,positive,positive
Kenya News Agency,"6,000 farmers get subsidised fertilizer in Vihiga","Wed, 22 Jul 2026 07:51:51 +0000",https://www.kenyanews.go.ke/6000-farmers-get-subsidised-fertilizer-in-vihiga/,positive,2,positive,positive
Citizen Digital,"3 hours agoGachagua arrives in Embu for 'Meet the People' tourBy Citizen ReporterDuring the visit, Gachagua is also expected to officially open the party's Embu County offices as part of efforts to strengthen the DCP's grassroots presence in the Mt. Kenya region....Read More",,https://citizen.digital/article/gachagua-arrives-in-embu-for-meet-the-people-tour-n387096,neutral,1,neutral,neutral
The Standard,"Sh582 a day: Healthy eating slips out of reach for 44m Kenyans, UN report shows",,https://www.standardmedia.co.ke/national/article/2001553544/sh582-a-day-healthy-eating-slips-out-of-reach-for-44m-kenyans-un-report-shows,negative,0,negative,negative
NTV Kenya,ODM will continue to keep Ruto government in check – Simba Arati,,https://ntvkenya.co.ke/news/odm-will-continue-to-keep-ruto-government-in-check-simba-arati/,neutral,1,neutral,neutral
Kahawa Tungu,Owino named Govt Spokesman in changes,,,neutral,1,neutral,neutral
Kenyans.co.ke,Fresh Twist in BATUK Deal as Govt Responds to Exit Claims,2026-07-24T18:46:50+0300,https://www.kenyans.co.ke/news/125568-batuk-deal-has-not-ended-govt-says-defence-talks-continue,neutral,1,neutral,neutral
Capital FM Kenya,Gachagua offers to train Kenyans on protecting votes ahead of 2027,"Wed, 22 Jul 2026 17:38:52 +0000",https://capitalfm.africa/gachagua-offers-to-train-kenyans-on-protecting-votes-ahead-of-2027/,positive,2,positive,positive
The Standard,"Glock pistol, laptop stolen from businessman in Nairobi",,https://www.standardmedia.co.ke/nairobi/article/2001553176/glock-pistol-laptop-stolen-from-businessman-in-nairobi,negative,0,negative,negative
NTV Kenya,President Ruto leads Madaraka Day celebrations in Wajir,,https://ntvkenya.co.ke/news/president-ruto-leads-madaraka-day-celebrations-in-wajir/,positive,2,positive,positive
NewsData.io,"Nairobi Governor Hopeful Pauline Njoroge Quits Jubilee, Signals Move to Linda Mwananchi Outfit",,,neutral,1,neutral,neutral
The Standard,What happens when financial inclusion outpaces financial literacy?,,https://www.standardmedia.co.ke/opinion/article/2001553238/what-happens-when-financial-inclusion-outpaces-financial-literacy,positive,2,positive,positive
Standard - Politics,We are allowed by Constitution to campaign; Wetang'ula and Kingi tell court,"Sat, 18 Jul 2026 07:45:00 +0300",https://www.standardmedia.co.ke/politics/article/2001553098/we-are-allowed-by-constitution-to-campaign-wetang-ula-and-kingi-tell-court,neutral,1,neutral,neutral
Citizen Digital (via Google News),Linda Mwananchi brigade arrives in Trans Nzoia ahead of rally - Citizen Digital,"Sat, 25 Jul 2026 08:24:40 GMT",https://news.google.com/rss/articles/CBMiqgFBVV95cUxQSE9YczRxWDVUZ1Bidlp0TEdxRF9LM0hlNmZfa1hQbndoMTFwS1RNVUl6TndMWjkxWDdxeEJFaDctTWVmV0piQ0lLZUFVUGxZTHR6VEtxMWFDTlBOc0dJMEEwRnZDdVdVajd2UXl3N2VhUnI2Sm5WQWktazV3T2hIY2ZCbDVSbFktNEo0cmN2Y0tubDN0Rng1b2hpcXh1VDE4WVNSemNnZXVvdw?oc=5,neutral,1,neutral,neutral
Nairobi Wire,Meet the Team David Maraga Has Picked to Drive His 2027 Presidential Bid,,,neutral,1,neutral,neutral
Kenyans.co.ke,PS Hinga Explains Ksh2.56 Billion Affordable Housing Refunds After Reports,2026-07-22T19:10:02+0300,https://www.kenyans.co.ke/news/125515-ps-hinga-disputes-ksh-256b-boma-yangu-claims-clarifies-withdrawals,positive,2,positive,positive
The Standard,Locals hold demos in support of efforts to fence Kaptagat Forest,,https://www.standardmedia.co.ke/environment-climate/article/2001553613/locals-hold-demos-in-support-of-efforts-to-fence-kaptagat-forest,positive,2,positive,positive
NTV Kenya,Fact-checking Ruto’s claims on Al Jazeera about Kenya’s economic...,,https://ntvkenya.co.ke/news/fact-checking-rutos-claims-on-al-jazeera-about-kenyas-economic-performance/,neutral,1,negative,negative
NewsData.io,"Full list of African countries whose citizens qualify to enter, live in Moldova without visa in 2026",,,neutral,1,positive,positive
Citizen Digital,Interior PS Omollo urges parents to protect children from political goonism,,https://citizen.digital/article/interior-ps-omollo-urges-parents-to-protect-children-from-political-goonism-n387055,positive,2,positive,positive
Kenyans.co.ke,Govt Responds After Viral Confrontation Between Kenyan and Burundi National,2026-07-22T15:43:47+0300,https://www.kenyans.co.ke/news/125513-ps-singoei-assures-burundians-safety-after-viral-nairobi-confrontation,neutral,1,neutral,neutral
Standard - Business,Will Kenyan workers survive AI jobs onslaught?,"Wed, 22 Jul 2026 08:50:00 +0300",https://www.standardmedia.co.ke/business/article/2001553393/will-kenyan-workers-survive-ai-jobs-onslaught,neutral,1,neutral,neutral
The Star,"France camp fuels Starlets' WAFCON beliefNanjala, Odemba upbeat ahead of Morocco opener",,https://www.the-star.co.ke/sports/football/2026-07-25-france-camp-fuels-starlets-wafcon-belief,positive,2,positive,positive
NTV Kenya,KenGen HY2026 earnings | Business Redefined,,https://ntvkenya.co.ke/business/kengen-hy2026-earnings-business-redefined/,neutral,1,neutral,neutral
K24,"Tokyo urges men to wear shorts to work, but women say it’s leg hair harassment","Tue, 21 Jul 2026 23:03:06 +0000",https://k24.digital/entertainment/tokyo-urges-men-to-wear-shorts-to-work-but-women-say-its-leg-hair-harassment,neutral,1,neutral,neutral
Citizen Digital (via Google News),Gachagua's best chance of beating Ruto in 2027 is backing Opposition candidate - TIFA - Citizen Digital,"Fri, 24 Jul 2026 07:03:55 GMT",https://news.google.com/rss/articles/CBMivwFBVV95cUxNVXVUVWlENDRPWXJjd21RamNHRkJBaUd4djNnZzdsTkFOd0dJV21EQzZMTV90c2RVNWtZOC1zTTZ6N2gxRDByck15OVV3bjR1bFQzWGw4OE9Rb2M1RThBM000LXRRc1NuaFd0V19IaEdIWXFmd2loZmVlcGV4QTZOY0llZzFDLUZyTzMwaUZIQ2dYNnppaHBEUFpUSjEtWWlROHB0c1ZaM05PbU94aDV6aDZjRmtyQTJTYkZWaC1OTQ?oc=5,neutral,1,neutral,neutral
The Standard,Kenya Power partners with US firm to end wildlife electrocution,,https://www.standardmedia.co.ke/environment-climate/article/2001551278/kenya-power-partners-with-us-firm-to-end-wildlife-electrocution,positive,2,positive,positive
NTV Kenya,Museveni: How can I celebrate Arsenal’s win yet Ugandans are in poverty?,,https://ntvkenya.co.ke/news/museveni-how-can-i-celebrate-arsenals-win-yet-ugandans-are-in-poverty/,neutral,1,neutral,neutral
The Star,"Lessons for Kenya from China’s poverty-ending agrirevolutionWhat was once an unforgiving desert today feeds people globally, showing potential of Northeastern",,https://www.the-star.co.ke/news/big-read/2026-07-16-lessons-for-kenya-from-chinas-poverty-ending-agrirevolution,positive,2,positive,positive
K24,Difference between sun-dried and machine-dried foods – why it matters,"Mon, 20 Jul 2026 08:15:28 +0000",https://k24.digital/lifestyle/food-and-culinary/difference-between-sun-dried-and-machine-dried-foods-why-it-matters,neutral,1,neutral,neutral
Nairobi Wire,New Protest Bill Could Change How Kenyans Organize Public Demonstrations,"Thu, 23 Jul 2026 03:44:22 +0000",https://nairobiwire.com/2026/07/kenya-assembly-picketing-demonstration-bill-2026.html,neutral,1,neutral,neutral
Nairobi Wire,Ruto Orders All State Agencies to Release Information for Transparency Audit,,,positive,2,positive,positive
The Star,"Ex-Nairobi governor Kananu defects ditches UDA, joins Sonko's NEDPKananu has also launched a bid for Mara Parliamentary seat",,https://www.the-star.co.ke/counties/eastern/2026-07-23-ex-nairobi-governor-kananu-defects-ditches-uda-joins-sonkos-nedp,neutral,1,negative,negative
The Standard,When the referee joins the match and why words matter at IEBC,,https://www.standardmedia.co.ke/opinion/article/2001553146/when-the-referee-joins-the-match-and-why-words-matter-at-iebc,neutral,1,neutral,neutral
Standard - Business,Insurers bundle investments with cover as uptake stalls,"Fri, 17 Jul 2026 12:41:00 +0300",https://www.standardmedia.co.ke/business/article/2001553063/insurers-bundle-investments-with-cover-as-uptake-stalls,positive,2,positive,positive
K24,Manchester United’s completed summer business,"Wed, 22 Jul 2026 14:18:41 +0000",https://k24.digital/sports/epl/manchester-uniteds-completed-summer-business,neutral,1,neutral,neutral
Standard - Politics,"Ol Kalou chronicles: Of Kikuyu songs, Ruto's response and trending headline","Sat, 18 Jul 2026 07:35:00 +0300",https://www.standardmedia.co.ke/politics/article/2001553102/ol-kalou-chronicles-of-kikuyu-songs-ruto-s-response-and-trending-headline,neutral,1,neutral,neutral
NTV Kenya,Trade via Northern Corridor Transit | Business Redefined,,https://ntvkenya.co.ke/business/trade-via-northern-corridor-transit-business-redefined/,neutral,1,positive,neutral
KBC,"Court dismisses bid to bar Wetang’ula, Kingi from politics","Thu, 23 Jul 2026 15:19:27 +0000",https://www.kbc.co.ke/court-dismisses-bid-to-bar-wetangula-kingi-from-politics/,neutral,1,neutral,neutral
NTV Kenya,"JSC, High Court decline to bar Isaac Rutto from judges’ interviews over...",,https://ntvkenya.co.ke/politics/jsc-high-court-decline-to-bar-isaac-rutto-from-judges-interviews-over-uda-links/,neutral,1,neutral,neutral
Business Daily,KPA suffers setback in tussle over lucrative forklifts tender,"Thu, 23 Jul 2026 10:05:38 GMT",https://www.businessdailyafrica.com/bd/corporate/companies/kpa-suffers-setback-in-tussle-over-lucrative-forklifts-tender-5535094,negative,0,negative,negative
The Standard,"French comedy gets a Kenyan twist in 'The Maid, The Mboch  The Nanny'",,https://www.standardmedia.co.ke/arts-culture/article/2001553260/french-comedy-gets-a-kenyan-twist-in-the-maid-the-mboch-the-nanny,positive,2,positive,positive
The Mt Kenya Times,Kang’ata joins Gachagua’s DCP ahead of 2027 polls,7/24/2026 21:01,https://mountkenyatimes.co.ke/kangata-joins-gachaguas-dcp-ahead-of-2027-polls/,neutral,1,neutral,neutral
Standard - Politics,"Khalwale, Savula clash over western Kenya's political direction ahead of 2027 polls","Sun, 19 Jul 2026 15:04:21 +0300",https://www.standardmedia.co.ke/politics/article/2001553210/khalwale-savula-clash-over-western-kenya-s-political-direction-ahead-of-2027-polls,negative,0,negative,negative
Kenya News Agency,Vihiga County commits to promote integrity,"Thu, 23 Jul 2026 15:16:24 +0000",https://www.kenyanews.go.ke/vihiga-county-commits-to-promote-integrity/,positive,2,positive,positive
NTV Kenya,Khalwale removed as Senate Majority Whip in UDA shake-up,,https://ntvkenya.co.ke/news/khalwale-removed-as-senate-majority-whip-in-uda-shake-up/,neutral,1,neutral,neutral
NewsData.io,De-identified Health Data Market Sales Analysis and Forecast,,,neutral,1,neutral,neutral
Standard - Politics,Confusion after Sifuna's paybill briefly goes offline following Ruto clash,"Fri, 24 Jul 2026 00:00:00 +0300",https://www.standardmedia.co.ke/politics/article/2001553602/confusion-after-sifuna-s-paybill-briefly-goes-offline-following-ruto-clash,negative,0,negative,negative
K24,Nadia Mukami responds after Arrow Bwoy says she was once his side chick,"Wed, 22 Jul 2026 10:09:26 +0000",https://k24.digital/entertainment/celebrity/nadia-mukami-responds-after-arrow-bwoy-says-she-was-once-his-side-chick,neutral,1,neutral,neutral
Capital FM Kenya,Ruto names IPOA chair nominee in raft of State appointments,,,positive,2,positive,positive
NTV Kenya,King Charles will not live in Buckingham Palace after $487m renovation,,https://ntvkenya.co.ke/news/king-charles-will-not-live-in-buckingham-palace-after-487m-renovation/,neutral,1,neutral,neutral
Nairobi Wire,Raila Odinga Mausoleum Takes Shape After Family Hands Over Site,,,positive,2,positive,positive
Standard - Politics,"ODM, UDA begin joint manifesto talks as leaders rally behind Ruto's re-election bid","Sat, 18 Jul 2026 16:10:07 +0300",https://www.standardmedia.co.ke/politics/article/2001553149/odm-uda-begin-joint-manifesto-talks-as-leaders-rally-behind-ruto-s-re-election-bid,neutral,1,neutral,neutral
Citizen Digital (via Google News),Voting kicks off in high-stakes Ol Kalou By-Election - Citizen Digital,"Thu, 16 Jul 2026 04:11:21 GMT",https://news.google.com/rss/articles/CBMilwFBVV95cUxNMWlDZkFxSkE1ZjN2cTRpeWtmOHhWWkx6RWYyOVJEN0ZSaDdoR3l2aEx5Z21BODlZUURYcHY2Q1FZaHJNdXZIR3EzT2pkbzQwMUE2T01HZ1RRRWQtaXhyVlQtWndzdG81bDhTRVlBU3U1eUdJTmdUbzJzSnJaUUdINnRJdXlPaEpkb0h4eU9CMV9hVGN2eWhB?oc=5,positive,2,positive,positive
The Standard,Pipeline and KCB take lead in KVF play-offs,,https://www.standardmedia.co.ke/sports/volleyball-and-handball/article/2001551981/pipeline-and-kcb-take-lead-in-kvf-play-offs,positive,2,positive,positive
The Star,News Brief: Big test for Ruto as Central resists Gachagua ousterThese are stories making the headlines,,https://www.the-star.co.ke/news/news-brief/2024-10-14-news-brief-big-test-for-ruto-as-central-resists-gachagua-ouster,neutral,1,negative,negative
The Star,State launches Sh15bn climate resilience plan,,https://www.the-star.co.ke/climate-change/2026-07-24-state-launches-sh15bn-climate-resilience-plan,positive,2,positive,positive
The Standard,Parents raise concerns over lack of learner medical cover,,https://www.standardmedia.co.ke/education/article/2001553443/parents-raise-concerns-over-lack-of-learner-medical-cover,negative,0,negative,negative
NTV Kenya,Orengo declares himself acting ODM party leader,,https://ntvkenya.co.ke/news/orengo-declares-himself-acting-odm-party-leader/,neutral,1,neutral,neutral
Business Daily Africa,Where the rich grow money for their children,"Mon, 20 Jul 2026 14:02:56 GMT",https://www.businessdailyafrica.com/bd/lifestyle/personal-finance/where-the-rich-grow-money-for-their-children-5532446,neutral,1,positive,positive
Nairobi Wire,India Has No Odometer Law and 300000 Clocked Cars Change Hands Every Year,,,negative,0,negative,negative
NTV Kenya,NBA superstar LeBron James to leave LA Lakers,,https://ntvkenya.co.ke/news/nba-superstar-lebron-james-to-leave-la-lakers/,neutral,1,neutral,neutral
Currents API,"Ruto says Kenya has reached consensus against goonism, orders crackdown on criminality",,,positive,2,positive,positive
The Standard,Prof Ayub Gitau takes over as UoN VC ending two years of leadership vacuum,,https://www.standardmedia.co.ke/education/article/2001553099/prof-ayub-gitau-takes-over-as-uon-vc-ending-two-years-of-leadership-vacuum,positive,2,positive,positive
NTV Kenya,Ruto to Tuju: You need honest friends,,https://ntvkenya.co.ke/news/ruto-to-tuju-you-need-honest-friends/,neutral,1,negative,negative
K24,Arsenal enquire about RB Leipzig star Yan Diomande after Morgan Rogers’ setback,"Thu, 23 Jul 2026 09:06:50 +0000",https://k24.digital/sports/epl/arsenal-enquire-about-rb-leipzig-star-yan-diomande-after-morgan-rogers-setback,neutral,1,neutral,neutral
The Star,"Longer lifespans, Kenyans must plan early for retirement - expertsOnly about 26% of the Kenyan workforce has an active pension plan",,https://www.the-star.co.ke/business/markets/2026-07-17-longer-lifespans-kenyans-must-plan-early-for-retirement-experts,positive,2,positive,positive
NTV Kenya,Indian billionaire Adani weighs airline launch,"Thu, 23 Jul 2026 07:42:18 +0000",https://ntvkenya.co.ke/news/indian-billionaire-adani-weighs-airline-launch-that-could-reshape-market-sources-say/,neutral,1,positive,positive
Citizen Digital (via Google News),Trump to bask in World Cup final spotlight - Citizen Digital,"Sun, 19 Jul 2026 12:11:29 GMT",https://news.google.com/rss/articles/CBMiigFBVV95cUxPX3ZFR1ZtbG4tQmxPRzNfc3FnYXAtS2Z2MS1zNFU0RUZqQXhXZU1iZVUtYy1ZbzFvX3VINktpeGFwUnVVWGRKYXhJNnBKWFV2ZGNTOVhJbUxWTDBoVXJOaE45MG9BMTFxUjgtei1wdjRNbU00cU5CWGYtNVZ2LTdCNlVNdkVPMzBTcEE?oc=5,neutral,1,neutral,neutral
Standard - Politics,"Forget Ol kalou loss and focus on development, Ruto tells leaders","Sat, 18 Jul 2026 07:35:00 +0300",https://www.standardmedia.co.ke/politics/article/2001553107/forget-ol-kalou-loss-and-focus-on-development-ruto-tells-leaders,positive,2,positive,positive
Citizen Digital (via Google News),Matiang'i hosts Sifuna's Linda Mwananchi group 'to align strategies' - Citizen Digital,"Wed, 22 Jul 2026 12:11:51 GMT",https://news.google.com/rss/articles/CBMipwFBVV95cUxOT3ptQVBnUUlucUNSenN2ZDlNdkpDRm5oamp3cldZUFVyaDUyeGJ6QUFTN1BPUnplY2kzTlpjZHZGX0xoUzVUcFdNOWhiLTd3X1dhQW9vdkpkU3RJeWJLRWdIcjdaeF84dEs3SDFXNTVWa2xjX0tJNDZsUHJuUnAxT1h1RVhBWVNsN0tMaktOblIxTHB6WnVaYWVpX2dZZEx2cVY2UmFYcw?oc=5,neutral,1,neutral,neutral
Standard - Business,Data protection office bets on global quality standards amid rising cyber threats,"Wed, 22 Jul 2026 16:28:29 +0300",https://www.standardmedia.co.ke/business/article/2001553485/data-protection-office-bets-on-global-quality-standards-amid-rising-cyber-threats,positive,2,positive,positive
Standard - Politics,The whims and memes from Ol Kalou,"Mon, 20 Jul 2026 08:35:00 +0300",https://www.standardmedia.co.ke/politics/article/2001553239/the-whims-and-memes-from-ol-kalou,positive,2,positive,positive
The Star,"Buyu enters race to succeed Governor Nyong’o in KisumuKisumu West MP cites her legislative experience, says she's ready for county's top job",,https://www.the-star.co.ke/counties/nyanza/2026-07-24-buyu-enters-race-to-succeed-governor-nyongo-in-kisumu,neutral,1,neutral,neutral
The Star,ODM must guard against losing its national soulConsolidating home support and maintaining national reach are both necessary for survival,,https://www.the-star.co.ke/opinion/leader/2026-07-21-odm-must-guard-against-losing-its-national-soul,neutral,1,neutral,neutral
NTV Kenya,Unlocking Africa’s Next Frontier | Business Redefined,"Wed, 22 Jul 2026 16:35:37 +0000",https://ntvkenya.co.ke/business/unlocking-africas-next-frontier-business-redefined/,positive,2,positive,positive
K24,How a car’s suspension system works to protect your spine,"Wed, 22 Jul 2026 18:07:37 +0000",https://k24.digital/lifestyle/technology/how-a-cars-suspension-system-works-to-protect-your-spine,positive,2,positive,positive
Nairobi Wire,“She Is Part of My Family”: Wajir Woman’s Bond With Rescued Ostrich Ends in Emotional Goodbye,,,positive,2,positive,positive
World News API,Siaya Governor James Orengo arrives in Trans Nzoia ahead of the Linda Mwananchi rally,,https://www.kenyamoja.com/video/siaya-governor-james-orengo-arrives-trans-nzoia-ahead-linda-mwananchi-rally-citizen-tv-411692,neutral,1,neutral,neutral
Citizen Digital (via Google News),YVONNNE'S TAKE: Party after party... After party - Citizen Digital,"Thu, 23 Jul 2026 21:07:07 GMT",https://news.google.com/rss/articles/CBMiiwFBVV95cUxQUE9aekpSdm5fZVVJbGU3UE1RLTRidTZVdTBpLU9fY2I2bVZFNTZYaFpCc0JZUEVsYm9FTDRkVHV3MXg5RDdDeF9ER3pDdGYxaTZVZmd3ejlESUFOUzV1TmRtWkN3V1lzRzktWkZzLTY5SGtIQmlTVEQyVzJlNW54WlZpWGhnVUpKd2sw?oc=5,neutral,1,neutral,neutral
K24,Mama Jimmy recalls meeting her husband at 15,"Wed, 22 Jul 2026 12:25:47 +0000",https://k24.digital/entertainment/celebrity/mama-jimmy-recalls-meeting-her-husband-at-15,neutral,1,neutral,neutral
K24,Gloria Ntazola explains why she always wears holy rosary around her neck,"Wed, 22 Jul 2026 11:20:32 +0000",https://k24.digital/entertainment/celebrity/gloria-ntazola-explains-why-she-always-wears-holy-rosary-around-her-neck,neutral,1,neutral,neutral
Standard - Business,All in the cards: Woman who seeks life's meaning in tarot,"Wed, 15 Jul 2026 09:53:27 +0300",https://www.standardmedia.co.ke/business/article/2001552838/all-in-the-cards-woman-who-seeks-life-s-meaning-in-tarot,neutral,1,neutral,neutral
Citizen Digital (via Google News),AK unveils Riadha Connect platform to manage athletics activities - Citizen Digital,"Wed, 22 Jul 2026 13:31:22 GMT",https://news.google.com/rss/articles/CBMiqAFBVV95cUxNXzl3RWpDNGdPd0ExZTVvc3Fvc28tX29YVWl4UDFxQ3MyRGxMbDY2Q016UXlTLWl5a2ZLdTNMa2RVYmRQV2JjYjBuVFdIcVd2ZS1GOG44WEVfckRhSXR5S0pKVEZuSjZudjRhcWZvWHV1NDVUNjVGV2pnNG9zT0czdVNhVnBuOGtrX2x0bEYzMGZuTUFxTHV5aHN2OWhPT09OOWE0Ul9SSE0?oc=5,positive,2,positive,positive
Citizen Digital (via Google News),"Nigeria's Tinubu approves army expansion to 12 divisions with 28,000 new recruits - Citizen Digital","Fri, 24 Jul 2026 20:23:33 GMT",https://news.google.com/rss/articles/CBMiuwFBVV95cUxQR1RUWF9QVzRQWG1hVks4VE16cXlxOGJXNTRtc3RadXM5N290NnRIalQxaFVlQWJXMlZCenIzMVBJVjI2U3Y1Z01lM1oxUmhaYXpjMnhxSERCX0RfMUNlVHFqcVpiX0twenpLZFBkMC1zRkFMelFfVnBob2VfZ0RTblZXdjgtZU9HbnZPSkdydWhESk9XUEZCS2ZSSFQ1ZVVrS21ValpocEttX2l1LTFWREw0LUluMU9hVEZF?oc=5,positive,2,positive,positive
Nairobi Wire,Step-by-Step: How to Verify a Recruitment Agency Before Applying for Jobs,"Fri, 24 Jul 2026 03:44:12 +0000",https://nairobiwire.com/2026/07/verify-recruitment-agency-nea-neaims-guide.html,positive,2,positive,positive
The Standard,Omtatah demands details on Nairobi Park projects,,https://www.standardmedia.co.ke/environment-climate/article/2001551607/omtatah-demands-details-on-nairobi-park-projects,positive,2,positive,positive
The Standard,Beverage price wars loom as Indian billionaire acquires Kenyan firm for Sh4.8b,,https://www.standardmedia.co.ke/business/financial-standard/article/2001552722/beverage-price-wars-loom-as-indian-billionaire-acquires-kenyan-firm-for-sh48b,negative,0,negative,negative
World News API,Excitement and tension in western region over Sifuna tour,,,neutral,1,neutral,neutral
NewsData.io,PAULINE NJOROGE’s statement on resignation from UHURU’s Jubilee Party,,,neutral,1,neutral,neutral
K24,Rare inspiration behind Manchester United’s 2026/27 away blue kit,"Thu, 23 Jul 2026 05:18:50 +0000",https://k24.digital/sports/epl/rare-inspiration-behind-manchester-uniteds-2026-27-away-blue-kit,neutral,1,neutral,neutral
World News API,"Five Voices, One Stage | FridayNightRave",,https://www.kenyamoja.com/video/five-voices-one-stage-fridaynightrave-ntv-video-411428,neutral,1,neutral,neutral
KBC News,More Than Flour: Grain Industries Limited’s growing footprint in Kenya,,,positive,2,positive,positive
Capital FM Kenya,Kenya seeks fresh green investment to restore 10.6mn hectares of degraded land,"Wed, 22 Jul 2026 15:38:44 +0000",https://capitalfm.africa/kenya-seeks-fresh-green-investment-to-restore-10-6mn-hectares-of-degraded-land/,positive,2,positive,positive
NTV Kenya,Trump intervention sparks World Cup storm as FIFA clears Balogun to face Belgium,"Mon, 06 Jul 2026 07:17:15 +0000",https://ntvkenya.co.ke/news/trump-intervention-sparks-world-cup-storm-as-fifa-clears-balogun-to-face-belgium/,negative,0,positive,positive
People Daily,KUCCPS explains whether university-placed students can apply for KMTC’s September 2026 intake,7/24/2026 21:31,https://peopledaily.digital/news/kuccps-explains-whether-university-placed-students-can-apply-for-kmtcs-september-2026-intake,neutral,1,neutral,neutral
The Star,SA's president wins bid to temporarily halt impeachment,,https://www.the-star.co.ke/news/africa/2026-07-24-sas-president-wins-bid-to-temporarily-halt-impeachment,neutral,1,neutral,neutral
NTV Kenya,Sakaja surrenders key City Hall functions to Ruto,,https://ntvkenya.co.ke/news/sakaja-surrenders-key-city-hall-functions-to-ruto/,positive,2,positive,positive
Business Daily,Portuguese firm battling auctioneers selected for mega Embu dam project,"Wed, 22 Jul 2026 13:37:41 GMT",https://www.businessdailyafrica.com/bd/economy/portuguese-firm-selected-for-mega-embu-dam-project-5534414,negative,0,negative,negative
KBC,"Ruto will silence critics at polls, says Kindiki","Wed, 22 Jul 2026 17:42:15 +0000",https://www.kbc.co.ke/ruto-will-silence-critics-at-polls-says-kindiki/,neutral,1,neutral,neutral
K24,Nairobi Water explains how Nairobians can check their water supply schedule,"Thu, 23 Jul 2026 07:40:56 +0000",https://k24.digital/news/nairobi-water-explains-how-nairobians-can-check-their-water-supply-schedule,positive,2,positive,positive
NewsData.io,"Pauline Njoroge resigns from Jubilee Party, joins Linda Mwananchi movement",,,neutral,1,neutral,neutral
The Star,New dawn for Garissa boda boda riders as they elect new leaders,,https://www.the-star.co.ke/counties/north-eastern/2026-07-23-new-dawn-for-garissa-boda-boda-riders-as-they-elect-new-leaders,positive,2,positive,positive
The Standard,Together for People and Planet: Helping marginalised communities shape environmental decisions,,https://www.standardmedia.co.ke/environment-climate/article/2001552754/together-for-people-and-planet-helping-marginalised-communities-shape-environmental-decisions,positive,2,positive,positive
The Standard,"French government to fund Sh4.5b UoN's youth research,  innovation centre",,https://www.standardmedia.co.ke/education/article/2001552767/french-government-to-fund-sh45b-uons-youth-research-innovation-centre,positive,2,positive,positive
Kenyans.co.ke,CS Ruku Unveils New Policy for Gen Z Recruitment to Govt Jobs,2026-07-24T08:12:54+0300,https://www.kenyans.co.ke/news/125553-cs-ruku-unveils-policy-replace-ageing-public-servants-gen-z-workforce,positive,2,positive,positive
Citizen Digital (via Google News),The writing is on the wall': DCP's Sammy Kamau warns President Ruto after by-election win - Citizen Digital,"Fri, 17 Jul 2026 06:33:49 GMT",https://news.google.com/rss/articles/CBMixAFBVV95cUxNT0IxdlZydDlqVmtmaXlWMjd4ZzN0VjZwTVVycFMyX2NQSnh6Q1NlM00wWWtfX3JHeG9zVlE3T0ltRndPQmFJeXVQYU5wWHpydmh4dkdXT250TFpVNU1ESEsxSjk1OFR4VkRVc09lVkl0QTlPOTNNRHlxNDczQ1FVVTZycFJuQWdrWEJSOEI0QXQ2Q2VEeDRCYUN0NURMSjFkbjRUUWJrcEdzMlUxMzBJa3h5N3hMZVVNQXhqU1NWTlZ4Zm5H?oc=5,neutral,1,neutral,neutral
Standard - Business,Court paves way for dockers union polls amid leadership row,"Thu, 23 Jul 2026 00:00:00 +0300",https://www.standardmedia.co.ke/business/article/2001553487/court-paves-way-for-dockers-union-polls-amid-leadership-row,neutral,1,neutral,neutral
Standard - Business,Inside huge cash withdrawals from affordable housing kitty,"Thu, 23 Jul 2026 08:35:00 +0300",https://www.standardmedia.co.ke/business/article/2001553494/inside-huge-cash-withdrawals-from-affordable-housing-kitty,negative,0,negative,negative
Nairobi Wire,Ruto Says Government Will Fully Fund Every Student Placed in University or College,"Wed, 22 Jul 2026 03:47:28 +0000",https://nairobiwire.com/2026/07/ruto-announces-full-funding-public-university-students.html,positive,2,positive,positive
The Standard,Somalia advances plan to establish National Revenue Authority,,https://www.standardmedia.co.ke/africa/article/2001553468/somalia-advances-plan-to-establish-national-revenue-authority,positive,2,positive,positive
Standard - Politics,East or West? Ruto's headache as rivals thwart push for Mt Kenya split,"Thu, 23 Jul 2026 08:35:00 +0300",https://www.standardmedia.co.ke/politics/article/2001553522/east-or-west-ruto-s-headache-as-rivals-thwart-push-for-mt-kenya-split,neutral,1,neutral,neutral
Business Daily,Stanchart Pension blocks review of new claims by ex-staff,"Wed, 22 Jul 2026 15:48:37 GMT",https://www.businessdailyafrica.com/bd/corporate/companies/stanchart-pension-blocks-review-of-new-claims-by-ex-staff-5534708,negative,0,negative,negative
Currents API,US-backed Ebola quarantine center operating despite Kenya court order,,,negative,0,negative,negative
K24,WAFCON 2026: Records that could be broken in Morocco,"Sat, 25 Jul 2026 08:23:22 +0000",https://k24.digital/sports/wafcon-2026-records-that-could-be-broken-in-morocco,positive,2,negative,negative
K24,OpenAI confirms global ChatGPT outage,"Sat, 25 Jul 2026 11:18:17 +0000",https://k24.digital/lifestyle/technology/openai-confirms-global-chatgpt-outage,negative,0,negative,negative
Standard - Politics,MPs urge voters to elect more female candidates to achieve gender rule,"Tue, 21 Jul 2026 12:33:29 +0300",https://www.standardmedia.co.ke/politics/article/2001553355/mps-urge-voters-to-elect-more-female-candidates-to-achieve-gender-rule,positive,2,positive,positive
K24,Luo Festival organisers announce date and venue for 2026 event,"Wed, 22 Jul 2026 16:04:47 +0000",https://k24.digital/entertainment/events/luo-festival-organisers-announce-date-and-venue-for-2026-event,neutral,1,positive,positive
NTV Kenya,Trump signals plan to sanction countries trading with Russia,,https://ntvkenya.co.ke/news/trump-signals-plan-to-sanction-countries-trading-with-russia/,neutral,1,neutral,neutral
K24,How a pinch of salt keeps fresh flowers looking vibrant,"Sat, 25 Jul 2026 06:34:21 +0000",https://k24.digital/lifestyle/home-and-living/how-a-pinch-of-salt-keeps-fresh-flowers-looking-vibrant,positive,2,positive,positive
Business Daily,Pesalink money transfer fee cuts spread to 19 banks in retail battle,"Tue, 21 Jul 2026 14:20:38 GMT",https://www.businessdailyafrica.com/bd/corporate/companies/pesalink-money-transfer-fee-cuts-spread-to-19-banks-5533510,positive,2,positive,positive
The Standard,Prof. Ayub Gitau takes helm at UoN,,https://www.standardmedia.co.ke/education/article/2001553024/prof-ayub-gitau-takes-helm-at-uon,positive,2,positive,positive
The Standard,Who are the six candidates vying to lead the UN?,,https://www.standardmedia.co.ke/world/article/2001553621/who-are-the-six-candidates-vying-to-lead-the-un,neutral,1,positive,positive
The Standard,Kakamega High School dispensary reopens after Sh1m uplift,,https://www.standardmedia.co.ke/health/health-science/article/2001553275/kakamega-high-school-dispensary-reopens-after-sh1m-uplift,positive,2,positive,positive
Standard - Politics,Gachagua set to depart for US next month,"Tue, 21 Jul 2026 06:00:00 +0300",https://www.standardmedia.co.ke/politics/article/2001553317/gachagua-set-to-depart-for-us-next-month,neutral,1,positive,positive
The Standard,Kenya records 80 per cent increase in HPV vaccination among girls,,https://www.standardmedia.co.ke/health/health-science/article/2001553097/kenya-records-80-per-cent-increase-in-hpv-vaccination-among-girls,positive,2,negative,negative
Nairobi Wire,Ruto Advisors Propose Binding Law to Protect Kenya’s “Singapore Dream” Vision,"Thu, 23 Jul 2026 03:47:04 +0000",https://nairobiwire.com/2026/07/kenya-singapore-dream-development-law-ruto-vision.html,positive,2,positive,positive
The Standard,Why cracking student unrest is a shared responsibility,,https://www.standardmedia.co.ke/opinion/article/2001553577/why-cracking-student-unrest-is-a-shared-responsibility,positive,2,positive,positive
The Standard,Plan ahead! NTSA system to go offline for hours,,https://www.standardmedia.co.ke/national/article/2001553684/plan-ahead-ntsa-system-to-go-offline-for-hours,negative,0,negative,negative
The Standard,PremiumSifuna endorsed for presidency as Western leaders threaten to ditch ODM,,https://www.standardmedia.co.ke/business/politics/article/2001553694/sifuna-endorsed-for-presidency-as-western-leaders-threaten-to-ditch-odm,neutral,1,neutral,neutral
World News API,Civil Society Launches Good Governance Campaign Ahead of 2027 Elections,,https://www.kenyamoja.com/video/civil-society-launches-good-governance-campaign-ahead-2027-elections-ktn-news-411835,positive,2,positive,positive
Capital FM,"TSC to advertise 34,000 teacher promotions as govt moves to confirm 20,000 JSS tutors","Sat, 25 Jul 2026 07:26:46 +0000",https://capitalfm.africa/tsc-to-advertise-34000-teacher-promotions-as-govt-moves-to-confirm-20000-jss-tutors/,positive,2,positive,positive
The Star,BACHELOR’S DIARY: Chonga viazi is realBachelor pays dearly for high-end restaurant date,,https://www.the-star.co.ke/sasa/entertainment/2026-07-19-bachelors-diary-chonga-viazi-is-real,negative,0,negative,negative
World News API,Mombasa: Washukiwa wa ulanguzi wa mihadarati wakamatwa wakitaka kuondoka nchini kuelekea Dubai,7/19/2026 0:00,,positive,2,positive,positive
NewsData.io,Nuclear Medicine Market Revenue Forecast 2033,,,neutral,1,negative,negative
Citizen Digital,"3 hours agoODM leaders defend Ruto's affordable housing project, rebuke Sifuna over criticismBy Erick OwengaOmanyo was responding to remarks made by Sifuna earlier this week, in which he downplayed the significance of the project, citing cultural concerns in the Western region....Read More",,https://citizen.digital/article/odm-leaders-defend-affordable-housing-rebuke-sifuna-over-criticism-n386999,neutral,1,neutral,neutral
The Standard,How Siaya couple is reaping big from worm juice,,https://www.standardmedia.co.ke/business/work-life/article/2001549920/how-siaya-couple-is-reaping-big-from-worm-juice,positive,2,positive,positive
The Standard,"Ogamba defends TVET hiring, says sector meets diversity",,https://www.standardmedia.co.ke/education/article/2001553606/ogamba-defends-tvet-hiring-says-sector-meets-diversity,positive,2,positive,positive
The Star,On the Radar: Mutai's ouster trial to begin in SenateKey events and activities happening today.,,https://www.the-star.co.ke/news/news-brief/2024-10-14-on-the-radar-mutais-ouster-trial-to-begin-in-senate,neutral,1,neutral,neutral
The Star,"From self-belief to the world stage: Why Diana Wanza could be Kenya's next distance queenA graduate of Kenyatta University, where she pursued a Bachelor of Education, Wanza's passion for the track burned so fiercely that not even her parents could not persuade her to walk away from the sport, choosing the track over chalk.",,https://www.the-star.co.ke/sports/athletics/2026-07-24-from-self-belief-to-the-world-stage-why-diana-wanza-could-be-kenyas-next-distance-queen,positive,2,positive,positive
NewsData.io,Kenya: Communication Authority Tightens Rules On Importation for ICT Equipment Distributors,,,positive,2,positive,positive
Standard - Politics,Ruto allies urge Ukambani residents to prioritise development over party politics,"Sun, 19 Jul 2026 14:38:41 +0300",https://www.standardmedia.co.ke/politics/article/2001553209/ruto-allies-urge-ukambani-residents-to-prioritise-development-over-party-politics,neutral,1,neutral,neutral
K24,YouTube star MrBeast weds girlfriend Thea Booysen in intimate island ceremony,"Wed, 22 Jul 2026 04:02:32 +0000",https://k24.digital/entertainment/celebrity/youtube-star-mrbeast-weds-girlfriend-thea-booysen-in-intimate-island-ceremony,neutral,1,neutral,neutral
Standard - Business,Lamu residents demand transparency in proposed Sh2.2 trillion oil refinery,"Sun, 19 Jul 2026 15:37:44 +0300",https://www.standardmedia.co.ke/business/article/2001553212/lamu-residents-demand-transparency-in-proposed-sh2-2-trillion-oil-refinery,positive,2,positive,positive
The Standard,EACC recovers public assets worth Sh126m in Western Kenya anti-graft drive,,https://www.standardmedia.co.ke/western/article/2001553596/eacc-recovers-public-assets-worth-sh126m-in-western-kenya-anti-graft-drive,positive,2,negative,negative
Citizen Digital,News•32 seconds agoMathare United CEO Obure eyes major revival after relegation escapeBy Derrick Otieno,,https://citizen.digital/article/mathare-united-ceo-obure-eyes-major-revival-after-relegation-escape-n387009,positive,2,positive,positive
The Star,"Smoke out criminals and their collaborators, MP tells Laikipia residentsLawmaker says community cooperation is critical to tackling livestock theft and banditry",,https://www.the-star.co.ke/counties/central/2026-07-23-smoke-out-criminals-and-their-collaborators-mp-tells-laikipia-residents,positive,2,neutral,neutral
NewsData.io,👨🏿‍🚀TechCabal Daily – Lie detector test for SIM cards,,,positive,2,positive,positive
The Star,EACC moves to recover Sh790m Kisumu prison landThe land is part of an original 16.2-acre parcel reserved for the Kenya Prisons Service,,https://www.the-star.co.ke/counties/nyanza/2026-07-21-eacc-moves-to-recover-sh790m-kisumu-prison-land,positive,2,positive,positive
NTV Kenya,"Kenya-Ethiopia power deal to connect over 10,000 new customers","Tue, 14 Jul 2026 10:07:24 +0000",https://ntvkenya.co.ke/news/kenya-ethiopia-power-deal-to-connect-over-10000-new-customers/,positive,2,positive,positive
World News API,IPOA presents footage tracking Albert Ojwang's final hours,,,positive,2,negative,negative
NTV Kenya,School heads push for higher fees to sustain operations,,https://ntvkenya.co.ke/news/school-heads-push-for-higher-fees-to-sustain-operations/,negative,0,negative,negative
Kenyans.co.ke,KNEC Outlines Steps to Download Digital KCSE Certificates,2026-07-21T12:03:43+0300,https://www.kenyans.co.ke/news/125459-knec-outlines-step-step-process-download-digital-kcse-certificate,positive,2,positive,positive
World News API,Made in Uganda magnesium injection to fight pre-eclampsia launched,,https://www.newvision.co.ug/category/health/made-in-uganda-magnesium-injection-to-fight-p-NV_237667_072026,positive,2,positive,positive
The Standard,"PremiumVuvuzelas, church vows and pilgrimages: The beautiful madness of Arsenal fanaticism in Kenya",,https://www.standardmedia.co.ke/business/sports/article/2001549067/vuvuzelas-church-vows-and-pilgrimages-the-beautiful-madness-of-arsenal-fanaticism-in-kenya,neutral,1,neutral,neutral
The Standard,"Vuvuzelas, church vows and pilgrimages: The beautiful madness of Arsenal fanaticism in Kenya",,https://www.standardmedia.co.ke/sports/sports/article/2001549067/vuvuzelas-church-vows-and-pilgrimages-the-beautiful-madness-of-arsenal-fanaticism-in-kenya,neutral,1,neutral,neutral
Standard - Business,"KenGen's ambitious 5,500 MW plan to deal with rising demand for electricity","Sat, 18 Jul 2026 06:00:00 +0300",https://www.standardmedia.co.ke/business/article/2001553075/kengen-s-ambitious-5-500-mw-plan-to-deal-with-rising-demand-for-electricity,positive,2,positive,positive
NTV Kenya,"United Opposition steps up anti-Ruto campaign, vows to protect vote amid...",,https://ntvkenya.co.ke/politics/united-opposition-steps-up-anti-ruto-campaign-vows-to-protect-vote-amid-rigging-claims/,neutral,1,neutral,neutral
Business Daily,Dealmaker Kenne owner of Nabo Capital acquirer,"Mon, 20 Jul 2026 17:48:11 GMT",https://www.businessdailyafrica.com/bd/corporate/companies/dealmaker-kenne-owner-of-nabo-capital-acquirer-5532664,neutral,1,neutral,neutral
Kenyans.co.ke,Govt Raises Fuel Price Concerns Ahead of August EPRA Review,2026-07-24T18:16:30+0300,https://www.kenyans.co.ke/news/125567-govt-raises-fuel-price-concerns-ahead-august-epra-review,negative,0,negative,negative
Standard - Business,Paper vs property: Why the high net-worth are abandoning real estate,"Wed, 15 Jul 2026 12:44:00 +0300",https://www.standardmedia.co.ke/business/article/2001552865/paper-vs-property-why-the-high-net-worth-are-abandoning-real-estate,negative,0,negative,negative
Standard - Politics,"Oparanya, Wetang'ula battle for western Kenya's political crown ahead of 2027","Tue, 21 Jul 2026 12:00:00 +0300",https://www.standardmedia.co.ke/politics/article/2001553340/oparanya-wetang-ula-battle-for-western-kenya-s-political-crown-ahead-of-2027,neutral,1,neutral,neutral
NTV Kenya,Belgium granted right to appeal FIFA’s Folarin Balogun decision,"Mon, 06 Jul 2026 09:32:15 +0000",https://ntvkenya.co.ke/sports/belgium-granted-right-to-appeal-fifas-folarin-balogun-decision/,positive,2,positive,positive
K24,How listening to rain sounds helps people sleep,"Thu, 23 Jul 2026 10:47:38 +0000",https://k24.digital/lifestyle/home-and-living/how-listening-to-rain-sounds-helps-people-sleep,neutral,1,neutral,neutral
World News API,THE PHILIPPINES-MANILA-CHINESE FM-CANADIAN FM-MEETING,,,neutral,1,neutral,neutral
The Standard,Relief to 6000 farmers as soya bean production intensifies,,https://www.standardmedia.co.ke/nyanza/article/2001553574/relief-to-6000-farmers-as-soya-bean-production-intensifies,positive,2,positive,positive
NewsData.io,OPINION: Kipenga Cha Mama na Mtoto: How Kenya Can Turn Football Into a Lifeline for Mothers,,,positive,2,positive,positive
NTV Kenya,"Court strikes out bid to bar Wetang’ula, Kingi from political activities","Fri, 24 Jul 2026 07:44:15 +0000",https://ntvkenya.co.ke/news/court-strikes-out-bid-to-bar-wetangula-kingi-from-political-activities/,neutral,1,neutral,neutral
The Star,Outgoing governor gets cold feet over MP seatThe rival has won over many residents through generous donations.,,https://www.the-star.co.ke/news/corridors-of-power/2026-07-22-outgoing-governor-gets-cold-feet-over-mp-seat,neutral,1,neutral,neutral
NTV Kenya,Battle for ODM: Power struggle shifts between boardroom and grassroots,,https://ntvkenya.co.ke/politics/battle-for-odm-power-struggle-shifts-between-boardroom-and-grassroots/,neutral,1,neutral,neutral
Citizen Digital (via Google News),"President Ruto unveils Ksh.30B projects in Makueni, vows no region will be left behind - Citizen Digital","Fri, 17 Jul 2026 14:14:01 GMT",https://news.google.com/rss/articles/CBMiwgFBVV95cUxQX256RjJKTVdOX3R6eGdkYnhRQXpRMFExWm83aUN6aXJkUGtXMjUxaFNEXzVLQW5FRGZ5SWNRX2lOZ2d2YVJId1lxbFpMMkJ4SW9ENmh3LVdXeDFCSlBSbmFScnNpWm9sOVhfbUt5bVQwS2Q1V3pWbzNMbk5PODc2ZlBZUTlJNzVsTUJyT2hJU3FhWkMwYlZFNUVNb1ptdUtJakd0a0VMQmdfNUk1WU0tUzhjVTRwTXNhUXRuVmJtUGxTQQ?oc=5,positive,2,positive,positive
Citizen Digital (via Google News),High Court clears construction of 52KM road through Aberdare National Park and Forest - Citizen Digital,"Fri, 17 Jul 2026 12:29:02 GMT",https://news.google.com/rss/articles/CBMiwwFBVV95cUxNWm82MklBMVdNR1hhQmNnR2JMTzBaZzJuYUZfQUtCMXRiQzEtQzZpUGdVSVVKZ3l2M2JFUEhnaUdlb1E1ZmZQZGNHRkJnSXc3Q091WjBTUklGalo0aVNvODR6Vl9uRUZHMHg0N0FVSW9jT2xJWmxiNThJaDRNYnZiaElHYUtHbFc1MFFMaGxwTEh2MkdVNGl5aHJYMmdYZEtQT1Q2elI3TlZvSDNDUDJrcTdwZzlyeF90V29OMl9uVDc3SXc?oc=5,positive,2,positive,positive
World News API,Ruto Allies Face Tough Choices as DCP Strengthens Political Hold in Mt Kenya,,,neutral,1,neutral,neutral
NTV Kenya,WhatsApp usernames to let people chat without revealing phone number,,https://ntvkenya.co.ke/news/whatsapp-usernames-to-let-people-chat-without-revealing-phone-number/,positive,2,positive,positive
The Star,"Usman vs du Plessis set for high-stakes UFC showdownThe contest, scheduled to headline UFC Fight Night 281 in Oklahoma City, pits two former title holders against each other",,https://www.the-star.co.ke/sasa/society/2026-07-17-usman-vs-du-plessis-set-for-high-stakes-ufc-showdown,neutral,1,positive,positive
Citizen Digital (via Google News),"All or nothing!' Karua says will not settle for deputy president post, to support United Opposition candidate - Citizen Digital","Tue, 21 Jul 2026 20:24:30 GMT",https://news.google.com/rss/articles/CBMi3wFBVV95cUxQb3NnV0dsYnFGaVVnTHdaaTY0YjhJaEpDNmVtRG9PblBma2lQRFpFcS0tNDRSM0VkRUpRcjNQTlVtZDFtN0xiQUJLRlFsM2tFTXRNYkdwcDZmdlN5RGpPUXBkRXdNUzd0WXNvX0tnMmJ6R1lEYmNuRmJnbFhWZmFrWHpiU3JWWnR2aXZ5dTlzSXBwaTBSWUI5TW5FRGtTN2ZtVm9tcUR1d2ExYmZ3VDdWdXMzT1lmMlZwT2JRT0RDV3BKRVZsZDRLNnlNWWsybk9qZDlwcEc2bC15amNMb0Vj?oc=5,neutral,1,neutral,neutral
Kenyans.co.ke,High Court Issues Fresh Orders to IG Kanja in Gatoto School Dispute,2026-07-24T16:13:00+0300,https://www.kenyans.co.ke/news/125564-high-court-orders-ig-kanja-personally-oversee-gatoto-school-handover-august-13,neutral,1,neutral,neutral
Citizen Digital (via Google News),Harambee Starlets forward Violet Nanjala eyes continental spotlight in Morocco - Citizen Digital,"Fri, 24 Jul 2026 04:07:38 GMT",https://news.google.com/rss/articles/CBMiugFBVV95cUxObEh0TFZtYzdkT25WbmRIMklmaGJ5c0I2cmJIck5YdDhyRXU0cjdlVzVndUdUY1pISGU4Sk9DQ2xzSlFpblRqS0ZmQjFiOW9xUWtORDNYclQwem82QW1iVnltbUtsRGxlN05WUGMxMWI3NGhjeDFObHJrd25idlpjS3JSbFE4azQway1VTExhbzcxUXJXVUxFWHY2NURVdHgxaDE5a1NyN3Y5cFBEUkdGLURNZGxKd2V3Q1E?oc=5,positive,2,positive,positive
The Standard,Ambitious KDF target national league gong,,https://www.standardmedia.co.ke/sports/boxing/article/2001551982/ambitious-kdf-target-national-league-gong,positive,2,positive,positive
The Standard,"Limuru's calling, as Ngugi wa Thiong'o Centre unveiled, Kombani launches book",,https://www.standardmedia.co.ke/opinion/article/2001553603/limurus-calling-as-ngugi-wa-thiongo-centre-unveiled-kombani-launches-book,positive,2,positive,positive
NTV Kenya,Safaricom Chief Financial Services Officer Esther Waititu quits,"Tue, 21 Jul 2026 07:49:45 +0000",https://ntvkenya.co.ke/news/safaricom-chief-financial-services-officer-esther-waititu-quits/,neutral,1,neutral,neutral
World News API,THE EXPLAINER | LEADERS AND SEASONS | MARTHA KARUA,,,neutral,1,negative,negative
The Standard,"Mammon fell! Ol Kalou exposed limits of money politics, patronage",,https://www.standardmedia.co.ke/opinion/article/2001553377/mammon-fell-ol-kalou-exposed-limits-of-money-politics-patronage,neutral,1,neutral,neutral
NTV Kenya,Dua Lipa sues Samsung for $15 million for allegedly using her image to...,,https://ntvkenya.co.ke/entertainment/dua-lipa-sues-samsung-for-15-million-for-allegedly-using-her-image-to-sell-tvs/,neutral,1,neutral,neutral
K24,Nyako says she is under investigation in Germany after being reported over TikTok earnings,"Thu, 23 Jul 2026 16:23:37 +0000",https://k24.digital/entertainment/celebrity/nyako-says-she-is-under-investigation-in-germany-after-being-reported-over-tiktok-earnings,neutral,1,neutral,neutral
World News API,Fred Matiang'i Attends SDA Service in Utawala Before Addressing Supporters and Nairobi Residents,,https://www.kenyamoja.com/video/fred-matiangi-attends-sda-service-utawala-addressing-supporters-and-nairobi-residents-ktn,neutral,1,neutral,neutral
Standard - Politics,Ruto breaks silence over DCP Ol Kalou landslide,"Fri, 17 Jul 2026 12:20:07 +0300",https://www.standardmedia.co.ke/politics/article/2001553045/ruto-breaks-silence-over-dcp-ol-kalou-landslide,neutral,1,neutral,neutral
The Standard,How Kaptagat Forest restoration overcame hurdles in last 10 years,,https://www.standardmedia.co.ke/environment-climate/article/2001552092/how-kaptagat-forest-restoration-overcame-hurdles-in-last-10-years,positive,2,positive,positive
NewsData.io,"BasiGo to open EV charging stations in Meru, Nanyuki and Nyeri",,,positive,2,negative,negative
The Standard,Ruto orders SHA enrolment for health promoters,,https://www.standardmedia.co.ke/national/article/2001553726/ruto-orders-sha-enrolment-for-health-promoters,positive,2,positive,positive
Citizen Digital (via Google News),"CS Ruku pushes for Mt Kenya East autonomy, cites decades of marginalisation - Citizen Digital","Sat, 18 Jul 2026 12:07:02 GMT",https://news.google.com/rss/articles/CBMitAFBVV95cUxPYVB4TlMtVGREVkRDWUZNT2VGcFZQeERUOFJ2NmdicEJsZGx5bHlnaHAtSzJMX0FoemM4VDZ0b3ZPOUc5blVnNFlJaG1CTFdzbGk2b0dHa2U3c3U2VGo1WDhlbDJZb2FRN0Z2UER6LVhlZUdEVzVodFdXTzg0bnViOGZJVThmbWNmVWhNcnZnYU5GbE9BejVWaEExUTk3M2ZaMEZqc0RWUkpwc2lEWFVzRDdNZS0?oc=5,positive,2,positive,positive
NTV Kenya,Linturi sues Meru Governor Mutuma for Sh50m,,https://ntvkenya.co.ke/politics/ex-cs-linturi-sues-meru-governor-mutuma-for-sh50m/,neutral,1,neutral,neutral
NTV Kenya,Court orders release of woman held over posts on Ruto’s air travel details,"Fri, 03 Jul 2026 12:12:41 +0000",https://ntvkenya.co.ke/news/court-orders-release-of-woman-held-for-posting-rutos-air-travel-details/,positive,2,positive,positive
Citizen Digital,"2 hours agoSinner, Djokovic withdraw from Montreal MastersBy AFP""After carefully considering all the factors together with my team, we have made the difficult decision to withdraw from Montreal,"" Sinner said in a statement.Read More",,https://citizen.digital/article/sinner-djokovic-withdraw-from-montreal-masters-n387090,neutral,1,neutral,neutral
The Standard,Harambee Starlets ready to rumble,,https://www.standardmedia.co.ke/sports/sports/article/2001553664/harambee-starlets-ready-to-rumble,positive,2,positive,positive
The Standard,Ronald Ngala Utalii College to open on September 1,,https://www.standardmedia.co.ke/national/article/2001553592/ronald-ngala-utalii-college-to-open-on-september-1,positive,2,positive,positive
Standard - Headlines,"""Mimi si mjinga, nyinyi ndio akili hamna!"" Ruto tells off opponents","Thu, 23 Jul 2026 14:29:55 +0300",https://www.standardmedia.co.ke/article/2001553565/mimi-si-mjinga-nyinyi-ndio-akili-hamna-ruto-tells-off-opponents,negative,0,negative,negative
NTV Kenya,"Preparing Nigerian cuisine Amala, Gbegiri served with Ewedu | Pishi Bomba","Thu, 09 Jul 2026 14:16:35 +0000",https://ntvkenya.co.ke/arts-lifestyle/preparing-nigerian-cuisine-amala-gbegiri-served-with-ewedu/,positive,2,positive,positive
NTV Kenya,Chelsea sign Morgan Rogers from Aston Villa in record British deal,"Wed, 22 Jul 2026 13:03:22 +0000",https://ntvkenya.co.ke/sports/chelsea-sign-morgan-rogers-from-aston-villa-in-record-british-deal/,neutral,1,positive,positive
K24,"Erectile dysfunction: Causes, symptoms and treatment options explained","Wed, 22 Jul 2026 17:45:35 +0000",https://k24.digital/lifestyle/health-and-fitness/erectile-dysfunction-causes-symptoms-and-treatment-options-explained,negative,0,positive,positive
World News API,Kenya Pipeline storm into Mozzart Kenya Cup final,,https://www.kenyamoja.com/video/kenya-pipeline-storm-mozzart-kenya-cup-final-ntv-video-411807,positive,2,positive,positive
Citizen Digital (via Google News),How a 64-team World Cup could transform soccer's economics - Citizen Digital,"Wed, 22 Jul 2026 19:12:14 GMT",https://news.google.com/rss/articles/CBMingFBVV95cUxQMWVCR3ZwSU9qZnE3NGc4NUJ0eDNxNjFjN3I1LVg2TEpBbkpRbVRQY2VUenBvNktkN0w4MmdpTENXRG9NYlNsclFnb0ZwUXM2YktMTlZEQkxJdWt4Wk8xa005TzFMLXNBT085ejRzVzBNRkJmSHJBdEk2SVdKNk52dEFYODhWYkc5ZElYNFRkYUZDZkxWUUpJUGRWeGhUZw?oc=5,positive,2,positive,positive
The Star,OKUMU: The toll at every doorThe answer is not to build everything ourselves but terms that keep the keys in our hands even when the tool is someone else's,,https://www.the-star.co.ke/opinion/columnists/2026-07-14-okumu-the-toll-at-every-door,neutral,1,negative,negative
The Star,"Counties to adopt tougher safety and environmental rules for projectsNew World Bank-backed framework requires them to meet stricter environmental, social, health and safety rules.",,https://www.the-star.co.ke/health/2026-07-01-counties-to-adopt-tougher-safety-and-environmental-rules-for-projects,neutral,1,neutral,neutral
Citizen Digital,"1 hour agoKiangati residents demand action after hippo turns homestead into sleeping groundBy Johnson MuriithiFor nearly a month, the hippo has been leaving River Thiba every evening and making its way into the compound of Francis Nyamu, where it spends the night before returning to the river at dawn....Read More",,https://citizen.digital/article/kiangati-residents-demand-action-after-hippo-turns-homestead-into-sleeping-ground-n387099,negative,0,negative,negative
K24,Niliwacha mkorogo: Justina Syokau explains why she stopped bleaching her face,"Thu, 23 Jul 2026 05:56:09 +0000",https://k24.digital/entertainment/celebrity/niliwacha-mkorogo-justina-syokau-explains-why-she-stopped-bleaching-her-face,neutral,1,neutral,neutral
The Star,"Delayed Rachuonyo road project back on track, says OmolloOmollo said the government was also investing Sh605 million in water supply projects.",,https://www.the-star.co.ke/counties/nyanza/2026-07-24-delayed-rachuonyo-road-project-back-on-track-says-omollo,positive,2,positive,positive
The Star,Western’s succession puzzle as leaders split over poll strategy,,https://www.the-star.co.ke/counties/western/2026-07-24-westerns-succession-puzzle-as-leaders-split-over-poll-strategy,neutral,1,negative,negative
The Standard,"Mali, Niger and Burkina Faso bid to host AFCON 2032",,https://www.standardmedia.co.ke/africa/article/2001553526/mali-niger-and-burkina-faso-bid-to-host-afcon-2032,positive,2,positive,positive
World News API,Agroecologists seek involvement in policy decisions,,https://www.standardmedia.co.ke/smart-harvest/article/2001553729/agroecologists-seek-involvement-in-policy-decisions,neutral,1,negative,negative
Citizen Digital,What's the deal with peptides? The hyped market under US review,,https://citizen.digital/article/whats-the-deal-with-peptides-the-hyped-market-under-us-review-n386949,neutral,1,neutral,neutral
K24,Step-by-step guide to getting police clearance certificate in Kenya in 24 hours,"Thu, 23 Jul 2026 10:27:55 +0000",https://k24.digital/news/step-by-step-guide-to-getting-police-clearance-certificate-in-kenya-in-24-hours,neutral,1,neutral,neutral
Nairobi Wire,Linda Mwananchi Claims Ruto Blocked Bid to Register New Political Party,,,negative,0,negative,negative
Kenya News Agency,Escarpment Belt irrigation project nears completion,"Thu, 23 Jul 2026 15:22:31 +0000",https://www.kenyanews.go.ke/escarpment-belt-irrigation-project-nears-completion/,positive,2,positive,positive
The Star,"Wetang'ula: 700,000 eligible voters not registered in Bungoma and KakamegaWetang'ula urges churches, women to drive voter registration as he rallies Western behind Ruto",,https://www.the-star.co.ke/counties/western/2026-07-19-nyanza-page-story-1-700000-eligible-voters-not-registered-in-bungoma-and-kakamega-says-wetangula-1,neutral,1,neutral,neutral
The Standard,Kenya steps up Ebola preparedness amid Laikipia quarantine row,,https://www.standardmedia.co.ke/health/health-science/article/2001553469/kenya-steps-up-ebola-preparedness-amid-laikipia-quarantine-row,neutral,1,neutral,neutral
The Standard,31 Kiambu TVET graduates set for Germany jobs in pilot labour mobility scheme,,https://www.standardmedia.co.ke/education/article/2001553354/31-kiambu-tvet-graduates-set-for-germany-jobs-in-pilot-labour-mobility-scheme,positive,2,positive,positive
NTV Kenya,"Nigeria’s Dangote begins pricing local fuel sales in dollars, citing crude supply constraints","Wed, 15 Jul 2026 07:56:37 +0000",https://ntvkenya.co.ke/news/nigerias-dangote-begins-pricing-local-fuel-sales-in-dollars-citing-crude-supply-constraints/,neutral,1,neutral,neutral
K24,France set to unveil Zidane as Didier Deschamps’s successor,"Thu, 23 Jul 2026 14:23:32 +0000",https://k24.digital/sports/world-cup/french-fa-to-unveil-zidane-as-didier-deschampss-successor,neutral,1,neutral,neutral
Standard - Business,KAA to modernise airports amid increased cargo and passenger traffic,"Thu, 16 Jul 2026 06:00:00 +0300",https://www.standardmedia.co.ke/business/article/2001552894/kaa-to-modernise-airports-amid-increased-cargo-and-passenger-traffic,positive,2,positive,positive
The Star,"Competition Authority boss joins Uasin Gishu governor raceRotuk, an accountant and economist with more than 30 years’ experience in the public and private sectors",,https://www.the-star.co.ke/counties/rift-valley/2026-07-20-competition-authority-boss-joins-uasin-gishu-governor-race,neutral,1,neutral,neutral
KBC,"Ruto: Linda Mama upgraded, not scrapped","Thu, 23 Jul 2026 13:31:49 +0000",https://www.kbc.co.ke/ruto-linda-mama-upgraded-not-scrapped/,positive,2,positive,positive
Citizen Digital,News•an hour agoWATCH LIVE: Linda Mwananchi Rally in Trans Nzoia CountyBy Citizen Reporter,,https://citizen.digital/article/watch-live-linda-mwananchi-rally-in-trans-nzoia-county-n387095,neutral,1,neutral,neutral
K24,How echo in high-ceiling houses elevates daily stress levels,"Thu, 23 Jul 2026 06:01:25 +0000",https://k24.digital/lifestyle/home-and-living/how-echo-in-high-ceiling-houses-elevates-daily-stress-levels,negative,0,positive,positive
Nairobi Wire,Former Nairobi Governor Anne Kananu Defects From UDA to Sonko’s NEDP,"Fri, 24 Jul 2026 03:40:43 +0000",https://nairobiwire.com/2026/07/anne-kananu-joins-nedp-leaves-uda-maara-mp-bid.html,neutral,1,negative,negative
The Star,Kisumu community health workers get digital tablets to boost servicesTablets to improve primary healthcare and strengthen the collection and use of health data at the community level,,https://www.the-star.co.ke/counties/nyanza/2026-07-24-kisumu-community-health-workers-get-digital-tablets-to-boost-services,positive,2,positive,positive
Standard - Politics,Wetang'ula defends Ruto agenda to spread development to marginalised areas,"Wed, 22 Jul 2026 09:41:42 +0300",https://www.standardmedia.co.ke/politics/article/2001553432/wetang-ula-defends-ruto-agenda-to-spread-development-to-marginalised-areas,positive,2,positive,positive
The Standard,City MCAs say 'Sakaja is ignoring us',,https://www.standardmedia.co.ke/nairobi/article/2001551708/city-mcas-say-sakaja-is-ignoring-us,negative,0,negative,negative
Kenya News Agency,Judiciary roots for Alternative Justice System in Marsabit,"Thu, 23 Jul 2026 11:39:05 +0000",https://www.kenyanews.go.ke/judiciary-roots-for-alternative-justice-system-in-marsabit/,positive,2,positive,positive
Kenya News Agency,Kindiki commissions Kithimani land registry,"Thu, 23 Jul 2026 16:08:04 +0000",https://www.kenyanews.go.ke/kindiki-commissions-kithimani-land-registry/,positive,2,positive,positive
K24,Inside the Clash of the Thundermans review: A family divided by superpowers,"Sat, 25 Jul 2026 09:39:09 +0000",https://k24.digital/entertainment/movies/inside-the-clash-of-the-thundermans-review-a-family-divided-by-superpowers,neutral,1,neutral,negative
World News API,"Jane Frances Acilo, Founder Managing Director - ABJA Farms Limited || Trading Bell",,,neutral,1,neutral,neutral
The Standard,UDA's Samuel Muchina lands State appointment,,https://www.standardmedia.co.ke/national/article/2001553477/udas-samuel-muchina-lands-state-appointment,positive,2,positive,positive
The Standard,Subaru driver in a dramatic high-speed chase after alleged hit-and-run in Nairobi,"Mon, 06 Jul 2026 15:16:10 +0300",https://www.standardmedia.co.ke/article/2001552145/subaru-driver-in-a-dramatic-high-speed-chase-after-alleged-hit-and-run-in-nairobi,negative,0,negative,negative
The Star,Supreme Court upholds Japan companies tax waiversDeputy Chief Justice Philomena Mwilu upheld an earlier Court of Appeal decision,,https://www.the-star.co.ke/business/markets/2026-07-20-supreme-court-upholds-japan-companies-tax-waivers-for-contracts-undertaken-in-kenya,positive,2,positive,positive
Kenyans.co.ke,Kenyans.co.ke Weekly Quiz: 10 Questions to Test Your News Knowledge ​​,2026-07-24T11:24:29+0300,https://www.kenyans.co.ke/news/125551-kenyanscoke-weekly-quiz-10-questions-test-your-news-knowledge,neutral,1,neutral,neutral
Citizen Digital,"5 hours agoRuto, Sifuna trade barbs in escalating 'chicken' feud over affordable housingBy Kenneth GachieThe political clash erupted after Senator Sifuna criticized the high-rise residential buildings being constructed under Ruto's housing initiative.Speaking during a radio interview on July 22, 2026, Si...Read More",,https://citizen.digital/article/president-ruto-sifuna-trade-barbs-in-escalating-chicken-feud-over-affordable-housing-n386984,negative,0,negative,negative
NTV Kenya,"Messi will score more but I want the trophy, Mbappe says",,https://ntvkenya.co.ke/news/messi-will-score-more-but-i-want-the-trophy-mbappe-says/,neutral,1,neutral,neutral
Kenyans.co.ke,Mbadi Confirms New Timeline for PAYE Changes for All Salaried Kenyans,2026-07-22T12:02:13+0300,https://www.kenyans.co.ke/news/125494-cs-mbadi-hints-paye-relief-salaried-kenyans-september-2026,neutral,1,neutral,neutral
The Star,"Build better homes or lose the climate battle, experts warnExperts say land has a social function as housing takes centre stage in Nairobi’s climate meet",,https://www.the-star.co.ke/climate-change/2026-06-23-build-better-homes-or-lose-the-climate-battle-experts-warn,negative,0,negative,negative
Standard - Politics,Kang'ata joins DCP months after ditching UDA,"Fri, 24 Jul 2026 19:42:52 +0300",https://www.standardmedia.co.ke/politics/article/2001553690/kang-ata-joins-dcp-months-after-ditching-uda,neutral,1,neutral,neutral
World News API,Bushiri Queens Yatinga Fainali za Chapa Dimba Kakamega Baada ya Ushindi Dhidi ya Mwira,7/19/2026 0:00,,positive,2,positive,positive
World News API,TV47 LIVE,,https://www.kenyamoja.com/video/tv47-live-tv-47-411727,neutral,1,neutral,neutral
NTV Kenya,Ol Kalou chaos: A closer look at individuals identified in NTV investigation,"Tue, 21 Jul 2026 08:43:40 +0000",https://ntvkenya.co.ke/news/ol-kalou-chaos-a-closer-look-at-individuals-identified-in-ntv-investigation/,negative,0,negative,negative
NTV Kenya,Saba Saba updates,"Tue, 07 Jul 2026 06:19:07 +0000",https://ntvkenya.co.ke/news/saba-saba-updates/,neutral,1,neutral,neutral
The Star,CBK joins push for seamless African payments to cut trade costsFragmented payment systems remain one of the biggest barriers to intra-African trade,,https://www.the-star.co.ke/business/kenya/2026-07-20-cbk-joins-push-for-seamless-african-payments-to-cut-trade-costs,positive,2,positive,positive
NewsData.io,Govt Invites Applications for KCAA Board of Directors Positions,,,neutral,1,neutral,neutral
K24,Chelsea sign Morgan Rogers in record-breaking deal,"Wed, 22 Jul 2026 04:10:49 +0000",https://k24.digital/sports/epl/chelsea-sign-morgan-rogers-in-record-breaking-deal,positive,2,positive,positive
Capital FM Kenya,Kenyan peacekeepers expand security operations in Eastern DRC to strengthen civilian protection,,,positive,2,positive,positive
The Standard,Kerich sneaks back to City Hall as questions linger over his role,,https://www.standardmedia.co.ke/nairobi/article/2001553524/kerich-sneaks-back-to-city-hall-as-questions-linger-over-his-role,negative,0,negative,negative
World News API,Why regular weighing of your poultry is critical,,https://www.standardmedia.co.ke/smart-harvest/article/2001553728/why-regular-weighing-of-your-poultry-is-critical,positive,2,positive,positive
Kenya News Agency,Turkana County’s push for cross-border peace,"Thu, 23 Jul 2026 16:21:42 +0000",https://www.kenyanews.go.ke/turkana-countys-push-for-cross-border-peace/,positive,2,positive,positive
Business Today Kenya,Co-operative Bank is Now the 4th Largest Listed Company,,,positive,2,positive,positive
The Standard,Linda Mwananchi supporters warn against disruption of Bungoma rally,,https://www.standardmedia.co.ke/western/article/2001553398/linda-mwananchi-supporters-warn-against-disruption-of-bungoma-rally,negative,0,negative,negative
The Star,Puzzle of tax-free Brazil sugar that originated from South AfricaMombasa Sugar Refinery was granted permission to import raw sugar duty-free,,https://www.the-star.co.ke/business/kenya/2026-07-22-puzzle-of-tax-free-brazil-sugar-that-originated-from-south-africa,negative,0,negative,negative
K24,"Savara confirms dates for his Vienna, Austria performances","Wed, 22 Jul 2026 15:27:03 +0000",https://k24.digital/entertainment/celebrity/savara-confirms-dates-for-his-vienna-austria-performances,positive,2,positive,positive
Standard - Business,"Asharami to breakground on KPRL, gas terminal in October","Fri, 17 Jul 2026 08:00:00 +0300",https://www.standardmedia.co.ke/business/article/2001552971/asharami-to-breakground-on-kprl-gas-terminal-in-october,positive,2,positive,positive
The Standard,Lebanon PM says Beirut working for 'complete Israeli withdrawal',,https://www.standardmedia.co.ke/world/article/2001553527/lebanon-pm-says-beirut-working-for-complete-israeli-withdrawal,neutral,1,neutral,neutral
The Standard,The unintended impact of growing tech use on higher learning,,https://www.standardmedia.co.ke/business/opinion/article/2001552801/the-unintended-impact-of-growing-tech-use-on-higher-learning,negative,0,positive,positive
The Star,"Manufacturers free to resize products, but must inform consumers – CAKThere has been complains on bread, cooking fat, tissue paper and LPG",,https://www.the-star.co.ke/business/markets/2026-07-24-manufacturers-free-to-resize-products-but-must-inform-consumers-cak,negative,0,negative,negative
World News API,Court team inspects Nairobi Animal Orphanage relocation sites,,,neutral,1,neutral,neutral
NewsData.io,Centobin Law Office Helps Calgary Families Protect Their Future Through Estate Planning,,,positive,2,positive,positive
Standard - Business,KTDA to import 1.9 million bags of fertiliser for smallholder tea farmers,"Fri, 24 Jul 2026 06:00:00 +0300",https://www.standardmedia.co.ke/business/article/2001553622/ktda-to-import-1-9-million-bags-of-fertiliser-for-smallholder-tea-farmers,positive,2,positive,positive
Capital FM Kenya,6 Senators don DCP’s signature green as party rides Ol Kalou momentum,,,neutral,1,neutral,neutral
Kenyans.co.ke,KPA Unveils Lamu Port Growth Plan Ahead of Dangote-Linked Refinery Project,2026-07-21T12:15:00+0300,https://www.kenyans.co.ke/news/125460-lamu-port-growth-gains-momentum-kpa-seeks-more-ships-cargo-and-investment,positive,2,positive,positive
Kahawa Tungu,"Ruto, CSs Make Fresh Govt Appointments","Sat, 25 Jul 2026 08:27:47 +0000",https://kahawatungu.com/ruto-css-make-fresh-govt-appointments-2/,neutral,1,neutral,neutral
The Standard,Schools get until Friday to update learners' data,,https://www.standardmedia.co.ke/education/article/2001553447/schools-get-until-friday-to-update-learners-data,positive,2,positive,positive
K24,Manchester United face fans’ uproar over season-ticket restrictions,"Wed, 22 Jul 2026 06:26:11 +0000",https://k24.digital/sports/epl/manchester-united-face-fans-uproar-over-season-ticket-restrictions,negative,0,negative,negative
The Star,KAGWE: President must leave Ipoa and independent institutions aloneSolidarity across all independent institutions of the state is a necessary strategy to protect the constitution.,,https://www.the-star.co.ke/siasa/2026-07-19-kagwe-president-must-leave-ipoa-and-independent-institutions-alone,negative,0,negative,negative
Ghafla Kenya,Kenya Met Forecast: 19 Counties to Receive Rain as Cold Nights Persist Across Several Regions,,,positive,2,positive,positive
Capital FM Kenya,Makau Mutua Dismisses DCP’s Ol Kalou By-Election Win as ‘Nothingburger’,"Mon, 20 Jul 2026 04:58:56 +0000",https://capitalfm.africa/makau-mutua-dismisses-dcps-ol-kalou-by-election-win-as-nothingburger/,neutral,1,neutral,neutral
K24,5 small things women secretly wish their boyfriends would do on Girlfriend’s Day,"Wed, 22 Jul 2026 07:39:14 +0000",https://k24.digital/lifestyle/love-and-relationships/5-small-things-women-secretly-wish-their-boyfriends-would-do-on-girlfriends-day,positive,2,positive,positive
NTV Kenya,Intellectual Property Rights & How To Avoid Legal Trouble  | Sekou Owino,"Wed, 08 Jul 2026 07:54:29 +0000",https://ntvkenya.co.ke/arts-lifestyle/intellectual-property-rights-how-to-avoid-legal-trouble-sekou-owino/,positive,2,positive,positive
The Star,EDITORIAL: Protect Sacco savings at all costsThe hard-earned savings of millions of Kenyans must never be placed at unnecessary risk,,https://www.the-star.co.ke/opinion/leader/2026-07-13-editorial-protect-sacco-savings-at-all-costs,positive,2,positive,positive
The Standard,Six months: Why Ebola survivors have to wait before having unprotected intercourse,,https://www.standardmedia.co.ke/health/reproductive-health/article/2001551367/six-months-why-ebola-survivors-have-to-wait-before-having-unprotected-intercourse,neutral,1,neutral,neutral
NewsData.io,Supreme Court Backs Treasury's Power To Grant Foreign Investors Tax Exemptions,,,positive,2,positive,positive
The Star,"Treasury cuts 2027-28 budget timelines ahead of August electionParliament will be required to conclude debate and approval of both the Finance Bill, 2027 and the Appropriation Bill by the end of March",,https://www.the-star.co.ke/business/kenya/2026-07-23-treasury-cuts-2027-28-budget-timelines-ahead-of-august-election,positive,2,positive,positive
Capital FM Kenya,Nairobi County Executive approves Phase I of Mass Rapid Transit System,"Wed, 22 Jul 2026 06:24:56 +0000",https://capitalfm.africa/nairobi-county-executive-approves-phase-i-of-mass-rapid-transit-system/,positive,2,positive,positive
The Star,"Restoring public trust in financial ecosystemFraud is no longer limited to physical documents, branch-level weaknesses or isolated misconduct",,https://www.the-star.co.ke/business/commentary/2026-07-07-restoring-public-trust-in-financial-ecosystem,negative,0,negative,negative
The Standard,"Kenya's operation undertakers, who will save them?",,https://www.standardmedia.co.ke/environment-climate/article/2001552421/kenyas-operation-undertakers-who-will-save-them,negative,0,negative,negative
The Standard,PremiumCourt orders lawfirm to pay ex-secretary Sh 5.4 million for constructive dismissal after assault,,https://www.standardmedia.co.ke/business/crime-and-justice/article/2001553676/court-orders-lawfirm-to-pay-ex-secretary-sh-54-million-for-constructive-dismissal-after-assault,negative,0,positive,positive
World News API,KNUT demands answers over disputed Lurambi teacher transfers. (8),,https://www.kenyamoja.com/video/knut-demands-answers-over-disputed-lurambi-teacher-transfers-8-ntv-video-411774,negative,0,negative,negative
The Standard,Ruto banks on Kenya Red Cross to roll out national ambulance dispatch centre,,https://www.standardmedia.co.ke/national/article/2001553520/ruto-banks-on-kenya-red-cross-to-roll-out-national-ambulance-dispatch-centre,positive,2,positive,positive
Kahawa Tungu,Caitlin Foord Siblings: Getting to Know Jamie Foord,,,neutral,1,neutral,neutral
Kahawa Tungu,Ceri Holland Siblings: Getting to Know Glesni,,,neutral,1,neutral,neutral
Citizen Digital (via Google News),Sifuna to Atwoli: I do not need your Ksh.1 billion campaign money - Citizen Digital,"Tue, 21 Jul 2026 12:09:26 GMT",https://news.google.com/rss/articles/CBMipgFBVV95cUxQbG5fdEtYNDhmU0lhRnVRTkF6LVZQUEtQUnFyZDNqeWhqRkpIRU1MejJ3SFlLU3lvOS1MaEpOQnFKSWJWMi1yalR2b3FELTAxQmlDWGlyMmhYdjQ5OW1hdG03T0VSd1VicjRYMVlKNEdUUjJsbkZZYlRvMEt2dnBpZ1FUNEE2OWxjLUlRbm02MnRSalpaclNNNkpqVTJtUjlYckE3TlpB?oc=5,negative,0,negative,negative
Nairobi Wire,Jubilee MP Declares Gachagua the New Mt Kenya Political General,,,neutral,1,neutral,neutral
The Star,Rangwe MP hopeful wants aspirants included in voter registration driveIEBC is undertaking voter registration across the country,,https://www.the-star.co.ke/counties/nyanza/2026-07-20-rangwe-mp-hopeful-wants-aspirants-included-in-voter-registration-drive,neutral,1,neutral,neutral
K24,What women often misunderstand about male friendships,"Thu, 23 Jul 2026 13:22:43 +0000",https://k24.digital/lifestyle/love-and-relationships/what-women-often-misunderstand-about-male-friendships,neutral,1,negative,negative
Kenyans.co.ke,U.S. Company Among Firms Shortlisted for Kenya's Lucrative Minerals Deal,2026-07-24T07:19:22+0300,https://www.kenyans.co.ke/news/125552-critical-metals-corp-among-firms-shortlisted-kenyas-mrima-hill-minerals-project,positive,2,positive,positive
Standard - Business,How digital innovators are staying afloat in the AI era,"Wed, 15 Jul 2026 13:58:49 +0300",https://www.standardmedia.co.ke/business/article/2001552873/how-digital-innovators-are-staying-afloat-in-the-ai-era,neutral,1,neutral,neutral
NTV Kenya,"Gen Muhoozi shuts down NTV Uganda, Spark TV and Daily Monitor",,https://ntvkenya.co.ke/news/gen-muhoozi-shuts-down-ntv-uganda-spark-tv-and-daily-monitor/,negative,0,negative,negative
Citizen Digital (via Google News),Kenya races against time to deliver venues for African Volleyball Champs - Citizen Digital,"Wed, 22 Jul 2026 16:21:52 GMT",https://news.google.com/rss/articles/CBMisgFBVV95cUxNSzRLTmRvTGN2R1c4Tmw2MF94YWhZNEpydWNPM3F0cHR3S2NyQXNYbXhTU05LMElxc3Zya3pkV3pmUF9FajJBM2VyeFVneEhYYVhNbXpsVkRuR0FoUlhxTjFIeFEtVmtWb1BWdEhTU2ZhSkh6OHl0RXJTQ0dJUVpNUnE2ZEVWVk83YkRpRUZnUl9zSTluREtMRFI4N3hhc3NZLXIzeDRTUlJoanphOEg0Smdn?oc=5,negative,0,negative,negative
The Standard,Conservationist lands global role protecting 90 antelope species,,https://www.standardmedia.co.ke/environment-climate/article/2001552956/conservationist-lands-global-role-protecting-90-antelope-species,positive,2,positive,positive
K24,How charcoal-wood smoke preserves traditional Mursik,"Thu, 23 Jul 2026 04:34:43 +0000",https://k24.digital/lifestyle/food-and-culinary/how-charcoal-wood-smoke-preserves-traditional-mursik,neutral,1,neutral,neutral
NTV Kenya,Zimbabwe’s Mnangagwa signs law extending his presidency to 2030,"Wed, 08 Jul 2026 06:57:00 +0000",https://ntvkenya.co.ke/news/zimbabwes-mnangagwa-signs-law-extending-his-presidency-to-2030/,neutral,1,neutral,neutral
Citizen Digital (via Google News),DCP's Sammy Kamau Ngotho wins Ol Kalou by-election - Citizen Digital,"Fri, 17 Jul 2026 06:10:13 GMT",https://news.google.com/rss/articles/CBMiiwFBVV95cUxNenZhVTB0djhyeHR0N0FsVkJUZG92RUR3bnBZbTA5ZmZyckdBMmtCdU00MzhZT09DajlBRFZZWVJVbEJCNW9EZFNiU3JPSW5EaEMwMXo2MU9WTnlBN0wtVGpNTkVDTlhwR0hiLXpZWUN2cl9DdmJrRWVLaUNGbDc4Q1daSHRoNWxpajFR?oc=5,positive,2,positive,positive
The Standard,Comedy play 'Vacant' pays tribute to Bilal Wanjau's iconic 'Afande' character,,https://www.standardmedia.co.ke/arts-culture/article/2001553273/comedy-play-vacant-pays-tribute-to-bilal-wanjaus-iconic-afande-character,positive,2,positive,positive
The Star,"Akonnor demands more from Gor Mahia after Rayon reality checkFor the Ghanaian tactician, the loss exposed tactical areas that require improvement as Gor Mahia prepare for domestic, regional and continental assignments.",,https://www.the-star.co.ke/sports/football/2026-07-20-akonnor-demands-more-from-gor-mahia-after-rayon-reality-check-1,negative,0,negative,negative
NTV Kenya,Govt extends 8pc VAT on fuel for three more months,"Tue, 14 Jul 2026 13:06:22 +0000",https://ntvkenya.co.ke/news/govt-extends-8pc-vat-on-petroleum-products-for-three-more-months/,neutral,1,neutral,neutral
Business Daily Africa,Costly battery swap franchises stall e-bike expansion in Kenya,"Mon, 20 Jul 2026 13:06:34 GMT",https://www.businessdailyafrica.com/bd/corporate/shipping-logistics/costly-battery-swap-franchises-stall-e-bike-expansion-in-kenya-5532354,negative,0,negative,negative
Nairobi Wire,Audit Reveals Boma Yangu Refunds Rose 3.5 Times Since Ruto Took Office,,,negative,0,negative,negative
NTV Kenya,JOAN CHELIMO| CHAMPION RUNNER AND GBV ADVOCATE,"Fri, 10 Jul 2026 09:50:44 +0000",https://ntvkenya.co.ke/sports/joan-chelimo-champion-runner-and-gbv-advocate/,positive,2,positive,positive
NTV Kenya,"Duale now joins Maraga, Karua to rubbish Mudavadi referendum push",,https://ntvkenya.co.ke/politics/duale-now-joins-maraga-karua-to-rubbish-mudavadi-referendum-push/,negative,0,negative,negative
Capital FM Kenya,"Khalwale urges Ruto to scrap SHA, restore NHIF after university funding U-turn","Thu, 23 Jul 2026 14:53:52 +0000",https://capitalfm.africa/khalwale-urges-ruto-to-scrap-sha-restore-nhif-after-university-funding-u-turn/,negative,0,negative,negative
Citizen Digital (via Google News),CS Ruku reaffirms Mt Kenya support for Ruto despite Ol Kalou by-election outcome - Citizen Digital,"Fri, 17 Jul 2026 17:15:48 GMT",https://news.google.com/rss/articles/CBMivAFBVV95cUxNTk5fMFU4aVZWSkRvRFFfaEljUmdRamVxd0NfdkgxUmR2M19ZNGVSNTMzNnRSMEtDakVMaEtfVk50ZzZleFNSN2lCaG03N0VkUGdsTmg1MXFQcEozU2dxcTRtYjdqYWQzdldxYnl4VXhCRzZCTjY4ZVYwOG14Q1BYcUM3YTY0VXpiclU0QVQzenFmYjVqd2pWZEhpdGg3bFU0MEl4UWJZZ1VDS1lqWVhGTkVXa1dMWGNGaFIzSw?oc=5,neutral,1,neutral,neutral
K24,How Chelsea could line up after Maxence Lacroix’s expected arrival,"Sat, 25 Jul 2026 07:47:07 +0000",https://k24.digital/sports/epl/how-chelsea-could-line-up-after-maxence-lacroixs-expected-arrival,positive,2,positive,positive
K24,Why vaccination immunity fades over time for some diseases,"Sat, 25 Jul 2026 10:35:29 +0000",https://k24.digital/lifestyle/health-and-fitness/why-vaccination-immunity-fades-over-time-for-some-diseases,neutral,1,neutral,neutral
The Star,PS Isaboke urges responsible AI use as marketing evolvesPS says consumer data must be protected as AI transforms marketing,,https://www.the-star.co.ke/sasa/technology/2026-07-02-ps-isaboke-urges-responsible-ai-use-as-marketing-evolves,neutral,1,positive,positive
NTV Kenya,"Viral ‘Mr Speaker Sir’ activist freed on Sh100,000 bond in...",,https://ntvkenya.co.ke/news/viral-mr-speaker-sir-activist-freed-on-sh100000-bond-in-sh41m-parliament-damage-case/,neutral,1,neutral,neutral
The Standard,PremiumThe rise and fall of Kenya's distance star Kibiwott Kandie,,https://www.standardmedia.co.ke/business/athletics/article/2001551387/the-rise-and-fall-of-kenyas-distance-star-kibiwott-kandie,neutral,1,neutral,neutral
The Standard,The rise and fall of Kenya's distance star Kibiwott Kandie,,https://www.standardmedia.co.ke/sports/athletics/article/2001551387/the-rise-and-fall-of-kenyas-distance-star-kibiwott-kandie,negative,0,neutral,neutral
Citizen Digital (via Google News),Traffic disrupted in Embu as youths celebrate DCP's Ol Kalou by-election victory - Citizen Digital,"Sat, 18 Jul 2026 08:09:29 GMT",https://news.google.com/rss/articles/CBMiuwFBVV95cUxNMnZSVHN3UVViRmNxdkh4RHBid0lTdm04WlBNMU5sRmRPUW4yNHpMWjNqV1BjY0QtVHZGT013NGkycXltZlVUX1lxZDE4T205UVhILURWcnNrcE4tVkVyZFVTYWx0Q2h4SC1MY25WTHMwLWpGWkdQZ184N1ZEWVNRQy0zNVJOR2l6eHVva2hWcXZ2TEJnaGs1MzdCSDVkSG94SVdxWlc2VHA1S0I2YUF4MGkxQ3VqRUxqbERB?oc=5,neutral,1,neutral,neutral
K24,Kenyan doctor proposes petition to recognise irreversible erectile dysfunction as a disability,"Wed, 22 Jul 2026 14:52:26 +0000",https://k24.digital/lifestyle/health-and-fitness/kenyan-doctor-proposes-petition-to-recognise-irreversible-erectile-dysfunction-as-a-disability,neutral,1,neutral,neutral
The Star,JIJI NDOGO: Naming your child after football stars,,https://www.the-star.co.ke/sasa/entertainment/2026-07-17-jiji-ndogo,neutral,1,neutral,neutral
Business Daily,The AI tool helping flower farms cut pesticide use,"Wed, 22 Jul 2026 15:08:06 GMT",https://www.businessdailyafrica.com/bd/corporate/enterprise/the-ai-tool-helping-flower-farms-cut-pesticide-use-5534608,positive,2,positive,positive
Kenya News Agency,Government to spend Sh10 million to desilt Kosowe Earth dam,"Mon, 20 Jul 2026 08:26:42 +0000",https://www.kenyanews.go.ke/government-to-spend-sh10-million-to-desilt-kosowe-earth-dam/,positive,2,positive,positive
Capital FM Kenya,Court Lets Sh5tn National Infrastructure Fund Proceed Under Judicial Oversight,"Thu, 23 Jul 2026 11:28:56 +0000",https://capitalfm.africa/court-lets-sh5tn-national-infrastructure-fund-proceed-under-judicial-oversight/,positive,2,positive,positive
The Standard,From TSC critic to commissioner: The irony of Sossion's return,,https://www.standardmedia.co.ke/education/article/2001553501/from-tsc-critic-to-commissioner-the-irony-of-sossions-return,neutral,1,negative,negative
The Star,Lucerne project in Tana River to boost farming and food securityProject seeks to turn around arid region into commercial producer of livestock feed,,https://www.the-star.co.ke/counties/coast/2026-07-18-lucerne-project-in-tana-river-to-boost-farming-and-food-security,positive,2,positive,positive
NewsData.io,PHOTOS: First look at Sh30m proposed Raila Odinga Mausoleum,,,neutral,1,neutral,neutral
Standard - Business,Alternative building technologies touted as answer to Kenya's housing shortage,"Thu, 16 Jul 2026 06:00:00 +0300",https://www.standardmedia.co.ke/business/article/2001552891/alternative-building-technologies-touted-as-answer-to-kenya-s-housing-shortage,positive,2,positive,positive
The Standard,PremiumWhich African teams will fight their way to the knockout stage?,,https://www.standardmedia.co.ke/business/sports/article/2001550788/which-african-teams-will-fight-their-way-to-the-knockout-stage,neutral,1,neutral,positive
The Standard,Which African teams will fight their way to the knockout stage?,,https://www.standardmedia.co.ke/sports/sports/article/2001550788/which-african-teams-will-fight-their-way-to-the-knockout-stage,positive,2,positive,positive
Standard - Business,Webston Kimani: Delivery guy who rode to riches,"Fri, 24 Jul 2026 12:20:00 +0300",https://www.standardmedia.co.ke/business/article/2001553632/webston-kimani-delivery-guy-who-rode-to-riches,neutral,1,neutral,neutral
World News API,Harambee Starlets arrive in Morocco for WAFCON,,https://www.kenyamoja.com/index.php/video/harambee-starlets-arrive-morocco-wafcon-citizen-tv-411409,positive,2,positive,positive
K24,NTSA resumes normal services after completion of scheduled system maintenance,"Mon, 20 Jul 2026 07:32:36 +0000",https://k24.digital/news/ntsa-resumes-normal-services-after-completion-of-scheduled-system-maintenance,neutral,1,neutral,neutral
KBC,Oparanya: I am in ODM to stay,"Thu, 23 Jul 2026 09:13:12 +0000",https://www.kbc.co.ke/oparanya-i-am-in-odm-to-stay/,neutral,1,neutral,neutral
The Standard,"US, Russia diplomats discuss Ukraine war in Manila",,https://www.standardmedia.co.ke/europe/article/2001553532/us-russia-diplomats-discuss-ukraine-war-in-manila,neutral,1,neutral,neutral
The Standard,Of Charles Owino's appointment and looming cabinet reshuffle,,https://www.standardmedia.co.ke/national/article/2001553593/of-charles-owinos-appointment-and-looming-cabinet-reshuffle,neutral,1,neutral,neutral
Standard - Politics,AG Oduor to audit laws,"Thu, 23 Jul 2026 00:00:00 +0300",https://www.standardmedia.co.ke/politics/article/2001553505/ag-oduor-to-audit-laws,neutral,1,neutral,neutral
KBC,EAC central banks call for domestic gold purchases to build reserves,"Fri, 24 Jul 2026 19:06:42 +0000",https://www.kbc.co.ke/eac-central-banks-call-for-domestic-gold-purchases-to-build-reserves/,positive,2,positive,positive
The Standard,Masengeli assures Kenyans of calm as tight security disrupts Nairobi transport,,https://www.standardmedia.co.ke/nairobi/article/2001551255/masengeli-assures-kenyans-of-calm-as-tight-security-disrupts-nairobi-transport,negative,0,negative,negative
KBC,KITI urges TVETs to align training with industry to close skills gap,"Mon, 20 Jul 2026 05:35:26 +0000",https://www.kbc.co.ke/kiti-urges-tvets-to-align-training-with-industry-to-close-skills-gap/,neutral,1,neutral,neutral
NTV Kenya,Zambia election will put Hichilema’s economic record to the test,"Thu, 09 Jul 2026 13:30:33 +0000",https://ntvkenya.co.ke/news/zambia-election-will-put-hichilemas-economic-record-to-the-test/,neutral,1,positive,positive
NewsData.io,Ebola quarantine center for Americans is up and working in Kenya despite court ban,,,negative,0,negative,negative
K24,How naming emotions calms intense relationship arguments,"Sat, 25 Jul 2026 10:33:15 +0000",https://k24.digital/lifestyle/love-and-relationships/how-naming-emotions-calms-intense-relationship-arguments,positive,2,positive,positive
K24,Fally Ipupa confirms Kenyan show in September 2026,"Wed, 22 Jul 2026 05:38:45 +0000",https://k24.digital/entertainment/celebrity/fally-ipupa-confirms-kenyan-show-in-september-2026,positive,2,positive,positive
Kenyans.co.ke,Court Explains When a Title Deed Stops Protecting a Land Owner,2026-07-21T13:45:56+0300,https://www.kenyans.co.ke/news/125466-you-can-lose-your-title-deed-if-you-ignore-your-land-12-years-court-rules,neutral,1,neutral,neutral
Citizen Digital (via Google News),"UDA, ODM coalition will bring in 17 million votes - Wanga - Citizen Digital","Sat, 18 Jul 2026 18:52:33 GMT",https://news.google.com/rss/articles/CBMimgFBVV95cUxQRzJ0d0dTc0tFTW8tX3plNWJPMHdyLTU2eVdkWU5sckQtS1FxRHd4Z3lBbDFkUVNkb1JOMDZxVFNtaVpMZnhMdFhVS2RZSlhscTQ3dTZ6akpzVmJacWNfZzktMWVvdU1IMnI3aUpzeGd5cmpFTkpKSTZqVThhbmFCSGhTNF9haEV6ODRyTm1vUkw3R0VfRU5zNlNB?oc=5,positive,2,neutral,neutral
Citizen Digital,Families demand justice after court acquits Mandago in Ksh.1.1B Finland scholarship case,,https://citizen.digital/article/families-demand-justice-after-court-acquits-mandago-in-ksh11b-finland-scholarship-case-n387075,negative,0,negative,negative
Citizen Digital (via Google News),"Githurai Cheetahs, JKUAT Starlets win Kabaddi League titles as season two wraps up - Citizen Digital","Sun, 19 Jul 2026 15:40:49 GMT",https://news.google.com/rss/articles/CBMivgFBVV95cUxQWG1Xc01QcDRoa1BmLVp3SzhXZGRjeHllWEctV3ZvbTVDSm1LWEJLT1RPaXRTcXl1XzdMdHlJNjFadGR0UXI3d1R5OEpVd3JXSVZoaUFYcERiOFN0QjlwTHh5OEREYm9XQkhQVTVnNjZzVUJlRnZuS1ZnUFJTaTVBcHhLcjZNdlkta3VSWm1SNENtM29zMUxNejdxVjBxZF9mZ2xPRGFLQ3ZPWHVxc0xfbWdUQ21QaGE2SXRSamh3?oc=5,positive,2,positive,positive
Kahawa Tungu,How to Calculate Public Interest Score,"Sat, 25 Jul 2026 08:44:30 +0000",https://kahawatungu.com/how-to-calculate-public-interest-score/,neutral,1,neutral,neutral
NTV Kenya,Ruto vows to deliver Ukambani from opposition,,https://ntvkenya.co.ke/news/ruto-vows-to-deliver-ukambani-from-opposition/,neutral,1,neutral,neutral
KBC,Kapsabet stadium construction hits 34% as superstructure works accelerate,"Thu, 23 Jul 2026 11:09:59 +0000",https://www.kbc.co.ke/kapsabet-stadium-construction-hits-34-as-superstructure-works-accelerate/,positive,2,positive,positive
The Star,Kenya secures Sh90m for climate change mitigationThe breakthrough will see Kenya conduct a comprehensive assessment of climate-related loss and damage,,https://www.the-star.co.ke/climate-change/2026-06-10-kenya-secures-sh90m-for-climate-change-mitigation,positive,2,positive,positive
Kenyans.co.ke,"Ruto Appoints Sossion to TSC, Picks New Govt Spokesperson",2026-07-21T18:36:12+0300,https://www.kenyans.co.ke/news/125475-ruto-appoints-charles-owino-new-govt-spokesperson-sossion-tsc-board,neutral,1,neutral,neutral
Citizen Digital (via Google News),KPA gaffer Mugabe targets defensive improvement despite double victory - Citizen Digital,"Tue, 21 Jul 2026 15:13:30 GMT",https://news.google.com/rss/articles/CBMirwFBVV95cUxOd0pleE0yS2IzaXdVUnA5RjF3cVhmM3ZFWjFUV1pNUEVya1g5Q2xPTkkxXzFoZVpEcFRNS3dvd09YNUNzcjdaajlCd1RPT0JYMXZjd01oNldyZnE1SFlHZmluTkc2T2pkQ256QWlSaHBXTU04MmxwaVdEdk1sNzB1MmlxMnJGamJLcjY3bjVaTDlnVW1ydFFkejl1TDljeXFOSm1LYlpzb0k2RW5hb3cw?oc=5,positive,2,positive,positive
Citizen Digital (via Google News),2025 KCSE candidates urged to apply for scholarships as Ksh.30.8B allocated - Citizen Digital,"Mon, 13 Jul 2026 11:47:41 GMT",https://news.google.com/rss/articles/CBMiswFBVV95cUxPVVptVXNWdmNBQTY0X2ZlMzJZTmlHc2NDWkltbjE2WHQ3Umg0djJseXpWZXNvLVFUdDFncU9QdmRKUzdhZG92QkNMaWtQNXhZWWkzbnpqODhaMXpTZ0NmR1VpYk5HQmRQVjd3alFTV2piX3plazNmZkdMNVMwWjBIM0F3NnI2dlZWMjM3TVlGd3NHQ1M5SnQ0VE5Ma0Z0b1lZSXJGME5sTHhONjJKT2NXZlYtNA?oc=5,positive,2,positive,positive
The Epoch Times,"175 World Cup Visitors Filed Asylum Claims in Canada, Says IRCC",7/24/2026 21:48,https://www.theepochtimes.com/world/175-world-cup-visitors-filed-asylum-claims-in-canada-says-ircc-6066386,neutral,1,neutral,neutral
World News API,NCCK urges govt to firmly deal with political goons in the country,,https://www.kenyamoja.com/video/ncck-urges-govt-firmly-deal-political-goons-country-citizen-tv-411769,negative,0,negative,negative
World News API,Bushiri Queens Reach Kakamega County Finals After Narrow Victory Over Mwira Queens,,,positive,2,positive,positive
World News API,Kenya Still Runs a Supermarket Economy Despite Decades of Industrialization Promises,,,negative,0,negative,negative
Citizen Digital,BAT Kenya profit rises 2% to Ksh.4.4 Billion amid illicit trade pressure,,https://citizen.digital/article/bat-kenya-profit-rises-2-to-ksh44-billion-amid-illicit-trade-pressure-n387011,positive,2,positive,positive
NTV Kenya,Man City appoint Maresca as manager to follow Guardiola,,https://ntvkenya.co.ke/news/man-city-appoint-maresca-as-manager-to-follow-guardiola/,neutral,1,neutral,neutral
The Standard,Mark Too's family ends Sh7b estate dispute after court-approved deal,,https://www.standardmedia.co.ke/news/article/2001553705/mark-toos-family-ends-sh7b-estate-dispute-after-court-approved-deal,positive,2,positive,positive
NTV Kenya,It’s tattoo time for Spain defender Cucurella says coach De la Fuente,"Mon, 20 Jul 2026 07:00:02 +0000",https://ntvkenya.co.ke/sports/its-tattoo-time-for-spain-defender-cucurella-says-coach-de-la-fuente/,neutral,1,neutral,neutral
Kenya News Agency,Treasury launches FY2027/28 budget process,"Wed, 22 Jul 2026 13:25:52 +0000",https://www.kenyanews.go.ke/treasury-launches-fy2027-28-budget-process/,neutral,1,neutral,neutral
NewsData.io,SHE MEANS BUSINESS| Is formal employment overrated? - Dr. Mary Kinyanjui's weighs in,,,neutral,1,neutral,neutral
NTV Kenya,Zimbabwe cabinet backs bill that would extend Mnangagwa’s rule till...,,https://ntvkenya.co.ke/politics/zimbabwe-cabinet-backs-bill-that-would-extend-mnangagwas-rule-till-2030/,neutral,1,neutral,neutral
Standard - Politics,"Government will serve all Kenyans equally, says Kindiki","Wed, 22 Jul 2026 20:42:53 +0300",https://www.standardmedia.co.ke/politics/article/2001553514/government-will-serve-all-kenyans-equally-says-kindiki,positive,2,positive,positive
NTV Kenya,Tanzania’s President Samia Suluhu names new prime minister,,https://ntvkenya.co.ke/news/tanzanias-president-samia-suluhu-names-new-prime-minister/,neutral,1,neutral,neutral
NewsData.io,Germany’s Foreign Minister to visit Nigeria,,,neutral,1,neutral,neutral
Citizen Digital (via Google News),WATCH LIVE: Linda Mwananchi Rally in Trans Nzoia County - Citizen Digital,"Sat, 25 Jul 2026 08:16:14 GMT",https://news.google.com/rss/articles/CBMimgFBVV95cUxOamlfZzF3SjZvUU5ob2Q1RVZpbGJncmRUZU1rVlpOMHdvSDJ6al9PZDlKc3FZaTRiMTdncjNXTGcwX3lDN2ZZMmMwSFgxR1YwLUE3QWIyR0o1UWdBdzNPWjVUc1hqSGRyaGVObXpNNEpkMDQ2c3VQdk1CVHpyV2lpdEw4cHpuYlV3R3V6NFNfak9DclRZS1ZDdkV3?oc=5,neutral,1,neutral,neutral
The East African,Cameroon's ruling party meets as Biya's long absence draws criticism,"Thu, 23 Jul 2026 09:47:22 GMT",https://www.theeastafrican.co.ke/tea/news/africa/cameroon-ruling-party-meets-biya-long-absence-draws-criticism-5535018,negative,0,negative,negative
Currents API,Kenya Startup Funding Slows Sharply as Investors Pivot to Quality Over Quantity,,,negative,0,negative,negative
K24,5 ways parents can prepare children for peer pressure at university,"Thu, 23 Jul 2026 14:27:10 +0000",https://k24.digital/lifestyle/love-and-relationships/5-ways-parents-can-prepare-children-for-peer-pressure-at-university,positive,2,positive,positive
The Star,"TIDBITS OF HOPE: What passes for polygamy todayNowadays, a wife discovers another woman not by introduction but secrets spilling",,https://www.the-star.co.ke/sasa/lifestyle/2026-07-17-tidbits-of-hope-what-passes-for-polygamy-today,negative,0,negative,negative
Business Today Kenya,Nairobi County Eyes Major Hike in Daily Parking Fees,,,negative,0,positive,positive
The Standard,Kenya's last mile of governance: How chiefs are responding to the climate crisis,,https://www.standardmedia.co.ke/opinion/article/2001553191/kenyas-last-mile-of-governance-how-chiefs-are-responding-to-the-climate-crisis,positive,2,positive,positive
The Standard,State unveils Bill to restore Kenya's degraded land,,https://www.standardmedia.co.ke/nairobi/article/2001552540/state-unveils-bill-to-restore-kenyas-degraded-land,positive,2,positive,positive
NTV Kenya,Kidero acquitted of Sh213m graft charges,,https://ntvkenya.co.ke/news/kidero-acquitted-of-sh213m-graft-charges/,positive,2,negative,negative
NTV Kenya,"Ex-CS Owalo launches presidential bid, promises free education and healthcare","Thu, 09 Jul 2026 05:58:32 +0000",https://ntvkenya.co.ke/news/ex-cs-owalo-launches-presidential-bid-promises-free-education-and-healthcare/,positive,2,positive,positive
The Star,BACHELOR’S DIARY: I bet on South AfricaBachelor pegs his hopes of bagging his biggest crush on a knockout match,,https://www.the-star.co.ke/sasa/entertainment/2026-07-05-bachelors-diary-i-bet-on-south-africa,neutral,1,neutral,neutral
Standard - Business,The futuristic buildings where residential and commercial spaces merge,"Thu, 23 Jul 2026 00:00:00 +0300",https://www.standardmedia.co.ke/business/article/2001553491/the-futuristic-buildings-where-residential-and-commercial-spaces-merge,positive,2,positive,positive
The Standard,How communities are saving Kenya's rarest cloud forests,,https://www.standardmedia.co.ke/environment-climate/article/2001552657/how-communities-are-saving-kenyas-rarest-cloud-forests,positive,2,positive,positive
Kenyans.co.ke,Gender Commission Warns Kenyans Circulating Some Viral Content,2026-07-21T14:24:19+0300,https://www.kenyans.co.ke/news/125468-ngec-issues-new-advisory-sharing-images-personal-details-gbv-survivors,negative,0,neutral,neutral
Standard - Politics,Inside Wetang'ula and Mudavadi's battle for Western Kenya,"Sun, 19 Jul 2026 10:00:00 +0300",https://www.standardmedia.co.ke/politics/article/2001553141/inside-wetang-ula-and-mudavadi-s-battle-for-western-kenya,negative,0,neutral,neutral
K24,Winnie Odinga sends goodwill message to Harambee Starlets ahead of WAFCON,"Thu, 23 Jul 2026 17:15:06 +0000",https://k24.digital/sports/winnie-odinga-sends-goodwill-message-to-harambee-starlets-ahead-of-wafcon,positive,2,positive,positive
Currents API,"Scrypt Expands Stablecoin Settlement Rails Across Kenya, Tanzania, Rwanda, and Uganda",,,positive,2,positive,positive
Kenyans.co.ke,Sakaja Dispatches Auctioneers to Hunt Rogue Nairobi Landlords,2026-07-24T09:25:15+0300,https://www.kenyans.co.ke/news/125556-sakaja-hires-six-auctioneers-pursue-nairobi-landlords-over-unpaid-taxes,negative,0,negative,negative
NewsData.io,Pauline Njoroge resigns from Uhuru’s Jubilee Party,,,negative,0,negative,neutral
NTV Kenya,Uganda government assures uninterrupted internet access during polls,,https://ntvkenya.co.ke/news/uganda-government-assures-uninterrupted-internet-access-during-polls/,positive,2,positive,positive
Nairobi Wire,John Mbadi Reveals Timeline for PAYE Tax Relief as Public Participation Begins,"Thu, 23 Jul 2026 03:50:19 +0000",https://nairobiwire.com/2026/07/paye-tax-relief-kenya-john-mbadi-public-participation.html,positive,2,negative,negative
Business Daily Africa,Insurance broker ordered to pay Monarch Sh49m in premium dispute,"Mon, 20 Jul 2026 15:34:20 GMT",https://www.businessdailyafrica.com/bd/corporate/companies/insurance-broker-ordered-to-pay-monarch-in-premium-dispute-5532438,negative,0,negative,negative
NTV Kenya,Canada flags eight Kenyan counties over security concerns,"Wed, 22 Jul 2026 10:24:47 +0000",https://ntvkenya.co.ke/news/canada-flags-eight-kenyan-counties-over-security-concerns/,negative,0,negative,negative
The Star,"State starts Sh30m Raila mausoleum at Bondo homeFacility to include a main memorial hall, archival galleries, exhibition spaces, a landscaped reflection courtyard and security installations.",,https://www.the-star.co.ke/counties/nyanza/2026-07-22-state-starts-sh30m-raila-mausoleum-at-bondo-home,neutral,1,neutral,neutral
NTV Kenya,"Ruto, Gachagua engage in bitter public feud",,https://ntvkenya.co.ke/news/ruto-gachagua-engage-in-bitter-public-feud/,negative,0,negative,negative
NTV Kenya,DP Kindiki’s Sh338 million flight budget,,https://ntvkenya.co.ke/news/dp-kindikis-sh338-million-flight-budget/,negative,0,negative,negative
Capital FM Kenya,Wildlife Ranger Challenge kicks off with fresh push to bridge Africa’s conservation workforce gap,,,positive,2,positive,positive
Citizen Digital (via Google News),Governor Irungu Kangata’s driver shot during Linda Mwananchi tour - Citizen Digital,"Sun, 12 Jul 2026 15:31:38 GMT",https://news.google.com/rss/articles/CBMipwFBVV95cUxQZkpncnMtUmotTURFM2xLY295Y0l2dzRnM21wbWticU9ObFN2T2lkMEJ5SWVxcjUzbDdkcHBhUzRBeGxBaE5HaFFRakxWWVd0dk9tVHJMZUltdzdFbVFrY1MyYVpUV0NZWDEyZHpPMjJTMUo2SWFZN0oyS0dyclllYXQ3eEJReGxWakxxdVhaT05EXzRzLUNwQnNLRkpXTmNqbVctS0lIZw?oc=5,negative,0,negative,negative
Citizen Digital (via Google News),"Prisons, KPA take control of volleyball league finals - Citizen Digital","Fri, 17 Jul 2026 18:26:33 GMT",https://news.google.com/rss/articles/CBMilwFBVV95cUxNSFlKOGZDbGxrdVZtZkthVkJWUVMyTDlINHFTU3BoeHc5cV9YaUp1WVhfcllMUDBJNUtqR1lMVlZoSGRjdFNVazU2V1c4Q2JrbmZOM21NbnRRbUcyTE5iQmZsQVVRYmhBdlpUSlBXUWtpSmZfOXVSQ0Z6dm94d3g4Y2ZrdzBMNS1PUm9ycnV2UTFXYnpTajdv?oc=5,positive,2,positive,positive
World News API,"PACNEWS SPORTS, 24 JULY 2026",,https://islandsbusiness.com/pacnews/pacnews-sports-24-july-2026,neutral,1,neutral,neutral
NTV Kenya,Twende Lake Paradise: We visit Marsabit & discover hidden springs that supply entire town with water,"Thu, 16 Jul 2026 13:34:14 +0000",https://ntvkenya.co.ke/arts-lifestyle/twende-lake-paradise-we-visit-marsabit-discover-hidden-springs-that-supply-entire-town-with-water/,positive,2,positive,positive
The Standard,Indiza sustains title run in Limuru,,https://www.standardmedia.co.ke/sports/golf/article/2001551167/indiza-sustains-title-run-in-limuru,positive,2,positive,positive
World News API,Vimal Shah urges businesses to stay open during election periods,,https://www.kenyamoja.com/video/vimal-shah-urges-businesses-stay-open-during-election-periods-ktn-news-411356,positive,2,positive,positive
Kahawa Tungu,How to Calculate Ratio in Excel,"Sat, 25 Jul 2026 08:47:30 +0000",https://kahawatungu.com/how-to-calculate-ratio-in-excel/,neutral,1,neutral,neutral
Https://www.12onyourside.com,0723_Ayla Garcia_WWBT,7/24/2026 20:16,https://www.12onyourside.com/2026/07/24/richmond-mother-hospitalized-kenya-icu-dies/,neutral,1,negative,negative
Athensmessenger,Karen Harvey,7/25/2026 0:00,https://www.athensmessenger.com/obituaries/karen-harvey/article_52b72782-25a0-5529-81fe-366c0a7cb2d7.html,neutral,1,neutral,neutral
NTV Kenya,Noma S23 E3,"Thu, 16 Jul 2026 15:21:14 +0000",https://ntvkenya.co.ke/arts-lifestyle/noma-s23-e3/,neutral,1,neutral,neutral
World News API,Kizaa nje ya kiwanda cha Keroche baada ya madalali kufungiwa nje,7/19/2026 0:00,,negative,0,negative,negative
NTV Kenya,Noma S22 E11,"Thu, 16 Jul 2026 15:01:57 +0000",https://ntvkenya.co.ke/arts-lifestyle/noma-s22-e11/,neutral,1,neutral,neutral
NTV Kenya,Noma S22 E12,"Thu, 16 Jul 2026 15:06:11 +0000",https://ntvkenya.co.ke/arts-lifestyle/noma-s22-e12/,neutral,1,neutral,neutral
NTV Kenya,Noma S22 E10,"Thu, 16 Jul 2026 15:00:39 +0000",https://ntvkenya.co.ke/arts-lifestyle/noma-s22-e10/,neutral,1,neutral,neutral
NTV Kenya,Noma S22 E3,"Thu, 16 Jul 2026 14:44:24 +0000",https://ntvkenya.co.ke/arts-lifestyle/noma-s22-e3/,neutral,1,neutral,neutral
NTV Kenya,Noma S22 E13,"Thu, 16 Jul 2026 15:07:24 +0000",https://ntvkenya.co.ke/arts-lifestyle/noma-s22-e13/,neutral,1,neutral,neutral
NTV Kenya,Noma S22 E7,"Thu, 16 Jul 2026 14:48:54 +0000",https://ntvkenya.co.ke/arts-lifestyle/noma-s22-e7/,neutral,1,neutral,neutral
NTV Kenya,Noma S22 E6,"Thu, 16 Jul 2026 14:47:55 +0000",https://ntvkenya.co.ke/arts-lifestyle/noma-s22-e6/,neutral,1,neutral,neutral
NTV Kenya,Noma S22 E8,"Thu, 16 Jul 2026 14:50:00 +0000",https://ntvkenya.co.ke/arts-lifestyle/noma-s22-e8/,neutral,1,neutral,neutral
NTV Kenya,Noma S22 E9,"Thu, 16 Jul 2026 14:54:11 +0000",https://ntvkenya.co.ke/arts-lifestyle/noma-s22-e9/,neutral,1,neutral,neutral
NTV Kenya,Noma S23 E1,"Thu, 16 Jul 2026 15:15:28 +0000",https://ntvkenya.co.ke/arts-lifestyle/noma-s23-e1/,neutral,1,neutral,neutral
NTV Kenya,Noma S23 E2,"Thu, 16 Jul 2026 15:16:47 +0000",https://ntvkenya.co.ke/arts-lifestyle/noma-s23-e2/,neutral,1,neutral,neutral
NTV Kenya,Noma S22 E5,"Thu, 16 Jul 2026 14:46:33 +0000",https://ntvkenya.co.ke/arts-lifestyle/noma-s22-e5/,neutral,1,neutral,neutral
NTV Kenya,Noma S22 E4,"Thu, 16 Jul 2026 14:45:39 +0000",https://ntvkenya.co.ke/arts-lifestyle/noma-s22-e4/,neutral,1,neutral,neutral
NTV Kenya,Charlie Kirk’s widow consoles Nicki Minaj after...,,https://ntvkenya.co.ke/news/charlie-kirks-widow-consoles-nicki-minaj-after-assassin-gaffe/,negative,0,negative,negative
K24,How to balance an overly sour tomato stew,"Sat, 25 Jul 2026 10:08:43 +0000",https://k24.digital/lifestyle/food-and-culinary/how-to-balance-an-overly-sour-tomato-stew,positive,2,positive,positive
Kahawa Tungu,Alessia Russo Siblings: All About Luca and Giorgio,,,neutral,1,neutral,neutral
Capital FM Kenya,The new region every 2027 camp wants,"Wed, 22 Jul 2026 16:10:08 +0000",https://capitalfm.africa/the-new-region-every-2027-camp-wants/,neutral,1,positive,positive
The Star,"How forgotten village finally got safe waterFor years, women in Marsabit village measured their days in queues, not hours",,https://www.the-star.co.ke/sasa/society/2026-06-26-how-forgotten-village-finally-got-safe-water,positive,2,positive,positive
Nigerian Communicationweek,"Nigeria, Israel Strengthen Research, Technology Collaboration",7/24/2026 23:03,https://www.nigeriacommunicationsweek.com.ng/nigeria-israel-strengthen-research-technology-collaboration/,positive,2,positive,positive
K24,Morgan Rogers: 10 facts you need to know about new Chelsea singing,"Thu, 23 Jul 2026 07:08:38 +0000",https://k24.digital/sports/epl/morgan-rogers-10-facts-you-need-to-know-about-new-chelsea-singing,neutral,1,neutral,neutral
K24,Italian FA boss reveals plan to bend wage rules to lure Pep Guardiola,"Wed, 22 Jul 2026 10:12:55 +0000",https://k24.digital/sports/italian-fa-boss-reveals-plan-to-bend-wage-rules-to-lure-pep-guardiola,neutral,1,neutral,neutral
The Star,Governor Abdullahi rallies chiefs to boost ID registration and voter enlistingThe Governor said the success of the ongoing national identity card registration exercise depends largely on grassroots leaders,,https://www.the-star.co.ke/counties/north-eastern/2026-07-21-governor-abdullahi-rallies-chiefs-to-boost-id-registration-and-voter-enlisting,positive,2,positive,positive
The Star,"US signs landmark nuclear deal with Saudi ArabiaThe deal is described as a ""peaceful nuclear co-operation agreement",,https://www.the-star.co.ke/news/world/2026-07-23-us-signs-landmark-nuclear-deal-with-saudi-arabia,positive,2,positive,positive
K24,Garnacho’s troubled Chelsea stint nears end as winger moves to Aston Villa,"Thu, 23 Jul 2026 17:58:34 +0000",https://k24.digital/sports/epl/garnachos-troubled-chelsea-stint-nears-end-as-winger-moves-to-aston-villa,negative,0,negative,negative
The Standard,Why Japan's service to others ahead of self motto is a valuable lesson for Nairobi,,https://www.standardmedia.co.ke/opinion/article/2001553553/why-japans-service-to-others-ahead-of-self-motto-is-a-valuable-lesson-for-nairobi,positive,2,positive,positive
Citizen Digital (via Google News),Belgian great Meunier signs for Premier League side Sunderland - Citizen Digital,"Wed, 15 Jul 2026 20:24:46 GMT",https://news.google.com/rss/articles/CBMipAFBVV95cUxQRmlDdUF1YXozTzFGYkRTVmRaMmx3NUJSVnp0clRBNkZDaGFPdXBSd1lFOEZDSTRmWUZLUTVOa3dFNHh6V1p6bG5XRzNqcU9JaWZubGlDMXh6cjVLbnBsaUNRcG43aUpSY0RGUkk3S1dDUUZoV3J4MFJvSFYyYmhxaFRfSWM1N3RvNG5VWU1ycHhnZUhpUklNdVpqZVVEZllFaXFMeA?oc=5,positive,2,positive,positive
The Star,Microfinance lenders seek 90-day loan default rule to align with banks,,https://www.the-star.co.ke/business/markets/2026-07-25-microfinance-lenders-seek-90-day-loan-default-rule-to-align-with-banks,neutral,1,neutral,neutral
The Star,Envoys flag off three mobile computer labsThe DigiTrucks aim to close the gap in digital literacy in rural areas,,https://www.the-star.co.ke/sasa/society/2026-06-24-envoys-flag-off-three-mobile-computer-labs,positive,2,positive,positive
The Standard,"Fencing of Kaptagat Forest to proceed, land court directs",,https://www.standardmedia.co.ke/environment-climate/article/2001553672/fencing-of-kaptagat-forest-to-proceed-land-court-directs,positive,2,positive,positive
Nairobi Wire,Sakaja Approves Phase I of Nairobi’s Underground Mass Rapid Transit System,"Thu, 23 Jul 2026 03:45:11 +0000",https://nairobiwire.com/2026/07/nairobi-mass-rapid-transit-nmrts-phase-1-approved.html,positive,2,positive,positive
Citizen Digital (via Google News),European Union wants bigger banks to rival US lenders - Citizen Digital,"Fri, 17 Jul 2026 19:11:18 GMT",https://news.google.com/rss/articles/CBMimAFBVV95cUxPb3AydDlzR2lNU3JPX2JGRWUzX3FtcjAtaHpyUzg5elgtT2tVMWdwRkJxekZ0OEYxNXgwd3FyeTNNWHYzREpIak14NG9sSWFKSWlnTmxpNEJta01BaC1VSTJ1Yl9FRTJfS3lHa05RSG9PeU5JV29EWHVhWUQ3Z1ZoXzBEcHRUYkpfYTh6YzBBS2diRkNXNEtleA?oc=5,neutral,1,neutral,neutral
Kenyans.co.ke,Governor Kang'ata Joins DCP,2026-07-24T17:19:12+0300,https://www.kenyans.co.ke/news/125565-kangata-quits-uda-joins-dcp-ahead-2027-polls,neutral,1,neutral,neutral
Citizen Digital (via Google News),Nairobi County CEC Charles Kerich avoids jail as contempt orders set aside - Citizen Digital,"Thu, 16 Jul 2026 11:50:52 GMT",https://news.google.com/rss/articles/CBMitAFBVV95cUxOd2N2QmZ6aDBLeXRVR2lsc0FZZGdnYlY4d2RVY3VsbGxpcnF0X1dybjBEZTBMTUxmQ3g0aE9hTWlwLTRtVDlKaUU1SUppNlJ0TElxS0U2aV9rbkg4Qmp6bXJiT04zTVBOQk1KNHN5QkxHZ2tsZEtIb1J5Z1R6akpUbmFtQ2txenFLM1d4eklXaXFQeFlYMkgtdFI3Mk1kbW1XRl9MTlVnNjlvTjQyVjdmN2NWclQ?oc=5,positive,2,positive,positive
The Standard,Research institute to adopt drones in wildlife conservation census,,https://www.standardmedia.co.ke/environment-climate/article/2001553652/research-institute-to-adopt-drones-in-wildlife-conservation-census,positive,2,positive,positive
The Star,MODERN MUM: Time to get baby walkingMy son has gone from crawling to exploring walking in double fast time,,https://www.the-star.co.ke/sasa/lifestyle/2026-07-17-modern-mum,positive,2,positive,positive
K24,Norway to make formal complaints to FIFA over Balogun red card saga,"Thu, 23 Jul 2026 18:26:35 +0000",https://k24.digital/sports/world-cup/norway-to-make-formal-complaints-to-fifa-over-balogun-red-card-saga,negative,0,negative,negative
KBC,Joho unveils roadmap for Marsabit gold mines reopening,"Wed, 22 Jul 2026 14:00:25 +0000",https://www.kbc.co.ke/joho-unveils-roadmap-for-marsabit-gold-mines-reopening/,positive,2,positive,positive
Kenyans.co.ke,"Questions Emerge After Ruto Promises Free University, College Education",2026-07-22T11:56:27+0300,https://www.kenyans.co.ke/news/125493-faith-odhiambo-questions-rutos-free-university-college-education-plan,negative,0,negative,negative
The Standard,Mudavadi assures tea farmers government to address sector challenges,,https://www.standardmedia.co.ke/national/article/2001553503/mudavadi-assures-tea-farmers-government-to-address-sector-challenges,positive,2,positive,positive
Citizen Digital (via Google News),Haraka Storm: UK cancels BATUK-KDF military training in Kenya over licence challenges - Citizen Digital,"Thu, 23 Jul 2026 13:00:06 GMT",https://news.google.com/rss/articles/CBMiwgFBVV95cUxQUko2MUhJd1FGMmlRNlBTa2hsYlhUd2VZS1AwVDRZNUdaRUlWQ25VNjg1bjh1eEVXYkNnbHZvTW03aTFOX2U0VGZFWjdTdnFDMURRa3o3RnRFMTlJeWc3X0l4eUdKd0JfQmhRcGhNbnRrMEFHLTBpZ0lxWW1CY1ZLWjF3SFloeGdVeG9PSmhjUm81eGlMeThXWHJobFlOOENYN1Y0b2JtWkRKZ3BqTERFRl9uOVNQeTVDUUwxdFAxYmVqdw?oc=5,negative,0,negative,negative
Citizen Digital (via Google News),Hungary's president to sign constitutional change removing him from office - Citizen Digital,"Sat, 18 Jul 2026 21:52:36 GMT",https://news.google.com/rss/articles/CBMi1AFBVV95cUxPOU1jcHlPRFNJV01MeVVXRHU5b2VkYUhzOXl2dllCMDlEbXVwdTcwYXZOb3FxSnV1NkhKOWJwSmF3RjdRcHNrRWxaVUt1TXltaHZzRHdoMGRWRWdtYWRmQ0xGYkpGZnE5TjNrQlNEam94cWQ4d0dRSFVoU2JRdHE2UGRiYTZyYmJ5RldtZVdEWWZ1Y3M2V20zam5xb1lCeWQyRDMyWWc3LTZCd2FXZC14X184eENMY0twcEJkclg0RnE2NDdGVjhIWEtibnpsbjViSFdEbw?oc=5,neutral,1,neutral,neutral
K24,What you need to know before boarding SGR train for the first time,"Wed, 22 Jul 2026 16:24:01 +0000",https://k24.digital/lifestyle/travel-and-leisure/what-you-need-to-know-before-boarding-sgr-train-for-the-first-time,neutral,1,neutral,neutral
The Star,"Kenya eyes doubling Tanzania trade after Dar scraps levyValue of exports fell to Sh63.6bn in 2025, from Sh67.2bn in 2024, mainly on lower shipments of soap",,https://www.the-star.co.ke/business/markets/2026-07-16-kenya-eyes-doubling-tanzania-trade-after-dar-scraps-levy,positive,2,positive,positive
Nation,Resolve dispute over UK military training in Kenya,7/24/2026 21:02,https://nation.africa/kenya/blogs-opinion/editorials/resolve-dispute-over-uk-military-training-in-kenya-5536760,neutral,1,neutral,neutral
The Star,Court upholds Oswago's conviction in Sh1.3bn graft case,,https://www.the-star.co.ke/news/news-brief/2024-10-30-court-upholds-oswagos-conviction-in-sh13bn-graft-case,positive,2,positive,positive
The Star,"Lawmakers call for faster climate action, stronger oversight",,https://www.the-star.co.ke/climate-change/2026-07-09-lawmakers-call-for-faster-climate-action-stronger-oversight,positive,2,positive,positive
The Standard,UK moves BATUK training to Tanzania after Kenya 'delays' to renew licenses,,https://www.standardmedia.co.ke/national/article/2001553608/uk-moves-batuk-training-to-tanzania-after-kenya-delays-to-renew-licenses,negative,0,negative,negative
Citizen Digital (via Google News),Pauline Njoroge resigns from Jubilee Party to join Linda Mwananchi - Citizen Digital,"Tue, 21 Jul 2026 09:08:03 GMT",https://news.google.com/rss/articles/CBMiqgFBVV95cUxQbzF1am5SYUFMSVBRVTZoTTc2WEV0QUpzMnJ4WHhNRlhyZlhEci12QlpIYUJMLXVaSTl5RlNQUnd2VnhLWW00UFFkdEdLcG9QUUZrVjJqWnFJVUV5bEpoeGpDdy1xdU1nRDJUdmp4cW5TaVd3X0xMVjdDOEt2MVpsalBpNnZKZ19YSmE1dDRIVUlfcGIwdTFXbHBEMkJjR2UtekF0dDNxZllxdw?oc=5,neutral,1,neutral,neutral
The Star,Trump pokes fun at press during White House Correspondents' DinnerThe president sat as reporters from outlets he has sparred came up to be honoured with awards,,https://www.the-star.co.ke/news/world/2026-07-25-trump-pokes-fun-at-press-during-white-house-correspondents-dinner,neutral,1,neutral,neutral
World News API,From divide-and-rule to woke: Fear politics faces new voters,,https://www.standardmedia.co.ke/opinion/article/2001553724/from-divide-and-rule-to-woke-fear-politics-faces-new-voters,negative,0,negative,negative
Standard - Business,How integrated technology can transform tax compliance in Kenya,"Wed, 15 Jul 2026 11:34:08 +0300",https://www.standardmedia.co.ke/business/article/2001552851/how-integrated-technology-can-transform-tax-compliance-in-kenya,positive,2,positive,positive
The Star,NTSA should deploy tech to stem carnage,,https://www.the-star.co.ke/opinion/leader/2026-07-23-ntsa-should-deploy-tech-to-stem-carnage,neutral,1,negative,negative
NTV Kenya,Hope for cheaper goods as Kenya’s factory production costs drop to a...,,https://ntvkenya.co.ke/news/hope-for-cheaper-goods-as-kenyas-factory-production-costs-drop-to-a-30-month-low/,positive,2,positive,positive
The Star,Plastic surgery gains acceptance as experts embrace cosmetic proceduresStigma surrounding cosmetic surgery is gradually fading as more Kenyans openly discuss their experiences,,https://www.the-star.co.ke/health/2026-07-15-plastic-surgery-gains-acceptance-as-experts-embrace-cosmetic-procedures,positive,2,positive,positive
NewsData.io,"Haier Biomedical Presents Digital Blood Management Platform at ISBT Congress 2026, Advancing Its Transition from Equipment Provider to Full-Process Solution Partner",,,positive,2,positive,positive
NTV Kenya,"Cut off from Kinshasa, Congo’s AFC/M23 rebels built their own Ebola response","Mon, 13 Jul 2026 08:54:28 +0000",https://ntvkenya.co.ke/news/cut-off-from-kinshasa-congos-afc-m23-rebels-built-their-own-ebola-response/,neutral,1,neutral,neutral
The Star,"NTSA to conduct licences re-validation for motor vehicle operatorsThe deadline for submission is Wednesday, November 6, 2024.",,https://www.the-star.co.ke/news/news-brief/2024-10-15-ntsa-to-conduct-licences-re-validation-for-motor-vehicle-operators,neutral,1,neutral,neutral
The Star,County official goes into hiding,,https://www.the-star.co.ke/news/corridors-of-power/2026-07-24-county-official-goes-into-hiding,negative,0,negative,negative
NTV Kenya,"Kindiki, allies downplay DCP’s Ol Kalou win, vow to deliver Ruto a second term","Mon, 20 Jul 2026 12:25:12 +0000",https://ntvkenya.co.ke/news/kindiki-allies-downplay-dcps-ol-kalou-win-vow-to-deliver-ruto-a-second-term/,neutral,1,neutral,neutral
Standard - Politics,Cracks widen in Rift as factions clash over Ruto succession,"Sun, 19 Jul 2026 10:00:00 +0300",https://www.standardmedia.co.ke/politics/article/2001553153/cracks-widen-in-rift-as-factions-clash-over-ruto-succession,negative,0,negative,negative
World News API,THE PHILIPPINES-MANILA-CHINESE FM-ASEAN SECRETARY-GENERAL-MEETING,,,neutral,1,neutral,neutral
NewsData.io,"Global payroll and HR solutions for businesses – technology, compliance & support in one place",,,positive,2,positive,positive
The Standard,Aviation workers give ultimatum over unmet demands,,https://www.standardmedia.co.ke/national/article/2001553552/aviation-workers-give-ultimatum-over-unmet-demands,negative,0,negative,negative
NTV Kenya,Ruto strengthens hold on Western as UDA wins West Kabras Ward by-election,,https://ntvkenya.co.ke/politics/ruto-strengthens-hold-on-western-as-uda-wins-west-kabras-ward-by-election/,positive,2,positive,positive
NTV Kenya,DCP’s Sammy Waweru clinches Ol Kalou seat in landslide win,"Fri, 17 Jul 2026 04:20:23 +0000",https://ntvkenya.co.ke/news/dcps-sammy-waweru-clinches-ol-kalou-seat-in-landslide-win/,positive,2,positive,positive
Citizen Digital (via Google News),Repatriated Kenyans seek gov't support to rebuild lives after South Africa return - Citizen Digital,"Tue, 21 Jul 2026 17:53:24 GMT",https://news.google.com/rss/articles/CBMivAFBVV95cUxOSzEzLUU3RDNXeDFwR3dXNUM0Qjh0emp6NWFsYnZrdUhkVGlkbFdWSUMxb2xpRlZIMUVvb09lN0F5R19JMVFJMXF4Z1Q5OW9KNnliNHVIS09MWlhTYzhHYVhValhiQnZPc2UwRXZlU1lpQUh4V1owbHVMUmlPaEhOcGhWUmw4N0hVUzBKNzdkVUVUOFpQdFpmYVZMR3hSR3BCUDhGRDdFUEx3R3dKWnpIbEJGY29ITkFaNnZBUg?oc=5,negative,0,negative,negative
The Star,Informal e-waste players push for legal recognition in proposed law,,https://www.the-star.co.ke/business/kenya/2026-07-25-informal-e-waste-players-push-for-legal-recognition-in-proposed-law,positive,2,positive,positive
Citizen Digital (via Google News),Strategic pivot that could redefine Kenyan football - Citizen Digital,"Sat, 18 Jul 2026 18:18:13 GMT",https://news.google.com/rss/articles/CBMilgFBVV95cUxQVV9OTkEwaDRaOEE1OWdyVjFlbzcxcTFEdjVPblRDc3Q4YjZVcUF2aVlxSzhfaTRlcVUzUnFnblN1bEp0UlE2a1ZONU11QTl2NWhoa0NBR2hZbk5oRHA1eFhsUlNDa3V3RWdOSG41YTNPdy1BSHlmMjhZbW0wUy11TnVXWHVvbXpVd3A1TUw5NDZUeHo2d3c?oc=5,positive,2,positive,positive
Capital FM Kenya,Govt Invests Sh922mn in 14 Modern Markets Across Kisumu,"Wed, 22 Jul 2026 04:31:55 +0000",https://capitalfm.africa/govt-invests-sh922mn-in-14-modern-markets-across-kisumu/,positive,2,positive,positive
Citizen Digital (via Google News),CAS hearing of Senegal AFCON title appeal set for October 8 - Citizen Digital,"Fri, 24 Jul 2026 19:26:06 GMT",https://news.google.com/rss/articles/CBMioAFBVV95cUxPc1F6SnZNVFMwWllDOU9lTmsyYUJwTElSakNqMzdqMF9fVnFXYkMteGxOX1hFTU9xM3I4WEdpWEVfSVVObXNlWkZpYmluZVZ0bnNncThzN0hRSnpLWjY4UURUMXpIbHA4Qk80OXNxTjZYaHZ1OUNuMFBlckZITHd2RkloMDNndVhSYjJHUUx0UHV5c3RUWWlpTTYwRVRYUl9X?oc=5,neutral,1,positive,positive
Business Daily Africa,Trader relief as old bottled water stocks exempt from tax stamps surrender order,"Thu, 23 Jul 2026 13:21:52 GMT",https://www.businessdailyafrica.com/bd/economy/old-bottled-water-stocks-exempt-from-tax-stamps-surrender-order-5535366,positive,2,positive,positive
The Standard,Why UK moved BATUK training to Tanzania,,https://www.standardmedia.co.ke/national/article/2001553563/why-uk-moved-batuk-training-to-tanzania,neutral,1,negative,negative
Kenyans.co.ke,Atwoli Sounds Alarm Over Plan to Replace Airport Workers With NYS,2026-07-24T14:36:21+0300,https://www.kenyans.co.ke/news/125563-cotu-opposes-plan-replace-permanent-aviation-workers-nys,negative,0,negative,negative
K24,Real Madrid’s Ksh15.3B offer for Yan Diomande turned down by RB Leipzig,"Sat, 25 Jul 2026 07:20:44 +0000",https://k24.digital/sports/la-liga/real-madrids-ksh15-3b-offer-for-yan-diomande-turned-down-by-rb-leipzig,negative,0,negative,negative
The Standard,Why Leila's rise to the top has not been a walk in the park,,https://www.standardmedia.co.ke/sports/boxing/article/2001551388/why-leilas-rise-to-the-top-has-not-been-a-walk-in-the-park,positive,2,positive,positive
NTV Kenya,Gachagua claims some Kenya Kwanza leaders seeking talks ahead of 2027,"Mon, 20 Jul 2026 07:49:16 +0000",https://ntvkenya.co.ke/news/gachagua-claims-some-kenya-kwanza-leaders-seeking-talks-ahead-of-2027/,neutral,1,neutral,neutral
K24,Transfers: Rodri linked with shock Real Madrid move,"Thu, 23 Jul 2026 06:59:56 +0000",https://k24.digital/sports/epl/transfers-rodri-linked-with-shock-real-madrid-move,neutral,1,neutral,neutral
Standard - Business,CBK seeks powers to enforce Anti-Money Laundering compliance,"Wed, 22 Jul 2026 07:55:00 +0300",https://www.standardmedia.co.ke/business/article/2001553419/cbk-seeks-powers-to-enforce-anti-money-laundering-compliance,positive,2,negative,negative
The Star,3K FC keep most of SportPesa League promotion success teamCoach Nicodemus Omasete says only four players have been released by the Embu-based side.,,https://www.the-star.co.ke/sports/football/2026-07-22-3k-fc-keep-most-of-sportpesa-league-promotion-success-team,positive,2,positive,positive
K24,Stop using your shirt to clean your glasses: Here is the right way,"Thu, 23 Jul 2026 16:44:21 +0000",https://k24.digital/lifestyle/life-hacks/stop-using-your-shirt-to-clean-your-glasses-here-is-the-right-way,positive,2,positive,positive
NTV Kenya,LIVE: President Ruto leads Jamhuri Day celebration at Nyayo Stadium,,https://ntvkenya.co.ke/news/live-president-ruto-leads-jamhuri-day-celebration-at-nyayo-stadium/,positive,2,positive,positive
Citizen Digital,"Spotify wants to shut down Nairobi for 12 days, here's how it plans to do it",,https://citizen.digital/article/spotify-wants-to-shut-down-nairobi-for-12-days-heres-how-it-plans-to-do-it-n386576,positive,2,positive,positive
K24,How physical space helps resolve tough fights in relationships,"Thu, 23 Jul 2026 10:49:49 +0000",https://k24.digital/lifestyle/love-and-relationships/how-physical-space-helps-resolve-tough-fights-in-relationships,positive,2,positive,positive
The Standard,Injured Sandhu limps to 77th Limuru Open victory,,https://www.standardmedia.co.ke/sports/golf/article/2001553531/injured-sandhu-limps-to-77th-limuru-open-victory,positive,2,positive,positive
The Standard,Parliament committee urges TVETs to intensify student recruitment,,https://www.standardmedia.co.ke/education/article/2001553011/parliament-committee-urges-tvets-to-intensify-student-recruitment,positive,2,positive,positive
The Standard,"Peaceful, orderly and unarmed': activists plan Saba Saba march",,https://www.standardmedia.co.ke/nairobi/article/2001552091/peaceful-orderly-and-unarmed-activists-plan-saba-saba-march,neutral,1,neutral,neutral
The Star,Women weave their way to luxury interior décor brandsCherie Kihato has grown Savannah Space into a hub connecting weavers to larger markets,,https://www.the-star.co.ke/sasa/lifestyle/2026-07-17-art-and-craft,positive,2,positive,positive
Business Daily,Markets boom triggers talent war among stockbrokers,"Thu, 23 Jul 2026 13:05:11 GMT",https://www.businessdailyafrica.com/bd/corporate/companies/markets-boom-triggers-talent-war-among-stockbrokers-5535328,positive,2,positive,positive
The Standard,"For just Sh500, mothers feed and bond with their children",,https://www.standardmedia.co.ke/health/nutrition-wellness/article/2001443450/for-just-sh500-mothers-feed-and-bond-with-their-children,positive,2,positive,positive
Citizen Digital (via Google News),New UK Prime Minister announces tax cut for struggling pubs - Citizen Digital,"Thu, 23 Jul 2026 21:17:42 GMT",https://news.google.com/rss/articles/CBMioAFBVV95cUxPWndSeUVibnhmYVZFbVB5Qm1jMHlnNkNNdThwSi1heFdTUndpbzVmcEdwQUgzT3YzRUJ1YlZWUll4eFdlOG5ONVdMa0ZQVmJiRWFOUXV4S0pMR3NXQ0hHTVVXdHdSaEc0UnduN2laei1jR0Q0TGpVN012aTd4T2h6WmZnRjM3MFdUNnBGVzl2VnJhTU1mUzlCcm1pb2xKMVZy?oc=5,positive,2,positive,positive
The Standard,Kaptagat residents back forest fencing ahead of launch of second conservation phase,"Fri, 10 Jul 2026 09:36:00 +0300",https://www.standardmedia.co.ke/article/2001552516/kaptagat-residents-back-forest-fencing-ahead-of-launch-of-second-conservation-phase,positive,2,positive,positive
Citizen Digital (via Google News),KTDA chair Njeru blames 0.8% export levy for declines in tea market - Citizen Digital,"Wed, 22 Jul 2026 07:04:15 GMT",https://news.google.com/rss/articles/CBMiqAFBVV95cUxOaGZ0R3Q1M2JXMVptQm53WnBhenFUdTdjdFMxZ3dNVVVkOGJ2djNiU3BNaDVjN29sS2tCR2V0Zy1JM3Z2dFIxMG5QbERDM21Od3dlT3ZCRGxKRzljNWo4MlNtZDl0MWVWUGNLMDdJQXBlcmtIUGd1NnhLVEdCMXBnX1hUa2RlLU9OMGM2UWh4eXIwa0h6R3BsU0tsd0xuZ2tyYlFDNmFNWGE?oc=5,negative,0,negative,negative
K24,Why cuts on your tongue heal much faster than skin wounds,"Sat, 25 Jul 2026 10:19:01 +0000",https://k24.digital/lifestyle/health-and-fitness/why-cuts-on-your-tongue-heal-much-faster-than-skin-wounds,negative,0,negative,negative
NTV Kenya,Wetang’ula accused of defying court order by campaigning for Ruto,"Tue, 14 Jul 2026 06:24:47 +0000",https://ntvkenya.co.ke/news/wetangula-accused-of-defying-court-order-by-campaigning-for-ruto/,negative,0,negative,negative
K24,Maresca determined to forge his own path after replacing Pep Guardiola at Man City,"Sat, 25 Jul 2026 05:52:34 +0000",https://k24.digital/sports/epl/maresca-determined-to-forge-his-own-path-after-replacing-pep-guardiola-at-man-city,neutral,1,neutral,neutral
The Standard,India donates 4.5 tonnes of medical supplies to boost Kenya's Ebola preparedness,,https://www.standardmedia.co.ke/national/article/2001553614/india-donates-45-tonnes-of-medical-supplies-to-boost-kenyas-ebola-preparedness,positive,2,positive,positive
KBC,Kagwe defends tea levy as uptake hits 93pc,"Thu, 23 Jul 2026 15:29:18 +0000",https://www.kbc.co.ke/kagwe-defends-tea-levy-as-uptake-hits-93pc/,positive,2,positive,positive
The Standard,Pamoja Mashujaa Day in the Rift Valley,,https://www.standardmedia.co.ke/national/article/2001553615/pamoja-mashujaa-day-in-the-rift-valley,positive,2,positive,positive
The Standard,Mystery over Kerich's trip to America,,https://www.standardmedia.co.ke/nairobi/article/2001551119/mystery-over-kerichs-trip-to-america,neutral,1,negative,negative
Citizen Digital,Deputy party leader for Jubilee Party Fred Matiang'i attends church service in Utawala,,https://citizen.digital/article/watch-live-deputy-party-leader-for-jubilee-party-fred-matiangi-attends-church-service-in-utawala-n387097,positive,2,positive,neutral
The Standard,Letter from Murang'a's quiet Giatutu area and the few agri-innovations,,https://www.standardmedia.co.ke/business/enterprise/article/2001553417/letter-from-murangas-quiet-giatutu-area-and-the-few-agri-innovations,neutral,1,neutral,neutral
The Star,NBA superstar LeBron James to join Philadelphia 76ersThe 41-year-old left the Los Angeles Lakers after eight years last month.,,https://www.the-star.co.ke/news/world/2026-07-24-nba-superstar-lebron-james-to-join-philadelphia-76ers,positive,2,positive,positive
The Star,"JIJI NDOGO: I’ve made my bed, now I have to lay in itMakini sweet-talks his wife to watch World Cup with him",,https://www.the-star.co.ke/sasa/entertainment/2026-06-27-jiji-ndogo,positive,2,positive,positive
The Star,Natembeya pushes public-private healthcare partnerships,,https://www.the-star.co.ke/counties/rift-valley/2026-07-24-natembeya-pushes-public-private-healthcare-partnerships,positive,2,positive,positive
The Standard,Wandayi and political awakening in Luo Nyanza,,https://www.standardmedia.co.ke/business/opinion/article/2001553714/wandayi-and-political-awakening-in-luo-nyanza,neutral,1,neutral,neutral
World News API,Developer breaks ground for Sh4.2 billion purpose-built student hotels development in Lukenya,,https://www.standardmedia.co.ke/business/article/2001553713/developer-breaks-ground-for-sh4-2-billion-purpose-built-student-hotels-development-in-lukenya,positive,2,positive,positive
Citizen Digital,5 hours ago Malaysia consider hosting war-delayed F1 Grand PrixBy AFP,,https://citizen.digital/article/malaysia-consider-hosting-war-delayed-f1-grand-prix-n387083,neutral,1,negative,negative
Standard - Politics,Plan B: Inside Gachagua's political wild card if court upholds impeachment,"Fri, 24 Jul 2026 09:00:00 +0300",https://www.standardmedia.co.ke/politics/article/2001553604/plan-b-inside-gachagua-s-political-wild-card-if-court-upholds-impeachment,neutral,1,neutral,negative
Standard - Business,"NCBA sale complete as Kenyatta, Ndegwa families cash in on Sh109b in Nedbank deal","Tue, 21 Jul 2026 16:30:00 +0300",https://www.standardmedia.co.ke/business/article/2001553387/ncba-sale-complete-as-kenyatta-ndegwa-families-cash-in-on-sh109b-in-nedbank-deal,positive,2,positive,positive
The Star,Shinyonzo draws confidence from France camp ahead of Starlets’ Wafcon returnThe Starlets have been holding double training sessions in France to fine-tune their preparations before traveling to Morocco.,,https://www.the-star.co.ke/sports/football/2026-07-22-shinyonzo-draws-confidence-from-france-camp-ahead-of-starlets-wafcon-return,positive,2,positive,positive
K24,How small enterprises can win govt tenders through AGPO services,"Wed, 22 Jul 2026 14:39:50 +0000",https://k24.digital/lifestyle/money/how-small-enterprises-can-win-govt-tenders-through-agpo-services,positive,2,positive,positive
Kenyans.co.ke,Concern for Kenyans in Middle East as Governments Issue Fresh Warnings,2026-07-24T10:05:41+0300,https://www.kenyans.co.ke/news/125557-kenyans-middle-east-alert-us-canada-issue-travel-bans,negative,0,negative,negative
NewsData.io,"Tuesday weather: Rain, thunderstorms and strong winds expected in several parts of Kenya",,,neutral,1,neutral,neutral
World News API,"Why conviction of Sharon killers is a big win against femicide, impunity",,https://www.standardmedia.co.ke/opinion/article/2001553698/why-conviction-of-sharon-killers-is-a-big-win-against-femicide-impunity,positive,2,positive,positive
Kahawa Tungu,10 Things to Check Before Hiring a Residential Roofing Company ,,,neutral,1,neutral,neutral
World News API,Capacity Building for Enhanced Parliamentary Performance in Africa: Challenges and Recommendations,,,neutral,1,neutral,neutral
Currents API,Kenya: Treasury Misses Tax Revenue Target By Nearly Sh7bn,,,negative,0,negative,negative
Business Today Kenya,Kitale Jitume Centre Empowering Youth for Digital Jobs,,,positive,2,positive,positive
NTV Kenya,"Rebel Catholic group ordains bishops in Switzerland, defying Pope Leo",,https://ntvkenya.co.ke/news/rebel-catholic-group-ordains-bishops-in-switzerland-defying-pope-leo/,negative,0,negative,negative
World News API,Leaders convene in Nairobi for Africa Tech leadership conference,,,positive,2,positive,positive
Citizen Digital,WANANCHI OPINION: Banditry: Less talk and more action needed to find a lasting solution,,https://citizen.digital/article/wananchi-opinion-banditry-less-talk-and-more-action-needed-to-find-a-lasting-solution-n386825,negative,0,negative,negative
Business Today Kenya,How Paren Hirani is Redefining Hospitality at Sentrim Hotels & Lodges,,,positive,2,positive,positive
Kahawa Tungu,How to Calculate Selling Price of a Product,"Sat, 25 Jul 2026 08:54:37 +0000",https://kahawatungu.com/how-to-calculate-selling-price-of-a-product/,neutral,1,neutral,neutral
Citizen Digital (via Google News),Sakaja Cabinet approves underground railway line linking Nairobi CBD to Eastlands - Citizen Digital,"Wed, 22 Jul 2026 12:47:05 GMT",https://news.google.com/rss/articles/CBMivgFBVV95cUxQWVc3QkZWQ25PWlktWkg4Umltd1B4X0xVSTZ5bmNKT2VvU2JrelVsa2o0eXh6RUJ6U1kyVFdtdFp5Smk5WHliVlhxb3B0Q2l0Q1JHYWNVSm41XzlvdF9jM1lHdHFza2w4Ukl1eUNNUmFlcThhSmZMS3F4dDJ3NTZjenRpRmduYmRMN3dyb2ZCUUUxMENOZ0lETXNNU0hBelM0MHRlNTh6NXJqU01helpGMl9kYkp2U2dNNmc1ZG9n?oc=5,positive,2,positive,positive
Kenyans.co.ke,Nairobi to Host Three U.S. Music Companies After Ruto Meeting,2026-07-21T16:02:03+0300,https://www.kenyans.co.ke/news/125472-sony-universal-and-warner-music-agree-establish-offices-nairobi-after-ruto-meeting,positive,2,positive,positive
KBC,Maalim calls for high voter registration across Northern Kenya,"Mon, 20 Jul 2026 06:05:01 +0000",https://www.kbc.co.ke/maalim-calls-for-high-voter-registration-across-northern-kenya/,negative,0,positive,positive
The Standard,Stakeholders calls for introduction of AI subject in education curriculum,,https://www.standardmedia.co.ke/education/article/2001552792/stakeholders-calls-for-introduction-of-ai-subject-in-education-curriculum,positive,2,positive,positive
Standard - Business,Ombam: Kenya cannot grow exports without marketers,"Wed, 15 Jul 2026 19:25:00 +0300",https://www.standardmedia.co.ke/business/article/2001552921/ombam-kenya-cannot-grow-exports-without-marketers,neutral,1,neutral,neutral
NTV Kenya,"Sifuna, Osotsi, Orengo accuse Wanga of plot to hand ODM to Ruto",,https://ntvkenya.co.ke/news/sifuna-osotsi-orengo-accuse-wanga-of-plot-to-hand-odm-to-ruto/,neutral,1,neutral,neutral
The Star,How local scientists are building Ebola defences,,https://www.the-star.co.ke/news/big-read/2026-07-20-ebola,neutral,1,neutral,neutral
K24,Mimi ndio patron wa wamama: Mosiria declares support for women and single mothers,"Thu, 23 Jul 2026 05:09:19 +0000",https://k24.digital/entertainment/celebrity/mimi-ndio-patron-wa-wamama-mosiria-declares-support-for-women-and-single-mothers,positive,2,positive,positive
Standard - Politics,PS Omollo urges parents to shield children from crime,"Sat, 25 Jul 2026 11:17:41 +0300",https://www.standardmedia.co.ke/politics/article/2001553707/ps-omollo-urges-parents-to-shield-children-from-crime,positive,2,positive,positive
Nairobi Wire,‘Mimi Si Mlevi’: Ruto Hits Back at Critics of His Government,"Fri, 24 Jul 2026 03:50:41 +0000",https://nairobiwire.com/2026/07/ruto-defends-development-record-nairobi-artisans-state-house.html,negative,0,negative,negative
World News API,Treasury and Industry Officials Put on the Spot Over Controversial Raw Sugar Imports,,,negative,0,negative,negative
Currents API,Kenya: Coffee Revival Gathers Pace As 6 Western Counties Chart Sector Recovery,,,positive,2,positive,positive
Financialcontent,Safari Soles Tours Announces Custom Kenya Safari Itineraries,7/24/2026 21:59,https://www.financialcontent.com/article/acnnewswire-2026-7-24-safari-soles-tours-announces-custom-kenya-safari-itineraries,positive,2,positive,positive
NTV Kenya,"Saccos cut dividend payouts, increase cash reserves to cover losses",,https://ntvkenya.co.ke/news/saccos-cut-dividend-payouts-increase-cash-reserves-to-cover-losses/,negative,0,negative,negative
NewsData.io,Dubai launches council to make trade network properly,,,positive,2,positive,positive
The Star,"Kawaya urges Ukambani voters to reject Gachagua, back Ruto",,https://www.the-star.co.ke/counties/eastern/2026-07-25-kawaya-urges-ukambani-voters-to-reject-gachagua-back-ruto,neutral,1,neutral,neutral
The Star,Party bigwig accused of allegedly bankrolling rebel faction,,https://www.the-star.co.ke/news/corridors-of-power/2026-07-14-party-bigwig-accused-of-allegedly-bankrolling-rebel-faction,negative,0,negative,negative
World News API,Equity Life reports surge in retirement savings demand,,https://www.kenyamoja.com/index.php/video/equity-life-reports-surge-retirement-savings-demand-citizen-tv-411408,positive,2,positive,positive
The Standard,Nairobi county retirees demand answers over delayed pension benefits,"Wed, 22 Jul 2026 17:42:49 +0300",https://www.standardmedia.co.ke/article/2001553492/nairobi-county-retirees-demand-answers-over-delayed-pension-benefits,negative,0,negative,negative
World News API,Maafisa 390 kunolewa GIS kubadili usimamizi wa ardhi,,https://www.kenyamoja.com/video/maafisa-390-kunolewa-gis-kubadili-usimamizi-wa-ardhi-ntv-video-411693,negative,0,negative,negative
Standard - Politics,Oomph Gachagua got from Ol Kalou win,"Wed, 22 Jul 2026 06:00:00 +0300",https://www.standardmedia.co.ke/politics/article/2001553395/oomph-gachagua-got-from-ol-kalou-win,positive,2,neutral,neutral
NTV Kenya,"Battle for Kindiki seat: Oburu retreats as Coast, Western leaders eye DP",,https://ntvkenya.co.ke/news/battle-for-kindiki-seat-oburu-retreats-as-coast-western-leaders-eye-dp-slot/,neutral,1,positive,positive
The Standard,AG now defends registrar's mistake on hospital land,"Thu, 02 Jul 2026 00:00:00 +0300",https://www.standardmedia.co.ke/article/2001551813/ag-now-defends-registrar-s-mistake-on-hospital-land,negative,0,positive,positive
K24,Wacha mama apumzike: Ruto urges men to embrace family planning,"Thu, 23 Jul 2026 09:16:53 +0000",https://k24.digital/lifestyle/health-and-fitness/wacha-mama-apumzike-ruto-urges-men-to-embrace-family-planning,positive,2,positive,positive
The Standard,"Cardi B shrugs off Maduka Okoye dating rumours, says fame comes with scrutiny",,https://www.standardmedia.co.ke/entertainment/article/2001553483/cardi-b-shrugs-off-maduka-okoye-dating-rumours-says-fame-comes-with-scrutiny,negative,0,negative,negative
The Standard,What your child learns when you're not teaching...,,https://www.standardmedia.co.ke/features/article/2001553187/what-your-child-learns-when-youre-not-teaching,neutral,1,neutral,neutral
The Standard,Gachagua dismisses Charles Owino's appointment as govt spokesperson,,https://www.standardmedia.co.ke/national/article/2001553521/gachagua-dismisses-charles-owinos-appointment-as-govt-spokesperson,neutral,1,neutral,neutral
Standard - Business,"7,800 youth gain skills in digital content creation","Tue, 21 Jul 2026 14:47:00 +0300",https://www.standardmedia.co.ke/business/article/2001553376/7-800-youth-gain-skills-in-digital-content-creation,positive,2,positive,positive
The Standard,"Haiti needs urgent help, Monicah Juma tells UN Security Council",,https://www.standardmedia.co.ke/national/article/2001553539/haiti-needs-urgent-help-monicah-juma-tells-un-security-council,negative,0,negative,negative
The Standard,City Hall opts for generators as Sakaja fails to pay Kenya Power,,https://www.standardmedia.co.ke/nairobi/article/2001552438/city-hall-opts-for-generators-as-sakaja-fails-to-pay-kenya-power,negative,0,negative,negative
The Star,Project keeps over 380 vullnerable children in school in Suba North,,https://www.the-star.co.ke/counties/nyanza/2026-07-23-project-keeps-over-380-vullnerable-children-in-school-in-suba-north,positive,2,positive,positive
Nairobi Wire,Ruto Retires 250 Board Members in State Corporations Shake-Up,,,negative,0,negative,negative
KBC,"Mangroves hold the key to Kenya’s Blue Economy, stakeholders told","Sat, 25 Jul 2026 09:20:43 +0000",https://www.kbc.co.ke/mangroves-hold-the-key-to-kenyas-blue-economy-stakeholders-told/,positive,2,positive,positive
The Star,Gachagua allies plot fightback over ouster.,,https://www.the-star.co.ke/news/news-brief/2024-10-21-news-brief-gachagua-allies-plot-fightback-over-ouster,negative,0,negative,negative
The Star,New daycare gives teenage mothers a second chance at education,,https://www.the-star.co.ke/counties/central/2026-07-22-new-daycare-gives-teenage-mothers-a-second-chance-at-education,positive,2,positive,positive
The Star,Shilwatso backs Harambee Starlets to shine at WAFCON after intensive build-upDefender says France camp has sharpened Starlets ahead of Morocco opener,,https://www.the-star.co.ke/sports/football/2026-07-24-shilwatso-backs-harambee-starlets-to-shine-at-wafcon-after-intensive-build-up,positive,2,positive,positive
The Standard,Tharaka Nithi county to construct three museums,,https://www.standardmedia.co.ke/central/article/2001553289/tharaka-nithi-county-to-construct-three-museums,positive,2,positive,positive
The Star,The people's voice should guide every vote in Parliament.,,https://www.the-star.co.ke/opinion/columnists/2026-07-20-otieno-the-peoples-voice-should-guide-every-vote-in-parliament,negative,0,negative,negative
Citizen Digital (via Google News),Tusker land in Kigali with Kagame Cup glory in mind ,"Fri, 24 Jul 2026 16:19:12 GMT",https://news.google.com/rss/articles/CBMilgFBVV95cUxQX2JBWUM2VW8zZHFLZGhuRkhmaEwxeWdCUjIxRk52UGwxeHBXMEZzeXRzR0E0WTVIVjNuR3hKdGYtOWloa3BYd1MxWXFycGJzNEh6SFJEWHhFX3VlVG16M1lPOVBSaXpnc05lRFhLSUgyWUF0VnFWeFl6VU9GR09XZ3BURjQwNWxSd2REbmdiZUpPOFBfV0E?oc=5,positive,2,positive,positive
Citizen Digital,"Nigeria's Tinubu approves army expansion to 12 divisions with 28,000 new recruits",7/24/2026 20:18,https://citizen.digital/article/nigerias-tinubu-approves-army-expansion-to-12-divisions-with-28000-new-recruits-n387073,positive,2,positive,positive
NTV Kenya,IEBC to deploy plain-clothes police to boost security in hotly contested areas,,https://ntvkenya.co.ke/news/iebc-to-deploy-plain-clothes-police-to-boost-security-in-hotly-contested-areas/,negative,0,negative,negative
NTV Kenya,Senior Tanzanian opposition leaders released on bail.,,https://ntvkenya.co.ke/news/senior-tanzanian-opposition-leaders-released-on-bail-party-says/,neutral,1,neutral,neutral
The Star,Malindi’s revellers who ignored the low season ,,https://www.the-star.co.ke/sasa/lifestyle/2026-07-12-g-spot-malindis-revellers-who-ignored-the-low-season,positive,2,negative,negative
Citizen Digital (via Google News),"KCB fired up Prinsloo Sevens, says coach Amonde ","Thu, 23 Jul 2026 08:12:27 GMT",https://news.google.com/rss/articles/CBMijwFBVV95cUxQTHE2T3U0Uko5aHJqZjYwWE9JbG5rWktCOHVBWXktZVp2Q21RT044TmZHVkxsMXV1bkdEaGlESHo5bTk5U0RYaGRHRkNDa2kwNzBxd1Vodk5OVGY3amFueHBVTzgtVVVjSzNPTDFlUi1uZWEwRzE4bTJlNEVYRllIWmRwaXR4cXNoZ2RuMXNEVQ?oc=5,negative,0,negative,negative
Citizen Digital (via Google News),Nigeria's Dangote raises Ksh.323B to expand Africa's largest refinery ,"Fri, 24 Jul 2026 04:42:18 GMT",https://news.google.com/rss/articles/CBMiqgFBVV95cUxPNzhyY0xFMVFYODBoRWdfdnVQdVd2VWRtS2pDdGJ6eVpFbU9Kc0JDQVpWTFNVRTRiYTRyR3VYUGI4OXhKem1SNnFPQXlUS25GRmIwTEJhYXc1QTJBQ2VwSUZOb2J1Q2hMWk5uUFlNOUtaZFlQMm5EQkFIUVJmSlRwaG9BQ2xFRThzdXZxVF9RQ2l1NDZNWE8xT21TcW1QUjl0Wm0xVTNKZzFGdw?oc=5,positive,2,positive,positive
Kenyans.co.ke,Inside New Plan for Number Plates With Exclusive Parking,2026-07-22T13:00:27+0300,https://www.kenyans.co.ke/news/125498-drivers-ev-number-plates-enjoy-exclusive-parking-new-proposal,positive,2,positive,positive
Citizen Digital (via Google News),Isiolo export abattoir ready for commissioning after 17 years,"Sun, 19 Jul 2026 09:29:35 GMT",https://news.google.com/rss/articles/CBMiowFBVV95cUxOQ2dBdkZlRktsS0EySFI2MXFGRV9fdjNRSlVfMzZjc2t5TkhDcHp4aUlDUUJBSVh0elBoNHRlOHh2c0NxX2ZuNW8yVVhuUF84NUNERm1NTWVMM2ROVHRLUnFiRC01Q3NFcnNMQUMxYXJZNjd3UVBfVjRSNmNXSF83TVNEUE1SWmJKMkliTkhvY09zRDU4dXd5eDg3bHY3OGZEWks4?oc=5,positive,2,positive,positive
KBC,Iten Court clears Kaptagat Forest fencing as community joins case,"Fri, 24 Jul 2026 15:24:46 +0000",https://www.kbc.co.ke/iten-court-clears-kaptagat-forest-fencing-as-community-joins-case/,neutral,1,neutral,neutral
Standard - Business,How Treasury diverted Sh30 billion Eurobond money to cover domestic debt,"Sat, 18 Jul 2026 07:40:00 +0300",https://www.standardmedia.co.ke/business/article/2001553093/how-treasury-diverted-sh30-billion-eurobond-money-to-cover-domestic-debt,negative,0,negative,negative
NTV Kenya,Magarini by-election: Drama as Kanagoni locals chase away MP Ken Chonga,,https://ntvkenya.co.ke/news/magarini-by-election-drama-as-kanagoni-locals-chase-away-mp-ken-chonga/,negative,0,negative,negative
The Star,"Sakaja unveils Nairobi’s first underground metro planUnder Phase One, the metro line will connect the Central Business District to Eastlands",,https://www.the-star.co.ke/counties/nairobi/2026-07-23-sakaja-unveils-nairobis-first-underground-metro-plan,positive,2,positive,positive
The Star,"Raabia, the ‘iron lady’ in nature’s deadly warFormer radio and TV journalist has taken her fight against poaching to the marine world",,https://www.the-star.co.ke/news/big-read/2026-07-15-raabia-the-iron-lady-in-natures-deadly-war,positive,2,positive,positive
NTV Kenya,NTSA defends controversial annual vehicle inspection directive,,https://ntvkenya.co.ke/news/ntsa-defends-controversial-annual-vehicle-inspection-directive/,neutral,1,negative,negative
The Standard,Sakaja's cabinet approves phase I of metropolitan transit system,,https://www.standardmedia.co.ke/nairobi/article/2001553486/sakajas-cabinet-approves-phase-i-of-metropolitan-transit-system,positive,2,positive,positive
The Star,"Experts call for African unity to produce drugs, vaccines",,https://www.the-star.co.ke/counties/coast/2026-07-24-experts-call-for-african-unity-to-produce-drugs-vaccines,positive,2,positive,positive
NTV Kenya,Kenya downplays Museveni’s claim over Indian Ocean ownership,,https://ntvkenya.co.ke/news/kenya-downplays-musevenis-claim-over-indian-ocean-ownership/,negative,0,negative,negative
NewsData.io,Jacob Ojee Attains World Rugby Level 2 Coaching Accreditation in 15s,,,positive,2,positive,positive
The Standard,How do adults view mental health in children and youth?,,https://www.standardmedia.co.ke/health/health-science/article/2001553230/how-do-adults-view-mental-health-in-children-and-youth,neutral,1,neutral,neutral
NTV Kenya,Uchumi Supermarket posts rare Sh8.8m profit,,https://ntvkenya.co.ke/news/uchumi-supermarkets-chain-posts-rare-sh8-8m-profit/,positive,2,positive,positive
NTV Kenya,Zimbabwe lawmakers back legislation extending president’s time in office,,https://ntvkenya.co.ke/news/zimbabwe-lawmakers-back-legislation-extending-presidents-time-in-power/,positive,2,neutral,neutral
The East African,"Sall-Faye alliance built on UN contest, with an eye on domestic politics","Wed, 22 Jul 2026 12:47:13 GMT",https://www.theeastafrican.co.ke/tea/news/west-africa/sall-faye-alliance-senegal-5534268,neutral,1,negative,neutral
The Star,Three days of drilling ended decades of water shortage in Masinga,,https://www.the-star.co.ke/news/big-read/2026-07-13-three-days-of-drilling-ended-decades-of-water-shortage-in-masinga,positive,2,positive,positive
Currents API,Young People At the Center of the 21st AMECEA Plenary Assembly - 'Do Not Be Robbed of Hope',,,positive,2,negative,negative
Kenyans.co.ke,"Parliament Explains New Cabinet Vetting Featuring Malala, Winnie Odinga & Others",2026-07-23T19:46:32+0300,https://www.kenyans.co.ke/news/125549-parliament-dismisses-viral-cabinet-nominees-vetting-letter-fake,positive,2,positive,positive
The Standard,KNEC vows to safeguard exam integrity despite rising candidate numbers,,https://www.standardmedia.co.ke/education/article/2001553283/knec-vows-to-safeguard-exam-integrity-despite-rising-candidate-numbers,positive,2,negative,negative
Kenya News Agency,Maalim urges Northern Kenya residents to register as voters,"Mon, 20 Jul 2026 08:32:50 +0000",https://www.kenyanews.go.ke/maalim-urges-northern-kenya-residents-to-register-as-voters/,positive,2,negative,negative
The Standard,Mombasa lawyers push for judicial reforms as court boycott continues,,https://www.standardmedia.co.ke/coast/article/2001553630/mombasa-lawyers-push-for-judicial-reforms-as-court-boycott-continues,neutral,1,neutral,neutral
World News API,Western on standstill as rival politicians scramble for Mulembe cake,,https://www.standardmedia.co.ke/politics/article/2001553692/western-on-standstill-as-rival-politicians-scramble-for-mulembe-cake,neutral,1,negative,negative
K24 Tv,Bernice Saroni recalls tearful 19-hour flight after leaving children behind to start life in America,7/24/2026 23:11,https://k24.digital/entertainment/celebrity/bernice-saroni-recalls-tearful-19-hour-flight-after-leaving-children-behind-to-start-life-in-america,negative,0,negative,negative
The Standard Headlines,Gachagua: Why Ruto will not steal the 2027 General Election,"Wed, 22 Jul 2026 20:24:26 +0300",https://www.standardmedia.co.ke/article/2001553510/gachagua-why-ruto-will-not-steal-the-2027-general-election,neutral,1,neutral,neutral
Kahawa Tungu,Murkomen Extends Security Disturbed Declaration in Parts of Marsabit,"Sat, 25 Jul 2026 08:29:09 +0000",https://kahawatungu.com/murkomen-extends-security-disturbed-declaration-in-parts-of-marsabit/,negative,0,negative,negative
K24,"Iraola outlines Liverpool’s transfer plans, backs Alisson and hails Szoboszlai’s leadership","Wed, 22 Jul 2026 15:50:42 +0000",https://k24.digital/sports/epl/iraola-outlines-liverpools-transfer-plans-backs-alisson-and-hails-szoboszlais-leadership,neutral,1,neutral,neutral
Citizen Digital,Michael Oyamo convened meeting to deliver Sharon Otieno to her killers ,,https://citizen.digital/article/michael-oyamo-convened-meeting-to-deliver-sharon-otieno-to-her-killers-court-n386976,negative,0,negative,negative
NewsData.io,"Kazakhstan and Kenya discuss trade, logistics and agricultural cooperation",,,positive,2,positive,positive
Standard - Business,New tariffs expected to increase cost of imported goods in Kenya,"Thu, 16 Jul 2026 17:18:03 +0300",https://www.standardmedia.co.ke/business/article/2001552980/us-unveils-new-25-per-cent-tariff-on-certain-imports-from-brazil,negative,0,negative,negative
The Standard,Kenya's post-Vision 2030 plan deserves more attention,,https://www.standardmedia.co.ke/opinion/article/2001553697/kenyas-post-vision-2030-plan-deserves-more-attention,neutral,1,neutral,neutral
Citizen Digital,Mashujaa Day celebrations to be held in three Rift Valley counties,,https://citizen.digital/article/mashujaa-day-celebrations-to-be-held-in-three-rift-valley-counties-cs-murkomen-n386988,neutral,1,neutral,neutral
Kahawa Tungu,Ruto Appoints Former Bumula MP Moses Mabonga to Energy Regulator Board,"Sat, 25 Jul 2026 07:05:36 +0000",https://kahawatungu.com/ruto-appoints-former-bumula-mp-moses-mabonga-to-energy-regulator-board/,negative,0,negative,negative
K24,Justina Syokau flaunts new look after losing 17kg in 2 months with Ozempic,"Wed, 22 Jul 2026 13:03:03 +0000",https://k24.digital/entertainment/celebrity/justina-syokau-flaunts-new-look-after-losing-17kg-in-2-months-with-ozempic,positive,2,positive,positive
The Star,NASSIR: Unlocking Mombasa begins with smarter aviation policyAir access Kenya’s next great economic opportunity to unlocking vast revenue but Moi Airport receives far too few flights.,,https://www.the-star.co.ke/siasa/2026-07-19-nassir-unlocking-mombasa-begins-with-smarter-aviation-policy,negative,0,negative,negative
Citizen Digital (via Google News),CS Ruku: UDA spent about Ksh.100M in Ol-Kalou by-election campaigns ,"Mon, 20 Jul 2026 06:00:29 GMT",https://news.google.com/rss/articles/CBMiqAFBVV95cUxOSVFIeTBJVjUzTDZxYXA3RnBMekUyX3N5aVNweHFsSGNTOVppd3RoMXp2NTZsM1Z4VnNtSzJrZGp2aTN0Y3F0WVdsNlhkajJ1VS1yUVM5U0VZXzExZnZYYzJwYzR0M1puTUN3eVRNU2otYl91MlZEV2p3bjZQS1RPdVFWZGF5NVhqMHhkZ0kyQWg5ZDBYX2NzQ2c1VkQ2OFFBLS1rUU9XUmc?oc=5,neutral,1,neutral,neutral
Citizen Digital (via Google News),New UK PM Burnham stamps authority with cabinet shakeup ,"Tue, 21 Jul 2026 05:41:31 GMT",https://news.google.com/rss/articles/CBMimwFBVV95cUxQMGEtYkVyTVpWOGFHNmNSOEtLZ1JER0l3OWpaX0g3OGxHVFZ3RVNydXNmbFctc2RaOV9HeFpfcVJxdUFyVE1ic3FBMGxRd1l3MmdMa2tmWXdDLUxfdDJHc2xqRXNOanpzY1lWS1R3NXA2TVVkcTdyclBuM0xrQXFzd1FEYlpKSDlNM0dHSFVLY0VWSUVhSDdOTHlmbw?oc=5,positive,2,positive,positive
The Standard,UK withdraws remaining diplomats from Iran,,https://www.standardmedia.co.ke/europe/article/2001553564/uk-withdraws-remaining-diplomats-from-iran,negative,0,negative,negative
Citizen Digital (via Google News),"""Wajinga waliisha Kenya!"" How Ol Kalou residents offered a masterclass on fearlessly protecting the vote ","Fri, 17 Jul 2026 12:44:37 GMT",https://news.google.com/rss/articles/CBMi2AFBVV95cUxQUFZncWFlS01TTWI2bmdKVUlZRmx6TldkMmhlSE1GZVJxZVhReDBwcmI5aWNvWHpQbFFGT3JrNFl4MUdRa1lwWnFXTWlRQ2RxWFRqaHY5Z1BsMTQ1R1lDRnV5d2UxNDVTYk52QThGRVpsUFJQNUZ4QzhuZk14VHNVeGJ4bEZqZEt6dUJXUmlKZlF1aDF1LVRmQ3FBYUtCc1NrMm9WUWJmQ3d1U0hGZ216US16dXVqR1lmS2ZvYXAwc18teHktTGI5SEY4MXh3aWU5WUdPcVROS1c?oc=5,neutral,1,neutral,neutral
NTV Kenya,Woman accused of tracking President Ruto’s flights freed as court closes case,"Mon, 06 Jul 2026 13:02:24 +0000",https://ntvkenya.co.ke/news/woman-accused-of-tracking-president-rutos-flights-freed-as-court-closes-case/,negative,0,negative,negative
The Standard,France to unveil new coach July 28 as Zidane waits in wings,,https://www.standardmedia.co.ke/sports/football/article/2001553562/france-to-unveil-new-coach-july-28-as-zidane-waits-in-wings,neutral,1,neutral,neutral
Standard - Politics,Oburu: We are not shaken by Ol-Kalou loss,"Tue, 21 Jul 2026 11:21:07 +0300",https://www.standardmedia.co.ke/politics/article/2001553344/oburu-we-are-not-shaken-by-ol-kalou-loss,neutral,1,neutral,neutral
Capital FM Kenya,"President Ruto Hosts 5,000 Artisans at State House, Announces Civil Servants’ Salary Increase","Thu, 23 Jul 2026 09:02:36 +0000",https://capitalfm.africa/president-ruto-hosts-5000-artisans-at-state-house-announces-civil-servants-salary-increase/,positive,2,positive,positive
K24,Man City completes signing of England midfielder Elliot Anderson,"Thu, 23 Jul 2026 17:25:06 +0000",https://k24.digital/sports/epl/man-city-completes-signing-of-england-midfielder-elliot-anderson,neutral,1,neutral,neutral
NTV Kenya,Trial for Bundibugyo Ebola treatment starts in DRC,,https://ntvkenya.co.ke/news/trial-for-bundibugyo-ebola-treatment-starts-in-drc-who-say/,positive,2,positive,positive
NTV Kenya,Mosiria moved from Environment docket in Sakaja’s latest reshuffle,,https://ntvkenya.co.ke/news/mosiria-moved-from-environment-docket-in-sakajas-latest-reshuffle/,neutral,1,negative,negative
World News API,"Piles of cash and a town of solutions in Kenya, Nigeria (Summer School)",,https://www.npr.org/2026/07/24/nx-s1-5894830/summer-school-kenya-nigeria-cash-development-experiment,neutral,1,neutral,neutral
NTV Kenya,Why court should have nullified Gachagua’s impeachment,,https://ntvkenya.co.ke/news/why-court-should-have-nullified-gachaguas-impeachment-sc-charles-kanjama/,neutral,1,neutral,neutral
Capital FM Kenya,Eastern African prosecutors step up fight against crypto crime with regional training,"Thu, 23 Jul 2026 14:25:53 +0000",https://capitalfm.africa/eastern-african-prosecutors-step-up-fight-against-crypto-crime-with-regional-training/,positive,2,positive,positive
Standard - Politics,"How Ruto met Oburu and Ole Kina at night, ordered Sifuna's removal","Fri, 17 Jul 2026 10:15:00 +0300",https://www.standardmedia.co.ke/politics/article/2001553020/how-ruto-met-oburu-and-ole-kina-at-night-ordered-sifuna-s-removal,neutral,1,neutral,neutral
K24,Anthony Taylor’s retirement: Top controversies of EPL ref and why Chelsea fans are happy with his exit,"Tue, 21 Jul 2026 18:02:52 +0000",https://k24.digital/sports/epl/anthony-taylors-retirement-top-controversies-of-epl-ref-and-why-chelsea-fans-are-happy-with-his-exit,positive,2,negative,negative
World News API,Patching Africa’s Scars: Why West Africa Needs an Undergraduate and Postgraduate Discipline in Border Studies and Pan-African Integration,,,neutral,1,neutral,neutral
The Star,"Turkana backs Kapedo military base to bolster security, unlock development",,https://www.the-star.co.ke/counties/rift-valley/2026-07-23-turkana-backs-kapedo-military-base-to-bolster-security-unlock-development,positive,2,positive,positive
Citizen Digital,A father’s walk against sickle cell disease,,https://citizen.digital/article/a-fathers-walk-against-sickle-cell-disease-n385422,negative,0,negative,negative
The Standard,Concern over management of Nairobi Food Certification Unit,"Mon, 18 May 2026 14:41:24 +0300",https://www.standardmedia.co.ke/article/2001548110/concern-over-management-of-nairobi-food-certification-unit,negative,0,negative,negative
The Star,Top official with huge perks rarely in office,,https://www.the-star.co.ke/news/corridors-of-power/2026-07-11-top-official-with-huge-perks-rarely-in-office,negative,0,negative,negative
K24,Why garlic turns blue or green when cooked in vinegar,"Thu, 23 Jul 2026 07:32:32 +0000",https://k24.digital/lifestyle/food-and-culinary/why-garlic-turns-blue-or-green-when-cooked-in-vinegar,neutral,1,negative,negative
Standard - Business,20 African nations approve formation of a regional maritime university,"Fri, 17 Jul 2026 00:00:00 +0300",https://www.standardmedia.co.ke/business/article/2001552996/20-african-nations-approve-formation-of-a-regional-maritime-university,positive,2,positive,positive
NewsData.io,Business News | AI-infrastructure Platform InfoBay.AI Crosses Rs 100 Crores in Revenue in FY 2025-26,,,positive,2,positive,positive
NTV Kenya,CCTV shows heated altercation between MP Babu Owino and MCA Robert Alai,,https://ntvkenya.co.ke/news/cctv-shows-heated-altercation-between-mp-babu-owino-and-mca-robert-alai/,negative,0,negative,negative
The Standard,Why teachers are demanding fresh pay talks,,https://www.standardmedia.co.ke/education/article/2001553508/why-teachers-are-demanding-fresh-pay-talks,negative,0,negative,negative
NTV Kenya,Singer Celine Dion announces comeback after health battle,,https://ntvkenya.co.ke/news/singer-celine-dion-announces-comeback-after-health-battle/,positive,2,positive,positive
K24,"The real difference between saving and investing, what you need to know","Sat, 25 Jul 2026 10:20:46 +0000",https://k24.digital/lifestyle/money/the-real-difference-between-saving-and-investing-what-you-need-to-know,neutral,1,neutral,neutral
KBC,"African leaders launch health financing dashboard, urge increased investment","Wed, 22 Jul 2026 06:24:51 +0000",https://www.kbc.co.ke/african-leaders-launch-health-financing-dashboard-urge-increased-investment/,positive,2,positive,positive
World News API,Violet Chanya avishwa taji la Mwanamke Bomba,7/19/2026 0:00,,positive,2,positive,positive
The Star,Dadaab leaders rally residents to embrace peaceful campaigns,,https://www.the-star.co.ke/counties/north-eastern/2026-07-21-dadaab-leaders-rally-residents-to-embrace-peaceful-campaigns,positive,2,positive,positive
The Standard,Joy as Isiolo gets first care centre for the elderly,,https://www.standardmedia.co.ke/health/family-wellness/article/2001553512/joy-as-isiolo-gets-first-care-centre-for-the-elderly,positive,2,positive,positive
The Star,MPs intensify probe on how KRA abandoned Sh2.1bn in sugar taxes,,https://www.the-star.co.ke/business/markets/2026-07-17-mps-intensify-probe-on-how-kra-abandoned-sh21bn-in-sugar-taxes,negative,0,negative,positive
Standard - Politics,Six DCP senators turn heads in matching party colours,"Tue, 21 Jul 2026 15:55:00 +0300",https://www.standardmedia.co.ke/politics/article/2001553413/six-dcp-senators-turn-heads-in-matching-party-colours,neutral,1,neutral,neutral
K24,Chelsea confirm Morgan Rogers’ squad number after completing transfer,"Wed, 22 Jul 2026 14:33:26 +0000",https://k24.digital/sports/epl/chelsea-confirm-morgan-rogers-squad-number-after-completing-transfer,positive,2,positive,positive
NewsData.io,Master Wood Working Ltd Launches Modern Wooden Staircase Design in Birmingham,,,positive,2,positive,positive
Citizen Digital (via Google News),World Cup trophy to arrive in style in bespoke Louis Vuitton trunk,"Fri, 17 Jul 2026 07:06:56 GMT",https://news.google.com/rss/articles/CBMiqgFBVV95cUxOUU00TlpSQXM0WmwxbXBHSGNRY3g4bDlGN2dOR3llUHhKSE9QbzdISHVXaDd1THRWWU1USi02SjdIaVhyTFYteUVjeWNEcjF4WS1vOUhsX3VIbWFjekVad2dFeUpqRUtvdlpLOFd3a0FERXlyN3VFbjJhdW95Q2ZQUnlzYno3a0lYX3dNTWhvbUVBRHhKZ2ZROGo3UW1TdVp1dzRfeEdjTmhZUQ?oc=5,neutral,1,positive,positive
The Star,Politico in dilemma as he seeks redemption from Number One,,https://www.the-star.co.ke/news/corridors-of-power/2026-07-12-politico-in-dilemma-as-he-seeks-redemption-from-number-one,negative,0,negative,negative
World News API,Time to build an EV conversion ecosystem at scale,,https://www.thedailystar.net/opinion/views/news/time-build-ev-conversion-ecosystem-scale-4231636,positive,2,positive,positive
Kenya News Agency,Government officials seek Mount Kenya support for Ruto’s re-election bid,"Mon, 20 Jul 2026 08:17:48 +0000",https://www.kenyanews.go.ke/government-officials-seek-mount-kenya-support-for-rutos-re-election-bid/,neutral,1,neutral,neutral
Citizen Digital,Relieved Russell says Mercedes have solved his power problems mystery By AFP,,https://citizen.digital/article/relieved-russell-says-mercedes-have-solved-his-power-problems-mystery-n387006,positive,2,negative,negative
NTV Kenya,Tanzania: Chadema demands release of leaders held over Saba Saba protest claims,"Thu, 09 Jul 2026 12:04:59 +0000",https://ntvkenya.co.ke/news/tanzania-chadema-demands-release-of-leaders-held-over-saba-saba-protest-claims/,neutral,1,neutral,neutral
Kenyans.co.ke,Ruto Announces Full Funding for All University & College Students,2026-07-21T11:04:44+0300,https://www.kenyans.co.ke/news/125456-ruto-announces-100-funding-new-university-students,positive,2,positive,positive
The Standard,Kenya calls for global push to end Sudan conflict,,https://www.standardmedia.co.ke/africa/article/2001553394/kenya-calls-for-global-push-to-end-sudan-conflict,positive,2,positive,positive
The Star,She left TV to build an animation dream: Mary Wanjiku went from watching Cartoon Network to winning Kalasha award for her own production,,https://www.the-star.co.ke/sasa/entertainment/2026-07-02-she-left-tv-to-build-an-animation-dream,positive,2,positive,positive
NTV Kenya,"Matatus restricted, but private cars allowed on Thika Road during Saba Saba","Tue, 07 Jul 2026 10:19:15 +0000",https://ntvkenya.co.ke/news/matatus-restricted-but-private-cars-allowed-on-thika-road-during-saba-saba/,negative,0,negative,negative
K24,Babu Owino denies claims linking him to ‘Wash Wash’ operations,"Thu, 23 Jul 2026 17:22:25 +0000",https://k24.digital/entertainment/celebrity/babu-owino-denies-claims-linking-him-to-wash-wash-operations,negative,0,negative,negative
NTV Kenya,Ruto hits back at critics over frequent foreign trips,,https://ntvkenya.co.ke/news/ruto-hits-back-at-critics-over-frequent-foreign-trips/,negative,0,negative,negative
Standard - Business,New deal to give KDF home loans,"Fri, 17 Jul 2026 00:00:00 +0300",https://www.standardmedia.co.ke/business/article/2001552975/new-deal-to-give-kdf-home-loans,positive,2,positive,positive
The Star,"The filmmaker shifting public’s views on trash‘Afterlife of Waste’ shows how garbage is a mirror of society, says filmmaker Sally Ngoiri",,https://www.the-star.co.ke/sasa/society/2026-07-11-cover,negative,0,negative,negative
K24,CAF boss Motsepe speaks for first time after Somali referee Omar Artan was denied US entry,"Thu, 23 Jul 2026 10:08:35 +0000",https://k24.digital/sports/world-cup/caf-boss-motsepe-speaks-for-first-time-after-somali-referee-omar-artan-was-denied-us-entry,neutral,1,neutral,neutral
K24,Jakes Nyanjom speaks from the heart after candle-lighting vigil for late journalist Rose Mbugua,"Thu, 23 Jul 2026 14:49:21 +0000",https://k24.digital/entertainment/celebrity/jakes-nyanjom-speaks-from-the-heart-after-candle-lighting-vigil-for-late-journalist-rose-mbugua,negative,0,negative,negative
NTV Kenya,Rift Valley succession battle threatens Ruto’s political backyard,"Fri, 10 Jul 2026 07:46:42 +0000",https://ntvkenya.co.ke/news/rift-valley-succession-battle-threatens-rutos-political-backyard/,neutral,1,negative,negative
K24,De Zerbi eager for more attacking reinforcements as Spurs continue squad rebuild,"Sat, 25 Jul 2026 09:03:40 +0000",https://k24.digital/sports/epl/de-zerbi-eager-for-more-attacking-reinforcements-as-spurs-continue-squad-rebuild,positive,2,positive,positive
The Star,"Joho, Marsabit leaders move to revive Hillo Gold Mines",,https://www.the-star.co.ke/counties/north-eastern/2026-07-22-joho-marsabit-leaders-move-to-revive-hillo-gold-mines,positive,2,positive,positive
The Star,Mutuse urges Kalonzo to join Ruto ahead of 2027 polls,,https://www.the-star.co.ke/counties/eastern/2026-07-23-mutuse-urges-kalonzo-to-join-ruto-ahead-of-2027-polls,positive,2,neutral,neutral
The Standard,Chuka University roots for technology collaboration in livestock production,,https://www.standardmedia.co.ke/eastern/article/2001553448/chuka-university-roots-for-technology-collaboration-in-livestock-production,positive,2,positive,positive
Nairobi Wire,Ruto Credits Uhuru for Two-Year Break That Produced Kenya Kwanza Plan,"Wed, 22 Jul 2026 03:50:29 +0000",https://nairobiwire.com/2026/07/ruto-uhuru-leave-of-absence-kenya-kwanza-manifesto.html,neutral,1,neutral,neutral
Capital FM,Court declines urgent bid to halt NTSA’s rollout of digital logbooks,"Sat, 25 Jul 2026 08:34:13 +0000",https://capitalfm.africa/court-declines-urgent-bid-to-halt-ntsas-rollout-of-digital-logbooks/,negative,0,negative,negative
Capital FM Kenya,CS Murkomen: International Forensic Accreditation to Strengthen Criminal Prosecutions,"Thu, 23 Jul 2026 08:32:41 +0000",https://capitalfm.africa/cs-murkomen-international-forensic-accreditation-to-strengthen-criminal-prosecutions/,negative,0,negative,negative
World News API,"‘I thought, I’ve tried everything else, why not give AI a shot?’: the long-lost family reunited by ChatGPT",,https://www.theguardian.com/lifeandstyle/ng-interactive/2026/jul/25/long-lost-family-reunited-chatgpt-artificial-intelligence-ai,positive,2,positive,positive
World News API,Kaunti 39 kunufaika na mafunzo ya GIS Kuboresha usimamizi wa ardhi,,https://www.kenyamoja.com/video/kaunti-39-kunufaika-na-mafunzo-ya-gis-kuboresha-usimamizi-wa-ardhi-ntv-video-411693,negative,0,negative,negative
NTV Kenya,Matiang’i warns ODM against dragging Uhuru into party wars,,https://ntvkenya.co.ke/news/matiangi-warns-odm-against-dragging-uhuru-into-party-wars/,negative,0,negative,negative
NTV Kenya,Kang’ata urges Linda Mwananchi team to reach out to Gachagua,,https://ntvkenya.co.ke/news/kangata-urges-linda-mwananchi-team-to-reach-out-to-gachagua/,neutral,1,neutral,neutral
NewsData.io,"Panama publishes visa policy, names African countries eligible for visa-free travel",,,negative,0,negative,negative
Standard - Business,"How Lapfund's mega development redefines Nairobi, tests infrastructure","Tue, 21 Jul 2026 06:00:00 +0300",https://www.standardmedia.co.ke/business/article/2001553320/how-lapfund-s-mega-development-redefines-nairobi-tests-infrastructure,positive,2,positive,positive
KBC News,Charles Owino appointed Government Spokesperson,,,negative,0,negative,negative
The Standard Headlines,Charles Owino appointed as Government Spokesperson,"Tue, 21 Jul 2026 19:14:27 +0300",https://www.standardmedia.co.ke/article/2001553410/charles-owino-appointed-as-government-spokesperson,negative,0,negative,negative
NewsData.io,Disney star Skai Jackson apologises to Kenyans over controversial mirror remarks,,,negative,0,negative,negative
Standard - Politics,How rebellious Ol Kalou voters have frustrated previous regimes,"Sun, 19 Jul 2026 10:00:00 +0300",https://www.standardmedia.co.ke/politics/article/2001553166/how-rebellious-ol-kalou-voters-have-frustrated-previous-regimes,negative,0,negative,negative
K24,The 2026 Ballon d’Or favourites list after World Cup,"Mon, 20 Jul 2026 07:14:20 +0000",https://k24.digital/sports/world-cup/the-2026-ballon-dor-favourites-list-after-world-cup,neutral,1,positive,positive
The Standard,Blow to Dock Workers Union officials as court clears way for polls,,https://www.standardmedia.co.ke/coast/article/2001553390/blow-to-dock-workers-union-officials-as-court-clears-way-for-polls,negative,0,negative,negative
The Standard,Court paves way for fencing of Kaptagat Forest,,https://www.standardmedia.co.ke/environment-climate/article/2001553618/court-paves-way-for-fencing-of-kaptagat-forest,neutral,1,neutral,neutral
Citizen Digital (via Google News),Spain and Argentina brace for World Cup final,"Sun, 19 Jul 2026 09:09:47 GMT",https://news.google.com/rss/articles/CBMijgFBVV95cUxOSDVRQTZjc1lkQkg2SGZRRjJyelI3alIwR1JJTmJOeXJYZVRrZHdPSHYzQW5HWGNNM2hGV0N1QmgzamlsYjNvNFdtQXRWV0N1dmhCX2Z0ZS1pTmhuS1NRNlc2Q0ViSVhsSFpxblh0TXR5SExTVE8yckRSWDJZZUhvbzZVZ0J6c0dUdHlGUVBn?oc=5,neutral,1,neutral,neutral
The Standard,KNEC launches digital KCSE certificate access,,https://www.standardmedia.co.ke/education/article/2001553446/knec-launches-digital-kcse-certificate-access,positive,2,positive,positive
The Star,Audit shows Sh3.7bn gamble on dialysis machines has paid off,,https://www.the-star.co.ke/health/2026-07-23-audit-shows-sh37bn-gamble-on-dialysis-machines-has-paid-off,positive,2,positive,positive
NTV Kenya,"Chris Brown pleads guilty to affray, assault charges to be dropped","Fri, 24 Jul 2026 12:37:35 +0000",https://ntvkenya.co.ke/news/chris-brown-pleads-guilty-to-affray-assault-charges-to-be-dropped/,negative,0,negative,negative
NTV Kenya,FIFA refereeing chief rejects claims of bias in Argentina’s win over Egypt,"Thu, 09 Jul 2026 07:17:29 +0000",https://ntvkenya.co.ke/sports/fifa-refereeing-chief-rejects-claims-of-bias-in-argentinas-win-over-egypt/,negative,0,negative,negative
K24,How to save a relationship when love starts feeling like a full-time job,"Thu, 23 Jul 2026 12:50:25 +0000",https://k24.digital/lifestyle/love-and-relationships/how-to-save-a-relationship-when-love-starts-feeling-like-a-full-time-job,neutral,1,neutral,neutral
Business Daily Africa,Firm seeks to quantify losses in Absa data breach claim,"Tue, 21 Jul 2026 13:25:04 GMT",https://www.businessdailyafrica.com/bd/corporate/companies/firm-hires-auditor-to-quantify-losses-in-absa-data-breach-5533400,negative,0,negative,negative
K24,How your office chair could be undoing all your gym efforts,"Wed, 22 Jul 2026 06:23:17 +0000",https://k24.digital/lifestyle/health-and-fitness/how-your-office-chair-could-be-undoing-all-your-gym-efforts,neutral,1,neutral,neutral
The Star,Garissa launches joint ID and voter registration drive to tackle low enrolment,,https://www.the-star.co.ke/counties/north-eastern/2026-07-23-garissa-launches-joint-id-and-voter-registration-drive-to-tackle-low-enrolment,positive,2,positive,positive
NTV Kenya,Why Donald Trump’s deputy JD Vance will not be coming to Kenya,,https://ntvkenya.co.ke/news/why-donald-trumps-deputy-jd-vance-will-not-be-coming-to-kenya/,negative,0,negative,negative
Standard - Business,"Safaricom, KPC receipts to push Kenya's forex reserves to 7-month high - CBK","Thu, 16 Jul 2026 00:00:00 +0300",https://www.standardmedia.co.ke/business/article/2001552901/safaricom-kpc-receipts-to-push-kenya-s-forex-reserves-to-7-month-high-cbk,positive,2,positive,positive
The Standard,New assembly Bill secures safer protests but is should do more,,https://www.standardmedia.co.ke/opinion/article/2001553696/new-assembly-bill-secures-safer-protests-but-is-should-do-more,positive,2,positive,positive
The Standard,PremiumCivil servants fight to strip PSC of promotion powers in court case,,https://www.standardmedia.co.ke/business/national/article/2001553718/civil-servants-fight-to-strip-psc-of-promotion-powers-in-court-case,neutral,1,negative,negative
The Standard,"Ebola: Fear, secrecy and trust is Kenya getting risk communication right?",,https://www.standardmedia.co.ke/health/health-science/article/2001553659/ebola-fear-secrecy-and-trust-is-kenya-getting-risk-communication-right,neutral,1,neutral,neutral
People Daily,Kenya launches elite immigration crime unit to boost border security amid BATUK scrutiny,7/24/2026 23:28,https://peopledaily.digital/news/kenya-launches-elite-immigration-crime-unit-to-boost-border-security-amid-batuk-scrutiny,positive,2,positive,positive
The Standard,MPs push for accountability to empower women economically,,https://www.standardmedia.co.ke/national/article/2001553626/mps-push-for-accountability-to-empower-women-economically,positive,2,positive,positive
The Star,"MASSAWE: Buy Now, Pay Later bridging credit gap",,https://www.the-star.co.ke/business/commentary/2026-06-19-massawe-buy-now-pay-later-bridging-credit-gap,positive,2,positive,positive
The Standard,Elon Musk's chip that can perform Jesus-level miracles and who controls the switch?,,https://www.standardmedia.co.ke/business/enterprise/article/2001553420/elon-musks-chip-that-can-perform-jesus-level-miracles-and-who-controls-the-switch,neutral,1,negative,negative
Citizen Digital (via Google News),Spain's Yamal aims to join elite club of teenage World Cup winners ,"Sun, 19 Jul 2026 07:29:30 GMT",https://news.google.com/rss/articles/CBMiqAFBVV95cUxPc2ZtWmlHZ2pvdXF3bzkyWUNEQUJGX3VJZHNQUW51dW9GY1QxQVljZ2tUZ2tQa24wVEtTZHlYSHNXNEZJOENHRGxzX2U1Sm1UZndmWEhnYW9pR21vYUFlM3lYeDBmSnRZMG9kNzZnVExsbWdSR2tXSDhxSy1zOWhwb2NfZFUyeW9PZkh5VmZHOXVRdHNYMHp6QVE3dGpsd25kek5UaXhONU4?oc=5,positive,2,positive,positive
NTV Kenya,Trump says the US should control the Strait of Hormuz and get paid for it,"Mon, 13 Jul 2026 13:28:51 +0000",https://ntvkenya.co.ke/news/trump-says-the-us-should-control-the-strait-of-hormuz-and-get-paid-for-it/,neutral,1,neutral,neutral
Kenyans.co.ke,Experts Call for Return of Powerful Economic Council,2026-07-22T14:50:59+0300,https://www.kenyans.co.ke/news/125508-experts-call-return-powerful-economic-council-road-singapore,negative,0,negative,negative
K24,Guardian Angel opens up on losing church gigs after marrying Esther Musila,"Sat, 25 Jul 2026 05:58:23 +0000",https://k24.digital/entertainment/celebrity/guardian-angel-opens-up-on-losing-church-gigs-after-marrying-esther-musila,negative,0,positive,negative
NTV Kenya,ODM rules out alliance with Gachagua ahead of 2027,,https://ntvkenya.co.ke/news/odm-rules-out-alliance-with-gachagua-ahead-of-2027/,neutral,1,neutral,neutral
Citizen Digital (via Google News),France don't want 'chocolate-medal' match but team want to deliver for departing coach ,"Sat, 18 Jul 2026 05:39:49 GMT",https://news.google.com/rss/articles/CBMiwAFBVV95cUxNSUR5MGtpXzRkLWRtSFFJSmU4T3ZiYnZwcW1uRVI2UllFS0dUSnZ2emtyOW1xTTljRVp2aEF3Tnd3Q0VwTGlxN3RXdGdBeXlxeFRoYXRkMWpyX2NCS19uTndUQUREWmFtV2pnOFJwa19EZEI1dzJhV0cySENrc0hnZUw0QVVBeW1xYVAtbFI5QUR5QzY1ZjlCRlYwR2FqdmR2NmlqdmpNNHo5NXE4V1U2UUd4cnFvYWRvWFpiVlpOVmU?oc=5,neutral,1,neutral,neutral
Citizen Digital (via Google News),CS Kagwe rallies farmers to embrace digital livestock identification programme ,"Fri, 17 Jul 2026 08:56:38 GMT",https://news.google.com/rss/articles/CBMiugFBVV95cUxPU2dzQXhEcUVLNjJYc0I5eWpNYlFmYXZuc0pCMHdjUFdaSWpFdEw3YkJJN2VVRE5OcU1Cem9TRW1vWFBKcktQNzVNRDhLMk1PUUhNbVZJRmgwNkVBYTVKV0VmVFo1QkRWX3ZYZTNmTlY3LUFwZWNiRnVpZHRqWWNoT09xcWRpQkd0XzE4TmtUX1FvNXd3Y1NoWUoyVS12b28yN21zaXBBamFRQy1XZGNMbzBjdlp1X0o3QkE?oc=5,neutral,1,neutral,neutral
K24,5 things to consider when choosing a house help,"Wed, 22 Jul 2026 04:24:45 +0000",https://k24.digital/lifestyle/home-and-living/5-things-to-consider-when-choosing-a-house-help,neutral,1,neutral,neutral
NTV Kenya,Uganda’s 86-year-old Gen Moses Ali re-elected as Adjumani West MP,,https://ntvkenya.co.ke/news/86-year-old-gen-moses-re-elected-as-adjumani-west-mp/,neutral,1,neutral,neutral
Standard - Business,Calls for conversion of academic research into solutions for Africa's growth,"Wed, 22 Jul 2026 06:00:00 +0300",https://www.standardmedia.co.ke/business/article/2001553407/calls-for-conversion-of-academic-research-into-solutions-for-africa-s-growth,positive,2,positive,positive
The Star,PS Ombam urges farmers to join cooperatives,,https://www.the-star.co.ke/counties/nyanza/2026-07-25-ps-ombam-urges-farmers-to-join-cooperatives,neutral,1,neutral,neutral
The Star,Lobby launches campaign to keep schoolchildren out of Ikolomani gold mines,,https://www.the-star.co.ke/counties/western/2026-07-23-lobby-launches-campaign-to-keep-schoolchildren-out-of-ikolomani-gold-mines,positive,2,positive,positive
The Star,Teachers trained to spot early signs of extremism in learners,,https://www.the-star.co.ke/counties/coast/2026-07-17-teachers-trained-to-spot-early-signs-of-extremism-in-learners,positive,2,negative,negative
The Standard,How to pick the right insurance cover for your car,,https://www.standardmedia.co.ke/business/motoring/article/2001547979/how-to-pick-the-right-insurance-cover-for-your-car,neutral,1,neutral,neutral
Nation,Why Rio lesson matters for Kenya,7/24/2026 21:04,https://nation.africa/kenya/blogs-opinion/opinion/why-rio-lesson-matters-for-kenya--5536632,neutral,1,neutral,neutral
NTV Kenya,3 Nyamira MCAs say their votes to impeach Nyaribo were ‘forged’,,https://ntvkenya.co.ke/news/3-nyamira-mcas-say-their-votes-to-impeach-nyaribo-were-forged/,negative,0,negative,negative
The Star,BACHELOR'S DIARY: The lure of a low-hanging fruit,,https://www.the-star.co.ke/sasa/entertainment/2026-06-25-bachelors-diary,neutral,1,negative,negative
K24,How buy-one-get-one deals make you spend more,"Sat, 25 Jul 2026 08:14:50 +0000",https://k24.digital/lifestyle/money/how-buy-one-get-one-deals-make-you-spend-more,negative,0,positive,positive
World News API,Kenya Kwanza dismisses Gachagua's Ol Kalou victory claimsScript,,,neutral,1,neutral,neutral
Citizen Digital (via Google News),Kindiki warns leaders plotting to divide Mt Kenya to relax ,"Sun, 19 Jul 2026 11:33:21 GMT",https://news.google.com/rss/articles/CBMinwFBVV95cUxQaWpib2FaU0RQVFdobHk1ZHBrWjhLZGZwbzNUUWhLN1FKTGZJTW5jX0otUTFoWnJ2VjlqR1ptY1puYnMxOVNudkQ2NW90bEthX3NQYW1GWGhfcERyb1Z4QXhrNWt2VFphSTE4dFRYc250WVRvZENQWk5UNjI3QzZGSlFGYzRKYkVnUEY5ZHN5OVpWdFZEMzVEVG5uZ0pKb28?oc=5,neutral,1,neutral,neutral
K24,"Kenya Power lists areas to experience power outage on Friday, July 24","Thu, 23 Jul 2026 16:02:43 +0000",https://k24.digital/news/kenya-power-lists-areas-to-experience-power-outage-on-friday-july-24,neutral,1,neutral,neutral
Nairobi Wire,Moses Kuria Makes Big Promise to Ol Kalou Residents Despite UDA’s Loss,,,positive,2,positive,positive
K24,You’ll have a seat: Kanyari assures Marion Naipei of a role if elected Kasarani MP,"Wed, 22 Jul 2026 13:49:15 +0000",https://k24.digital/entertainment/celebrity/youll-have-a-seat-kanyari-assures-marion-naipei-of-a-role-if-elected-kasarani-mp,neutral,1,negative,negative
The Standard,"How gambling companies are using sponsorship, ads to reach World Cup viewers",,https://www.standardmedia.co.ke/sports/sports/article/2001551937/how-gambling-companies-are-using-sponsorship-ads-to-reach-world-cup-viewers,neutral,1,positive,positive
Nairobi Wire,Malala Proposes KSh3 Billion Fundraiser to Launch Sifuna’s Presidential Bid,,,positive,2,positive,positive
Standard - Politics,Why Ol Kalou's DCP win is a manifestation of what awaits Ruto in 2027,"Sat, 18 Jul 2026 07:30:00 +0300",https://www.standardmedia.co.ke/politics/article/2001553101/why-ol-kalou-s-dcp-win-is-a-manifestation-of-what-awaits-ruto-in-2027,neutral,1,neutral,neutral
NTV Kenya,"Gachagua exploits Ol Kalou victory, rallies Mt Kenya against Ruto","Mon, 20 Jul 2026 12:35:57 +0000",https://ntvkenya.co.ke/news/gachagua-exploits-ol-kalou-victory-rallies-mt-kenya-against-ruto/,neutral,1,neutral,neutral
Nairobi Wire,Gachagua Urges Mt Kenya Musicians to Write Songs Against Ruto,"Fri, 24 Jul 2026 03:49:28 +0000",https://nairobiwire.com/2026/07/rigathi-gachagua-tells-mt-kenya-musicians-write-songs-ruto.html,negative,0,negative,negative
NTV Kenya,Uhuru Kenyatta dismisses claims of meddling in ODM affairs,,https://ntvkenya.co.ke/news/uhuru-kenyatta-dismisses-claims-of-meddling-in-odm-affairs/,neutral,1,neutral,neutral
Kenyans.co.ke,Ruto Pledges Tax Relief for Employers Under New Mandatory Internship Plan,2026-07-24T13:22:06+0300,https://www.kenyans.co.ke/news/125561-ruto-pledges-tax-incentives-employers-absorbing-graduate-interns-under-new-plan,positive,2,positive,positive
Citizen Digital (via Google News),"DP Kindiki still most preferred Ruto running mate, Wanga and Oburu trail ","Tue, 14 Jul 2026 04:43:32 GMT",https://news.google.com/rss/articles/CBMivAFBVV95cUxQUlc1emw3QTB6MHhMOXNsdjhGenVreXJhMHRzUEhFSVlBU2RpWWRCNmM1VllBOUZreXdtSjRydjdtX0ZvR2g4N3hBMUtNb0NSNm9JRktFNUdMZmVUcDZRYmFUV0JsWmwyQm9CVUkyRnk4Uy1zOVdMUlBHa2lxRnpKOThnYVJTTDNWenFEdDlGVko1dmdtZjRPa0d1ZHZEOElkNDF6eXlHRkNYeXNRdW5lbDZKQ1BEdVVYSERSUw?oc=5,neutral,1,neutral,neutral
Nairobi Wire,Gachagua’s DCP Gets Lifeline as High Court Dismisses Petition,,,neutral,1,neutral,neutral
The Standard,"Linda Mama was expanded into Linda Jamii, Ruto says",,https://www.standardmedia.co.ke/national/article/2001553601/linda-mama-was-expanded-into-linda-jamii-ruto-says,positive,2,positive,positive
World News API,Sifuna endorsed for presidency as Western leaders threaten to ditch ODM,,https://www.standardmedia.co.ke/politics/article/2001553694/sifuna-endorsed-for-presidency-as-western-leaders-threaten-to-ditch-odm,neutral,1,neutral,neutral
NTV Kenya,"Sifuna, Oburu lead rival ODM meetings in Nairobi",,https://ntvkenya.co.ke/news/sifuna-oburu-lead-rival-odm-meetings-in-nairobi/,neutral,1,neutral,neutral
K24,Oga Obinna loses Ksh2M World Cup bet to Bolo after Spain beats Argentina,"Mon, 20 Jul 2026 07:02:41 +0000",https://k24.digital/entertainment/celebrity/oga-obinna-loses-ksh2m-world-cup-bet-to-bolo-after-spain-beats-argentina,negative,0,negative,negative
World News API,Kindiki and Gachagua Strike Reconciliatory Tone Ahead of High Stakes 2027 Elections,,,neutral,1,neutral,neutral
Nairobi Wire,Court Clears Ruto’s Sh5 Trillion Fund but Orders Strict Treasury Oversight,"Fri, 24 Jul 2026 03:47:40 +0000",https://nairobiwire.com/2026/07/high-court-allows-sh5-trillion-national-infrastructure-fund-oversight.html,positive,2,positive,positive
NTV Kenya,ODM eyes more slots in Ruto’s Cabinet after court gender ruling,,https://ntvkenya.co.ke/news/odm-eyes-more-slots-in-rutos-cabinet-after-court-gender-ruling/,neutral,1,neutral,neutral
NTV Kenya,Paramount wins Warner Bros after Netflix walks away,,https://ntvkenya.co.ke/entertainment/paramount-wins-warner-bros-after-netflix-walks-away/,neutral,1,neutral,neutral
Standard - Politics,Oburu's early endorsement of Ruto weakens ODM's bargaining power,"Mon, 20 Jul 2026 08:40:00 +0300",https://www.standardmedia.co.ke/politics/article/2001553196/oburu-s-early-endorsement-of-ruto-weakens-odm-s-bargaining-power,neutral,1,neutral,neutral
Standard - Politics,How UDA lost Ol Kalou,"Sun, 19 Jul 2026 10:00:00 +0300",https://www.standardmedia.co.ke/politics/article/2001553161/how-uda-lost-ol-kalou,negative,0,negative,negative
Capital FM Kenya,CS Ruku: UDA Spent About Sh100 Million on Ol Kalou Campaign,"Mon, 20 Jul 2026 07:04:52 +0000",https://capitalfm.africa/cs-ruku-uda-spent-about-sh100-million-on-ol-kalou-campaign/,neutral,1,neutral,neutral
NTV Kenya,"Your job is safe, Oburu assures DP Kindiki over ODM–UDA talks",,https://ntvkenya.co.ke/news/your-job-is-safe-oburu-assures-dp-kindiki-over-odm-uda-talks/,positive,2,positive,positive
NTV Kenya,Linda Mwananchi urges opposition unity to take on Ruto,,https://ntvkenya.co.ke/news/linda-mwananchi-urges-opposition-unity-to-take-on-ruto/,neutral,1,neutral,neutral
Citizen Digital (via Google News),Ruto appoints Samuel Muchina to Nairobi Rivers Commission after Ol Kalou by-election loss ,"Wed, 22 Jul 2026 13:12:15 GMT",https://news.google.com/rss/articles/CBMiyAFBVV95cUxPU2JDSHFwSDh6V3Bkb3I2blBmYW96S1piWnkwVVNqbUJlV0IwQlV6SHBZR3llVmNEVFctakYyaFp2VGxDYUFBM3hFMXlxUUxsUnBiZG9Xb3ZyZzRDd0J2X2tFUXhYUHBYTUVLMDhlSGItRFFtbUZscVF4MTNRRWp2YnA5Qm03RF9QSHFoLVotYl9CbXJTUUpkUXg0RXNEOWhBZHd2X3pkRndvMG9SNHlBbnNIVkZ3Q2poNUU4Z1U2SEw0OTVnUTktMw?oc=5,neutral,1,neutral,neutral
The Star,"Mt Kenya East supports Ruto, leaders sayRuku says region has chosen to remain firmly in the Kenya Kwanza government.",,https://www.the-star.co.ke/counties/eastern/2026-07-20-mt-kenya-east-supports-ruto-leaders-say,neutral,1,neutral,neutral
NTV Kenya,ODM Vice Chair Otiende Amollo says there is no plan to oust Edwin Sifuna,,https://ntvkenya.co.ke/news/odm-vice-chair-otiende-amollo-says-there-is-no-plan-to-oust-edwin-sifuna/,neutral,1,neutral,neutral
NewsData.io,Irungu Kang’ata: Ol Kalou by-election has shaken Kindiki’s influence in Mt Kenya region,,,neutral,1,neutral,neutral
The Standard,Western leaders endorse Sifuna threaten to ditch ODM,7/24/2026 21:00,https://www.standardmedia.co.ke/politics/article/2001553694/western-leaders-endorse-sifuna-threaten-to-ditch-odm,neutral,1,neutral,neutral
Standard - Politics,"Ol Kalou defeat signals Mt Kenya revolt, says Gachagua","Sun, 19 Jul 2026 17:26:56 +0300",https://www.standardmedia.co.ke/politics/article/2001553222/ol-kalou-defeat-signals-mt-kenya-revolt-says-gachagua,neutral,1,neutral,neutral
Kenyans.co.ke,Setback for Oburu as Poll Reveals ODM's Preferred Flag Bearer,2026-07-24T10:48:30+0300,https://www.kenyans.co.ke/news/125558-tifa-survey-ranks-sifuna-most-preferred-odm-flag-bearer-ahead-2027-polls,negative,0,negative,negative
NTV Kenya,Kindiki allies say Mt Kenya must retain the DP slot,,https://ntvkenya.co.ke/politics/kindiki-allies-say-mt-kenya-must-retain-the-dp-slot/,neutral,1,neutral,neutral
NTV Kenya,"Oburu Oginga: As party leader, I am the de facto ODM presidential",,https://ntvkenya.co.ke/news/oburu-oginga-as-party-leader-i-am-the-de-facto-odm-presidential-flagbearer/,neutral,1,neutral,neutral
NTV Kenya,United Opposition at odds over 2027 presidential candidate selection process,"Mon, 06 Jul 2026 10:19:31 +0000",https://ntvkenya.co.ke/news/united-opposition-at-odds-over-2027-candidate-selection-process/,neutral,1,neutral,neutral
NTV Kenya,ODM power struggle drags on as Sifuna holds his ground,,https://ntvkenya.co.ke/politics/odm-power-struggle-drags-on-as-sifuna-holds-his-ground/,negative,0,negative,negative
Citizen Digital (via Google News),"UDA concedes defeat in Ol Kalou by-election, says party remains strong in Mt Kenya - Citizen Digital","Fri, 17 Jul 2026 13:56:22 GMT",https://news.google.com/rss/articles/CBMivgFBVV95cUxNSkIyTXJscFh6RkJlVXBJMFVZYTBOTjJNMVNjZmRJekhKS0dlY29mV2J5WVg1YUpwRzBkY1VKTUNjWEE0QjQwOWk0TnMydGhpZ2k1QzZ3OTRzRjVaUF9hQkpDVlRVbHBRTVpMVC05VGZvbFlQaTdScUtTSGkyTlN2LXdoMHVsMURyRG42QWVudHI4VFpEVy1rWnhPMnE4SjFsdGNBZFRyeUZDMGYzTFFOOVNIcTNTcUIydGN1YmxB?oc=5,neutral,1,neutral,neutral
K24,"Kenya Power lists areas facing blackouts on Thursday, July 23","Wed, 22 Jul 2026 15:27:33 +0000",https://k24.digital/news/kenya-power-lists-areas-facing-blackouts-on-thursday-july-23,negative,0,negative,negative
World News API,"Sifuna warns Ruto, Mudavadi and Wetang'ula ahead of Western Kenya tour",,https://www.kenyamoja.com/index.php/video/sifuna-warns-ruto-mudavadi-and-wetangula-ahead-western-kenya-tour-tv-47-411554,neutral,1,neutral,neutral
Standard - Politics,"After Ol-Kalou mini-poll setback, Kenya Kwanza MPs urge Ruto to pick Western running mate","Sat, 18 Jul 2026 12:43:56 +0300",https://www.standardmedia.co.ke/politics/article/2001553121/after-ol-kalou-mini-poll-setback-kenya-kwanza-mps-urge-ruto-to-pick-western-running-mate,neutral,1,neutral,neutral
World News API,A section of Kenya Kwanza leaders criticize Linda Mwananchi leader Edwin Sifuna,,https://www.kenyamoja.com/video/section-kenya-kwanza-leaders-criticize-linda-mwananchi-leader-edwin-sifuna-citizen-tv-411772,negative,0,negative,negative
Nairobi Wire,ODM Projects 17 Million Votes From Coalition With Ruto’s UDA,,,neutral,1,neutral,neutral
World News API,Linda Mwananchi intensifies 2027 campaign with Western Kenya tour,,https://www.kenyamoja.com/video/linda-mwananchi-intensifies-2027-campaign-western-kenya-tour-ntv-video-411782,neutral,1,neutral,neutral
Nairobi Wire,Gachagua Reveals Backup Plan if Locked Out of 2027 Presidential Race,"Fri, 24 Jul 2026 03:45:03 +0000",https://nairobiwire.com/2026/07/rigathi-gachagua-2027-presidential-election-backup-plan.html,neutral,1,neutral,neutral
NTV Kenya,UDA wins all seats in Mt Kenya by-election contest,,https://ntvkenya.co.ke/politics/uda-wins-all-seats-in-mt-kenya-by-election-contest/,positive,2,neutral,neutral
Standard - Politics,Kindiki counters Mt Kenya opposition push,"Sun, 19 Jul 2026 17:10:37 +0300",https://www.standardmedia.co.ke/politics/article/2001553219/kindiki-counters-mt-kenya-opposition-push,neutral,1,neutral,neutral
NTV Kenya,Ruto most popular presidential hopeful at 32%,"Mon, 13 Jul 2026 10:17:07 +0000",https://ntvkenya.co.ke/news/infotrak-ruto-most-preferred-presidential-candidate-at-32/,neutral,1,neutral,neutral
World News API,Matiang'i takes presidential campaign to Nairobi's Utawala,,https://www.kenyamoja.com/video/matiangi-takes-presidential-campaign-nairobis-utawala-ntv-video-411776,neutral,1,neutral,neutral
NTV Kenya,Finance Act 2026: Key Changes & Implications | Business Redefined,"Tue, 07 Jul 2026 16:35:33 +0000",https://ntvkenya.co.ke/business/finance-act-2026-key-changes-implications-business-redefined/,neutral,1,neutral,neutral
NTV Kenya,Ruto hints at ODM–UDA merger ahead of 2027 polls,,https://ntvkenya.co.ke/news/ruto-hints-at-odm-uda-merger-ahead-of-2027-polls/,neutral,1,neutral,neutral
Kenyans.co.ke,UDA Unveils Plan to Challenge Kalonzo's Wiper Dominance in Strongholds,2026-07-23T19:40:50+0300,https://www.kenyans.co.ke/news/125548-uda-unveils-plan-challenge-wipers-dominance-eastern-strongholds,neutral,1,neutral,neutral
Standard - Politics,"Ol Kalou and Mbeere North hold key lessons for UDA, Opposition ahead of 2027","Wed, 22 Jul 2026 18:12:06 +0300",https://www.standardmedia.co.ke/politics/article/2001553499/ol-kalou-and-mbeere-north-hold-key-lessons-for-uda-opposition-ahead-of-2027,neutral,1,neutral,neutral
NTV Kenya,"ODM won’t field presidential candidate, will back Ruto, says Oburu","Mon, 13 Jul 2026 06:49:08 +0000",https://ntvkenya.co.ke/news/odm-will-not-field-a-presidential-candidate-in-2027-oburu/,neutral,1,neutral,neutral
Nairobi Wire,Kindiki: Mt Kenya Leaders Already Calculating Ruto’s 2027 Succession Plan,,,neutral,1,neutral,neutral
