source,headline,published,link,model_label,model_score,clean_headline,sentiment,confidence,label_source
KBC,Kiambu County internal revenue hits record Ksh 6.5B,"Thu, 23 Jul 2026 10:00:55 +0000",https://www.kbc.co.ke/kiambu-county-internal-revenue-hits-record-ksh-6-5b/,neutral,0.8274185061454773,kiambu county internal revenue hit record ksh b,neutral,0.3366077794510711,auto_bootstrap_lr
Currents API,Kenya: High Court to Rule On Bid to Halt Upper Imenti Forest Developments On July 30,,,neutral,0.9101930856704712,kenya high court rule bid halt upper imenti forest development july,negative,0.3392825806181312,auto_bootstrap_lr
NTV Kenya,President Ruto’s full Madaraka Day speech in Wajir,,https://ntvkenya.co.ke/news/president-rutos-full-madaraka-day-speech-in-wajir/,neutral,0.9226862788200378,president ruto full madaraka day speech wajir,neutral,0.33939486506646516,auto_bootstrap_lr
Capital FM Kenya,Ruto appoints Charles Owino Government Spokesperson in Executive reshuffle,,,neutral,0.9396251440048218,ruto appoints charles owino government spokesperson executive reshuffle,negative,0.3394028445600184,auto_bootstrap_lr
NTV Kenya,"Ruto defends National Infrastructure Fund, dismisses opposition criticism","Mon, 06 Jul 2026 09:23:50 +0000",https://ntvkenya.co.ke/politics/ruto-defends-national-infrastructure-fund-dismisses-opposition-criticism/,neutral,0.8260336518287659,ruto defends national infrastructure fund dismisses opposition criticism,positive,0.34021085346599367,auto_bootstrap_lr
World News API,"MC Gogo , The Hype Machine live on #FridayNightRave",,https://www.kenyamoja.com/video/mc-gogo-hype-machine-live-fridaynightrave-ntv-video-411419,neutral,0.8142868280410767,mc gogo hype machine live fridaynightrave,neutral,0.3409660865212859,auto_bootstrap_lr
NTV Kenya,The art of Botox injections | The Glam,"Fri, 17 Jul 2026 09:20:14 +0000",https://ntvkenya.co.ke/arts-lifestyle/the-art-of-botox-injections-the-glam/,neutral,0.847719669342041,art botox injection glam,positive,0.3415059536396059,auto_bootstrap_lr
Standard - Politics,Gachagua: DCP to field candidates across 47 counties in 2027,"Fri, 17 Jul 2026 12:53:32 +0300",https://www.standardmedia.co.ke/politics/article/2001553054/gachagua-dcp-to-field-candidates-across-47-counties-in-2027,neutral,0.9369480013847352,gachagua dcp field candidate across county,positive,0.3454086712432872,auto_bootstrap_lr
Citizen Digital (via Google News),OPINION: Why the World is looking at China differently - Citizen Digital,"Thu, 23 Jul 2026 08:05:33 GMT",https://news.google.com/rss/articles/CBMimAFBVV95cUxNVmlqLVNyUHRaVWZiQm9rNGhNWnBDVnJsUEpZZUFPeUxNUWhJX3lBbHVkSVh2MUxad1BjcFRkUTBJbGFRdnNocUJOTk11MnhXYXRNc0hXYmlHbjFIcXp0S3hmQXJqQl9vaDA4ODJfUTEyaHNfVmhJQ1k1aEhrVG9GRmlGSW80bnBSVHpXRS1IUE85cWhCVloyUg?oc=5,neutral,0.8684707880020142,opinion world looking china differently citizen digital,neutral,0.34631344279793885,auto_bootstrap_lr
World News API,Petitioners say armed KWS personnel barred court-ordered site visit of Nairobi National park,,,neutral,0.5262273550033569,petitioner say armed kw personnel barred court ordered site visit nairobi national park,negative,0.347918016472012,auto_bootstrap_lr
K24,How carrying large banknotes can help you spend less,"Sat, 25 Jul 2026 04:48:13 +0000",https://k24.digital/lifestyle/money/how-carrying-large-banknotes-can-help-you-spend-less,neutral,0.686948299407959,carrying large banknote help spend less,positive,0.3495422612117028,auto_bootstrap_lr
The Standard,PremiumSh365 million raised at 37th Rhino Charge Challenge,,https://www.standardmedia.co.ke/business/motorsport/article/2001549189/sh365-million-raised-at-37th-rhino-charge-challenge,neutral,0.8018391728401184,premiumsh million raised th rhino charge challenge,positive,0.34986608526735363,auto_bootstrap_lr
The Star,"Money now key to winning polls, shows NCCK reportAbout 91 per cent of Kenyans believe money and material handouts have become a key determinant of electoral success",,https://www.the-star.co.ke/counties/eastern/2026-07-24-money-now-key-to-winning-polls-shows-ncck-report,neutral,0.7744086384773254,money key winning poll show ncck reportabout per cent kenyan believe money material handout become key determinant electoral success,neutral,0.3499993306373775,auto_bootstrap_lr
Standard - Business,Expanding your business through digital trade: What every Kenyan SME should know,"Wed, 22 Jul 2026 00:00:00 +0300",https://www.standardmedia.co.ke/business/article/2001553400/expanding-your-business-through-digital-trade-what-every-kenyan-sme-should-know,neutral,0.5149068236351013,expanding business digital trade every kenyan sme know,positive,0.35142114288851967,auto_bootstrap_lr
Kahawa Tungu,Onyonka to Gusii leaders: Back Matiang’i now or stay away later,,,neutral,0.8766694664955139,onyonka gusii leader back matiang stay away later,neutral,0.3518146191016551,auto_bootstrap_lr
The Standard,"UK PM Burnham unveils energy tax cut, tells ministers to cut living costs",,https://www.standardmedia.co.ke/world/article/2001553402/uk-pm-burnham-unveils-energy-tax-cut-tells-ministers-to-cut-living-costs,neutral,0.8268898129463196,uk pm burnham unveils energy tax cut tell minister cut living cost,negative,0.352220407740968,auto_bootstrap_lr
Nairobi Wire,CS Ogamba Reveals When Schools Can Legally Charge Parents Extra Fees,,,neutral,0.898548424243927,c ogamba reveals school legally charge parent extra fee,neutral,0.3527285317241747,auto_bootstrap_lr
Citizen Digital (via Google News),Wakhu wins fifth leg of the PGK Equator Tour in Ruiru - Citizen Digital,"Sun, 19 Jul 2026 17:41:53 GMT",https://news.google.com/rss/articles/CBMimAFBVV95cUxOWEhWTnBJYkI0RllGRTBsbVk4b2g3ZUIxNHBJbldyODV3Y3diTFdDQVF0Qm5LOHJYWDZ4SzhqZDg2V3dJR285MVpQTUxaZkxpT205VHhqX3Z6TGNwMS1lSVU3X1lIYVNUd05wYTNVQjk3VEkyUW1nYlN6cnZ5bHVwQWJ3QmVzbmV6UzY1VFlCMk53ODYyTHQ4Xw?oc=5,neutral,0.8070515394210815,wakhu win fifth leg pgk equator tour ruiru citizen digital,positive,0.3532525983442754,auto_bootstrap_lr
World News API,DCP leader Rigathi Gachagua arrives in Embu for 'Meet the People' tour,,https://www.kenyamoja.com/video/dcp-leader-rigathi-gachagua-arrives-embu-meet-people-tour-citizen-tv-411691,neutral,0.9153871536254884,dcp leader rigathi gachagua arrives embu meet people tour,neutral,0.35387456026646125,auto_bootstrap_lr
Citizen Digital,"3 hours agoLinda Mwananchi brigade arrives in Trans Nzoia ahead of rallyBy Joseph MuiaGovernor Natembeya received the delegation upon its arrival in Kitale, Trans Nzoia, where the leaders are scheduled to address residents at various public forums during the Western region tour.Read More",,https://citizen.digital/article/governor-natembeya-welcomes-linda-mwananchi-brigade-in-trans-nzoia-n387093,neutral,0.9373831152915956,hour agolinda mwananchi brigade arrives trans nzoia ahead rallyby joseph muiagovernor natembeya received delegation upon arrival kitale trans nzoia leader scheduled address resident various public forum western region tour read,neutral,0.35485211188400023,auto_bootstrap_lr
Citizen Digital (via Google News),Estate beneficiaries oppose Ksh.120 million legal fees claim by Ojienda’s law firm - Citizen Digital,"Thu, 16 Jul 2026 13:01:16 GMT",https://news.google.com/rss/articles/CBMivAFBVV95cUxPd3AzeUZrcENTbl93QVFNaGRWMzZLd3hyNGNrRi1scGVGVk1sYldWN01pQm1VZmgxVjNHY1BIT0NKcThPSm8tbkhiX1BCTWdsZkxYUXBlb1ZTRTN2UWFvSjNROWtzcjdrcUdoeGRtNjVSbFl3VkQyeEJ3UUF3U29YenZpWXVveThEYkFIa1pSVW1fa3dXV3hWQ2w0czViajFwNXJadUFuckhaUWNpVDdIQkFnZjktQzNpVTZtZg?oc=5,neutral,0.5815349817276001,estate beneficiary oppose ksh million legal fee claim ojienda law firm citizen digital,negative,0.35614848552520534,auto_bootstrap_lr
K24,Blow to Arsenal as Premier League champions confirm Saliba injury setback,"Thu, 23 Jul 2026 07:34:47 +0000",https://k24.digital/sports/epl/blow-to-arsenal-as-premier-league-champions-confirm-saliba-injury-setback,neutral,0.7070858478546143,blow arsenal premier league champion confirm saliba injury setback,neutral,0.35630716562244336,auto_bootstrap_lr
NTV Kenya,Scaling Family Owned Businesses | Business Redefined,"Tue, 21 Jul 2026 16:35:38 +0000",https://ntvkenya.co.ke/business/scaling-family-owned-businesses-business-redefined/,neutral,0.9049480557441713,scaling family owned business business redefined,neutral,0.3563074538112993,auto_bootstrap_lr
K24,Shakib Cham says Nadia Mukami and Tanasha Donna are only Kenyan female artistes he knows,"Thu, 23 Jul 2026 06:37:58 +0000",https://k24.digital/entertainment/celebrity/shakib-cham-says-nadia-mukami-and-tanasha-donna-are-only-kenyan-female-artistes-he-knows,neutral,0.9209451079368592,shakib cham say nadia mukami tanasha donna kenyan female artiste know,negative,0.3575854602195013,auto_bootstrap_lr
NTV Kenya,Dangote picks Lamu for landmark Kenya oil refinery project,"Wed, 08 Jul 2026 06:50:19 +0000",https://ntvkenya.co.ke/news/dangote-picks-lamu-for-landmark-kenya-oil-refinery-project/,neutral,0.8814787864685059,dangote pick lamu landmark kenya oil refinery project,neutral,0.3582385425968071,auto_bootstrap_lr
NTV Kenya,Ichung’wa to Uhuru: Heal and move on,,https://ntvkenya.co.ke/politics/ichungwa-to-uhuru-heal-and-move-on/,neutral,0.8649300336837769,ichung wa uhuru heal move,positive,0.3586049193397145,auto_bootstrap_lr
World News API,The Last Word | The lessons of Ol Kalou,,,neutral,0.9219249486923218,last word lesson ol kalou,negative,0.35876039154433326,auto_bootstrap_lr
NTV Kenya,Lessons From Ol Kalou | The Last Word,"Thu, 23 Jul 2026 10:47:41 +0000",https://ntvkenya.co.ke/arts-lifestyle/the-lessons-from-ol-kalou-the-last-word/,neutral,0.8931294679641724,lesson ol kalou last word,negative,0.35876039154433326,auto_bootstrap_lr
The Star,"Kiambu own-source revenue doubles, hits a record Sh6.5 billionThe collections have risen from Sh2.8bn in 2022, with the increase attributed to tighter financial controls.",,https://www.the-star.co.ke/counties/central/2026-07-24-kiambu-own-source-revenue-doubles-hits-a-record-sh65-billion,neutral,0.7143375277519226,kiambu source revenue double hit record sh billionthe collection risen sh bn increase attributed tighter financial control,positive,0.3594119189197023,auto_bootstrap_lr
World News API,Nedbank seals Sh116bn NCBA deal,,,neutral,0.8432294130325317,nedbank seal sh bn ncba deal,positive,0.35959289658392996,auto_bootstrap_lr
The Standard,Ruto seeks permanent internship framework for graduates,,https://www.standardmedia.co.ke/national/article/2001553668/ruto-seeks-permanent-internship-framework-for-graduates,neutral,0.8524678945541382,ruto seek permanent internship framework graduate,negative,0.35998888336092766,auto_bootstrap_lr
Citizen Digital (via Google News),"President Ruto launches Ksh.2B jobs programme targeting 100,000 youth - Citizen Digital","Fri, 24 Jul 2026 11:25:13 GMT",https://news.google.com/rss/articles/CBMiqwFBVV95cUxQV1JaWVlJYlFhMmRxN3daV1hVZlYxYkFPMFpvZC1YWmt4TmUwWkIwMnJiRGZfMGJFa2Y0M3NaV1N3MkVjWXVaY05sNmtiRTFhNWRwMlp2NnBWOUhoQXY1UllaM3ZXMUs3X0xIOUt1SzN4QzI3S1ZzczZCMkM1V3U4SHNiSEFJUTRjZFBiNlZ2YkU3aXNEdXRqT0pKVGtwc0ZpOERzTF9rUHdlbTQ?oc=5,neutral,0.6060054898262024,president ruto launch ksh b job programme targeting youth citizen digital,neutral,0.3605372447655037,auto_bootstrap_lr
World News API,WATCH LIVE: Linda Mwananchi Rally in Trans Nzoia County,,https://www.kenyamoja.com/video/watch-live-linda-mwananchi-rally-trans-nzoia-county-citizen-tv-411725,neutral,0.9402990341186525,watch live linda mwananchi rally trans nzoia county,negative,0.36074178077311714,auto_bootstrap_lr
The Star,Inside the Ruto–Sakaja pact: Five months after Sh80bn deal — hit or miss?,,https://www.the-star.co.ke/counties/nairobi/2026-07-24-inside-the-ruto-sakaja-pact-five-months-after-sh80bn-deal-hit-or-miss,neutral,0.8607255816459656,inside ruto sakaja pact five month sh bn deal hit miss,negative,0.3614742429306103,auto_bootstrap_lr
Standard - Politics,Linda Mwananchi vows to strengthen grassroots network,"Sat, 18 Jul 2026 07:30:00 +0300",https://www.standardmedia.co.ke/politics/article/2001553100/linda-mwananchi-vows-to-strengthen-grassroots-network,neutral,0.6845639944076538,linda mwananchi vow strengthen grassroots network,negative,0.36150376456868694,auto_bootstrap_lr
KBC News,"Visa applications by Kenyans up 20pc on work, business travel",,,neutral,0.8891574144363403,visa application kenyan pc work business travel,neutral,0.36164516811071806,auto_bootstrap_lr
World News API,"ODM's Omanyo faults Sifuna, questions his political influence",,https://www.kenyamoja.com/video/odms-omanyo-faults-sifuna-questions-his-political-influence-ntv-video-411783,neutral,0.5003502368927002,odm omanyo fault sifuna question political influence,negative,0.36173024320378755,auto_bootstrap_lr
NewsData.io,Street Vendors Bill Explained and What It Could Change for Hawkers in Kenya,,,neutral,0.925847828388214,street vendor bill explained could change hawker kenya,negative,0.36327121853355376,auto_bootstrap_lr
The Star,Accessibility gains tested as Ol Kalou by-election exposes PWD inclusion gapsNo disabled candidate made it to the ballot despite new efforts for more inclusion,,https://www.the-star.co.ke/counties/nairobi/2026-07-22-accessibility-gains-tested-as-ol-kalou-by-election-exposes-pwd-inclusion-gaps,neutral,0.6214555501937866,accessibility gain tested ol kalou election expose pwd inclusion gapsno disabled candidate made ballot despite new effort inclusion,positive,0.36352440508979594,auto_bootstrap_lr
NTV Kenya,Cameroon swears in world’s oldest president after disputed vote,,https://ntvkenya.co.ke/news/cameroon-swears-in-worlds-oldest-president-after-disputed-vote/,neutral,0.8285725712776184,cameroon swears world oldest president disputed vote,negative,0.36365433098806066,auto_bootstrap_lr
The Standard,Sh365 million raised at 37th Rhino Charge Challenge,,https://www.standardmedia.co.ke/sports/motorsport/article/2001549189/sh365-million-raised-at-37th-rhino-charge-challenge,neutral,0.8181812167167664,sh million raised th rhino charge challenge,positive,0.36399671278741563,auto_bootstrap_lr
The Standard,Ruto says public university students to get full government funding,,https://www.standardmedia.co.ke/education/article/2001553362/ruto-says-public-university-students-to-get-full-government-funding,neutral,0.8204928636550903,ruto say public university student get full government funding,positive,0.36465574671902135,auto_bootstrap_lr
The Standard,KICD yet to pay publishers Sh9b over textbook policy gap as Grade 11 rollout nears,,https://www.standardmedia.co.ke/education/article/2001552965/kicd-yet-to-pay-publishers-sh9b-over-textbook-policy-gap-as-grade-11-rollout-nears,neutral,0.5585694313049316,kicd yet pay publisher sh b textbook policy gap grade rollout nears,positive,0.364835537276313,auto_bootstrap_lr
Citizen Digital (via Google News),"Ruto, Sifuna trade barbs in escalating 'chicken' feud over affordable housing - Citizen Digital","Thu, 23 Jul 2026 13:50:38 GMT",https://news.google.com/rss/articles/CBMiwgFBVV95cUxNc3VEZEhlWlgzZnRFQ0VqM2lqMnh3NUplckhnWDR6M09jNUM1V2o5U0NWZ0ZsbmdoSzNvbVNLYnVrNFJMODY4bUE0dk9ibGpjdjdvQlNPM0gwZUh0Y2cycXVSNWJQWHVFLW9wNDlzTXgwMDVLSWhIdlNuOWI1c0U3cTA1Uk9nSGhPRmZ2OHI5cHNrUlZvM3JLV2RUMTFaSUd1ZmtBNmVaQ1RoQldxM2Jjc1RxN2szdTRmakpPbE1rTHY2Zw?oc=5,neutral,0.7407984137535095,ruto sifuna trade barb escalating chicken feud affordable housing citizen digital,negative,0.36497348880799646,auto_bootstrap_lr
NTV Kenya,Nairobi lawyer moves to court to stop new NTSA traffic rules,,https://ntvkenya.co.ke/news/nairobi-lawyer-moves-to-court-to-stop-new-ntsa-traffic-rules/,neutral,0.7597962617874146,nairobi lawyer move court stop new ntsa traffic rule,positive,0.36553132175536335,auto_bootstrap_lr
The Standard,Revealed: How much 2025 National Prayer Breakfast cost taxpayers,,https://www.standardmedia.co.ke/national/article/2001553646/revealed-how-much-2025-national-prayer-breakfast-cost-taxpayers,neutral,0.8257257342338562,revealed much national prayer breakfast cost taxpayer,negative,0.36579042657213473,auto_bootstrap_lr
NTV Kenya,Congo Senate adopts bill that could pave the way for Tshisekedi’s...,,https://ntvkenya.co.ke/news/congo-senate-adopts-bill-that-could-pave-the-way-for-tshisekedis-third-term/,neutral,0.8010386228561401,congo senate adopts bill could pave way tshisekedi,negative,0.36603325628135236,auto_bootstrap_lr
NTV Kenya,Nandi Governor announces plan to rename Kipchoge Keino Stadium after...,,https://ntvkenya.co.ke/news/nandi-governor-announces-plan-to-rename-kipchoge-keino-stadium-after-president-ruto/,neutral,0.9467479586601256,nandi governor announces plan rename kipchoge keino stadium,negative,0.3660391337889124,auto_bootstrap_lr
Standard - Politics,Petition filed to limit nominated MCAs tenure to one term,"Fri, 17 Jul 2026 16:57:22 +0300",https://www.standardmedia.co.ke/politics/article/2001553089/petition-filed-to-limit-nominated-mcas-tenure-to-one-term,neutral,0.8770396709442139,petition filed limit nominated mcas tenure one term,negative,0.3666508497872641,auto_bootstrap_lr
The Star,NLP counts gains despite modest showing in Ol Kalou pollsMuli said NLP’s performance reflects growing support for a party that is still rebuilding,,https://www.the-star.co.ke/counties/eastern/2026-07-18-nlp-counts-gains-despite-modest-showing-in-ol-kalou-polls,neutral,0.5011811852455139,nlp count gain despite modest showing ol kalou pollsmuli said nlp performance reflects growing support party still rebuilding,positive,0.3670907525831893,auto_bootstrap_lr
The Standard,We must protect every child beyond survival,,https://www.standardmedia.co.ke/opinion/article/2001553160/we-must-protect-every-child-beyond-survival,neutral,0.6163936257362366,must protect every child beyond survival,positive,0.3670979896435955,auto_bootstrap_lr
The Standard,"Ruto to certify 40,000 skilled youth without formal qualifications",,https://www.standardmedia.co.ke/national/article/2001553658/ruto-to-certify-40000-skilled-youth-without-formal-qualifications,neutral,0.7145313620567322,ruto certify skilled youth without formal qualification,neutral,0.36755078049581014,auto_bootstrap_lr
World News API,Kindiki unveils plan to cushion farmers from El Niño and food shortages,,https://www.kenyamoja.com/index.php/video/kindiki-unveils-plan-cushion-farmers-el-nino-and-food-shortages-ktn-news-411346,neutral,0.8513799905776978,kindiki unveils plan cushion farmer el ni food shortage,neutral,0.367706252880768,auto_bootstrap_lr
The Standard,"Government bows to pressure on airstrip plan, convenes public participation",,https://www.standardmedia.co.ke/environment-climate/article/2001551935/government-bows-to-pressure-on-airstrip-plan-convenes-public-participation,neutral,0.8164967894554138,government bow pressure airstrip plan convenes public participation,negative,0.3680242269421227,auto_bootstrap_lr
Kenyans.co.ke,UK Issues Fresh Travel Advisory for Kenya,2026-07-22T12:56:21+0300,https://www.kenyans.co.ke/news/125497-uk-updates-travel-advisory-warns-citizens-over-travel-parts-kenya,neutral,0.7666376233100891,uk issue fresh travel advisory kenya,negative,0.3681184350657324,auto_bootstrap_lr
Kenyans.co.ke,"Drone Spraying Costs Ksh1,000 Per Acre and Takes Seven Minutes, Expert Says",2026-07-24T19:55:50+0300,https://www.kenyans.co.ke/featured/125569-drone-spraying-costs-ksh1000-acre-and-takes-seven-minutes-expert-says,neutral,0.8218117356300354,drone spraying cost ksh per acre take seven minute expert say,positive,0.36831857370587784,auto_bootstrap_lr
World News API,Wanariadha wa Kenya Wanaoshiriki Kwa Mara ya Kwanza Walenga Kutwaa Medali Glasgow,2026-07-19 00:00:00,,neutral,0.9099157452583312,wanariadha wa kenya wanaoshiriki kwa mara ya kwanza walenga kutwaa medali glasgow,positive,0.36838212557973754,auto_bootstrap_lr
NTV Kenya,"MPs pass Finance Bill 2026, awaits President Ruto’s assent",,https://ntvkenya.co.ke/news/mps-vote-on-finance-bill-2026-ammendments/,neutral,0.8039497137069702,mp pas finance bill awaits president ruto assent,negative,0.3692348686430382,auto_bootstrap_lr
The Star,"Relief for Embu tea farmers as state constructs Sh2.2bn key roadThe Rukuriri-Kathageri-Kanyuambora road links productive tea, coffee and dairy zones with processing factories and major highways.",,https://www.the-star.co.ke/counties/central/2026-07-20-relief-for-embu-tea-farmers-as-state-constructs-sh22bn-key-road,neutral,0.793215811252594,relief embu tea farmer state construct sh bn key roadthe rukuriri kathageri kanyuambora road link productive tea coffee dairy zone processing factory major highway,neutral,0.36971507094466943,auto_bootstrap_lr
Standard - Politics,Matiang'i meets Sifuna as opposition talks gather pace ahead of 2027 race,"Wed, 22 Jul 2026 15:28:23 +0300",https://www.standardmedia.co.ke/politics/article/2001553478/matiang-i-meets-sifuna-as-opposition-talks-gather-pace-ahead-of-2027-race,neutral,0.9216606616973876,matiang meet sifuna opposition talk gather pace ahead race,neutral,0.3697792024401217,auto_bootstrap_lr
Standard - Business,Petition filed for ouster of Kenya Re chief,"Tue, 21 Jul 2026 18:17:00 +0300",https://www.standardmedia.co.ke/business/article/2001553406/petition-filed-for-ouster-of-kenya-re-chief,neutral,0.7759780287742615,petition filed ouster kenya chief,neutral,0.3697946197735738,auto_bootstrap_lr
Nairobi Wire,‘Give It to Workers’: Sifuna Snubs Atwoli’s Ksh1 Billion Offer,"Wed, 22 Jul 2026 03:46:12 +0000",https://nairobiwire.com/2026/07/sifuna-rejects-atwoli-ksh1-billion-offer.html,neutral,0.6554552316665649,give worker sifuna snub atwoli ksh billion offer,negative,0.36984903966303145,auto_bootstrap_lr
KBC,Gathuthi Tea Factory secures Ksh 65.2M grant for modernization,"Fri, 24 Jul 2026 18:23:19 +0000",https://www.kbc.co.ke/gathuthi-tea-factory-secures-ksh-65-2m-grant-for-modernization/,neutral,0.8295546174049377,gathuthi tea factory secures ksh grant modernization,neutral,0.37010958629922214,auto_bootstrap_lr
Citizen Digital,"4 hours agoPirlo set for Italy job after Guardiola rejection, report saysBy ReutersThe 55-year-old Spaniard held talks over becoming Italy's head coach, with FIGC president Giovanni ​Malago suggesting financial flexibility could be shown for a candidate of his stature....Read More",,https://citizen.digital/article/pirlo-set-for-italy-job-after-guardiola-rejection-report-says-n387084,neutral,0.9101607203483582,hour agopirlo set italy job guardiola rejection report saysby reutersthe year old spaniard held talk becoming italy head coach figc president giovanni malago suggesting financial flexibility could shown candidate stature read,negative,0.3703414207907469,auto_bootstrap_lr
The Standard,One thing the rest of the country should learn from Mt Kenya on elections,,https://www.standardmedia.co.ke/opinion/article/2001553384/one-thing-the-rest-of-the-country-should-learn-from-mt-kenya-on-elections,neutral,0.7642125487327576,one thing rest country learn mt kenya election,neutral,0.3704966100233902,auto_bootstrap_lr
Headtopics,Merck to let generic makers produce low-cost HIV prevention pill,2026-07-24 23:07:35,https://us.headtopics.com/news/merck-to-let-generic-makers-produce-low-cost-hiv-85917372,neutral,0.8358412384986877,merck let generic maker produce low cost hiv prevention pill,negative,0.3705525235165988,auto_bootstrap_lr
Kenya News Agency,"Choose your leaders wisely, Kahiga appeals to Nyeri residents","Wed, 22 Jul 2026 13:24:42 +0000",https://www.kenyanews.go.ke/choose-your-leaders-wisely-kahiga-appeals-to-nyeri-residents/,neutral,0.630725622177124,choose leader wisely kahiga appeal nyeri resident,negative,0.3710699559271608,auto_bootstrap_lr
NTV Kenya,"Congo, Rwanda presidents to sign peace deal in Washington",,https://ntvkenya.co.ke/news/congo-rwanda-presidents-to-sign-peace-deal-in-washington/,neutral,0.8857719898223877,congo rwanda president sign peace deal washington,positive,0.3713644316385791,auto_bootstrap_lr
The Star,NERIMA: Ol Kalou is a litmus test for 2027 pollsWhat is ultimately at stake is public confidence in Kenya’s electoral process,,https://www.the-star.co.ke/opinion/columnists/2026-07-16-nerima-ol-kalou-is-a-litmus-test-for-2027-polls,neutral,0.8549076914787292,nerima ol kalou litmus test pollswhat ultimately stake public confidence kenya electoral process,neutral,0.3713830188966033,auto_bootstrap_lr
Citizen Digital,Google appeals Swedish Ksh.194B anti-trust award,,https://citizen.digital/article/google-appeals-swedish-ksh194b-anti-trust-award-n386920,neutral,0.5033478140830994,google appeal swedish ksh b anti trust award,positive,0.37139162463536957,auto_bootstrap_lr
Kenyans.co.ke,"Ruto Advisors Propose New Law to Stop Presidents, Governors from Abandoning Projects",2026-07-22T15:54:44+0300,https://www.kenyans.co.ke/news/125509-ruto-advisors-propose-new-law-stop-presidents-governors-abandoning-projects,neutral,0.7744872570037842,ruto advisor propose new law stop president governor abandoning project,negative,0.37168953687618567,auto_bootstrap_lr
Citizen Digital,"News•1 hour agoKenya Kwanza leaders urge Kalonzo to join Ruto, quit opposition ahead of 2027 raceBy Benjamin Muriuki",,https://citizen.digital/article/kenya-kwanza-leaders-urge-kalonzo-to-join-ruto-quit-opposition-ahead-of-2027-race-n387007,neutral,0.9262996912002563,news hour agokenya kwanza leader urge kalonzo join ruto quit opposition ahead raceby benjamin muriuki,positive,0.37255418948995006,auto_bootstrap_lr
NTV Kenya,"FIFA, CAF intervene in FKF leadership crisis",,https://ntvkenya.co.ke/news/fifa-caf-intervene-in-fkf-leadership-crisis/,neutral,0.7157089114189148,fifa caf intervene fkf leadership crisis,positive,0.3725897824195098,auto_bootstrap_lr
Citizen Digital (via Google News),Petition filed for removal of Kenya Pipeline Company board Chair Faith Boinett - Citizen Digital,"Thu, 16 Jul 2026 13:23:45 GMT",https://news.google.com/rss/articles/CBMiugFBVV95cUxQazl5SExKVkVCSEE3YjZJSFNtOV94NG45QzJZNUFST18yckhqeXZCcG8xNHc2cTA1NXdmWjhXd25RTS01TzB5VmFhZkNTcnpTT3N2QXBlbHRnRFZKM196czFNLUFmTkY1RHNaMWZrLW9iTWNfNExfWHJobXM5bFlLMTZxQmx6RWgwQkZVemtVMjctUXAxaFBwc0Vpd3I3dmlKaG45ZnB6VHpsbXB2Q2JOa2dnX0J0c0ZWWVE?oc=5,neutral,0.673210084438324,petition filed removal kenya pipeline company board chair faith boinett citizen digital,neutral,0.37297750254769374,auto_bootstrap_lr
NTV Kenya,KENYA’S SKATING CHAMPION KEVIN KIARIE NARRATES HIS JOURNEY TO STARDOM AMID CHALLENGES | SPORT ON,"Fri, 10 Jul 2026 10:25:36 +0000",https://ntvkenya.co.ke/sports/kenyas-skating-champion-kevin-kiarie-narrates-his-journey-to-stardom-amid-challenges-sport-on/,neutral,0.8334020376205444,kenya skating champion kevin kiarie narrates journey stardom amid challenge sport,positive,0.3743747946845573,auto_bootstrap_lr
NTV Kenya,Senegal President Faye backs ex-leader Macky Sall’s bid for UN Secretary-General,"Tue, 21 Jul 2026 11:49:08 +0000",https://ntvkenya.co.ke/politics/senegal-president-faye-backs-ex-leader-macky-salls-bid-for-un-secretary-general/,neutral,0.8335207104682922,senegal president faye back ex leader macky sall bid un secretary general,negative,0.3745360178063346,auto_bootstrap_lr
The Standard,High Court lifts jail term against former Nairobi Finance CEC Kerich,,https://www.standardmedia.co.ke/nairobi/article/2001552949/high-court-lifts-jail-term-against-former-nairobi-finance-cec-kerich,neutral,0.733031690120697,high court lift jail term former nairobi finance cec kerich,negative,0.37462077830593365,auto_bootstrap_lr
NTV Kenya,Analysis: Will a Sifuna-Kalonzo ticket derail Ruto’s 2027 re-election...,,https://ntvkenya.co.ke/politics/analysis-will-a-sifuna-kalonzo-ticket-derail-rutos-2027-re-election-bid/,neutral,0.8381508588790894,analysis sifuna kalonzo ticket derail ruto election,positive,0.37507140029981006,auto_bootstrap_lr
World News API,Court orders lawfirm to pay ex-secretary Sh 5.4 million for constructive dismissal after assault,,https://www.standardmedia.co.ke/crime-and-justice/article/2001553676/court-orders-lawfirm-to-pay-ex-secretary-sh-54-million-for-constructive-dismissal-after-assault,neutral,0.5201523900032043,court order lawfirm pay ex secretary sh million constructive dismissal assault,positive,0.3753481705159907,auto_bootstrap_lr
NTV Kenya,"Ruto allies woo Kalonzo, warn against staying with Gachagua ahead of 2027","Fri, 24 Jul 2026 12:03:34 +0000",https://ntvkenya.co.ke/news/ruto-allies-woo-kalonzo-warn-against-staying-with-gachagua-ahead-of-2027/,neutral,0.66720050573349,ruto ally woo kalonzo warn staying gachagua ahead,negative,0.37538319819752225,auto_bootstrap_lr
Business Daily,Investor loses final bid against Dyer & Blair over Sh100m deal,"Wed, 22 Jul 2026 12:00:54 GMT",https://www.businessdailyafrica.com/bd/markets/capital-markets/investor-loses-final-bid-against-dyer-blair-over-sh100m-deal-5534256,neutral,0.5222547650337219,investor loses final bid dyer blair sh deal,negative,0.3760442470461869,auto_bootstrap_lr
NTV Kenya,Cabinet shake-up looms as Ruto races to meet court gender rule deadline,,https://ntvkenya.co.ke/news/cabinet-shake-up-looms-as-ruto-races-to-meet-court-gender-rule-deadline/,neutral,0.9119186997413636,cabinet shake loom ruto race meet court gender rule deadline,negative,0.3767116028177555,auto_bootstrap_lr
World News API,Get BusinessDaily Updates Alerts,,https://www.businessdaily.co.zw/index-id-africa-zk-53771.html,neutral,0.7898730039596558,get businessdaily update alert,positive,0.37697643000688735,auto_bootstrap_lr
NTV Kenya,Babu Owino tops list as preferred Raila Odinga successor – Infotrak,,https://ntvkenya.co.ke/news/babu-owino-tops-list-as-preferred-raila-odinga-successor-infotrak/,neutral,0.915655553340912,babu owino top list preferred raila odinga successor infotrak,negative,0.3771534263367532,auto_bootstrap_lr
Nairobi Wire,Sifuna Loses Senate Deputy Minority Whip Post After ODM Ouster,,,neutral,0.6253946423530579,sifuna loses senate deputy minority whip post odm ouster,neutral,0.3771861838619715,auto_bootstrap_lr
The Standard,"Ruto clears the way for CBK to buy gold locally, flags surge in demand",,https://www.standardmedia.co.ke/business/financial-standard/article/2001552168/ruto-clears-the-way-for-cbk-to-buy-gold-locally-flags-surge-in-demand,neutral,0.5606979131698608,ruto clear way cbk buy gold locally flag surge demand,positive,0.3774256586532385,auto_bootstrap_lr
Kenya News Agency,"6,000 farmers get subsidised fertilizer in Vihiga","Wed, 22 Jul 2026 07:51:51 +0000",https://www.kenyanews.go.ke/6000-farmers-get-subsidised-fertilizer-in-vihiga/,neutral,0.5384730696678162,farmer get subsidised fertilizer vihiga,positive,0.3778056719073044,auto_bootstrap_lr
Citizen Digital,"3 hours agoGachagua arrives in Embu for 'Meet the People' tourBy Citizen ReporterDuring the visit, Gachagua is also expected to officially open the party's Embu County offices as part of efforts to strengthen the DCP's grassroots presence in the Mt. Kenya region....Read More",,https://citizen.digital/article/gachagua-arrives-in-embu-for-meet-the-people-tour-n387096,neutral,0.6479243636131287,hour agogachagua arrives embu meet people tourby citizen reporterduring visit gachagua also expected officially open party embu county office part effort strengthen dcp grassroots presence mt kenya region read,negative,0.37833435109186575,auto_bootstrap_lr
The Standard,"Sh582 a day: Healthy eating slips out of reach for 44m Kenyans, UN report shows",,https://www.standardmedia.co.ke/national/article/2001553544/sh582-a-day-healthy-eating-slips-out-of-reach-for-44m-kenyans-un-report-shows,neutral,0.5032378435134888,sh day healthy eating slip reach kenyan un report show,negative,0.38000376485456294,auto_bootstrap_lr
NTV Kenya,ODM will continue to keep Ruto government in check – Simba Arati,,https://ntvkenya.co.ke/news/odm-will-continue-to-keep-ruto-government-in-check-simba-arati/,neutral,0.7474896907806396,odm continue keep ruto government check simba arati,negative,0.38024535220233613,auto_bootstrap_lr
Kahawa Tungu,Owino named Govt Spokesman in changes,,,neutral,0.9127276539802552,owino named govt spokesman change,negative,0.38169904361841955,auto_bootstrap_lr
Kenyans.co.ke,Fresh Twist in BATUK Deal as Govt Responds to Exit Claims,2026-07-24T18:46:50+0300,https://www.kenyans.co.ke/news/125568-batuk-deal-has-not-ended-govt-says-defence-talks-continue,neutral,0.9027678370475768,fresh twist batuk deal govt responds exit claim,negative,0.38173996748218114,auto_bootstrap_lr
Capital FM Kenya,Gachagua offers to train Kenyans on protecting votes ahead of 2027,"Wed, 22 Jul 2026 17:38:52 +0000",https://capitalfm.africa/gachagua-offers-to-train-kenyans-on-protecting-votes-ahead-of-2027/,neutral,0.9099351167678832,gachagua offer train kenyan protecting vote ahead,positive,0.38235969828560135,auto_bootstrap_lr
The Standard,"Glock pistol, laptop stolen from businessman in Nairobi",,https://www.standardmedia.co.ke/nairobi/article/2001553176/glock-pistol-laptop-stolen-from-businessman-in-nairobi,neutral,0.5377885103225708,glock pistol laptop stolen businessman nairobi,negative,0.3825277405291012,auto_bootstrap_lr
NTV Kenya,President Ruto leads Madaraka Day celebrations in Wajir,,https://ntvkenya.co.ke/news/president-ruto-leads-madaraka-day-celebrations-in-wajir/,neutral,0.7609736323356628,president ruto lead madaraka day celebration wajir,positive,0.3832092046787553,auto_bootstrap_lr
NewsData.io,"Nairobi Governor Hopeful Pauline Njoroge Quits Jubilee, Signals Move to Linda Mwananchi Outfit",,,neutral,0.8353814482688904,nairobi governor hopeful pauline njoroge quits jubilee signal move linda mwananchi outfit,neutral,0.38338711585630336,auto_bootstrap_lr
The Standard,What happens when financial inclusion outpaces financial literacy?,,https://www.standardmedia.co.ke/opinion/article/2001553238/what-happens-when-financial-inclusion-outpaces-financial-literacy,neutral,0.8531280159950256,happens financial inclusion outpaces financial literacy,positive,0.3834645378734071,auto_bootstrap_lr
Standard - Politics,We are allowed by Constitution to campaign; Wetang'ula and Kingi tell court,"Sat, 18 Jul 2026 07:45:00 +0300",https://www.standardmedia.co.ke/politics/article/2001553098/we-are-allowed-by-constitution-to-campaign-wetang-ula-and-kingi-tell-court,neutral,0.8522266149520874,allowed constitution campaign wetang ula kingi tell court,neutral,0.38356485642770227,auto_bootstrap_lr
Citizen Digital (via Google News),Linda Mwananchi brigade arrives in Trans Nzoia ahead of rally - Citizen Digital,"Sat, 25 Jul 2026 08:24:40 GMT",https://news.google.com/rss/articles/CBMiqgFBVV95cUxQSE9YczRxWDVUZ1Bidlp0TEdxRF9LM0hlNmZfa1hQbndoMTFwS1RNVUl6TndMWjkxWDdxeEJFaDctTWVmV0piQ0lLZUFVUGxZTHR6VEtxMWFDTlBOc0dJMEEwRnZDdVdVajd2UXl3N2VhUnI2Sm5WQWktazV3T2hIY2ZCbDVSbFktNEo0cmN2Y0tubDN0Rng1b2hpcXh1VDE4WVNSemNnZXVvdw?oc=5,neutral,0.9149684309959412,linda mwananchi brigade arrives trans nzoia ahead rally citizen digital,neutral,0.3837450196896142,auto_bootstrap_lr
Nairobi Wire,Meet the Team David Maraga Has Picked to Drive His 2027 Presidential Bid,,,neutral,0.9159221053123474,meet team david maraga picked drive presidential bid,positive,0.3838582273659999,auto_bootstrap_lr
Kenyans.co.ke,PS Hinga Explains Ksh2.56 Billion Affordable Housing Refunds After Reports,2026-07-22T19:10:02+0300,https://www.kenyans.co.ke/news/125515-ps-hinga-disputes-ksh-256b-boma-yangu-claims-clarifies-withdrawals,neutral,0.7190007567405701,p hinga explains ksh billion affordable housing refund report,positive,0.3842560283916363,auto_bootstrap_lr
The Standard,Locals hold demos in support of efforts to fence Kaptagat Forest,,https://www.standardmedia.co.ke/environment-climate/article/2001553613/locals-hold-demos-in-support-of-efforts-to-fence-kaptagat-forest,neutral,0.8811806440353394,local hold demo support effort fence kaptagat forest,neutral,0.3844589622090283,auto_bootstrap_lr
NTV Kenya,Fact-checking Ruto’s claims on Al Jazeera about Kenya’s economic...,,https://ntvkenya.co.ke/news/fact-checking-rutos-claims-on-al-jazeera-about-kenyas-economic-performance/,neutral,0.9072529077529908,fact checking ruto claim al jazeera kenya economic,positive,0.3845266772309425,auto_bootstrap_lr
NewsData.io,"Full list of African countries whose citizens qualify to enter, live in Moldova without visa in 2026",,,neutral,0.9095998406410216,full list african country whose citizen qualify enter live moldova without visa,negative,0.3851844590276622,auto_bootstrap_lr
Citizen Digital,Interior PS Omollo urges parents to protect children from political goonism,,https://citizen.digital/article/interior-ps-omollo-urges-parents-to-protect-children-from-political-goonism-n387055,neutral,0.7045737504959106,interior p omollo urge parent protect child political goonism,positive,0.38523135038933864,auto_bootstrap_lr
Kenyans.co.ke,Govt Responds After Viral Confrontation Between Kenyan and Burundi National,2026-07-22T15:43:47+0300,https://www.kenyans.co.ke/news/125513-ps-singoei-assures-burundians-safety-after-viral-nairobi-confrontation,neutral,0.8548064231872559,govt responds viral confrontation kenyan burundi national,positive,0.3853590565271768,auto_bootstrap_lr
Standard - Business,Will Kenyan workers survive AI jobs onslaught?,"Wed, 22 Jul 2026 08:50:00 +0300",https://www.standardmedia.co.ke/business/article/2001553393/will-kenyan-workers-survive-ai-jobs-onslaught,neutral,0.6139237284660339,kenyan worker survive ai job onslaught,negative,0.38542239312124527,auto_bootstrap_lr
The Star,"France camp fuels Starlets' WAFCON beliefNanjala, Odemba upbeat ahead of Morocco opener",,https://www.the-star.co.ke/sports/football/2026-07-25-france-camp-fuels-starlets-wafcon-belief,neutral,0.5512130856513977,france camp fuel starlet wafcon beliefnanjala odemba upbeat ahead morocco opener,positive,0.38544074575836784,auto_bootstrap_lr
NTV Kenya,KenGen HY2026 earnings | Business Redefined,,https://ntvkenya.co.ke/business/kengen-hy2026-earnings-business-redefined/,neutral,0.913357436656952,kengen hy earnings business redefined,neutral,0.3864063659297724,auto_bootstrap_lr
K24,"Tokyo urges men to wear shorts to work, but women say it’s leg hair harassment","Tue, 21 Jul 2026 23:03:06 +0000",https://k24.digital/entertainment/tokyo-urges-men-to-wear-shorts-to-work-but-women-say-its-leg-hair-harassment,neutral,0.5262095928192139,tokyo urge men wear short work woman say leg hair harassment,negative,0.38657886529894653,auto_bootstrap_lr
Citizen Digital (via Google News),Gachagua's best chance of beating Ruto in 2027 is backing Opposition candidate - TIFA - Citizen Digital,"Fri, 24 Jul 2026 07:03:55 GMT",https://news.google.com/rss/articles/CBMivwFBVV95cUxNVXVUVWlENDRPWXJjd21RamNHRkJBaUd4djNnZzdsTkFOd0dJV21EQzZMTV90c2RVNWtZOC1zTTZ6N2gxRDByck15OVV3bjR1bFQzWGw4OE9Rb2M1RThBM000LXRRc1NuaFd0V19IaEdIWXFmd2loZmVlcGV4QTZOY0llZzFDLUZyTzMwaUZIQ2dYNnppaHBEUFpUSjEtWWlROHB0c1ZaM05PbU94aDV6aDZjRmtyQTJTYkZWaC1OTQ?oc=5,neutral,0.777123749256134,gachagua best chance beating ruto backing opposition candidate tifa citizen digital,negative,0.3867090487863926,auto_bootstrap_lr
The Standard,Kenya Power partners with US firm to end wildlife electrocution,,https://www.standardmedia.co.ke/environment-climate/article/2001551278/kenya-power-partners-with-us-firm-to-end-wildlife-electrocution,neutral,0.7814307808876038,kenya power partner u firm end wildlife electrocution,negative,0.38672946652088347,auto_bootstrap_lr
NTV Kenya,Museveni: How can I celebrate Arsenal’s win yet Ugandans are in poverty?,,https://ntvkenya.co.ke/news/museveni-how-can-i-celebrate-arsenals-win-yet-ugandans-are-in-poverty/,neutral,0.5347374081611633,museveni celebrate arsenal win yet ugandan poverty,positive,0.38680857247896777,auto_bootstrap_lr
The Star,"Lessons for Kenya from China’s poverty-ending agrirevolutionWhat was once an unforgiving desert today feeds people globally, showing potential of Northeastern",,https://www.the-star.co.ke/news/big-read/2026-07-16-lessons-for-kenya-from-chinas-poverty-ending-agrirevolution,neutral,0.601763904094696,lesson kenya china poverty ending agrirevolutionwhat unforgiving desert today feed people globally showing potential northeastern,positive,0.3870793174358689,auto_bootstrap_lr
K24,Difference between sun-dried and machine-dried foods – why it matters,"Mon, 20 Jul 2026 08:15:28 +0000",https://k24.digital/lifestyle/food-and-culinary/difference-between-sun-dried-and-machine-dried-foods-why-it-matters,neutral,0.9083735346794128,difference sun dried machine dried food matter,neutral,0.3871523363950397,auto_bootstrap_lr
Nairobi Wire,New Protest Bill Could Change How Kenyans Organize Public Demonstrations,"Thu, 23 Jul 2026 03:44:22 +0000",https://nairobiwire.com/2026/07/kenya-assembly-picketing-demonstration-bill-2026.html,neutral,0.8175134658813477,new protest bill could change kenyan organize public demonstration,neutral,0.3872847936657402,auto_bootstrap_lr
Nairobi Wire,Ruto Orders All State Agencies to Release Information for Transparency Audit,,,neutral,0.8750255107879639,ruto order state agency release information transparency audit,negative,0.3874232496293426,auto_bootstrap_lr
The Star,"Ex-Nairobi governor Kananu defects ditches UDA, joins Sonko's NEDPKananu has also launched a bid for Mara Parliamentary seat",,https://www.the-star.co.ke/counties/eastern/2026-07-23-ex-nairobi-governor-kananu-defects-ditches-uda-joins-sonkos-nedp,neutral,0.8385855555534363,ex nairobi governor kananu defect ditch uda join sonko nedpkananu also launched bid mara parliamentary seat,negative,0.3877578060475121,auto_bootstrap_lr
The Standard,When the referee joins the match and why words matter at IEBC,,https://www.standardmedia.co.ke/opinion/article/2001553146/when-the-referee-joins-the-match-and-why-words-matter-at-iebc,neutral,0.8952622413635254,referee join match word matter iebc,negative,0.3879732511860898,auto_bootstrap_lr
Standard - Business,Insurers bundle investments with cover as uptake stalls,"Fri, 17 Jul 2026 12:41:00 +0300",https://www.standardmedia.co.ke/business/article/2001553063/insurers-bundle-investments-with-cover-as-uptake-stalls,neutral,0.8031458854675293,insurer bundle investment cover uptake stall,positive,0.3879951500462963,auto_bootstrap_lr
K24,Manchester United’s completed summer business,"Wed, 22 Jul 2026 14:18:41 +0000",https://k24.digital/sports/epl/manchester-uniteds-completed-summer-business,neutral,0.885375440120697,manchester united completed summer business,positive,0.3880945610682815,auto_bootstrap_lr
Standard - Politics,"Ol Kalou chronicles: Of Kikuyu songs, Ruto's response and trending headline","Sat, 18 Jul 2026 07:35:00 +0300",https://www.standardmedia.co.ke/politics/article/2001553102/ol-kalou-chronicles-of-kikuyu-songs-ruto-s-response-and-trending-headline,neutral,0.9327380657196044,ol kalou chronicle kikuyu song ruto response trending headline,negative,0.3885703362593741,auto_bootstrap_lr
NTV Kenya,Trade via Northern Corridor Transit | Business Redefined,,https://ntvkenya.co.ke/business/trade-via-northern-corridor-transit-business-redefined/,neutral,0.9349827170372008,trade via northern corridor transit business redefined,negative,0.388571155768412,auto_bootstrap_lr
KBC,"Court dismisses bid to bar Wetang’ula, Kingi from politics","Thu, 23 Jul 2026 15:19:27 +0000",https://www.kbc.co.ke/court-dismisses-bid-to-bar-wetangula-kingi-from-politics/,neutral,0.7064294219017029,court dismisses bid bar wetang ula kingi politics,neutral,0.38877517050401206,auto_bootstrap_lr
NTV Kenya,"JSC, High Court decline to bar Isaac Rutto from judges’ interviews over...",,https://ntvkenya.co.ke/politics/jsc-high-court-decline-to-bar-isaac-rutto-from-judges-interviews-over-uda-links/,neutral,0.808780312538147,jsc high court decline bar isaac rutto judge interview,negative,0.388867577860937,auto_bootstrap_lr
Business Daily,KPA suffers setback in tussle over lucrative forklifts tender,"Thu, 23 Jul 2026 10:05:38 GMT",https://www.businessdailyafrica.com/bd/corporate/companies/kpa-suffers-setback-in-tussle-over-lucrative-forklifts-tender-5535094,neutral,0.5283191204071045,kpa suffers setback tussle lucrative forklift tender,negative,0.38901449440683966,auto_bootstrap_lr
The Standard,"French comedy gets a Kenyan twist in 'The Maid, The Mboch  The Nanny'",,https://www.standardmedia.co.ke/arts-culture/article/2001553260/french-comedy-gets-a-kenyan-twist-in-the-maid-the-mboch-the-nanny,neutral,0.8856470584869385,french comedy get kenyan twist maid mboch nanny,positive,0.38904692476079655,auto_bootstrap_lr
The Mt Kenya Times,Kang’ata joins Gachagua’s DCP ahead of 2027 polls,2026-07-24 21:01:39,https://mountkenyatimes.co.ke/kangata-joins-gachaguas-dcp-ahead-of-2027-polls/,neutral,0.937358856201172,kang ata join gachagua dcp ahead poll,negative,0.38912122978709685,auto_bootstrap_lr
Standard - Politics,"Khalwale, Savula clash over western Kenya's political direction ahead of 2027 polls","Sun, 19 Jul 2026 15:04:21 +0300",https://www.standardmedia.co.ke/politics/article/2001553210/khalwale-savula-clash-over-western-kenya-s-political-direction-ahead-of-2027-polls,neutral,0.8805356621742249,khalwale savula clash western kenya political direction ahead poll,negative,0.38957887357491267,auto_bootstrap_lr
Kenya News Agency,Vihiga County commits to promote integrity,"Thu, 23 Jul 2026 15:16:24 +0000",https://www.kenyanews.go.ke/vihiga-county-commits-to-promote-integrity/,neutral,0.5524238348007202,vihiga county commits promote integrity,negative,0.38960850659669305,auto_bootstrap_lr
NTV Kenya,Khalwale removed as Senate Majority Whip in UDA shake-up,,https://ntvkenya.co.ke/news/khalwale-removed-as-senate-majority-whip-in-uda-shake-up/,neutral,0.7716840505599976,khalwale removed senate majority whip uda shake,negative,0.389638427112665,auto_bootstrap_lr
NewsData.io,De-identified Health Data Market Sales Analysis and Forecast,,,neutral,0.9327088594436646,de identified health data market sale analysis forecast,neutral,0.3896701572163734,auto_bootstrap_lr
Currents API,NOTICE TO DISREGARD -- Critical Metals Corp,,,neutral,0.8361905217170715,notice disregard critical metal corp,negative,0.390209472379174,auto_bootstrap_lr
Standard - Politics,Confusion after Sifuna's paybill briefly goes offline following Ruto clash,"Fri, 24 Jul 2026 00:00:00 +0300",https://www.standardmedia.co.ke/politics/article/2001553602/confusion-after-sifuna-s-paybill-briefly-goes-offline-following-ruto-clash,neutral,0.6357908844947815,confusion sifuna paybill briefly go offline following ruto clash,neutral,0.39068364952127976,auto_bootstrap_lr
K24,Nadia Mukami responds after Arrow Bwoy says she was once his side chick,"Wed, 22 Jul 2026 10:09:26 +0000",https://k24.digital/entertainment/celebrity/nadia-mukami-responds-after-arrow-bwoy-says-she-was-once-his-side-chick,neutral,0.893792986869812,nadia mukami responds arrow bwoy say side chick,negative,0.39087535116635047,auto_bootstrap_lr
Capital FM Kenya,Ruto names IPOA chair nominee in raft of State appointments,,,neutral,0.9135996699333192,ruto name ipoa chair nominee raft state appointment,negative,0.3908978260572231,auto_bootstrap_lr
NTV Kenya,King Charles will not live in Buckingham Palace after $487m renovation,,https://ntvkenya.co.ke/news/king-charles-will-not-live-in-buckingham-palace-after-487m-renovation/,neutral,0.5990006327629089,king charles live buckingham palace renovation,positive,0.39102117275859494,auto_bootstrap_lr
Nairobi Wire,Raila Odinga Mausoleum Takes Shape After Family Hands Over Site,,,neutral,0.8561127781867981,raila odinga mausoleum take shape family hand site,negative,0.39188893781860124,auto_bootstrap_lr
Standard - Politics,"ODM, UDA begin joint manifesto talks as leaders rally behind Ruto's re-election bid","Sat, 18 Jul 2026 16:10:07 +0300",https://www.standardmedia.co.ke/politics/article/2001553149/odm-uda-begin-joint-manifesto-talks-as-leaders-rally-behind-ruto-s-re-election-bid,neutral,0.6452400088310242,odm uda begin joint manifesto talk leader rally behind ruto election bid,negative,0.39212038570633184,auto_bootstrap_lr
Citizen Digital (via Google News),Voting kicks off in high-stakes Ol Kalou By-Election - Citizen Digital,"Thu, 16 Jul 2026 04:11:21 GMT",https://news.google.com/rss/articles/CBMilwFBVV95cUxNMWlDZkFxSkE1ZjN2cTRpeWtmOHhWWkx6RWYyOVJEN0ZSaDdoR3l2aEx5Z21BODlZUURYcHY2Q1FZaHJNdXZIR3EzT2pkbzQwMUE2T01HZ1RRRWQtaXhyVlQtWndzdG81bDhTRVlBU3U1eUdJTmdUbzJzSnJaUUdINnRJdXlPaEpkb0h4eU9CMV9hVGN2eWhB?oc=5,neutral,0.9041854739189148,voting kick high stake ol kalou election citizen digital,neutral,0.3928118756070533,auto_bootstrap_lr
The Standard,Pipeline and KCB take lead in KVF play-offs,,https://www.standardmedia.co.ke/sports/volleyball-and-handball/article/2001551981/pipeline-and-kcb-take-lead-in-kvf-play-offs,neutral,0.880111813545227,pipeline kcb take lead kvf play offs,positive,0.3929501407902539,auto_bootstrap_lr
The Star,News Brief: Big test for Ruto as Central resists Gachagua ousterThese are stories making the headlines,,https://www.the-star.co.ke/news/news-brief/2024-10-14-news-brief-big-test-for-ruto-as-central-resists-gachagua-ouster,neutral,0.8835918307304382,news brief big test ruto central resists gachagua ousterthese story making headline,positive,0.3931475553634033,auto_bootstrap_lr
The Star,State launches Sh15bn climate resilience plan,,https://www.the-star.co.ke/climate-change/2026-07-24-state-launches-sh15bn-climate-resilience-plan,neutral,0.6890561580657959,state launch sh bn climate resilience plan,negative,0.39315972390724413,auto_bootstrap_lr
The Standard,Parents raise concerns over lack of learner medical cover,,https://www.standardmedia.co.ke/education/article/2001553443/parents-raise-concerns-over-lack-of-learner-medical-cover,neutral,0.5091500282287598,parent raise concern lack learner medical cover,positive,0.3936225982051742,auto_bootstrap_lr
NTV Kenya,Orengo declares himself acting ODM party leader,,https://ntvkenya.co.ke/news/orengo-declares-himself-acting-odm-party-leader/,neutral,0.8970121145248413,orengo declares acting odm party leader,neutral,0.3941112228790587,auto_bootstrap_lr
Business Daily Africa,Where the rich grow money for their children,"Mon, 20 Jul 2026 14:02:56 GMT",https://www.businessdailyafrica.com/bd/lifestyle/personal-finance/where-the-rich-grow-money-for-their-children-5532446,neutral,0.7039937376976013,rich grow money child,negative,0.39416187698190613,auto_bootstrap_lr
Nairobi Wire,India Has No Odometer Law and 300000 Clocked Cars Change Hands Every Year,,,neutral,0.6464362740516663,india odometer law clocked car change hand every year,negative,0.3944938409471724,auto_bootstrap_lr
NTV Kenya,NBA superstar LeBron James to leave LA Lakers,,https://ntvkenya.co.ke/news/nba-superstar-lebron-james-to-leave-la-lakers/,neutral,0.9103989601135254,nba superstar lebron james leave la lakers,negative,0.3945436836031242,auto_bootstrap_lr
Currents API,"Ruto says Kenya has reached consensus against goonism, orders crackdown on criminality",,,neutral,0.8102788329124451,ruto say kenya reached consensus goonism order crackdown criminality,negative,0.3946974662130713,auto_bootstrap_lr
The Standard,Prof Ayub Gitau takes over as UoN VC ending two years of leadership vacuum,,https://www.standardmedia.co.ke/education/article/2001553099/prof-ayub-gitau-takes-over-as-uon-vc-ending-two-years-of-leadership-vacuum,neutral,0.8614102005958557,prof ayub gitau take uon vc ending two year leadership vacuum,positive,0.39513064632167416,auto_bootstrap_lr
NTV Kenya,Ruto to Tuju: You need honest friends,,https://ntvkenya.co.ke/news/ruto-to-tuju-you-need-honest-friends/,neutral,0.834380030632019,ruto tuju need honest friend,negative,0.39521617856153807,auto_bootstrap_lr
K24,Arsenal enquire about RB Leipzig star Yan Diomande after Morgan Rogers’ setback,"Thu, 23 Jul 2026 09:06:50 +0000",https://k24.digital/sports/epl/arsenal-enquire-about-rb-leipzig-star-yan-diomande-after-morgan-rogers-setback,neutral,0.9424348473548888,arsenal enquire rb leipzig star yan diomande morgan rogers setback,neutral,0.3953312623741361,auto_bootstrap_lr
The Star,"Longer lifespans, Kenyans must plan early for retirement - expertsOnly about 26% of the Kenyan workforce has an active pension plan",,https://www.the-star.co.ke/business/markets/2026-07-17-longer-lifespans-kenyans-must-plan-early-for-retirement-experts,neutral,0.8462932109832764,longer lifespan kenyan must plan early retirement expertsonly kenyan workforce active pension plan,positive,0.3960290969681382,auto_bootstrap_lr
NTV Kenya,Indian billionaire Adani weighs airline launch,"Thu, 23 Jul 2026 07:42:18 +0000",https://ntvkenya.co.ke/news/indian-billionaire-adani-weighs-airline-launch-that-could-reshape-market-sources-say/,neutral,0.8416391611099243,indian billionaire adani weighs airline launch,negative,0.3964571770124047,auto_bootstrap_lr
Citizen Digital (via Google News),Trump to bask in World Cup final spotlight - Citizen Digital,"Sun, 19 Jul 2026 12:11:29 GMT",https://news.google.com/rss/articles/CBMiigFBVV95cUxPX3ZFR1ZtbG4tQmxPRzNfc3FnYXAtS2Z2MS1zNFU0RUZqQXhXZU1iZVUtYy1ZbzFvX3VINktpeGFwUnVVWGRKYXhJNnBKWFV2ZGNTOVhJbUxWTDBoVXJOaE45MG9BMTFxUjgtei1wdjRNbU00cU5CWGYtNVZ2LTdCNlVNdkVPMzBTcEE?oc=5,neutral,0.5305714011192322,trump bask world cup final spotlight citizen digital,positive,0.39663171536993597,auto_bootstrap_lr
Standard - Politics,"Forget Ol kalou loss and focus on development, Ruto tells leaders","Sat, 18 Jul 2026 07:35:00 +0300",https://www.standardmedia.co.ke/politics/article/2001553107/forget-ol-kalou-loss-and-focus-on-development-ruto-tells-leaders,neutral,0.8123762011528015,forget ol kalou loss focus development ruto tell leader,neutral,0.3968288071218299,auto_bootstrap_lr
Citizen Digital (via Google News),Matiang'i hosts Sifuna's Linda Mwananchi group 'to align strategies' - Citizen Digital,"Wed, 22 Jul 2026 12:11:51 GMT",https://news.google.com/rss/articles/CBMipwFBVV95cUxOT3ptQVBnUUlucUNSenN2ZDlNdkpDRm5oamp3cldZUFVyaDUyeGJ6QUFTN1BPUnplY2kzTlpjZHZGX0xoUzVUcFdNOWhiLTd3X1dhQW9vdkpkU3RJeWJLRWdIcjdaeF84dEs3SDFXNTVWa2xjX0tJNDZsUHJuUnAxT1h1RVhBWVNsN0tMaktOblIxTHB6WnVaYWVpX2dZZEx2cVY2UmFYcw?oc=5,neutral,0.9194985032081604,matiang host sifuna linda mwananchi group align strategy citizen digital,neutral,0.39817134455122144,auto_bootstrap_lr
Standard - Business,Data protection office bets on global quality standards amid rising cyber threats,"Wed, 22 Jul 2026 16:28:29 +0300",https://www.standardmedia.co.ke/business/article/2001553485/data-protection-office-bets-on-global-quality-standards-amid-rising-cyber-threats,neutral,0.6280736327171326,data protection office bet global quality standard amid rising cyber threat,positive,0.3983523325495802,auto_bootstrap_lr
Standard - Politics,The whims and memes from Ol Kalou,"Mon, 20 Jul 2026 08:35:00 +0300",https://www.standardmedia.co.ke/politics/article/2001553239/the-whims-and-memes-from-ol-kalou,neutral,0.4870694875717163,whim meme ol kalou,positive,0.398636891608502,auto_bootstrap_lr
The Star,"Buyu enters race to succeed Governor Nyong’o in KisumuKisumu West MP cites her legislative experience, says she's ready for county's top job",,https://www.the-star.co.ke/counties/nyanza/2026-07-24-buyu-enters-race-to-succeed-governor-nyongo-in-kisumu,neutral,0.6272709965705872,buyu enters race succeed governor nyong kisumukisumu west mp cite legislative experience say ready county top job,positive,0.3993240154057144,auto_bootstrap_lr
The Star,ODM must guard against losing its national soulConsolidating home support and maintaining national reach are both necessary for survival,,https://www.the-star.co.ke/opinion/leader/2026-07-21-odm-must-guard-against-losing-its-national-soul,neutral,0.7890911102294922,odm must guard losing national soulconsolidating home support maintaining national reach necessary survival,neutral,0.399965675193574,auto_bootstrap_lr
NTV Kenya,Unlocking Africa’s Next Frontier | Business Redefined,"Wed, 22 Jul 2026 16:35:37 +0000",https://ntvkenya.co.ke/business/unlocking-africas-next-frontier-business-redefined/,neutral,0.6878202557563782,unlocking africa next frontier business redefined,positive,0.40003376370547133,auto_bootstrap_lr
K24,How a car’s suspension system works to protect your spine,"Wed, 22 Jul 2026 18:07:37 +0000",https://k24.digital/lifestyle/technology/how-a-cars-suspension-system-works-to-protect-your-spine,neutral,0.8626596927642822,car suspension system work protect spine,neutral,0.40013934829376274,auto_bootstrap_lr
Nairobi Wire,“She Is Part of My Family”: Wajir Woman’s Bond With Rescued Ostrich Ends in Emotional Goodbye,,,neutral,0.851114809513092,part family wajir woman bond rescued ostrich end emotional goodbye,negative,0.40038587758432254,auto_bootstrap_lr
World News API,Siaya Governor James Orengo arrives in Trans Nzoia ahead of the Linda Mwananchi rally,,https://www.kenyamoja.com/video/siaya-governor-james-orengo-arrives-trans-nzoia-ahead-linda-mwananchi-rally-citizen-tv-411692,neutral,0.9429261684417723,siaya governor james orengo arrives trans nzoia ahead linda mwananchi rally,negative,0.4007067912558136,auto_bootstrap_lr
Citizen Digital (via Google News),YVONNNE'S TAKE: Party after party... After party - Citizen Digital,"Thu, 23 Jul 2026 21:07:07 GMT",https://news.google.com/rss/articles/CBMiiwFBVV95cUxQUE9aekpSdm5fZVVJbGU3UE1RLTRidTZVdTBpLU9fY2I2bVZFNTZYaFpCc0JZUEVsYm9FTDRkVHV3MXg5RDdDeF9ER3pDdGYxaTZVZmd3ejlESUFOUzV1TmRtWkN3V1lzRzktWkZzLTY5SGtIQmlTVEQyVzJlNW54WlZpWGhnVUpKd2sw?oc=5,neutral,0.7702170610427856,yvonnne take party party party citizen digital,negative,0.40071182233993397,auto_bootstrap_lr
K24,Mama Jimmy recalls meeting her husband at 15,"Wed, 22 Jul 2026 12:25:47 +0000",https://k24.digital/entertainment/celebrity/mama-jimmy-recalls-meeting-her-husband-at-15,neutral,0.9085282683372498,mama jimmy recall meeting husband,negative,0.40086838265102737,auto_bootstrap_lr
K24,Gloria Ntazola explains why she always wears holy rosary around her neck,"Wed, 22 Jul 2026 11:20:32 +0000",https://k24.digital/entertainment/celebrity/gloria-ntazola-explains-why-she-always-wears-holy-rosary-around-her-neck,neutral,0.8572192788124084,gloria ntazola explains always wear holy rosary around neck,negative,0.40134242983438784,auto_bootstrap_lr
Standard - Business,All in the cards: Woman who seeks life's meaning in tarot,"Wed, 15 Jul 2026 09:53:27 +0300",https://www.standardmedia.co.ke/business/article/2001552838/all-in-the-cards-woman-who-seeks-life-s-meaning-in-tarot,neutral,0.7187180519104004,card woman seek life meaning tarot,negative,0.4013666328190122,auto_bootstrap_lr
Citizen Digital (via Google News),AK unveils Riadha Connect platform to manage athletics activities - Citizen Digital,"Wed, 22 Jul 2026 13:31:22 GMT",https://news.google.com/rss/articles/CBMiqAFBVV95cUxNXzl3RWpDNGdPd0ExZTVvc3Fvc28tX29YVWl4UDFxQ3MyRGxMbDY2Q016UXlTLWl5a2ZLdTNMa2RVYmRQV2JjYjBuVFdIcVd2ZS1GOG44WEVfckRhSXR5S0pKVEZuSjZudjRhcWZvWHV1NDVUNjVGV2pnNG9zT0czdVNhVnBuOGtrX2x0bEYzMGZuTUFxTHV5aHN2OWhPT09OOWE0Ul9SSE0?oc=5,neutral,0.8117281198501587,ak unveils riadha connect platform manage athletics activity citizen digital,positive,0.40139897101831434,auto_bootstrap_lr
Citizen Digital (via Google News),"Nigeria's Tinubu approves army expansion to 12 divisions with 28,000 new recruits - Citizen Digital","Fri, 24 Jul 2026 20:23:33 GMT",https://news.google.com/rss/articles/CBMiuwFBVV95cUxQR1RUWF9QVzRQWG1hVks4VE16cXlxOGJXNTRtc3RadXM5N290NnRIalQxaFVlQWJXMlZCenIzMVBJVjI2U3Y1Z01lM1oxUmhaYXpjMnhxSERCX0RfMUNlVHFqcVpiX0twenpLZFBkMC1zRkFMelFfVnBob2VfZ0RTblZXdjgtZU9HbnZPSkdydWhESk9XUEZCS2ZSSFQ1ZVVrS21ValpocEttX2l1LTFWREw0LUluMU9hVEZF?oc=5,neutral,0.8406755924224854,nigeria tinubu approves army expansion division new recruit citizen digital,negative,0.4015487392839275,auto_bootstrap_lr
Nairobi Wire,Step-by-Step: How to Verify a Recruitment Agency Before Applying for Jobs,"Fri, 24 Jul 2026 03:44:12 +0000",https://nairobiwire.com/2026/07/verify-recruitment-agency-nea-neaims-guide.html,neutral,0.9004204869270325,step step verify recruitment agency applying job,positive,0.4016658903539583,auto_bootstrap_lr
The Standard,Omtatah demands details on Nairobi Park projects,,https://www.standardmedia.co.ke/environment-climate/article/2001551607/omtatah-demands-details-on-nairobi-park-projects,neutral,0.8818332552909851,omtatah demand detail nairobi park project,positive,0.40172359482630804,auto_bootstrap_lr
The Standard,Beverage price wars loom as Indian billionaire acquires Kenyan firm for Sh4.8b,,https://www.standardmedia.co.ke/business/financial-standard/article/2001552722/beverage-price-wars-loom-as-indian-billionaire-acquires-kenyan-firm-for-sh48b,neutral,0.7747827768325806,beverage price war loom indian billionaire acquires kenyan firm sh b,negative,0.4017386810823643,auto_bootstrap_lr
World News API,Excitement and tension in western region over Sifuna tour,,,neutral,0.499954879283905,excitement tension western region sifuna tour,neutral,0.40241333149013947,auto_bootstrap_lr
NewsData.io,PAULINE NJOROGE’s statement on resignation from UHURU’s Jubilee Party,,,neutral,0.8814752101898193,pauline njoroge statement resignation uhuru jubilee party,negative,0.40261749120714746,auto_bootstrap_lr
K24,Rare inspiration behind Manchester United’s 2026/27 away blue kit,"Thu, 23 Jul 2026 05:18:50 +0000",https://k24.digital/sports/epl/rare-inspiration-behind-manchester-uniteds-2026-27-away-blue-kit,neutral,0.7415350675582886,rare inspiration behind manchester united away blue kit,neutral,0.4028597107867424,auto_bootstrap_lr
World News API,"Five Voices, One Stage | FridayNightRave",,https://www.kenyamoja.com/video/five-voices-one-stage-fridaynightrave-ntv-video-411428,neutral,0.8783406019210815,five voice one stage fridaynightrave,negative,0.40315664633510945,auto_bootstrap_lr
KBC News,More Than Flour: Grain Industries Limited’s growing footprint in Kenya,,,neutral,0.6904652714729309,flour grain industry limited growing footprint kenya,positive,0.4033201913000871,auto_bootstrap_lr
Capital FM Kenya,Kenya seeks fresh green investment to restore 10.6mn hectares of degraded land,"Wed, 22 Jul 2026 15:38:44 +0000",https://capitalfm.africa/kenya-seeks-fresh-green-investment-to-restore-10-6mn-hectares-of-degraded-land/,neutral,0.8156858682632446,kenya seek fresh green investment restore mn hectare degraded land,positive,0.40340570723518415,auto_bootstrap_lr
NTV Kenya,Trump intervention sparks World Cup storm as FIFA clears Balogun to face Belgium,"Mon, 06 Jul 2026 07:17:15 +0000",https://ntvkenya.co.ke/news/trump-intervention-sparks-world-cup-storm-as-fifa-clears-balogun-to-face-belgium/,neutral,0.6027341485023499,trump intervention spark world cup storm fifa clear balogun face belgium,positive,0.4038111951248004,auto_bootstrap_lr
People Daily,KUCCPS explains whether university-placed students can apply for KMTC’s September 2026 intake,2026-07-24 21:31:49,https://peopledaily.digital/news/kuccps-explains-whether-university-placed-students-can-apply-for-kmtcs-september-2026-intake,neutral,0.969045341014862,kuccps explains whether university placed student apply kmtc september intake,positive,0.40403461279728614,auto_bootstrap_lr
The Star,SA's president wins bid to temporarily halt impeachment,,https://www.the-star.co.ke/news/africa/2026-07-24-sas-president-wins-bid-to-temporarily-halt-impeachment,neutral,0.8634993433952332,sa president win bid temporarily halt impeachment,positive,0.40428608323486415,auto_bootstrap_lr
NTV Kenya,Sakaja surrenders key City Hall functions to Ruto,,https://ntvkenya.co.ke/news/sakaja-surrenders-key-city-hall-functions-to-ruto/,neutral,0.9165157079696656,sakaja surrender key city hall function ruto,positive,0.40460885966298454,auto_bootstrap_lr
Business Daily,Portuguese firm battling auctioneers selected for mega Embu dam project,"Wed, 22 Jul 2026 13:37:41 GMT",https://www.businessdailyafrica.com/bd/economy/portuguese-firm-selected-for-mega-embu-dam-project-5534414,neutral,0.8914510607719421,portuguese firm battling auctioneer selected mega embu dam project,positive,0.40461426246286447,auto_bootstrap_lr
KBC,"Ruto will silence critics at polls, says Kindiki","Wed, 22 Jul 2026 17:42:15 +0000",https://www.kbc.co.ke/ruto-will-silence-critics-at-polls-says-kindiki/,neutral,0.8847731947898865,ruto silence critic poll say kindiki,neutral,0.4046347856976941,auto_bootstrap_lr
K24,Nairobi Water explains how Nairobians can check their water supply schedule,"Thu, 23 Jul 2026 07:40:56 +0000",https://k24.digital/news/nairobi-water-explains-how-nairobians-can-check-their-water-supply-schedule,neutral,0.9213665127754213,nairobi water explains nairobians check water supply schedule,positive,0.40473150507706507,auto_bootstrap_lr
NewsData.io,"Pauline Njoroge resigns from Jubilee Party, joins Linda Mwananchi movement",,,neutral,0.8440250754356384,pauline njoroge resigns jubilee party join linda mwananchi movement,negative,0.40473689500556215,auto_bootstrap_lr
The Star,New dawn for Garissa boda boda riders as they elect new leaders,,https://www.the-star.co.ke/counties/north-eastern/2026-07-23-new-dawn-for-garissa-boda-boda-riders-as-they-elect-new-leaders,neutral,0.5995562076568604,new dawn garissa boda boda rider elect new leader,positive,0.40491113263332856,auto_bootstrap_lr
The Standard,Together for People and Planet: Helping marginalised communities shape environmental decisions,,https://www.standardmedia.co.ke/environment-climate/article/2001552754/together-for-people-and-planet-helping-marginalised-communities-shape-environmental-decisions,neutral,0.6552388072013855,together people planet helping marginalised community shape environmental decision,negative,0.40500930943771,auto_bootstrap_lr
The Standard,"French government to fund Sh4.5b UoN's youth research,  innovation centre",,https://www.standardmedia.co.ke/education/article/2001552767/french-government-to-fund-sh45b-uons-youth-research-innovation-centre,neutral,0.8350678086280823,french government fund sh b uon youth research innovation centre,neutral,0.40524308775040657,auto_bootstrap_lr
Kenyans.co.ke,CS Ruku Unveils New Policy for Gen Z Recruitment to Govt Jobs,2026-07-24T08:12:54+0300,https://www.kenyans.co.ke/news/125553-cs-ruku-unveils-policy-replace-ageing-public-servants-gen-z-workforce,neutral,0.8618820905685425,c ruku unveils new policy gen z recruitment govt job,positive,0.40566212349113046,auto_bootstrap_lr
Citizen Digital (via Google News),'The writing is on the wall': DCP's Sammy Kamau warns President Ruto after by-election win - Citizen Digital,"Fri, 17 Jul 2026 06:33:49 GMT",https://news.google.com/rss/articles/CBMixAFBVV95cUxNT0IxdlZydDlqVmtmaXlWMjd4ZzN0VjZwTVVycFMyX2NQSnh6Q1NlM00wWWtfX3JHeG9zVlE3T0ltRndPQmFJeXVQYU5wWHpydmh4dkdXT250TFpVNU1ESEsxSjk1OFR4VkRVc09lVkl0QTlPOTNNRHlxNDczQ1FVVTZycFJuQWdrWEJSOEI0QXQ2Q2VEeDRCYUN0NURMSjFkbjRUUWJrcEdzMlUxMzBJa3h5N3hMZVVNQXhqU1NWTlZ4Zm5H?oc=5,neutral,0.7475074529647827,writing wall dcp sammy kamau warns president ruto election win citizen digital,negative,0.40570917963009756,auto_bootstrap_lr
Standard - Business,Court paves way for dockers union polls amid leadership row,"Thu, 23 Jul 2026 00:00:00 +0300",https://www.standardmedia.co.ke/business/article/2001553487/court-paves-way-for-dockers-union-polls-amid-leadership-row,neutral,0.8821184635162354,court pave way docker union poll amid leadership row,negative,0.40588233089688924,auto_bootstrap_lr
Standard - Business,Inside huge cash withdrawals from affordable housing kitty,"Thu, 23 Jul 2026 08:35:00 +0300",https://www.standardmedia.co.ke/business/article/2001553494/inside-huge-cash-withdrawals-from-affordable-housing-kitty,neutral,0.6184430718421936,inside huge cash withdrawal affordable housing kitty,positive,0.4064926481990906,auto_bootstrap_lr
Nairobi Wire,Ruto Says Government Will Fully Fund Every Student Placed in University or College,"Wed, 22 Jul 2026 03:47:28 +0000",https://nairobiwire.com/2026/07/ruto-announces-full-funding-public-university-students.html,neutral,0.6784934997558594,ruto say government fully fund every student placed university college,positive,0.4064972268808026,auto_bootstrap_lr
The Standard,Somalia advances plan to establish National Revenue Authority,,https://www.standardmedia.co.ke/africa/article/2001553468/somalia-advances-plan-to-establish-national-revenue-authority,neutral,0.8642266988754272,somalia advance plan establish national revenue authority,neutral,0.40699326455166035,auto_bootstrap_lr
Standard - Politics,East or West? Ruto's headache as rivals thwart push for Mt Kenya split,"Thu, 23 Jul 2026 08:35:00 +0300",https://www.standardmedia.co.ke/politics/article/2001553522/east-or-west-ruto-s-headache-as-rivals-thwart-push-for-mt-kenya-split,neutral,0.7570304870605469,east west ruto headache rival thwart push mt kenya split,neutral,0.407315495443298,auto_bootstrap_lr
World News API,East or West? Ruto&#039;s headache as rivals thwart push for Mt Kenya split,,https://www.standardmedia.co.ke/politics/article/2001553522/rutos-headache-as-rivals-thwart-push-for-mt-kenya-east-west-split,neutral,0.7109053730964661,east west ruto headache rival thwart push mt kenya split,neutral,0.407315495443298,auto_bootstrap_lr
Business Daily,Stanchart Pension blocks review of new claims by ex-staff,"Wed, 22 Jul 2026 15:48:37 GMT",https://www.businessdailyafrica.com/bd/corporate/companies/stanchart-pension-blocks-review-of-new-claims-by-ex-staff-5534708,neutral,0.616690456867218,stanchart pension block review new claim ex staff,positive,0.4078167943567941,auto_bootstrap_lr
Currents API,US-backed Ebola quarantine center operating despite Kenya court order,,,neutral,0.7073635458946228,u backed ebola quarantine center operating despite kenya court order,positive,0.40915110111869635,auto_bootstrap_lr
K24,WAFCON 2026: Records that could be broken in Morocco,"Sat, 25 Jul 2026 08:23:22 +0000",https://k24.digital/sports/wafcon-2026-records-that-could-be-broken-in-morocco,neutral,0.5644146800041199,wafcon record could broken morocco,negative,0.4091527914654284,auto_bootstrap_lr
K24,OpenAI confirms global ChatGPT outage,"Sat, 25 Jul 2026 11:18:17 +0000",https://k24.digital/lifestyle/technology/openai-confirms-global-chatgpt-outage,neutral,0.4931523203849792,openai confirms global chatgpt outage,positive,0.4091646722928137,auto_bootstrap_lr
Standard - Politics,MPs urge voters to elect more female candidates to achieve gender rule,"Tue, 21 Jul 2026 12:33:29 +0300",https://www.standardmedia.co.ke/politics/article/2001553355/mps-urge-voters-to-elect-more-female-candidates-to-achieve-gender-rule,neutral,0.8592380881309509,mp urge voter elect female candidate achieve gender rule,negative,0.4094649328802199,auto_bootstrap_lr
K24,Luo Festival organisers announce date and venue for 2026 event,"Wed, 22 Jul 2026 16:04:47 +0000",https://k24.digital/entertainment/events/luo-festival-organisers-announce-date-and-venue-for-2026-event,neutral,0.9056009650230408,luo festival organiser announce date venue event,negative,0.40952347943856376,auto_bootstrap_lr
NTV Kenya,Trump signals plan to sanction countries trading with Russia,,https://ntvkenya.co.ke/news/trump-signals-plan-to-sanction-countries-trading-with-russia/,neutral,0.5932306051254272,trump signal plan sanction country trading russia,negative,0.4103695045953417,auto_bootstrap_lr
K24,How a pinch of salt keeps fresh flowers looking vibrant,"Sat, 25 Jul 2026 06:34:21 +0000",https://k24.digital/lifestyle/home-and-living/how-a-pinch-of-salt-keeps-fresh-flowers-looking-vibrant,neutral,0.554349958896637,pinch salt keep fresh flower looking vibrant,negative,0.4107345502078256,auto_bootstrap_lr
Business Daily,Pesalink money transfer fee cuts spread to 19 banks in retail battle,"Tue, 21 Jul 2026 14:20:38 GMT",https://www.businessdailyafrica.com/bd/corporate/companies/pesalink-money-transfer-fee-cuts-spread-to-19-banks-5533510,neutral,0.6128396987915039,pesalink money transfer fee cut spread bank retail battle,positive,0.4108722319212343,auto_bootstrap_lr
The Standard,Prof. Ayub Gitau takes helm at UoN,,https://www.standardmedia.co.ke/education/article/2001553024/prof-ayub-gitau-takes-helm-at-uon,neutral,0.9119014739990234,prof ayub gitau take helm uon,positive,0.4110565543122273,auto_bootstrap_lr
The Standard,Who are the six candidates vying to lead the UN?,,https://www.standardmedia.co.ke/world/article/2001553621/who-are-the-six-candidates-vying-to-lead-the-un,neutral,0.9546829462051392,six candidate vying lead un,positive,0.41148701662985937,auto_bootstrap_lr
The Standard,Kakamega High School dispensary reopens after Sh1m uplift,,https://www.standardmedia.co.ke/health/health-science/article/2001553275/kakamega-high-school-dispensary-reopens-after-sh1m-uplift,neutral,0.7220445871353149,kakamega high school dispensary reopens sh uplift,positive,0.4116728186714851,auto_bootstrap_lr
Standard - Politics,Gachagua set to depart for US next month,"Tue, 21 Jul 2026 06:00:00 +0300",https://www.standardmedia.co.ke/politics/article/2001553317/gachagua-set-to-depart-for-us-next-month,neutral,0.9468279480934144,gachagua set depart u next month,negative,0.41179162820184717,auto_bootstrap_lr
The Standard,Kenya records 80 per cent increase in HPV vaccination among girls,,https://www.standardmedia.co.ke/health/health-science/article/2001553097/kenya-records-80-per-cent-increase-in-hpv-vaccination-among-girls,neutral,0.7675703763961792,kenya record per cent increase hpv vaccination among girl,negative,0.41203266596578425,auto_bootstrap_lr
Nairobi Wire,Ruto Advisors Propose Binding Law to Protect Kenya’s “Singapore Dream” Vision,"Thu, 23 Jul 2026 03:47:04 +0000",https://nairobiwire.com/2026/07/kenya-singapore-dream-development-law-ruto-vision.html,neutral,0.8547857999801636,ruto advisor propose binding law protect kenya singapore dream vision,positive,0.41236978852105455,auto_bootstrap_lr
The Standard,Why cracking student unrest is a shared responsibility,,https://www.standardmedia.co.ke/opinion/article/2001553577/why-cracking-student-unrest-is-a-shared-responsibility,neutral,0.6747287511825562,cracking student unrest shared responsibility,negative,0.4124879561825631,auto_bootstrap_lr
The Standard,Plan ahead! NTSA system to go offline for hours,,https://www.standardmedia.co.ke/national/article/2001553684/plan-ahead-ntsa-system-to-go-offline-for-hours,neutral,0.5984611511230469,plan ahead ntsa system go offline hour,positive,0.41256883834317715,auto_bootstrap_lr
The Standard,PremiumSifuna endorsed for presidency as Western leaders threaten to ditch ODM,,https://www.standardmedia.co.ke/business/politics/article/2001553694/sifuna-endorsed-for-presidency-as-western-leaders-threaten-to-ditch-odm,neutral,0.7069187760353088,premiumsifuna endorsed presidency western leader threaten ditch odm,negative,0.4127040501629429,auto_bootstrap_lr
World News API,Civil Society Launches Good Governance Campaign Ahead of 2027 Elections,,https://www.kenyamoja.com/video/civil-society-launches-good-governance-campaign-ahead-2027-elections-ktn-news-411835,neutral,0.5453808307647705,civil society launch good governance campaign ahead election,positive,0.4129334495764058,auto_bootstrap_lr
Capital FM,"TSC to advertise 34,000 teacher promotions as govt moves to confirm 20,000 JSS tutors","Sat, 25 Jul 2026 07:26:46 +0000",https://capitalfm.africa/tsc-to-advertise-34000-teacher-promotions-as-govt-moves-to-confirm-20000-jss-tutors/,neutral,0.8880884051322937,tsc advertise teacher promotion govt move confirm jss tutor,negative,0.41320279534917054,auto_bootstrap_lr
The Star,BACHELOR’S DIARY: Chonga viazi is realBachelor pays dearly for high-end restaurant date,,https://www.the-star.co.ke/sasa/entertainment/2026-07-19-bachelors-diary-chonga-viazi-is-real,neutral,0.6634098291397095,bachelor diary chonga viazi realbachelor pay dearly high end restaurant date,positive,0.41330851774077476,auto_bootstrap_lr
World News API,Mombasa: Washukiwa wa ulanguzi wa mihadarati wakamatwa wakitaka kuondoka nchini kuelekea Dubai,2026-07-19 00:00:00,,neutral,0.8984224200248718,mombasa washukiwa wa ulanguzi wa mihadarati wakamatwa wakitaka kuondoka nchini kuelekea dubai,positive,0.41339151178362493,auto_bootstrap_lr
NewsData.io,Nuclear Medicine Market Revenue Forecast 2033,,,neutral,0.9019426703453064,nuclear medicine market revenue forecast,neutral,0.4136915893283806,auto_bootstrap_lr
Citizen Digital,"3 hours agoODM leaders defend Ruto's affordable housing project, rebuke Sifuna over criticismBy Erick OwengaOmanyo was responding to remarks made by Sifuna earlier this week, in which he downplayed the significance of the project, citing cultural concerns in the Western region....Read More",,https://citizen.digital/article/odm-leaders-defend-affordable-housing-rebuke-sifuna-over-criticism-n386999,neutral,0.8930374383926392,hour agoodm leader defend ruto affordable housing project rebuke sifuna criticismby erick owengaomanyo responding remark made sifuna earlier week downplayed significance project citing cultural concern western region read,neutral,0.4138940470616193,auto_bootstrap_lr
The Standard,How Siaya couple is reaping big from worm juice,,https://www.standardmedia.co.ke/business/work-life/article/2001549920/how-siaya-couple-is-reaping-big-from-worm-juice,neutral,0.7228431105613708,siaya couple reaping big worm juice,negative,0.41397419404850844,auto_bootstrap_lr
The Standard,"Ogamba defends TVET hiring, says sector meets diversity",,https://www.standardmedia.co.ke/education/article/2001553606/ogamba-defends-tvet-hiring-says-sector-meets-diversity,neutral,0.7585889101028442,ogamba defends tvet hiring say sector meet diversity,negative,0.4140800991917527,auto_bootstrap_lr
The Star,On the Radar: Mutai's ouster trial to begin in SenateKey events and activities happening today.,,https://www.the-star.co.ke/news/news-brief/2024-10-14-on-the-radar-mutais-ouster-trial-to-begin-in-senate,neutral,0.9526009559631348,radar mutai ouster trial begin senatekey event activity happening today,negative,0.41417443332061754,auto_bootstrap_lr
The Star,"From self-belief to the world stage: Why Diana Wanza could be Kenya's next distance queenA graduate of Kenyatta University, where she pursued a Bachelor of Education, Wanza's passion for the track burned so fiercely that not even her parents could not persuade her to walk away from the sport, choosing the track over chalk.",,https://www.the-star.co.ke/sports/athletics/2026-07-24-from-self-belief-to-the-world-stage-why-diana-wanza-could-be-kenyas-next-distance-queen,neutral,0.6301999092102051,self belief world stage diana wanza could kenya next distance queena graduate kenyatta university pursued bachelor education wanza passion track burned fiercely even parent could persuade walk away sport choosing track chalk,positive,0.41420515224759874,auto_bootstrap_lr
NewsData.io,Kenya: Communication Authority Tightens Rules On Importation for ICT Equipment Distributors,,,neutral,0.8158466815948486,kenya communication authority tightens rule importation ict equipment distributor,negative,0.41429247022648474,auto_bootstrap_lr
Standard - Politics,Ruto allies urge Ukambani residents to prioritise development over party politics,"Sun, 19 Jul 2026 14:38:41 +0300",https://www.standardmedia.co.ke/politics/article/2001553209/ruto-allies-urge-ukambani-residents-to-prioritise-development-over-party-politics,neutral,0.8158925175666809,ruto ally urge ukambani resident prioritise development party politics,neutral,0.41443729163030596,auto_bootstrap_lr
K24,YouTube star MrBeast weds girlfriend Thea Booysen in intimate island ceremony,"Wed, 22 Jul 2026 04:02:32 +0000",https://k24.digital/entertainment/celebrity/youtube-star-mrbeast-weds-girlfriend-thea-booysen-in-intimate-island-ceremony,neutral,0.7405726909637451,youtube star mrbeast wed girlfriend thea booysen intimate island ceremony,negative,0.4144735934364558,auto_bootstrap_lr
Standard - Business,Lamu residents demand transparency in proposed Sh2.2 trillion oil refinery,"Sun, 19 Jul 2026 15:37:44 +0300",https://www.standardmedia.co.ke/business/article/2001553212/lamu-residents-demand-transparency-in-proposed-sh2-2-trillion-oil-refinery,neutral,0.8401544690132141,lamu resident demand transparency proposed sh trillion oil refinery,negative,0.4145349497797621,auto_bootstrap_lr
The Standard,EACC recovers public assets worth Sh126m in Western Kenya anti-graft drive,,https://www.standardmedia.co.ke/western/article/2001553596/eacc-recovers-public-assets-worth-sh126m-in-western-kenya-anti-graft-drive,neutral,0.877216100692749,eacc recovers public asset worth sh western kenya anti graft drive,positive,0.41465657222088037,auto_bootstrap_lr
Citizen Digital,News•32 seconds agoMathare United CEO Obure eyes major revival after relegation escapeBy Derrick Otieno,,https://citizen.digital/article/mathare-united-ceo-obure-eyes-major-revival-after-relegation-escape-n387009,neutral,0.8756096959114075,news second agomathare united ceo obure eye major revival relegation escapeby derrick otieno,positive,0.4148433178197152,auto_bootstrap_lr
The Star,"Smoke out criminals and their collaborators, MP tells Laikipia residentsLawmaker says community cooperation is critical to tackling livestock theft and banditry",,https://www.the-star.co.ke/counties/central/2026-07-23-smoke-out-criminals-and-their-collaborators-mp-tells-laikipia-residents,neutral,0.7675435543060303,smoke criminal collaborator mp tell laikipia residentslawmaker say community cooperation critical tackling livestock theft banditry,negative,0.41491346847139066,auto_bootstrap_lr
NewsData.io,👨🏿‍🚀TechCabal Daily – Lie detector test for SIM cards,,,neutral,0.919657588005066,techcabal daily lie detector test sim card,positive,0.4149898222450399,auto_bootstrap_lr
The Star,EACC moves to recover Sh790m Kisumu prison landThe land is part of an original 16.2-acre parcel reserved for the Kenya Prisons Service,,https://www.the-star.co.ke/counties/nyanza/2026-07-21-eacc-moves-to-recover-sh790m-kisumu-prison-land,neutral,0.9340420961380004,eacc move recover sh kisumu prison landthe land part original acre parcel reserved kenya prison service,negative,0.41500895130274496,auto_bootstrap_lr
NTV Kenya,"Kenya-Ethiopia power deal to connect over 10,000 new customers","Tue, 14 Jul 2026 10:07:24 +0000",https://ntvkenya.co.ke/news/kenya-ethiopia-power-deal-to-connect-over-10000-new-customers/,neutral,0.7945823073387146,kenya ethiopia power deal connect new customer,neutral,0.41517177049249415,auto_bootstrap_lr
World News API,IPOA presents footage tracking Albert Ojwang's final hours,,,neutral,0.9323890209197998,ipoa present footage tracking albert ojwang final hour,positive,0.41521980896394295,auto_bootstrap_lr
NTV Kenya,School heads push for higher fees to sustain operations,,https://ntvkenya.co.ke/news/school-heads-push-for-higher-fees-to-sustain-operations/,neutral,0.8069867491722107,school head push higher fee sustain operation,positive,0.4155525162933187,auto_bootstrap_lr
Kenyans.co.ke,KNEC Outlines Steps to Download Digital KCSE Certificates,2026-07-21T12:03:43+0300,https://www.kenyans.co.ke/news/125459-knec-outlines-step-step-process-download-digital-kcse-certificate,neutral,0.92045921087265,knec outline step download digital kcse certificate,negative,0.41571827886780033,auto_bootstrap_lr
World News API,Made in Uganda magnesium injection to fight pre-eclampsia launched,,https://www.newvision.co.ug/category/health/made-in-uganda-magnesium-injection-to-fight-p-NV_237667_072026,neutral,0.7789613008499146,made uganda magnesium injection fight pre eclampsia launched,negative,0.4157586441299876,auto_bootstrap_lr
The Standard,"PremiumVuvuzelas, church vows and pilgrimages: The beautiful madness of Arsenal fanaticism in Kenya",,https://www.standardmedia.co.ke/business/sports/article/2001549067/vuvuzelas-church-vows-and-pilgrimages-the-beautiful-madness-of-arsenal-fanaticism-in-kenya,neutral,0.5299049019813538,premiumvuvuzelas church vow pilgrimage beautiful madness arsenal fanaticism kenya,negative,0.41576870728590426,auto_bootstrap_lr
The Standard,"Vuvuzelas, church vows and pilgrimages: The beautiful madness of Arsenal fanaticism in Kenya",,https://www.standardmedia.co.ke/sports/sports/article/2001549067/vuvuzelas-church-vows-and-pilgrimages-the-beautiful-madness-of-arsenal-fanaticism-in-kenya,neutral,0.5614044666290283,vuvuzelas church vow pilgrimage beautiful madness arsenal fanaticism kenya,negative,0.41576870728590426,auto_bootstrap_lr
Standard - Business,"KenGen's ambitious 5,500 MW plan to deal with rising demand for electricity","Sat, 18 Jul 2026 06:00:00 +0300",https://www.standardmedia.co.ke/business/article/2001553075/kengen-s-ambitious-5-500-mw-plan-to-deal-with-rising-demand-for-electricity,neutral,0.7906942367553711,kengen ambitious mw plan deal rising demand electricity,negative,0.4159119020676575,auto_bootstrap_lr
NTV Kenya,"United Opposition steps up anti-Ruto campaign, vows to protect vote amid...",,https://ntvkenya.co.ke/politics/united-opposition-steps-up-anti-ruto-campaign-vows-to-protect-vote-amid-rigging-claims/,neutral,0.827379584312439,united opposition step anti ruto campaign vow protect vote amid,negative,0.416281978833465,auto_bootstrap_lr
Business Daily,Dealmaker Kenne owner of Nabo Capital acquirer,"Mon, 20 Jul 2026 17:48:11 GMT",https://www.businessdailyafrica.com/bd/corporate/companies/dealmaker-kenne-owner-of-nabo-capital-acquirer-5532664,neutral,0.926054060459137,dealmaker kenne owner nabo capital acquirer,negative,0.4163495456102065,auto_bootstrap_lr
Kenyans.co.ke,Govt Raises Fuel Price Concerns Ahead of August EPRA Review,2026-07-24T18:16:30+0300,https://www.kenyans.co.ke/news/125567-govt-raises-fuel-price-concerns-ahead-august-epra-review,neutral,0.5871056914329529,govt raise fuel price concern ahead august epra review,positive,0.41637591173658284,auto_bootstrap_lr
Standard - Business,Paper vs property: Why the high net-worth are abandoning real estate,"Wed, 15 Jul 2026 12:44:00 +0300",https://www.standardmedia.co.ke/business/article/2001552865/paper-vs-property-why-the-high-net-worth-are-abandoning-real-estate,neutral,0.6896346211433411,paper v property high net worth abandoning real estate,positive,0.4169318048492609,auto_bootstrap_lr
Standard - Politics,"Oparanya, Wetang'ula battle for western Kenya's political crown ahead of 2027","Tue, 21 Jul 2026 12:00:00 +0300",https://www.standardmedia.co.ke/politics/article/2001553340/oparanya-wetang-ula-battle-for-western-kenya-s-political-crown-ahead-of-2027,neutral,0.8847054243087769,oparanya wetang ula battle western kenya political crown ahead,positive,0.41730719639959263,auto_bootstrap_lr
NTV Kenya,EP7: The polygamist!,"Mon, 13 Jul 2026 08:38:59 +0000",https://ntvkenya.co.ke/podcast/e7-the-polygamist/,neutral,0.6040839552879333,ep polygamist,negative,0.41735618954241305,auto_bootstrap_lr
NTV Kenya,Belgium granted right to appeal FIFA’s Folarin Balogun decision,"Mon, 06 Jul 2026 09:32:15 +0000",https://ntvkenya.co.ke/sports/belgium-granted-right-to-appeal-fifas-folarin-balogun-decision/,neutral,0.9025870561599731,belgium granted right appeal fifa folarin balogun decision,positive,0.4174743080642663,auto_bootstrap_lr
K24,How listening to rain sounds helps people sleep,"Thu, 23 Jul 2026 10:47:38 +0000",https://k24.digital/lifestyle/home-and-living/how-listening-to-rain-sounds-helps-people-sleep,neutral,0.8113424181938171,listening rain sound help people sleep,negative,0.41755277330449936,auto_bootstrap_lr
World News API,THE PHILIPPINES-MANILA-CHINESE FM-CANADIAN FM-MEETING,,,neutral,0.9095245003700256,philippine manila chinese fm canadian fm meeting,negative,0.4175823116667248,auto_bootstrap_lr
The Standard,Relief to 6000 farmers as soya bean production intensifies,,https://www.standardmedia.co.ke/nyanza/article/2001553574/relief-to-6000-farmers-as-soya-bean-production-intensifies,neutral,0.7776467204093933,relief farmer soya bean production intensifies,positive,0.4176775387929526,auto_bootstrap_lr
NewsData.io,OPINION: Kipenga Cha Mama na Mtoto: How Kenya Can Turn Football Into a Lifeline for Mothers,,,neutral,0.8798074126243591,opinion kipenga cha mama na mtoto kenya turn football lifeline mother,negative,0.41803389840925265,auto_bootstrap_lr
NTV Kenya,"Court strikes out bid to bar Wetang’ula, Kingi from political activities","Fri, 24 Jul 2026 07:44:15 +0000",https://ntvkenya.co.ke/news/court-strikes-out-bid-to-bar-wetangula-kingi-from-political-activities/,neutral,0.6856505274772644,court strike bid bar wetang ula kingi political activity,positive,0.41821964705663334,auto_bootstrap_lr
The Star,Outgoing governor gets cold feet over MP seatThe rival has won over many residents through generous donations.,,https://www.the-star.co.ke/news/corridors-of-power/2026-07-22-outgoing-governor-gets-cold-feet-over-mp-seat,neutral,0.5791879892349243,outgoing governor get cold foot mp seatthe rival many resident generous donation,negative,0.4183904878670853,auto_bootstrap_lr
NTV Kenya,Battle for ODM: Power struggle shifts between boardroom and grassroots,,https://ntvkenya.co.ke/politics/battle-for-odm-power-struggle-shifts-between-boardroom-and-grassroots/,neutral,0.8713358640670776,battle odm power struggle shift boardroom grassroots,negative,0.4184623915962972,auto_bootstrap_lr
Citizen Digital (via Google News),"President Ruto unveils Ksh.30B projects in Makueni, vows no region will be left behind - Citizen Digital","Fri, 17 Jul 2026 14:14:01 GMT",https://news.google.com/rss/articles/CBMiwgFBVV95cUxQX256RjJKTVdOX3R6eGdkYnhRQXpRMFExWm83aUN6aXJkUGtXMjUxaFNEXzVLQW5FRGZ5SWNRX2lOZ2d2YVJId1lxbFpMMkJ4SW9ENmh3LVdXeDFCSlBSbmFScnNpWm9sOVhfbUt5bVQwS2Q1V3pWbzNMbk5PODc2ZlBZUTlJNzVsTUJyT2hJU3FhWkMwYlZFNUVNb1ptdUtJakd0a0VMQmdfNUk1WU0tUzhjVTRwTXNhUXRuVmJtUGxTQQ?oc=5,neutral,0.7871896624565125,president ruto unveils ksh b project makueni vow region left behind citizen digital,negative,0.4184671441624843,auto_bootstrap_lr
Citizen Digital (via Google News),High Court clears construction of 52KM road through Aberdare National Park and Forest - Citizen Digital,"Fri, 17 Jul 2026 12:29:02 GMT",https://news.google.com/rss/articles/CBMiwwFBVV95cUxNWm82MklBMVdNR1hhQmNnR2JMTzBaZzJuYUZfQUtCMXRiQzEtQzZpUGdVSVVKZ3l2M2JFUEhnaUdlb1E1ZmZQZGNHRkJnSXc3Q091WjBTUklGalo0aVNvODR6Vl9uRUZHMHg0N0FVSW9jT2xJWmxiNThJaDRNYnZiaElHYUtHbFc1MFFMaGxwTEh2MkdVNGl5aHJYMmdYZEtQT1Q2elI3TlZvSDNDUDJrcTdwZzlyeF90V29OMl9uVDc3SXc?oc=5,neutral,0.8526179790496826,high court clear construction km road aberdare national park forest citizen digital,negative,0.4186088299185656,auto_bootstrap_lr
World News API,Ruto Allies Face Tough Choices as DCP Strengthens Political Hold in Mt Kenya,,,neutral,0.7995083332061768,ruto ally face tough choice dcp strengthens political hold mt kenya,neutral,0.41883414048798967,auto_bootstrap_lr
NTV Kenya,WhatsApp usernames to let people chat without revealing phone number,,https://ntvkenya.co.ke/news/whatsapp-usernames-to-let-people-chat-without-revealing-phone-number/,neutral,0.8828384280204773,whatsapp usernames let people chat without revealing phone number,positive,0.4190987199128526,auto_bootstrap_lr
The Star,"Usman vs du Plessis set for high-stakes UFC showdownThe contest, scheduled to headline UFC Fight Night 281 in Oklahoma City, pits two former title holders against each other",,https://www.the-star.co.ke/sasa/society/2026-07-17-usman-vs-du-plessis-set-for-high-stakes-ufc-showdown,neutral,0.9208027720451356,usman v du plessis set high stake ufc showdownthe contest scheduled headline ufc fight night oklahoma city pit two former title holder,positive,0.4192817063314705,auto_bootstrap_lr
Citizen Digital (via Google News),"'All or nothing!' Karua says will not settle for deputy president post, to support United Opposition candidate - Citizen Digital","Tue, 21 Jul 2026 20:24:30 GMT",https://news.google.com/rss/articles/CBMi3wFBVV95cUxQb3NnV0dsYnFGaVVnTHdaaTY0YjhJaEpDNmVtRG9PblBma2lQRFpFcS0tNDRSM0VkRUpRcjNQTlVtZDFtN0xiQUJLRlFsM2tFTXRNYkdwcDZmdlN5RGpPUXBkRXdNUzd0WXNvX0tnMmJ6R1lEYmNuRmJnbFhWZmFrWHpiU3JWWnR2aXZ5dTlzSXBwaTBSWUI5TW5FRGtTN2ZtVm9tcUR1d2ExYmZ3VDdWdXMzT1lmMlZwT2JRT0RDV3BKRVZsZDRLNnlNWWsybk9qZDlwcEc2bC15amNMb0Vj?oc=5,neutral,0.7266278862953186,nothing karua say settle deputy president post support united opposition candidate citizen digital,negative,0.41962588002538603,auto_bootstrap_lr
Kenyans.co.ke,High Court Issues Fresh Orders to IG Kanja in Gatoto School Dispute,2026-07-24T16:13:00+0300,https://www.kenyans.co.ke/news/125564-high-court-orders-ig-kanja-personally-oversee-gatoto-school-handover-august-13,neutral,0.8826531767845154,high court issue fresh order ig kanja gatoto school dispute,neutral,0.41975041475052854,auto_bootstrap_lr
Citizen Digital (via Google News),Harambee Starlets forward Violet Nanjala eyes continental spotlight in Morocco - Citizen Digital,"Fri, 24 Jul 2026 04:07:38 GMT",https://news.google.com/rss/articles/CBMiugFBVV95cUxObEh0TFZtYzdkT25WbmRIMklmaGJ5c0I2cmJIck5YdDhyRXU0cjdlVzVndUdUY1pISGU4Sk9DQ2xzSlFpblRqS0ZmQjFiOW9xUWtORDNYclQwem82QW1iVnltbUtsRGxlN05WUGMxMWI3NGhjeDFObHJrd25idlpjS3JSbFE4azQway1VTExhbzcxUXJXVUxFWHY2NURVdHgxaDE5a1NyN3Y5cFBEUkdGLURNZGxKd2V3Q1E?oc=5,neutral,0.9209847450256348,harambee starlet forward violet nanjala eye continental spotlight morocco citizen digital,negative,0.41977542852067196,auto_bootstrap_lr
The Standard,Ambitious KDF target national league gong,,https://www.standardmedia.co.ke/sports/boxing/article/2001551982/ambitious-kdf-target-national-league-gong,neutral,0.7423679232597351,ambitious kdf target national league gong,positive,0.41984394091938093,auto_bootstrap_lr
The Standard,"Limuru's calling, as Ngugi wa Thiong'o Centre unveiled, Kombani launches book",,https://www.standardmedia.co.ke/opinion/article/2001553603/limurus-calling-as-ngugi-wa-thiongo-centre-unveiled-kombani-launches-book,neutral,0.8551151752471924,limuru calling ngugi wa thiong centre unveiled kombani launch book,positive,0.41994727281493627,auto_bootstrap_lr
NTV Kenya,Safaricom Chief Financial Services Officer Esther Waititu quits,"Tue, 21 Jul 2026 07:49:45 +0000",https://ntvkenya.co.ke/news/safaricom-chief-financial-services-officer-esther-waititu-quits/,neutral,0.7066898941993713,safaricom chief financial service officer esther waititu quits,positive,0.4201117875217296,auto_bootstrap_lr
World News API,THE EXPLAINER | LEADERS AND SEASONS | MARTHA KARUA,,,neutral,0.8973958492279053,explainer leader season martha karua,positive,0.42016312502495495,auto_bootstrap_lr
World News API,THE EXPLAINER | LEADERS AND SEASONS | QUICKFIRE MARTHA KARUA,,,neutral,0.8805209994316101,explainer leader season quickfire martha karua,positive,0.42016312502495495,auto_bootstrap_lr
The Standard,"Mammon fell! Ol Kalou exposed limits of money politics, patronage",,https://www.standardmedia.co.ke/opinion/article/2001553377/mammon-fell-ol-kalou-exposed-limits-of-money-politics-patronage,neutral,0.4802737236022949,mammon fell ol kalou exposed limit money politics patronage,neutral,0.4202951459062964,auto_bootstrap_lr
NTV Kenya,Dua Lipa sues Samsung for $15 million for allegedly using her image to...,,https://ntvkenya.co.ke/entertainment/dua-lipa-sues-samsung-for-15-million-for-allegedly-using-her-image-to-sell-tvs/,neutral,0.6720156073570251,dua lipa sue samsung million allegedly using image,negative,0.42117809035501197,auto_bootstrap_lr
K24,Nyako says she is under investigation in Germany after being reported over TikTok earnings,"Thu, 23 Jul 2026 16:23:37 +0000",https://k24.digital/entertainment/celebrity/nyako-says-she-is-under-investigation-in-germany-after-being-reported-over-tiktok-earnings,neutral,0.5876729488372803,nyako say investigation germany reported tiktok earnings,negative,0.42158198293271865,auto_bootstrap_lr
World News API,Fred Matiang'i Attends SDA Service in Utawala Before Addressing Supporters and Nairobi Residents,,https://www.kenyamoja.com/video/fred-matiangi-attends-sda-service-utawala-addressing-supporters-and-nairobi-residents-ktn,neutral,0.9352980852127076,fred matiang attends sda service utawala addressing supporter nairobi resident,positive,0.42165502635021196,auto_bootstrap_lr
Standard - Politics,Ruto breaks silence over DCP Ol Kalou landslide,"Fri, 17 Jul 2026 12:20:07 +0300",https://www.standardmedia.co.ke/politics/article/2001553045/ruto-breaks-silence-over-dcp-ol-kalou-landslide,neutral,0.7993147969245911,ruto break silence dcp ol kalou landslide,negative,0.422100980155513,auto_bootstrap_lr
The Standard,How Kaptagat Forest restoration overcame hurdles in last 10 years,,https://www.standardmedia.co.ke/environment-climate/article/2001552092/how-kaptagat-forest-restoration-overcame-hurdles-in-last-10-years,neutral,0.6642014384269714,kaptagat forest restoration overcame hurdle last year,negative,0.4222481490170868,auto_bootstrap_lr
NewsData.io,"BasiGo to open EV charging stations in Meru, Nanyuki and Nyeri",,,neutral,0.8811782598495483,basigo open ev charging station meru nanyuki nyeri,negative,0.4223252264210682,auto_bootstrap_lr
The Standard,Ruto orders SHA enrolment for health promoters,,https://www.standardmedia.co.ke/national/article/2001553726/ruto-orders-sha-enrolment-for-health-promoters,neutral,0.8874384760856628,ruto order sha enrolment health promoter,negative,0.4224233793554332,auto_bootstrap_lr
Citizen Digital (via Google News),"CS Ruku pushes for Mt Kenya East autonomy, cites decades of marginalisation - Citizen Digital","Sat, 18 Jul 2026 12:07:02 GMT",https://news.google.com/rss/articles/CBMitAFBVV95cUxPYVB4TlMtVGREVkRDWUZNT2VGcFZQeERUOFJ2NmdicEJsZGx5bHlnaHAtSzJMX0FoemM4VDZ0b3ZPOUc5blVnNFlJaG1CTFdzbGk2b0dHa2U3c3U2VGo1WDhlbDJZb2FRN0Z2UER6LVhlZUdEVzVodFdXTzg0bnViOGZJVThmbWNmVWhNcnZnYU5GbE9BejVWaEExUTk3M2ZaMEZqc0RWUkpwc2lEWFVzRDdNZS0?oc=5,neutral,0.7744511961936951,c ruku push mt kenya east autonomy cite decade marginalisation citizen digital,negative,0.4224494219146558,auto_bootstrap_lr
Citizen Digital,5 hours agoWATCH LIVE: DCP Rally in NyandaruaBy Citizen ReporterRead More,,https://citizen.digital/article/watch-live-dcp-rally-inyandarua-n386987,neutral,0.924487292766571,hour agowatch live dcp rally nyandaruaby citizen reporterread,negative,0.4224814145080045,auto_bootstrap_lr
NTV Kenya,Linturi sues Meru Governor Mutuma for Sh50m,,https://ntvkenya.co.ke/politics/ex-cs-linturi-sues-meru-governor-mutuma-for-sh50m/,neutral,0.7430773973464966,linturi sue meru governor mutuma sh,negative,0.4229639476352965,auto_bootstrap_lr
World News API,"Picture Power
  - The Standard",,https://www.standardmedia.co.ke/pictures/1638/from-vigils-to-teargas-and-arrests-a-look-at-gen-zs-second-anniversary,neutral,0.7966060042381287,picture power standard,neutral,0.4231701547380416,auto_bootstrap_lr
NTV Kenya,Court orders release of woman held over posts on Ruto’s air travel details,"Fri, 03 Jul 2026 12:12:41 +0000",https://ntvkenya.co.ke/news/court-orders-release-of-woman-held-for-posting-rutos-air-travel-details/,neutral,0.8846848011016846,court order release woman held post ruto air travel detail,neutral,0.4231850559461062,auto_bootstrap_lr
Citizen Digital,"2 hours agoSinner, Djokovic withdraw from Montreal MastersBy AFP""After carefully considering all the factors together with my team, we have made the difficult decision to withdraw from Montreal,"" Sinner said in a statement.Read More",,https://citizen.digital/article/sinner-djokovic-withdraw-from-montreal-masters-n387090,neutral,0.7924907207489014,hour agosinner djokovic withdraw montreal mastersby afp carefully considering factor together team made difficult decision withdraw montreal sinner said statement read,negative,0.4232185452545401,auto_bootstrap_lr
The Standard,Harambee Starlets ready to rumble,,https://www.standardmedia.co.ke/sports/sports/article/2001553664/harambee-starlets-ready-to-rumble,neutral,0.7442958950996399,harambee starlet ready rumble,positive,0.4232433770522663,auto_bootstrap_lr
The Standard,Ronald Ngala Utalii College to open on September 1,,https://www.standardmedia.co.ke/national/article/2001553592/ronald-ngala-utalii-college-to-open-on-september-1,neutral,0.9354885220527648,ronald ngala utalii college open september,negative,0.42333326695799084,auto_bootstrap_lr
Standard - Headlines,"""Mimi si mjinga, nyinyi ndio akili hamna!"" Ruto tells off opponents","Thu, 23 Jul 2026 14:29:55 +0300",https://www.standardmedia.co.ke/article/2001553565/mimi-si-mjinga-nyinyi-ndio-akili-hamna-ruto-tells-off-opponents,neutral,0.7996600270271301,mimi si mjinga nyinyi ndio akili hamna ruto tell opponent,neutral,0.4233745544077961,auto_bootstrap_lr
NTV Kenya,"Preparing Nigerian cuisine Amala, Gbegiri served with Ewedu | Pishi Bomba","Thu, 09 Jul 2026 14:16:35 +0000",https://ntvkenya.co.ke/arts-lifestyle/preparing-nigerian-cuisine-amala-gbegiri-served-with-ewedu/,neutral,0.83638995885849,preparing nigerian cuisine amala gbegiri served ewedu pishi bomba,positive,0.423435209788765,auto_bootstrap_lr
NTV Kenya,Chelsea sign Morgan Rogers from Aston Villa in record British deal,"Wed, 22 Jul 2026 13:03:22 +0000",https://ntvkenya.co.ke/sports/chelsea-sign-morgan-rogers-from-aston-villa-in-record-british-deal/,neutral,0.8603525757789612,chelsea sign morgan rogers aston villa record british deal,neutral,0.4234515079935883,auto_bootstrap_lr
K24,"Erectile dysfunction: Causes, symptoms and treatment options explained","Wed, 22 Jul 2026 17:45:35 +0000",https://k24.digital/lifestyle/health-and-fitness/erectile-dysfunction-causes-symptoms-and-treatment-options-explained,neutral,0.8307323455810547,erectile dysfunction cause symptom treatment option explained,negative,0.423604186907652,auto_bootstrap_lr
World News API,Kenya Pipeline storm into Mozzart Kenya Cup final,,https://www.kenyamoja.com/video/kenya-pipeline-storm-mozzart-kenya-cup-final-ntv-video-411807,neutral,0.7736401557922363,kenya pipeline storm mozzart kenya cup final,neutral,0.4236057449395372,auto_bootstrap_lr
Citizen Digital (via Google News),How a 64-team World Cup could transform soccer's economics - Citizen Digital,"Wed, 22 Jul 2026 19:12:14 GMT",https://news.google.com/rss/articles/CBMingFBVV95cUxQMWVCR3ZwSU9qZnE3NGc4NUJ0eDNxNjFjN3I1LVg2TEpBbkpRbVRQY2VUenBvNktkN0w4MmdpTENXRG9NYlNsclFnb0ZwUXM2YktMTlZEQkxJdWt4Wk8xa005TzFMLXNBT085ejRzVzBNRkJmSHJBdEk2SVdKNk52dEFYODhWYkc5ZElYNFRkYUZDZkxWUUpJUGRWeGhUZw?oc=5,neutral,0.6962771415710449,team world cup could transform soccer economics citizen digital,positive,0.4236927691260907,auto_bootstrap_lr
The Star,OKUMU: The toll at every doorThe answer is not to build everything ourselves but terms that keep the keys in our hands even when the tool is someone else's,,https://www.the-star.co.ke/opinion/columnists/2026-07-14-okumu-the-toll-at-every-door,neutral,0.8120502829551697,okumu toll every doorthe answer build everything term keep key hand even tool someone else,negative,0.42381767529409825,auto_bootstrap_lr
The Star,"Counties to adopt tougher safety and environmental rules for projectsNew World Bank-backed framework requires them to meet stricter environmental, social, health and safety rules.",,https://www.the-star.co.ke/health/2026-07-01-counties-to-adopt-tougher-safety-and-environmental-rules-for-projects,neutral,0.7611452341079712,county adopt tougher safety environmental rule projectsnew world bank backed framework requires meet stricter environmental social health safety rule,negative,0.42425833296635446,auto_bootstrap_lr
Citizen Digital,"1 hour agoKiangati residents demand action after hippo turns homestead into sleeping groundBy Johnson MuriithiFor nearly a month, the hippo has been leaving River Thiba every evening and making its way into the compound of Francis Nyamu, where it spends the night before returning to the river at dawn....Read More",,https://citizen.digital/article/kiangati-residents-demand-action-after-hippo-turns-homestead-into-sleeping-ground-n387099,neutral,0.748710572719574,hour agokiangati resident demand action hippo turn homestead sleeping groundby johnson muriithifor nearly month hippo leaving river thiba every evening making way compound francis nyamu spends night returning river dawn read,positive,0.42435564515006513,auto_bootstrap_lr
K24,Niliwacha mkorogo: Justina Syokau explains why she stopped bleaching her face,"Thu, 23 Jul 2026 05:56:09 +0000",https://k24.digital/entertainment/celebrity/niliwacha-mkorogo-justina-syokau-explains-why-she-stopped-bleaching-her-face,neutral,0.8120536208152771,niliwacha mkorogo justina syokau explains stopped bleaching face,negative,0.4246628722832394,auto_bootstrap_lr
The Star,"Delayed Rachuonyo road project back on track, says OmolloOmollo said the government was also investing Sh605 million in water supply projects.",,https://www.the-star.co.ke/counties/nyanza/2026-07-24-delayed-rachuonyo-road-project-back-on-track-says-omollo,neutral,0.8185399770736694,delayed rachuonyo road project back track say omolloomollo said government also investing sh million water supply project,positive,0.42466719354516363,auto_bootstrap_lr
The Star,Western’s succession puzzle as leaders split over poll strategy,,https://www.the-star.co.ke/counties/western/2026-07-24-westerns-succession-puzzle-as-leaders-split-over-poll-strategy,neutral,0.7302528023719788,western succession puzzle leader split poll strategy,negative,0.4250228395047678,auto_bootstrap_lr
The Standard,"Mali, Niger and Burkina Faso bid to host AFCON 2032",,https://www.standardmedia.co.ke/africa/article/2001553526/mali-niger-and-burkina-faso-bid-to-host-afcon-2032,neutral,0.9147322773933412,mali niger burkina faso bid host afcon,negative,0.42513349495209657,auto_bootstrap_lr
World News API,Agroecologists seek involvement in policy decisions,,https://www.standardmedia.co.ke/smart-harvest/article/2001553729/agroecologists-seek-involvement-in-policy-decisions,neutral,0.8411937952041626,agroecologists seek involvement policy decision,negative,0.4253401643660547,auto_bootstrap_lr
Citizen Digital,What's the deal with peptides? The hyped market under US review,,https://citizen.digital/article/whats-the-deal-with-peptides-the-hyped-market-under-us-review-n386949,neutral,0.750384509563446,deal peptide hyped market u review,positive,0.42534980940335326,auto_bootstrap_lr
K24,Step-by-step guide to getting police clearance certificate in Kenya in 24 hours,"Thu, 23 Jul 2026 10:27:55 +0000",https://k24.digital/news/step-by-step-guide-to-getting-police-clearance-certificate-in-kenya-in-24-hours,neutral,0.8485845327377319,step step guide getting police clearance certificate kenya hour,positive,0.4254298398149502,auto_bootstrap_lr
Nairobi Wire,Linda Mwananchi Claims Ruto Blocked Bid to Register New Political Party,,,neutral,0.8446454405784607,linda mwananchi claim ruto blocked bid register new political party,neutral,0.42557046076250193,auto_bootstrap_lr
Kenya News Agency,Escarpment Belt irrigation project nears completion,"Thu, 23 Jul 2026 15:22:31 +0000",https://www.kenyanews.go.ke/escarpment-belt-irrigation-project-nears-completion/,neutral,0.5179238319396973,escarpment belt irrigation project nears completion,positive,0.4256886398875887,auto_bootstrap_lr
The Star,"Wetang'ula: 700,000 eligible voters not registered in Bungoma and KakamegaWetang'ula urges churches, women to drive voter registration as he rallies Western behind Ruto",,https://www.the-star.co.ke/counties/western/2026-07-19-nyanza-page-story-1-700000-eligible-voters-not-registered-in-bungoma-and-kakamega-says-wetangula-1,neutral,0.6416133642196655,wetang ula eligible voter registered bungoma kakamegawetang ula urge church woman drive voter registration rally western behind ruto,positive,0.4257041930790952,auto_bootstrap_lr
The Standard,Kenya steps up Ebola preparedness amid Laikipia quarantine row,,https://www.standardmedia.co.ke/health/health-science/article/2001553469/kenya-steps-up-ebola-preparedness-amid-laikipia-quarantine-row,neutral,0.8987478613853455,kenya step ebola preparedness amid laikipia quarantine row,positive,0.4257591903809143,auto_bootstrap_lr
The Standard,31 Kiambu TVET graduates set for Germany jobs in pilot labour mobility scheme,,https://www.standardmedia.co.ke/education/article/2001553354/31-kiambu-tvet-graduates-set-for-germany-jobs-in-pilot-labour-mobility-scheme,neutral,0.911550760269165,kiambu tvet graduate set germany job pilot labour mobility scheme,positive,0.42592271597677495,auto_bootstrap_lr
NTV Kenya,"Nigeria’s Dangote begins pricing local fuel sales in dollars, citing crude supply constraints","Wed, 15 Jul 2026 07:56:37 +0000",https://ntvkenya.co.ke/news/nigerias-dangote-begins-pricing-local-fuel-sales-in-dollars-citing-crude-supply-constraints/,neutral,0.6922211050987244,nigeria dangote begin pricing local fuel sale dollar citing crude supply constraint,negative,0.4259950602616463,auto_bootstrap_lr
K24,France set to unveil Zidane as Didier Deschamps’s successor,"Thu, 23 Jul 2026 14:23:32 +0000",https://k24.digital/sports/world-cup/french-fa-to-unveil-zidane-as-didier-deschampss-successor,neutral,0.9079986214637756,france set unveil zidane didier deschamps successor,positive,0.4260159880046057,auto_bootstrap_lr
Standard - Business,KAA to modernise airports amid increased cargo and passenger traffic,"Thu, 16 Jul 2026 06:00:00 +0300",https://www.standardmedia.co.ke/business/article/2001552894/kaa-to-modernise-airports-amid-increased-cargo-and-passenger-traffic,neutral,0.8710036277770996,kaa modernise airport amid increased cargo passenger traffic,negative,0.42614175635939244,auto_bootstrap_lr
The Star,"Competition Authority boss joins Uasin Gishu governor raceRotuk, an accountant and economist with more than 30 years’ experience in the public and private sectors",,https://www.the-star.co.ke/counties/rift-valley/2026-07-20-competition-authority-boss-joins-uasin-gishu-governor-race,neutral,0.7916365265846252,competition authority bos join uasin gishu governor racerotuk accountant economist year experience public private sector,positive,0.4262532348103402,auto_bootstrap_lr
KBC,"Ruto: Linda Mama upgraded, not scrapped","Thu, 23 Jul 2026 13:31:49 +0000",https://www.kbc.co.ke/ruto-linda-mama-upgraded-not-scrapped/,neutral,0.86159348487854,ruto linda mama upgraded scrapped,neutral,0.42635933519181185,auto_bootstrap_lr
Citizen Digital,News•an hour agoWATCH LIVE: Linda Mwananchi Rally in Trans Nzoia CountyBy Citizen Reporter,,https://citizen.digital/article/watch-live-linda-mwananchi-rally-in-trans-nzoia-county-n387095,neutral,0.9530933499336244,news hour agowatch live linda mwananchi rally trans nzoia countyby citizen reporter,negative,0.4264250171627617,auto_bootstrap_lr
K24,How echo in high-ceiling houses elevates daily stress levels,"Thu, 23 Jul 2026 06:01:25 +0000",https://k24.digital/lifestyle/home-and-living/how-echo-in-high-ceiling-houses-elevates-daily-stress-levels,neutral,0.585629403591156,echo high ceiling house elevates daily stress level,positive,0.42647798269017984,auto_bootstrap_lr
Nairobi Wire,Former Nairobi Governor Anne Kananu Defects From UDA to Sonko’s NEDP,"Fri, 24 Jul 2026 03:40:43 +0000",https://nairobiwire.com/2026/07/anne-kananu-joins-nedp-leaves-uda-maara-mp-bid.html,neutral,0.898507297039032,former nairobi governor anne kananu defect uda sonko nedp,neutral,0.4264847212021322,auto_bootstrap_lr
The Star,Kisumu community health workers get digital tablets to boost servicesTablets to improve primary healthcare and strengthen the collection and use of health data at the community level,,https://www.the-star.co.ke/counties/nyanza/2026-07-24-kisumu-community-health-workers-get-digital-tablets-to-boost-services,neutral,0.5262665748596191,kisumu community health worker get digital tablet boost servicestablets improve primary healthcare strengthen collection use health data community level,negative,0.4265866977397131,auto_bootstrap_lr
Standard - Politics,Wetang'ula defends Ruto agenda to spread development to marginalised areas,"Wed, 22 Jul 2026 09:41:42 +0300",https://www.standardmedia.co.ke/politics/article/2001553432/wetang-ula-defends-ruto-agenda-to-spread-development-to-marginalised-areas,neutral,0.7965894341468811,wetang ula defends ruto agenda spread development marginalised area,positive,0.4271480891770259,auto_bootstrap_lr
The Standard,City MCAs say 'Sakaja is ignoring us',,https://www.standardmedia.co.ke/nairobi/article/2001551708/city-mcas-say-sakaja-is-ignoring-us,neutral,0.4927400052547455,city mcas say sakaja ignoring u,positive,0.42726641519146785,auto_bootstrap_lr
Kenya News Agency,Judiciary roots for Alternative Justice System in Marsabit,"Thu, 23 Jul 2026 11:39:05 +0000",https://www.kenyanews.go.ke/judiciary-roots-for-alternative-justice-system-in-marsabit/,neutral,0.916148841381073,judiciary root alternative justice system marsabit,positive,0.42738979356517365,auto_bootstrap_lr
Kenya News Agency,Kindiki commissions Kithimani land registry,"Thu, 23 Jul 2026 16:08:04 +0000",https://www.kenyanews.go.ke/kindiki-commissions-kithimani-land-registry/,neutral,0.8907421827316284,kindiki commission kithimani land registry,negative,0.4275600827082132,auto_bootstrap_lr
K24,Inside the Clash of the Thundermans review: A family divided by superpowers,"Sat, 25 Jul 2026 09:39:09 +0000",https://k24.digital/entertainment/movies/inside-the-clash-of-the-thundermans-review-a-family-divided-by-superpowers,neutral,0.8853982090950012,inside clash thundermans review family divided superpower,positive,0.42756326032191894,auto_bootstrap_lr
World News API,"Jane Frances Acilo, Founder Managing Director - ABJA Farms Limited || Trading Bell",,,neutral,0.9401119947433472,jane france acilo founder managing director abja farm limited trading bell,negative,0.42757489338863824,auto_bootstrap_lr
The Standard,UDA's Samuel Muchina lands State appointment,,https://www.standardmedia.co.ke/national/article/2001553477/udas-samuel-muchina-lands-state-appointment,neutral,0.903498649597168,uda samuel muchina land state appointment,neutral,0.42764999380164287,auto_bootstrap_lr
The Standard,Subaru driver in a dramatic high-speed chase after alleged hit-and-run in Nairobi,"Mon, 06 Jul 2026 15:16:10 +0300",https://www.standardmedia.co.ke/article/2001552145/subaru-driver-in-a-dramatic-high-speed-chase-after-alleged-hit-and-run-in-nairobi,neutral,0.5649304389953613,subaru driver dramatic high speed chase alleged hit run nairobi,positive,0.42769116680024416,auto_bootstrap_lr
The Star,Supreme Court upholds Japan companies tax waiversDeputy Chief Justice Philomena Mwilu upheld an earlier Court of Appeal decision,,https://www.the-star.co.ke/business/markets/2026-07-20-supreme-court-upholds-japan-companies-tax-waivers-for-contracts-undertaken-in-kenya,neutral,0.910209894180298,supreme court upholds japan company tax waiversdeputy chief justice philomena mwilu upheld earlier court appeal decision,negative,0.42787629396289,auto_bootstrap_lr
Kenyans.co.ke,Kenyans.co.ke Weekly Quiz: 10 Questions to Test Your News Knowledge ​​,2026-07-24T11:24:29+0300,https://www.kenyans.co.ke/news/125551-kenyanscoke-weekly-quiz-10-questions-test-your-news-knowledge,neutral,0.9079599380493164,kenyan co ke weekly quiz question test news knowledge,negative,0.4279269064816852,auto_bootstrap_lr
Citizen Digital,"5 hours agoRuto, Sifuna trade barbs in escalating 'chicken' feud over affordable housingBy Kenneth GachieThe political clash erupted after Senator Sifuna criticized the high-rise residential buildings being constructed under Ruto's housing initiative.Speaking during a radio interview on July 22, 2026, Si...Read More",,https://citizen.digital/article/president-ruto-sifuna-trade-barbs-in-escalating-chicken-feud-over-affordable-housing-n386984,neutral,0.791516900062561,hour agoruto sifuna trade barb escalating chicken feud affordable housingby kenneth gachiethe political clash erupted senator sifuna criticized high rise residential building constructed ruto housing initiative speaking radio interview july si read,positive,0.4285818592916114,auto_bootstrap_lr
NTV Kenya,"Messi will score more but I want the trophy, Mbappe says",,https://ntvkenya.co.ke/news/messi-will-score-more-but-i-want-the-trophy-mbappe-says/,neutral,0.5248743891716003,messi score want trophy mbappe say,negative,0.42883276068464043,auto_bootstrap_lr
Kenyans.co.ke,Mbadi Confirms New Timeline for PAYE Changes for All Salaried Kenyans,2026-07-22T12:02:13+0300,https://www.kenyans.co.ke/news/125494-cs-mbadi-hints-paye-relief-salaried-kenyans-september-2026,neutral,0.92747563123703,mbadi confirms new timeline paye change salaried kenyan,positive,0.42899940559264393,auto_bootstrap_lr
The Star,"Build better homes or lose the climate battle, experts warnExperts say land has a social function as housing takes centre stage in Nairobi’s climate meet",,https://www.the-star.co.ke/climate-change/2026-06-23-build-better-homes-or-lose-the-climate-battle-experts-warn,neutral,0.8233906626701355,build better home lose climate battle expert warnexperts say land social function housing take centre stage nairobi climate meet,positive,0.4292385825410942,auto_bootstrap_lr
Standard - Politics,Kang'ata joins DCP months after ditching UDA,"Fri, 24 Jul 2026 19:42:52 +0300",https://www.standardmedia.co.ke/politics/article/2001553690/kang-ata-joins-dcp-months-after-ditching-uda,neutral,0.8242571949958801,kang ata join dcp month ditching uda,neutral,0.4293150424261305,auto_bootstrap_lr
World News API,Bushiri Queens Yatinga Fainali za Chapa Dimba Kakamega Baada ya Ushindi Dhidi ya Mwira,2026-07-19 00:00:00,,neutral,0.8597809076309204,bushiri queen yatinga fainali za chapa dimba kakamega baada ya ushindi dhidi ya mwira,negative,0.42935418266802583,auto_bootstrap_lr
World News API,🔴TV47 LIVE,,https://www.kenyamoja.com/video/tv47-live-tv-47-411727,neutral,0.9267932772636414,tv live,positive,0.4293670390589822,auto_bootstrap_lr
NTV Kenya,Ol Kalou chaos: A closer look at individuals identified in NTV investigation,"Tue, 21 Jul 2026 08:43:40 +0000",https://ntvkenya.co.ke/news/ol-kalou-chaos-a-closer-look-at-individuals-identified-in-ntv-investigation/,neutral,0.9134449362754822,ol kalou chaos closer look individual identified ntv investigation,negative,0.4293887357268707,auto_bootstrap_lr
NTV Kenya,Saba Saba updates,"Tue, 07 Jul 2026 06:19:07 +0000",https://ntvkenya.co.ke/news/saba-saba-updates/,neutral,0.9187342524528505,saba saba update,positive,0.4294325763196676,auto_bootstrap_lr
The Star,CBK joins push for seamless African payments to cut trade costsFragmented payment systems remain one of the biggest barriers to intra-African trade,,https://www.the-star.co.ke/business/kenya/2026-07-20-cbk-joins-push-for-seamless-african-payments-to-cut-trade-costs,neutral,0.5368741154670715,cbk join push seamless african payment cut trade costsfragmented payment system remain one biggest barrier intra african trade,positive,0.42965521586625477,auto_bootstrap_lr
NewsData.io,Govt Invites Applications for KCAA Board of Directors Positions,,,neutral,0.9175044894218444,govt invite application kcaa board director position,negative,0.4297572607145218,auto_bootstrap_lr
K24,Chelsea sign Morgan Rogers in record-breaking deal,"Wed, 22 Jul 2026 04:10:49 +0000",https://k24.digital/sports/epl/chelsea-sign-morgan-rogers-in-record-breaking-deal,neutral,0.6610903143882751,chelsea sign morgan rogers record breaking deal,neutral,0.42979905008419783,auto_bootstrap_lr
Capital FM Kenya,Kenyan peacekeepers expand security operations in Eastern DRC to strengthen civilian protection,,,neutral,0.690460741519928,kenyan peacekeeper expand security operation eastern drc strengthen civilian protection,negative,0.42989002356795064,auto_bootstrap_lr
The Standard,Kerich sneaks back to City Hall as questions linger over his role,,https://www.standardmedia.co.ke/nairobi/article/2001553524/kerich-sneaks-back-to-city-hall-as-questions-linger-over-his-role,neutral,0.9397607445716858,kerich sneak back city hall question linger role,positive,0.429923320866283,auto_bootstrap_lr
World News API,Why regular weighing of your poultry is critical,,https://www.standardmedia.co.ke/smart-harvest/article/2001553728/why-regular-weighing-of-your-poultry-is-critical,neutral,0.7168537378311157,regular weighing poultry critical,positive,0.4299479231346255,auto_bootstrap_lr
Kenya News Agency,Turkana County’s push for cross-border peace,"Thu, 23 Jul 2026 16:21:42 +0000",https://www.kenyanews.go.ke/turkana-countys-push-for-cross-border-peace/,neutral,0.8261491060256958,turkana county push cross border peace,positive,0.43000558087540924,auto_bootstrap_lr
Business Today Kenya,Co-operative Bank is Now the 4th Largest Listed Company,,,neutral,0.7878605127334595,co operative bank th largest listed company,positive,0.43005213727479147,auto_bootstrap_lr
The Standard,Linda Mwananchi supporters warn against disruption of Bungoma rally,,https://www.standardmedia.co.ke/western/article/2001553398/linda-mwananchi-supporters-warn-against-disruption-of-bungoma-rally,neutral,0.5704469680786133,linda mwananchi supporter warn disruption bungoma rally,negative,0.43005792236422674,auto_bootstrap_lr
The Star,Puzzle of tax-free Brazil sugar that originated from South AfricaMombasa Sugar Refinery was granted permission to import raw sugar duty-free,,https://www.the-star.co.ke/business/kenya/2026-07-22-puzzle-of-tax-free-brazil-sugar-that-originated-from-south-africa,neutral,0.715564489364624,puzzle tax free brazil sugar originated south africamombasa sugar refinery granted permission import raw sugar duty free,negative,0.43042495179462753,auto_bootstrap_lr
K24,"Savara confirms dates for his Vienna, Austria performances","Wed, 22 Jul 2026 15:27:03 +0000",https://k24.digital/entertainment/celebrity/savara-confirms-dates-for-his-vienna-austria-performances,neutral,0.917156219482422,savara confirms date vienna austria performance,neutral,0.4304423679957091,auto_bootstrap_lr
Standard - Business,"Asharami to breakground on KPRL, gas terminal in October","Fri, 17 Jul 2026 08:00:00 +0300",https://www.standardmedia.co.ke/business/article/2001552971/asharami-to-breakground-on-kprl-gas-terminal-in-october,neutral,0.932765781879425,asharami breakground kprl gas terminal october,negative,0.4309478293372193,auto_bootstrap_lr
The Standard,Lebanon PM says Beirut working for 'complete Israeli withdrawal',,https://www.standardmedia.co.ke/world/article/2001553527/lebanon-pm-says-beirut-working-for-complete-israeli-withdrawal,neutral,0.8751615285873413,lebanon pm say beirut working complete israeli withdrawal,negative,0.43111609668564393,auto_bootstrap_lr
The Standard,The unintended impact of growing tech use on higher learning,,https://www.standardmedia.co.ke/business/opinion/article/2001552801/the-unintended-impact-of-growing-tech-use-on-higher-learning,neutral,0.5708362460136414,unintended impact growing tech use higher learning,positive,0.43120468094468406,auto_bootstrap_lr
The Star,"Manufacturers free to resize products, but must inform consumers – CAKThere has been complains on bread, cooking fat, tissue paper and LPG",,https://www.the-star.co.ke/business/markets/2026-07-24-manufacturers-free-to-resize-products-but-must-inform-consumers-cak,neutral,0.7476896047592163,manufacturer free resize product must inform consumer cakthere complains bread cooking fat tissue paper lpg,negative,0.4312889587177238,auto_bootstrap_lr
World News API,Court team inspects Nairobi Animal Orphanage relocation sites,,,neutral,0.913512885570526,court team inspects nairobi animal orphanage relocation site,positive,0.43139205757130017,auto_bootstrap_lr
NewsData.io,Centobin Law Office Helps Calgary Families Protect Their Future Through Estate Planning,,,neutral,0.6954852342605591,centobin law office help calgary family protect future estate planning,positive,0.43141894037392153,auto_bootstrap_lr
Standard - Business,KTDA to import 1.9 million bags of fertiliser for smallholder tea farmers,"Fri, 24 Jul 2026 06:00:00 +0300",https://www.standardmedia.co.ke/business/article/2001553622/ktda-to-import-1-9-million-bags-of-fertiliser-for-smallholder-tea-farmers,neutral,0.8885752558708191,ktda import million bag fertiliser smallholder tea farmer,neutral,0.43153496150726095,auto_bootstrap_lr
Capital FM Kenya,6 Senators don DCP’s signature green as party rides Ol Kalou momentum,,,neutral,0.7584132552146912,senator dcp signature green party ride ol kalou momentum,negative,0.43161809071687796,auto_bootstrap_lr
Kenyans.co.ke,KPA Unveils Lamu Port Growth Plan Ahead of Dangote-Linked Refinery Project,2026-07-21T12:15:00+0300,https://www.kenyans.co.ke/news/125460-lamu-port-growth-gains-momentum-kpa-seeks-more-ships-cargo-and-investment,neutral,0.8215577006340027,kpa unveils lamu port growth plan ahead dangote linked refinery project,neutral,0.4317842026797407,auto_bootstrap_lr
Kahawa Tungu,"Ruto, CSs Make Fresh Govt Appointments","Sat, 25 Jul 2026 08:27:47 +0000",https://kahawatungu.com/ruto-css-make-fresh-govt-appointments-2/,neutral,0.8094401359558105,ruto cs make fresh govt appointment,neutral,0.43178523649550904,auto_bootstrap_lr
The Standard,Schools get until Friday to update learners' data,,https://www.standardmedia.co.ke/education/article/2001553447/schools-get-until-friday-to-update-learners-data,neutral,0.942084014415741,school get friday update learner data,positive,0.43192299631801073,auto_bootstrap_lr
K24,Manchester United face fans’ uproar over season-ticket restrictions,"Wed, 22 Jul 2026 06:26:11 +0000",https://k24.digital/sports/epl/manchester-united-face-fans-uproar-over-season-ticket-restrictions,neutral,0.689105749130249,manchester united face fan uproar season ticket restriction,positive,0.43197403022953973,auto_bootstrap_lr
The Star,KAGWE: President must leave Ipoa and independent institutions aloneSolidarity across all independent institutions of the state is a necessary strategy to protect the constitution.,,https://www.the-star.co.ke/siasa/2026-07-19-kagwe-president-must-leave-ipoa-and-independent-institutions-alone,neutral,0.6988888382911682,kagwe president must leave ipoa independent institution alonesolidarity across independent institution state necessary strategy protect constitution,negative,0.4320529792449809,auto_bootstrap_lr
Ghafla Kenya,Kenya Met Forecast: 19 Counties to Receive Rain as Cold Nights Persist Across Several Regions,,,neutral,0.9179056882858276,kenya met forecast county receive rain cold night persist across several region,negative,0.43207093848424555,auto_bootstrap_lr
Capital FM Kenya,Makau Mutua Dismisses DCP’s Ol Kalou By-Election Win as ‘Nothingburger’,"Mon, 20 Jul 2026 04:58:56 +0000",https://capitalfm.africa/makau-mutua-dismisses-dcps-ol-kalou-by-election-win-as-nothingburger/,neutral,0.4958835542201996,makau mutua dismisses dcp ol kalou election win nothingburger,positive,0.43238367138475003,auto_bootstrap_lr
K24,5 small things women secretly wish their boyfriends would do on Girlfriend’s Day,"Wed, 22 Jul 2026 07:39:14 +0000",https://k24.digital/lifestyle/love-and-relationships/5-small-things-women-secretly-wish-their-boyfriends-would-do-on-girlfriends-day,neutral,0.6201130747795105,small thing woman secretly wish boyfriend would girlfriend day,negative,0.43287206735202904,auto_bootstrap_lr
NTV Kenya,Intellectual Property Rights & How To Avoid Legal Trouble  | Sekou Owino,"Wed, 08 Jul 2026 07:54:29 +0000",https://ntvkenya.co.ke/arts-lifestyle/intellectual-property-rights-how-to-avoid-legal-trouble-sekou-owino/,neutral,0.8712800741195679,intellectual property right avoid legal trouble sekou owino,negative,0.4328994435390356,auto_bootstrap_lr
The Star,EDITORIAL: Protect Sacco savings at all costsThe hard-earned savings of millions of Kenyans must never be placed at unnecessary risk,,https://www.the-star.co.ke/opinion/leader/2026-07-13-editorial-protect-sacco-savings-at-all-costs,neutral,0.5304213762283325,editorial protect sacco saving coststhe hard earned saving million kenyan must never placed unnecessary risk,negative,0.4329763835059417,auto_bootstrap_lr
The Standard,Six months: Why Ebola survivors have to wait before having unprotected intercourse,,https://www.standardmedia.co.ke/health/reproductive-health/article/2001551367/six-months-why-ebola-survivors-have-to-wait-before-having-unprotected-intercourse,neutral,0.5823190212249756,six month ebola survivor wait unprotected intercourse,negative,0.43313519334096373,auto_bootstrap_lr
NewsData.io,Supreme Court Backs Treasury's Power To Grant Foreign Investors Tax Exemptions,,,neutral,0.8597608804702759,supreme court back treasury power grant foreign investor tax exemption,negative,0.43320359764304295,auto_bootstrap_lr
The Star,"Treasury cuts 2027-28 budget timelines ahead of August electionParliament will be required to conclude debate and approval of both the Finance Bill, 2027 and the Appropriation Bill by the end of March",,https://www.the-star.co.ke/business/kenya/2026-07-23-treasury-cuts-2027-28-budget-timelines-ahead-of-august-election,neutral,0.8663158416748047,treasury cut budget timeline ahead august electionparliament required conclude debate approval finance bill appropriation bill end march,positive,0.4332701012872806,auto_bootstrap_lr
Capital FM Kenya,Nairobi County Executive approves Phase I of Mass Rapid Transit System,"Wed, 22 Jul 2026 06:24:56 +0000",https://capitalfm.africa/nairobi-county-executive-approves-phase-i-of-mass-rapid-transit-system/,neutral,0.8006390929222107,nairobi county executive approves phase mass rapid transit system,positive,0.4332826880799374,auto_bootstrap_lr
The Star,"Restoring public trust in financial ecosystemFraud is no longer limited to physical documents, branch-level weaknesses or isolated misconduct",,https://www.the-star.co.ke/business/commentary/2026-07-07-restoring-public-trust-in-financial-ecosystem,neutral,0.6366464495658875,restoring public trust financial ecosystemfraud longer limited physical document branch level weakness isolated misconduct,negative,0.43340519083149637,auto_bootstrap_lr
The Standard,"Kenya's operation undertakers, who will save them?",,https://www.standardmedia.co.ke/environment-climate/article/2001552421/kenyas-operation-undertakers-who-will-save-them,neutral,0.5287842154502869,kenya operation undertaker save,positive,0.433672488728733,auto_bootstrap_lr
The Standard,PremiumCourt orders lawfirm to pay ex-secretary Sh 5.4 million for constructive dismissal after assault,,https://www.standardmedia.co.ke/business/crime-and-justice/article/2001553676/court-orders-lawfirm-to-pay-ex-secretary-sh-54-million-for-constructive-dismissal-after-assault,neutral,0.5207858085632324,premiumcourt order lawfirm pay ex secretary sh million constructive dismissal assault,positive,0.433690586794087,auto_bootstrap_lr
World News API,KNUT demands answers over disputed Lurambi teacher transfers. (8),,https://www.kenyamoja.com/video/knut-demands-answers-over-disputed-lurambi-teacher-transfers-8-ntv-video-411774,neutral,0.7345473170280457,knut demand answer disputed lurambi teacher transfer,negative,0.4339406225760388,auto_bootstrap_lr
The Standard,Ruto banks on Kenya Red Cross to roll out national ambulance dispatch centre,,https://www.standardmedia.co.ke/national/article/2001553520/ruto-banks-on-kenya-red-cross-to-roll-out-national-ambulance-dispatch-centre,neutral,0.8580929040908813,ruto bank kenya red cross roll national ambulance dispatch centre,positive,0.4341142191659748,auto_bootstrap_lr
Kahawa Tungu,Caitlin Foord Siblings: Getting to Know Jamie Foord,,,neutral,0.9394381642341614,caitlin foord sibling getting know jamie foord,negative,0.4343552107005575,auto_bootstrap_lr
Kahawa Tungu,Ceri Holland Siblings: Getting to Know Glesni,,,neutral,0.8886173367500305,ceri holland sibling getting know glesni,negative,0.4343552107005575,auto_bootstrap_lr
Citizen Digital (via Google News),Sifuna to Atwoli: I do not need your Ksh.1 billion campaign money - Citizen Digital,"Tue, 21 Jul 2026 12:09:26 GMT",https://news.google.com/rss/articles/CBMipgFBVV95cUxQbG5fdEtYNDhmU0lhRnVRTkF6LVZQUEtQUnFyZDNqeWhqRkpIRU1MejJ3SFlLU3lvOS1MaEpOQnFKSWJWMi1yalR2b3FELTAxQmlDWGlyMmhYdjQ5OW1hdG03T0VSd1VicjRYMVlKNEdUUjJsbkZZYlRvMEt2dnBpZ1FUNEE2OWxjLUlRbm02MnRSalpaclNNNkpqVTJtUjlYckE3TlpB?oc=5,neutral,0.4937234222888946,sifuna atwoli need ksh billion campaign money citizen digital,negative,0.43457119723243265,auto_bootstrap_lr
Nairobi Wire,Jubilee MP Declares Gachagua the New Mt Kenya Political General,,,neutral,0.9267117977142334,jubilee mp declares gachagua new mt kenya political general,positive,0.43465394817359293,auto_bootstrap_lr
The Star,Rangwe MP hopeful wants aspirants included in voter registration driveIEBC is undertaking voter registration across the country,,https://www.the-star.co.ke/counties/nyanza/2026-07-20-rangwe-mp-hopeful-wants-aspirants-included-in-voter-registration-drive,neutral,0.7047421336174011,rangwe mp hopeful want aspirant included voter registration driveiebc undertaking voter registration across country,positive,0.4346727648986972,auto_bootstrap_lr
K24,What women often misunderstand about male friendships,"Thu, 23 Jul 2026 13:22:43 +0000",https://k24.digital/lifestyle/love-and-relationships/what-women-often-misunderstand-about-male-friendships,neutral,0.6156012415885925,woman often misunderstand male friendship,positive,0.43488106208456495,auto_bootstrap_lr
Kenyans.co.ke,U.S. Company Among Firms Shortlisted for Kenya's Lucrative Minerals Deal,2026-07-24T07:19:22+0300,https://www.kenyans.co.ke/news/125552-critical-metals-corp-among-firms-shortlisted-kenyas-mrima-hill-minerals-project,neutral,0.7972866296768188,u company among firm shortlisted kenya lucrative mineral deal,positive,0.43491300280265877,auto_bootstrap_lr
Standard - Business,How digital innovators are staying afloat in the AI era,"Wed, 15 Jul 2026 13:58:49 +0300",https://www.standardmedia.co.ke/business/article/2001552873/how-digital-innovators-are-staying-afloat-in-the-ai-era,neutral,0.6181274056434631,digital innovator staying afloat ai era,positive,0.4349571526965545,auto_bootstrap_lr
NTV Kenya,"Gen Muhoozi shuts down NTV Uganda, Spark TV and Daily Monitor",,https://ntvkenya.co.ke/news/gen-muhoozi-shuts-down-ntv-uganda-spark-tv-and-daily-monitor/,neutral,0.6625754237174988,gen muhoozi shuts ntv uganda spark tv daily monitor,negative,0.4349908153445827,auto_bootstrap_lr
Citizen Digital (via Google News),Kenya races against time to deliver venues for African Volleyball Champs - Citizen Digital,"Wed, 22 Jul 2026 16:21:52 GMT",https://news.google.com/rss/articles/CBMisgFBVV95cUxNSzRLTmRvTGN2R1c4Tmw2MF94YWhZNEpydWNPM3F0cHR3S2NyQXNYbXhTU05LMElxc3Zya3pkV3pmUF9FajJBM2VyeFVneEhYYVhNbXpsVkRuR0FoUlhxTjFIeFEtVmtWb1BWdEhTU2ZhSkh6OHl0RXJTQ0dJUVpNUnE2ZEVWVk83YkRpRUZnUl9zSTluREtMRFI4N3hhc3NZLXIzeDRTUlJoanphOEg0Smdn?oc=5,neutral,0.921521544456482,kenya race time deliver venue african volleyball champ citizen digital,positive,0.4350831604107192,auto_bootstrap_lr
The Standard,Conservationist lands global role protecting 90 antelope species,,https://www.standardmedia.co.ke/environment-climate/article/2001552956/conservationist-lands-global-role-protecting-90-antelope-species,neutral,0.7872275114059448,conservationist land global role protecting antelope specie,positive,0.4351878800857363,auto_bootstrap_lr
K24,How charcoal-wood smoke preserves traditional Mursik,"Thu, 23 Jul 2026 04:34:43 +0000",https://k24.digital/lifestyle/food-and-culinary/how-charcoal-wood-smoke-preserves-traditional-mursik,neutral,0.8801767230033875,charcoal wood smoke preserve traditional mursik,positive,0.4352139810635536,auto_bootstrap_lr
NTV Kenya,Zimbabwe’s Mnangagwa signs law extending his presidency to 2030,"Wed, 08 Jul 2026 06:57:00 +0000",https://ntvkenya.co.ke/news/zimbabwes-mnangagwa-signs-law-extending-his-presidency-to-2030/,neutral,0.8764039278030396,zimbabwe mnangagwa sign law extending presidency,positive,0.43525608189128145,auto_bootstrap_lr
Citizen Digital (via Google News),DCP's Sammy Kamau Ngotho wins Ol Kalou by-election - Citizen Digital,"Fri, 17 Jul 2026 06:10:13 GMT",https://news.google.com/rss/articles/CBMiiwFBVV95cUxNenZhVTB0djhyeHR0N0FsVkJUZG92RUR3bnBZbTA5ZmZyckdBMmtCdU00MzhZT09DajlBRFZZWVJVbEJCNW9EZFNiU3JPSW5EaEMwMXo2MU9WTnlBN0wtVGpNTkVDTlhwR0hiLXpZWUN2cl9DdmJrRWVLaUNGbDc4Q1daSHRoNWxpajFR?oc=5,neutral,0.8681325912475586,dcp sammy kamau ngotho win ol kalou election citizen digital,positive,0.4352646415364343,auto_bootstrap_lr
The Standard,Comedy play 'Vacant' pays tribute to Bilal Wanjau's iconic 'Afande' character,,https://www.standardmedia.co.ke/arts-culture/article/2001553273/comedy-play-vacant-pays-tribute-to-bilal-wanjaus-iconic-afande-character,neutral,0.5363196730613708,comedy play vacant pay tribute bilal wanjau iconic afande character,positive,0.4353861743245667,auto_bootstrap_lr
The Star,"Akonnor demands more from Gor Mahia after Rayon reality checkFor the Ghanaian tactician, the loss exposed tactical areas that require improvement as Gor Mahia prepare for domestic, regional and continental assignments.",,https://www.the-star.co.ke/sports/football/2026-07-20-akonnor-demands-more-from-gor-mahia-after-rayon-reality-check-1,neutral,0.7701571583747864,akonnor demand gor mahia rayon reality checkfor ghanaian tactician loss exposed tactical area require improvement gor mahia prepare domestic regional continental assignment,positive,0.43558769158314964,auto_bootstrap_lr
NTV Kenya,Govt extends 8pc VAT on fuel for three more months,"Tue, 14 Jul 2026 13:06:22 +0000",https://ntvkenya.co.ke/news/govt-extends-8pc-vat-on-petroleum-products-for-three-more-months/,neutral,0.8586148619651794,govt extends pc vat fuel three month,negative,0.4356591226917838,auto_bootstrap_lr
Business Daily Africa,Costly battery swap franchises stall e-bike expansion in Kenya,"Mon, 20 Jul 2026 13:06:34 GMT",https://www.businessdailyafrica.com/bd/corporate/shipping-logistics/costly-battery-swap-franchises-stall-e-bike-expansion-in-kenya-5532354,neutral,0.6536538004875183,costly battery swap franchise stall e bike expansion kenya,positive,0.4360293845230162,auto_bootstrap_lr
Nairobi Wire,Audit Reveals Boma Yangu Refunds Rose 3.5 Times Since Ruto Took Office,,,neutral,0.881132960319519,audit reveals boma yangu refund rose time since ruto took office,negative,0.43624652181633006,auto_bootstrap_lr
NTV Kenya,JOAN CHELIMO| CHAMPION RUNNER AND GBV ADVOCATE,"Fri, 10 Jul 2026 09:50:44 +0000",https://ntvkenya.co.ke/sports/joan-chelimo-champion-runner-and-gbv-advocate/,neutral,0.768673837184906,joan chelimo champion runner gbv advocate,positive,0.4363571506503812,auto_bootstrap_lr
NTV Kenya,"Duale now joins Maraga, Karua to rubbish Mudavadi referendum push",,https://ntvkenya.co.ke/politics/duale-now-joins-maraga-karua-to-rubbish-mudavadi-referendum-push/,neutral,0.5770796537399292,duale join maraga karua rubbish mudavadi referendum push,positive,0.4366561784581226,auto_bootstrap_lr
Capital FM Kenya,"Khalwale urges Ruto to scrap SHA, restore NHIF after university funding U-turn","Thu, 23 Jul 2026 14:53:52 +0000",https://capitalfm.africa/khalwale-urges-ruto-to-scrap-sha-restore-nhif-after-university-funding-u-turn/,neutral,0.8895965218544006,khalwale urge ruto scrap sha restore nhif university funding u turn,positive,0.43686058994276167,auto_bootstrap_lr
Citizen Digital (via Google News),CS Ruku reaffirms Mt Kenya support for Ruto despite Ol Kalou by-election outcome - Citizen Digital,"Fri, 17 Jul 2026 17:15:48 GMT",https://news.google.com/rss/articles/CBMivAFBVV95cUxNTk5fMFU4aVZWSkRvRFFfaEljUmdRamVxd0NfdkgxUmR2M19ZNGVSNTMzNnRSMEtDakVMaEtfVk50ZzZleFNSN2lCaG03N0VkUGdsTmg1MXFQcEozU2dxcTRtYjdqYWQzdldxYnl4VXhCRzZCTjY4ZVYwOG14Q1BYcUM3YTY0VXpiclU0QVQzenFmYjVqd2pWZEhpdGg3bFU0MEl4UWJZZ1VDS1lqWVhGTkVXa1dMWGNGaFIzSw?oc=5,neutral,0.7639974355697632,c ruku reaffirms mt kenya support ruto despite ol kalou election outcome citizen digital,neutral,0.4369906276342047,auto_bootstrap_lr
K24,How Chelsea could line up after Maxence Lacroix’s expected arrival,"Sat, 25 Jul 2026 07:47:07 +0000",https://k24.digital/sports/epl/how-chelsea-could-line-up-after-maxence-lacroixs-expected-arrival,neutral,0.9369449615478516,chelsea could line maxence lacroix expected arrival,positive,0.43701795826223283,auto_bootstrap_lr
K24,Why vaccination immunity fades over time for some diseases,"Sat, 25 Jul 2026 10:35:29 +0000",https://k24.digital/lifestyle/health-and-fitness/why-vaccination-immunity-fades-over-time-for-some-diseases,neutral,0.6091508865356445,vaccination immunity fade time disease,positive,0.43706044507747,auto_bootstrap_lr
The Star,PS Isaboke urges responsible AI use as marketing evolvesPS says consumer data must be protected as AI transforms marketing,,https://www.the-star.co.ke/sasa/technology/2026-07-02-ps-isaboke-urges-responsible-ai-use-as-marketing-evolves,neutral,0.8321968913078308,p isaboke urge responsible ai use marketing evolvesps say consumer data must protected ai transforms marketing,positive,0.43712251886118597,auto_bootstrap_lr
NTV Kenya,"Viral ‘Mr Speaker Sir’ activist freed on Sh100,000 bond in...",,https://ntvkenya.co.ke/news/viral-mr-speaker-sir-activist-freed-on-sh100000-bond-in-sh41m-parliament-damage-case/,neutral,0.8995150327682495,viral mr speaker sir activist freed sh bond,negative,0.4372659641472485,auto_bootstrap_lr
The Standard,PremiumThe rise and fall of Kenya's distance star Kibiwott Kandie,,https://www.standardmedia.co.ke/business/athletics/article/2001551387/the-rise-and-fall-of-kenyas-distance-star-kibiwott-kandie,neutral,0.8192578554153442,premiumthe rise fall kenya distance star kibiwott kandie,positive,0.4372941363460726,auto_bootstrap_lr
The Standard,The rise and fall of Kenya's distance star Kibiwott Kandie,,https://www.standardmedia.co.ke/sports/athletics/article/2001551387/the-rise-and-fall-of-kenyas-distance-star-kibiwott-kandie,neutral,0.874666154384613,rise fall kenya distance star kibiwott kandie,positive,0.4372941363460726,auto_bootstrap_lr
Citizen Digital (via Google News),Traffic disrupted in Embu as youths celebrate DCP's Ol Kalou by-election victory - Citizen Digital,"Sat, 18 Jul 2026 08:09:29 GMT",https://news.google.com/rss/articles/CBMiuwFBVV95cUxNMnZSVHN3UVViRmNxdkh4RHBid0lTdm04WlBNMU5sRmRPUW4yNHpMWjNqV1BjY0QtVHZGT013NGkycXltZlVUX1lxZDE4T205UVhILURWcnNrcE4tVkVyZFVTYWx0Q2h4SC1MY25WTHMwLWpGWkdQZ184N1ZEWVNRQy0zNVJOR2l6eHVva2hWcXZ2TEJnaGs1MzdCSDVkSG94SVdxWlc2VHA1S0I2YUF4MGkxQ3VqRUxqbERB?oc=5,neutral,0.579808235168457,traffic disrupted embu youth celebrate dcp ol kalou election victory citizen digital,negative,0.43748592664080227,auto_bootstrap_lr
K24,Kenyan doctor proposes petition to recognise irreversible erectile dysfunction as a disability,"Wed, 22 Jul 2026 14:52:26 +0000",https://k24.digital/lifestyle/health-and-fitness/kenyan-doctor-proposes-petition-to-recognise-irreversible-erectile-dysfunction-as-a-disability,neutral,0.7071781158447266,kenyan doctor proposes petition recognise irreversible erectile dysfunction disability,positive,0.43751869324978443,auto_bootstrap_lr
The Star,JIJI NDOGO: Naming your child after football stars,,https://www.the-star.co.ke/sasa/entertainment/2026-07-17-jiji-ndogo,neutral,0.8214108943939209,jiji ndogo naming child football star,positive,0.4376939626284573,auto_bootstrap_lr
Business Daily,The AI tool helping flower farms cut pesticide use,"Wed, 22 Jul 2026 15:08:06 GMT",https://www.businessdailyafrica.com/bd/corporate/enterprise/the-ai-tool-helping-flower-farms-cut-pesticide-use-5534608,neutral,0.7414761781692505,ai tool helping flower farm cut pesticide use,positive,0.4377017221073377,auto_bootstrap_lr
Kenya News Agency,Government to spend Sh10 million to desilt Kosowe Earth dam,"Mon, 20 Jul 2026 08:26:42 +0000",https://www.kenyanews.go.ke/government-to-spend-sh10-million-to-desilt-kosowe-earth-dam/,neutral,0.774196207523346,government spend sh million desilt kosowe earth dam,positive,0.43772416019282884,auto_bootstrap_lr
Capital FM Kenya,Court Lets Sh5tn National Infrastructure Fund Proceed Under Judicial Oversight,"Thu, 23 Jul 2026 11:28:56 +0000",https://capitalfm.africa/court-lets-sh5tn-national-infrastructure-fund-proceed-under-judicial-oversight/,neutral,0.8617607951164246,court let sh tn national infrastructure fund proceed judicial oversight,positive,0.43810787555253466,auto_bootstrap_lr
The Standard,From TSC critic to commissioner: The irony of Sossion's return,,https://www.standardmedia.co.ke/education/article/2001553501/from-tsc-critic-to-commissioner-the-irony-of-sossions-return,neutral,0.5417473316192627,tsc critic commissioner irony sossion return,negative,0.4382013913461738,auto_bootstrap_lr
The Star,Lucerne project in Tana River to boost farming and food securityProject seeks to turn around arid region into commercial producer of livestock feed,,https://www.the-star.co.ke/counties/coast/2026-07-18-lucerne-project-in-tana-river-to-boost-farming-and-food-security,neutral,0.6426124572753906,lucerne project tana river boost farming food securityproject seek turn around arid region commercial producer livestock feed,positive,0.43875724972828956,auto_bootstrap_lr
NewsData.io,PHOTOS: First look at Sh30m proposed Raila Odinga Mausoleum,,,neutral,0.9226004481315612,photo first look sh proposed raila odinga mausoleum,positive,0.4387753840069693,auto_bootstrap_lr
Standard - Business,Alternative building technologies touted as answer to Kenya's housing shortage,"Thu, 16 Jul 2026 06:00:00 +0300",https://www.standardmedia.co.ke/business/article/2001552891/alternative-building-technologies-touted-as-answer-to-kenya-s-housing-shortage,neutral,0.72014981508255,alternative building technology touted answer kenya housing shortage,positive,0.4388494627215512,auto_bootstrap_lr
The Standard,PremiumWhich African teams will fight their way to the knockout stage?,,https://www.standardmedia.co.ke/business/sports/article/2001550788/which-african-teams-will-fight-their-way-to-the-knockout-stage,neutral,0.933756709098816,premiumwhich african team fight way knockout stage,positive,0.43892338429008443,auto_bootstrap_lr
The Standard,Which African teams will fight their way to the knockout stage?,,https://www.standardmedia.co.ke/sports/sports/article/2001550788/which-african-teams-will-fight-their-way-to-the-knockout-stage,neutral,0.944637417793274,african team fight way knockout stage,positive,0.43892338429008443,auto_bootstrap_lr
Standard - Business,Webston Kimani: Delivery guy who rode to riches,"Fri, 24 Jul 2026 12:20:00 +0300",https://www.standardmedia.co.ke/business/article/2001553632/webston-kimani-delivery-guy-who-rode-to-riches,neutral,0.743316650390625,webston kimani delivery guy rode rich,negative,0.4390552031315876,auto_bootstrap_lr
World News API,Harambee Starlets arrive in Morocco for WAFCON,,https://www.kenyamoja.com/index.php/video/harambee-starlets-arrive-morocco-wafcon-citizen-tv-411409,neutral,0.907148778438568,harambee starlet arrive morocco wafcon,positive,0.4391260688217844,auto_bootstrap_lr
K24,NTSA resumes normal services after completion of scheduled system maintenance,"Mon, 20 Jul 2026 07:32:36 +0000",https://k24.digital/news/ntsa-resumes-normal-services-after-completion-of-scheduled-system-maintenance,neutral,0.8435697555541992,ntsa resume normal service completion scheduled system maintenance,negative,0.4391395074117078,auto_bootstrap_lr
KBC,Oparanya: I am in ODM to stay,"Thu, 23 Jul 2026 09:13:12 +0000",https://www.kbc.co.ke/oparanya-i-am-in-odm-to-stay/,neutral,0.8968905210494995,oparanya odm stay,neutral,0.4392837216478497,auto_bootstrap_lr
The Standard,"US, Russia diplomats discuss Ukraine war in Manila",,https://www.standardmedia.co.ke/europe/article/2001553532/us-russia-diplomats-discuss-ukraine-war-in-manila,neutral,0.8359654545783997,u russia diplomat discus ukraine war manila,negative,0.4393435189871311,auto_bootstrap_lr
The Standard,Of Charles Owino's appointment and looming cabinet reshuffle,,https://www.standardmedia.co.ke/national/article/2001553593/of-charles-owinos-appointment-and-looming-cabinet-reshuffle,neutral,0.9380028247833252,charles owino appointment looming cabinet reshuffle,positive,0.4396172648320516,auto_bootstrap_lr
Standard - Politics,AG Oduor to audit laws,"Thu, 23 Jul 2026 00:00:00 +0300",https://www.standardmedia.co.ke/politics/article/2001553505/ag-oduor-to-audit-laws,neutral,0.8187360167503357,ag oduor audit law,negative,0.4396769855456232,auto_bootstrap_lr
KBC,EAC central banks call for domestic gold purchases to build reserves,"Fri, 24 Jul 2026 19:06:42 +0000",https://www.kbc.co.ke/eac-central-banks-call-for-domestic-gold-purchases-to-build-reserves/,neutral,0.8868299722671509,eac central bank call domestic gold purchase build reserve,positive,0.43994527878530615,auto_bootstrap_lr
The Standard,Masengeli assures Kenyans of calm as tight security disrupts Nairobi transport,,https://www.standardmedia.co.ke/nairobi/article/2001551255/masengeli-assures-kenyans-of-calm-as-tight-security-disrupts-nairobi-transport,neutral,0.7575289607048035,masengeli assures kenyan calm tight security disrupts nairobi transport,positive,0.43999798611089863,auto_bootstrap_lr
KBC,KITI urges TVETs to align training with industry to close skills gap,"Mon, 20 Jul 2026 05:35:26 +0000",https://www.kbc.co.ke/kiti-urges-tvets-to-align-training-with-industry-to-close-skills-gap/,neutral,0.8297672271728516,kiti urge tvets align training industry close skill gap,positive,0.44040573569487,auto_bootstrap_lr
NTV Kenya,Zambia election will put Hichilema’s economic record to the test,"Thu, 09 Jul 2026 13:30:33 +0000",https://ntvkenya.co.ke/news/zambia-election-will-put-hichilemas-economic-record-to-the-test/,neutral,0.6619825959205627,zambia election put hichilema economic record test,negative,0.4404384482659577,auto_bootstrap_lr
NewsData.io,Ebola quarantine center for Americans is up and working in Kenya despite court ban,,,neutral,0.8236382603645325,ebola quarantine center american working kenya despite court ban,negative,0.4407648492752754,auto_bootstrap_lr
K24,How naming emotions calms intense relationship arguments,"Sat, 25 Jul 2026 10:33:15 +0000",https://k24.digital/lifestyle/love-and-relationships/how-naming-emotions-calms-intense-relationship-arguments,neutral,0.7980650663375854,naming emotion calm intense relationship argument,negative,0.4409165370286781,auto_bootstrap_lr
K24,Fally Ipupa confirms Kenyan show in September 2026,"Wed, 22 Jul 2026 05:38:45 +0000",https://k24.digital/entertainment/celebrity/fally-ipupa-confirms-kenyan-show-in-september-2026,neutral,0.8657159805297852,fally ipupa confirms kenyan show september,positive,0.4410189450286038,auto_bootstrap_lr
Kenyans.co.ke,Court Explains When a Title Deed Stops Protecting a Land Owner,2026-07-21T13:45:56+0300,https://www.kenyans.co.ke/news/125466-you-can-lose-your-title-deed-if-you-ignore-your-land-12-years-court-rules,neutral,0.6509471535682678,court explains title deed stop protecting land owner,negative,0.44102336881999044,auto_bootstrap_lr
Citizen Digital (via Google News),"UDA, ODM coalition will bring in 17 million votes - Wanga - Citizen Digital","Sat, 18 Jul 2026 18:52:33 GMT",https://news.google.com/rss/articles/CBMimgFBVV95cUxQRzJ0d0dTc0tFTW8tX3plNWJPMHdyLTU2eVdkWU5sckQtS1FxRHd4Z3lBbDFkUVNkb1JOMDZxVFNtaVpMZnhMdFhVS2RZSlhscTQ3dTZ6akpzVmJacWNfZzktMWVvdU1IMnI3aUpzeGd5cmpFTkpKSTZqVThhbmFCSGhTNF9haEV6ODRyTm1vUkw3R0VfRU5zNlNB?oc=5,neutral,0.8131126165390015,uda odm coalition bring million vote wanga citizen digital,neutral,0.44105289825841487,auto_bootstrap_lr
Citizen Digital,Families demand justice after court acquits Mandago in Ksh.1.1B Finland scholarship case,,https://citizen.digital/article/families-demand-justice-after-court-acquits-mandago-in-ksh11b-finland-scholarship-case-n387075,neutral,0.6728957891464233,family demand justice court acquits mandago ksh b finland scholarship case,negative,0.44118351929827276,auto_bootstrap_lr
Citizen Digital (via Google News),"Githurai Cheetahs, JKUAT Starlets win Kabaddi League titles as season two wraps up - Citizen Digital","Sun, 19 Jul 2026 15:40:49 GMT",https://news.google.com/rss/articles/CBMivgFBVV95cUxQWG1Xc01QcDRoa1BmLVp3SzhXZGRjeHllWEctV3ZvbTVDSm1LWEJLT1RPaXRTcXl1XzdMdHlJNjFadGR0UXI3d1R5OEpVd3JXSVZoaUFYcERiOFN0QjlwTHh5OEREYm9XQkhQVTVnNjZzVUJlRnZuS1ZnUFJTaTVBcHhLcjZNdlkta3VSWm1SNENtM29zMUxNejdxVjBxZF9mZ2xPRGFLQ3ZPWHVxc0xfbWdUQ21QaGE2SXRSamh3?oc=5,neutral,0.7398732900619507,githurai cheetah jkuat starlet win kabaddi league title season two wrap citizen digital,positive,0.4412439389793514,auto_bootstrap_lr
Kahawa Tungu,How to Calculate Public Interest Score,"Sat, 25 Jul 2026 08:44:30 +0000",https://kahawatungu.com/how-to-calculate-public-interest-score/,neutral,0.8190881609916687,calculate public interest score,negative,0.4412894036053352,auto_bootstrap_lr
NTV Kenya,Ruto vows to deliver Ukambani from opposition,,https://ntvkenya.co.ke/news/ruto-vows-to-deliver-ukambani-from-opposition/,neutral,0.8249915242195129,ruto vow deliver ukambani opposition,negative,0.4413765048741726,auto_bootstrap_lr
KBC,Kapsabet stadium construction hits 34% as superstructure works accelerate,"Thu, 23 Jul 2026 11:09:59 +0000",https://www.kbc.co.ke/kapsabet-stadium-construction-hits-34-as-superstructure-works-accelerate/,neutral,0.5706191062927246,kapsabet stadium construction hit superstructure work accelerate,positive,0.44140238249818453,auto_bootstrap_lr
The Star,Kenya secures Sh90m for climate change mitigationThe breakthrough will see Kenya conduct a comprehensive assessment of climate-related loss and damage,,https://www.the-star.co.ke/climate-change/2026-06-10-kenya-secures-sh90m-for-climate-change-mitigation,neutral,0.5700152516365051,kenya secures sh climate change mitigationthe breakthrough see kenya conduct comprehensive assessment climate related loss damage,positive,0.44140882600045245,auto_bootstrap_lr
Kenyans.co.ke,"Ruto Appoints Sossion to TSC, Picks New Govt Spokesperson",2026-07-21T18:36:12+0300,https://www.kenyans.co.ke/news/125475-ruto-appoints-charles-owino-new-govt-spokesperson-sossion-tsc-board,neutral,0.922236442565918,ruto appoints sossion tsc pick new govt spokesperson,positive,0.4414092553385499,auto_bootstrap_lr
Citizen Digital (via Google News),KPA gaffer Mugabe targets defensive improvement despite double victory - Citizen Digital,"Tue, 21 Jul 2026 15:13:30 GMT",https://news.google.com/rss/articles/CBMirwFBVV95cUxOd0pleE0yS2IzaXdVUnA5RjF3cVhmM3ZFWjFUV1pNUEVya1g5Q2xPTkkxXzFoZVpEcFRNS3dvd09YNUNzcjdaajlCd1RPT0JYMXZjd01oNldyZnE1SFlHZmluTkc2T2pkQ256QWlSaHBXTU04MmxwaVdEdk1sNzB1MmlxMnJGamJLcjY3bjVaTDlnVW1ydFFkejl1TDljeXFOSm1LYlpzb0k2RW5hb3cw?oc=5,neutral,0.8744689226150513,kpa gaffer mugabe target defensive improvement despite double victory citizen digital,negative,0.4416571723660414,auto_bootstrap_lr
Citizen Digital (via Google News),2025 KCSE candidates urged to apply for scholarships as Ksh.30.8B allocated - Citizen Digital,"Mon, 13 Jul 2026 11:47:41 GMT",https://news.google.com/rss/articles/CBMiswFBVV95cUxPVVptVXNWdmNBQTY0X2ZlMzJZTmlHc2NDWkltbjE2WHQ3Umg0djJseXpWZXNvLVFUdDFncU9QdmRKUzdhZG92QkNMaWtQNXhZWWkzbnpqODhaMXpTZ0NmR1VpYk5HQmRQVjd3alFTV2piX3plazNmZkdMNVMwWjBIM0F3NnI2dlZWMjM3TVlGd3NHQ1M5SnQ0VE5Ma0Z0b1lZSXJGME5sTHhONjJKT2NXZlYtNA?oc=5,neutral,0.8622246980667114,kcse candidate urged apply scholarship ksh b allocated citizen digital,negative,0.4419545108454623,auto_bootstrap_lr
The Epoch Times,"175 World Cup Visitors Filed Asylum Claims in Canada, Says IRCC",2026-07-24 21:48:06,https://www.theepochtimes.com/world/175-world-cup-visitors-filed-asylum-claims-in-canada-says-ircc-6066386,neutral,0.8822585940361023,world cup visitor filed asylum claim canada say ircc,positive,0.44211567531882595,auto_bootstrap_lr
World News API,NCCK urges govt to firmly deal with political goons in the country,,https://www.kenyamoja.com/video/ncck-urges-govt-firmly-deal-political-goons-country-citizen-tv-411769,neutral,0.6400867104530334,ncck urge govt firmly deal political goon country,negative,0.4422572060005891,auto_bootstrap_lr
World News API,Bushiri Queens Reach Kakamega County Finals After Narrow Victory Over Mwira Queens,,,neutral,0.7187548279762268,bushiri queen reach kakamega county final narrow victory mwira queen,positive,0.4424017677641904,auto_bootstrap_lr
World News API,Kenya Still Runs a Supermarket Economy Despite Decades of Industrialization Promises,,,neutral,0.6732460856437683,kenya still run supermarket economy despite decade industrialization promise,positive,0.44242193301468724,auto_bootstrap_lr
Citizen Digital,BAT Kenya profit rises 2% to Ksh.4.4 Billion amid illicit trade pressure,,https://citizen.digital/article/bat-kenya-profit-rises-2-to-ksh44-billion-amid-illicit-trade-pressure-n387011,neutral,0.7094696164131165,bat kenya profit rise ksh billion amid illicit trade pressure,positive,0.4424527997741833,auto_bootstrap_lr
NTV Kenya,Man City appoint Maresca as manager to follow Guardiola,,https://ntvkenya.co.ke/news/man-city-appoint-maresca-as-manager-to-follow-guardiola/,neutral,0.9172408580780028,man city appoint maresca manager follow guardiola,negative,0.4424628972482334,auto_bootstrap_lr
The Standard,Mark Too's family ends Sh7b estate dispute after court-approved deal,,https://www.standardmedia.co.ke/news/article/2001553705/mark-toos-family-ends-sh7b-estate-dispute-after-court-approved-deal,neutral,0.8046292066574097,mark family end sh b estate dispute court approved deal,negative,0.4425285745194425,auto_bootstrap_lr
NTV Kenya,It’s tattoo time for Spain defender Cucurella says coach De la Fuente,"Mon, 20 Jul 2026 07:00:02 +0000",https://ntvkenya.co.ke/sports/its-tattoo-time-for-spain-defender-cucurella-says-coach-de-la-fuente/,neutral,0.9050471782684326,tattoo time spain defender cucurella say coach de la fuente,positive,0.44257053074046715,auto_bootstrap_lr
Kenya News Agency,Treasury launches FY2027/28 budget process,"Wed, 22 Jul 2026 13:25:52 +0000",https://www.kenyanews.go.ke/treasury-launches-fy2027-28-budget-process/,neutral,0.9017571806907654,treasury launch fy budget process,positive,0.44271200831532564,auto_bootstrap_lr
NewsData.io,SHE MEANS BUSINESS| Is formal employment overrated? - Dr. Mary Kinyanjui's weighs in,,,neutral,0.8261299729347229,mean business formal employment overrated dr mary kinyanjui weighs,negative,0.44279614005079554,auto_bootstrap_lr
NTV Kenya,Zimbabwe cabinet backs bill that would extend Mnangagwa’s rule till...,,https://ntvkenya.co.ke/politics/zimbabwe-cabinet-backs-bill-that-would-extend-mnangagwas-rule-till-2030/,neutral,0.9294126629829408,zimbabwe cabinet back bill would extend mnangagwa rule till,positive,0.4429049518239014,auto_bootstrap_lr
Standard - Politics,"Government will serve all Kenyans equally, says Kindiki","Wed, 22 Jul 2026 20:42:53 +0300",https://www.standardmedia.co.ke/politics/article/2001553514/government-will-serve-all-kenyans-equally-says-kindiki,neutral,0.7110529541969299,government serve kenyan equally say kindiki,neutral,0.4430136848325878,auto_bootstrap_lr
NTV Kenya,Tanzania’s President Samia Suluhu names new prime minister,,https://ntvkenya.co.ke/news/tanzanias-president-samia-suluhu-names-new-prime-minister/,neutral,0.9313538074493408,tanzania president samia suluhu name new prime minister,negative,0.44309490409778285,auto_bootstrap_lr
NewsData.io,Germany’s Foreign Minister to visit Nigeria,,,neutral,0.9101394414901732,germany foreign minister visit nigeria,negative,0.44349014199828657,auto_bootstrap_lr
Citizen Digital (via Google News),WATCH LIVE: Linda Mwananchi Rally in Trans Nzoia County - Citizen Digital,"Sat, 25 Jul 2026 08:16:14 GMT",https://news.google.com/rss/articles/CBMimgFBVV95cUxOamlfZzF3SjZvUU5ob2Q1RVZpbGJncmRUZU1rVlpOMHdvSDJ6al9PZDlKc3FZaTRiMTdncjNXTGcwX3lDN2ZZMmMwSFgxR1YwLUE3QWIyR0o1UWdBdzNPWjVUc1hqSGRyaGVObXpNNEpkMDQ2c3VQdk1CVHpyV2lpdEw4cHpuYlV3R3V6NFNfak9DclRZS1ZDdkV3?oc=5,neutral,0.9289811849594116,watch live linda mwananchi rally trans nzoia county citizen digital,negative,0.4435050426631093,auto_bootstrap_lr
The East African,Cameroon's ruling party meets as Biya's long absence draws criticism,"Thu, 23 Jul 2026 09:47:22 GMT",https://www.theeastafrican.co.ke/tea/news/africa/cameroon-ruling-party-meets-biya-long-absence-draws-criticism-5535018,neutral,0.59657883644104,cameroon ruling party meet biya long absence draw criticism,negative,0.44351241014272474,auto_bootstrap_lr
Currents API,Kenya Startup Funding Slows Sharply as Investors Pivot to Quality Over Quantity,,,neutral,0.7198498249053955,kenya startup funding slows sharply investor pivot quality quantity,negative,0.4435251290774201,auto_bootstrap_lr
K24,5 ways parents can prepare children for peer pressure at university,"Thu, 23 Jul 2026 14:27:10 +0000",https://k24.digital/lifestyle/love-and-relationships/5-ways-parents-can-prepare-children-for-peer-pressure-at-university,neutral,0.8107893466949463,way parent prepare child peer pressure university,positive,0.44353120407289937,auto_bootstrap_lr
The Star,"TIDBITS OF HOPE: What passes for polygamy todayNowadays, a wife discovers another woman not by introduction but secrets spilling",,https://www.the-star.co.ke/sasa/lifestyle/2026-07-17-tidbits-of-hope-what-passes-for-polygamy-today,neutral,0.7632314562797546,tidbit hope pass polygamy todaynowadays wife discovers another woman introduction secret spilling,negative,0.4438283185840943,auto_bootstrap_lr
Business Today Kenya,Nairobi County Eyes Major Hike in Daily Parking Fees,,,neutral,0.9013986587524414,nairobi county eye major hike daily parking fee,neutral,0.4438958412265076,auto_bootstrap_lr
The Standard,Kenya's last mile of governance: How chiefs are responding to the climate crisis,,https://www.standardmedia.co.ke/opinion/article/2001553191/kenyas-last-mile-of-governance-how-chiefs-are-responding-to-the-climate-crisis,neutral,0.8832483291625977,kenya last mile governance chief responding climate crisis,positive,0.44408015482376073,auto_bootstrap_lr
The Standard,State unveils Bill to restore Kenya's degraded land,,https://www.standardmedia.co.ke/nairobi/article/2001552540/state-unveils-bill-to-restore-kenyas-degraded-land,neutral,0.8557716012001038,state unveils bill restore kenya degraded land,negative,0.44414947189442633,auto_bootstrap_lr
NTV Kenya,Kidero acquitted of Sh213m graft charges,,https://ntvkenya.co.ke/news/kidero-acquitted-of-sh213m-graft-charges/,neutral,0.5459495782852173,kidero acquitted sh graft charge,positive,0.4442678075380812,auto_bootstrap_lr
NTV Kenya,"Ex-CS Owalo launches presidential bid, promises free education and healthcare","Thu, 09 Jul 2026 05:58:32 +0000",https://ntvkenya.co.ke/news/ex-cs-owalo-launches-presidential-bid-promises-free-education-and-healthcare/,neutral,0.579375147819519,ex c owalo launch presidential bid promise free education healthcare,negative,0.4444685343367438,auto_bootstrap_lr
The Star,BACHELOR’S DIARY: I bet on South AfricaBachelor pegs his hopes of bagging his biggest crush on a knockout match,,https://www.the-star.co.ke/sasa/entertainment/2026-07-05-bachelors-diary-i-bet-on-south-africa,neutral,0.6664215326309204,bachelor diary bet south africabachelor peg hope bagging biggest crush knockout match,positive,0.44452103542046706,auto_bootstrap_lr
Standard - Business,The futuristic buildings where residential and commercial spaces merge,"Thu, 23 Jul 2026 00:00:00 +0300",https://www.standardmedia.co.ke/business/article/2001553491/the-futuristic-buildings-where-residential-and-commercial-spaces-merge,neutral,0.7754036784172058,futuristic building residential commercial space merge,negative,0.4454811154112568,auto_bootstrap_lr
The Standard,How communities are saving Kenya's rarest cloud forests,,https://www.standardmedia.co.ke/environment-climate/article/2001552657/how-communities-are-saving-kenyas-rarest-cloud-forests,neutral,0.5478659868240356,community saving kenya rarest cloud forest,negative,0.4457005506034892,auto_bootstrap_lr
Kenyans.co.ke,Gender Commission Warns Kenyans Circulating Some Viral Content,2026-07-21T14:24:19+0300,https://www.kenyans.co.ke/news/125468-ngec-issues-new-advisory-sharing-images-personal-details-gbv-survivors,neutral,0.7117873430252075,gender commission warns kenyan circulating viral content,negative,0.446029108289978,auto_bootstrap_lr
Standard - Politics,Inside Wetang'ula and Mudavadi's battle for Western Kenya,"Sun, 19 Jul 2026 10:00:00 +0300",https://www.standardmedia.co.ke/politics/article/2001553141/inside-wetang-ula-and-mudavadi-s-battle-for-western-kenya,neutral,0.8953196406364441,inside wetang ula mudavadi battle western kenya,positive,0.4460388290865609,auto_bootstrap_lr
K24,Winnie Odinga sends goodwill message to Harambee Starlets ahead of WAFCON,"Thu, 23 Jul 2026 17:15:06 +0000",https://k24.digital/sports/winnie-odinga-sends-goodwill-message-to-harambee-starlets-ahead-of-wafcon,neutral,0.6439326405525208,winnie odinga sends goodwill message harambee starlet ahead wafcon,positive,0.4464747796316785,auto_bootstrap_lr
Currents API,"Scrypt Expands Stablecoin Settlement Rails Across Kenya, Tanzania, Rwanda, and Uganda",,,neutral,0.8123561143875122,scrypt expands stablecoin settlement rail across kenya tanzania rwanda uganda,positive,0.44651953649403914,auto_bootstrap_lr
Kenyans.co.ke,Sakaja Dispatches Auctioneers to Hunt Rogue Nairobi Landlords,2026-07-24T09:25:15+0300,https://www.kenyans.co.ke/news/125556-sakaja-hires-six-auctioneers-pursue-nairobi-landlords-over-unpaid-taxes,neutral,0.7953345775604248,sakaja dispatch auctioneer hunt rogue nairobi landlord,negative,0.446652312846348,auto_bootstrap_lr
NewsData.io,Pauline Njoroge resigns from Uhuru’s Jubilee Party,,,neutral,0.8352643847465515,pauline njoroge resigns uhuru jubilee party,negative,0.44677063168233533,auto_bootstrap_lr
NTV Kenya,Uganda government assures uninterrupted internet access during polls,,https://ntvkenya.co.ke/news/uganda-government-assures-uninterrupted-internet-access-during-polls/,neutral,0.562167227268219,uganda government assures uninterrupted internet access poll,negative,0.44679341422377833,auto_bootstrap_lr
Nairobi Wire,John Mbadi Reveals Timeline for PAYE Tax Relief as Public Participation Begins,"Thu, 23 Jul 2026 03:50:19 +0000",https://nairobiwire.com/2026/07/paye-tax-relief-kenya-john-mbadi-public-participation.html,neutral,0.8851611018180847,john mbadi reveals timeline paye tax relief public participation begin,negative,0.44684447097121743,auto_bootstrap_lr
Business Daily Africa,Insurance broker ordered to pay Monarch Sh49m in premium dispute,"Mon, 20 Jul 2026 15:34:20 GMT",https://www.businessdailyafrica.com/bd/corporate/companies/insurance-broker-ordered-to-pay-monarch-in-premium-dispute-5532438,neutral,0.6986451745033264,insurance broker ordered pay monarch sh premium dispute,positive,0.44694347157110537,auto_bootstrap_lr
NTV Kenya,Canada flags eight Kenyan counties over security concerns,"Wed, 22 Jul 2026 10:24:47 +0000",https://ntvkenya.co.ke/news/canada-flags-eight-kenyan-counties-over-security-concerns/,neutral,0.6999533772468567,canada flag eight kenyan county security concern,negative,0.4470239290847967,auto_bootstrap_lr
The Star,"State starts Sh30m Raila mausoleum at Bondo homeFacility to include a main memorial hall, archival galleries, exhibition spaces, a landscaped reflection courtyard and security installations.",,https://www.the-star.co.ke/counties/nyanza/2026-07-22-state-starts-sh30m-raila-mausoleum-at-bondo-home,neutral,0.917746126651764,state start sh raila mausoleum bondo homefacility include main memorial hall archival gallery exhibition space landscaped reflection courtyard security installation,negative,0.4470564236559478,auto_bootstrap_lr
NTV Kenya,"Ruto, Gachagua engage in bitter public feud",,https://ntvkenya.co.ke/news/ruto-gachagua-engage-in-bitter-public-feud/,neutral,0.4988158941268921,ruto gachagua engage bitter public feud,negative,0.4471291083556227,auto_bootstrap_lr
NTV Kenya,DP Kindiki’s Sh338 million flight budget,,https://ntvkenya.co.ke/news/dp-kindikis-sh338-million-flight-budget/,neutral,0.9046578407287598,dp kindiki sh million flight budget,neutral,0.4472086087416836,auto_bootstrap_lr
Capital FM Kenya,Wildlife Ranger Challenge kicks off with fresh push to bridge Africa’s conservation workforce gap,,,neutral,0.5286540985107422,wildlife ranger challenge kick fresh push bridge africa conservation workforce gap,positive,0.44766787635611227,auto_bootstrap_lr
Citizen Digital (via Google News),Governor Irungu Kangata’s driver shot during Linda Mwananchi tour - Citizen Digital,"Sun, 12 Jul 2026 15:31:38 GMT",https://news.google.com/rss/articles/CBMipwFBVV95cUxQZkpncnMtUmotTURFM2xLY295Y0l2dzRnM21wbWticU9ObFN2T2lkMEJ5SWVxcjUzbDdkcHBhUzRBeGxBaE5HaFFRakxWWVd0dk9tVHJMZUltdzdFbVFrY1MyYVpUV0NZWDEyZHpPMjJTMUo2SWFZN0oyS0dyclllYXQ3eEJReGxWakxxdVhaT05EXzRzLUNwQnNLRkpXTmNqbVctS0lIZw?oc=5,neutral,0.9263423681259156,governor irungu kangata driver shot linda mwananchi tour citizen digital,neutral,0.4478223885062688,auto_bootstrap_lr
Citizen Digital (via Google News),"Prisons, KPA take control of volleyball league finals - Citizen Digital","Fri, 17 Jul 2026 18:26:33 GMT",https://news.google.com/rss/articles/CBMilwFBVV95cUxNSFlKOGZDbGxrdVZtZkthVkJWUVMyTDlINHFTU3BoeHc5cV9YaUp1WVhfcllMUDBJNUtqR1lMVlZoSGRjdFNVazU2V1c4Q2JrbmZOM21NbnRRbUcyTE5iQmZsQVVRYmhBdlpUSlBXUWtpSmZfOXVSQ0Z6dm94d3g4Y2ZrdzBMNS1PUm9ycnV2UTFXYnpTajdv?oc=5,neutral,0.9104832410812378,prison kpa take control volleyball league final citizen digital,negative,0.447837058108674,auto_bootstrap_lr
World News API,"PACNEWS SPORTS, 24 JULY 2026",,https://islandsbusiness.com/pacnews/pacnews-sports-24-july-2026,neutral,0.8133354783058167,pacnews sport july,negative,0.44792892905385717,auto_bootstrap_lr
NTV Kenya,Twende Lake Paradise: We visit Marsabit & discover hidden springs that supply entire town with water,"Thu, 16 Jul 2026 13:34:14 +0000",https://ntvkenya.co.ke/arts-lifestyle/twende-lake-paradise-we-visit-marsabit-discover-hidden-springs-that-supply-entire-town-with-water/,neutral,0.567189633846283,twende lake paradise visit marsabit discover hidden spring supply entire town water,negative,0.4483293629936783,auto_bootstrap_lr
The Standard,Indiza sustains title run in Limuru,,https://www.standardmedia.co.ke/sports/golf/article/2001551167/indiza-sustains-title-run-in-limuru,neutral,0.7955869436264038,indiza sustains title run limuru,positive,0.44859829583767413,auto_bootstrap_lr
World News API,Vimal Shah urges businesses to stay open during election periods,,https://www.kenyamoja.com/video/vimal-shah-urges-businesses-stay-open-during-election-periods-ktn-news-411356,neutral,0.7990238666534424,vimal shah urge business stay open election period,positive,0.4486727368193653,auto_bootstrap_lr
Kahawa Tungu,How to Calculate Ratio in Excel,"Sat, 25 Jul 2026 08:47:30 +0000",https://kahawatungu.com/how-to-calculate-ratio-in-excel/,neutral,0.8322787880897522,calculate ratio excel,negative,0.4488033389626047,auto_bootstrap_lr
Https://www.12onyourside.com,0723_Ayla Garcia_WWBT,2026-07-24 20:16:42,https://www.12onyourside.com/2026/07/24/richmond-mother-hospitalized-kenya-icu-dies/,neutral,0.9212173819541932,ayla garcia wwbt,negative,0.4488033389626047,auto_bootstrap_lr
Athensmessenger,Karen Harvey,2026-07-25 00:00:00,https://www.athensmessenger.com/obituaries/karen-harvey/article_52b72782-25a0-5529-81fe-366c0a7cb2d7.html,neutral,0.8854391574859619,karen harvey,negative,0.4488033389626047,auto_bootstrap_lr
NTV Kenya,Noma S23 E3,"Thu, 16 Jul 2026 15:21:14 +0000",https://ntvkenya.co.ke/arts-lifestyle/noma-s23-e3/,neutral,0.8771315217018127,noma e,negative,0.4488033389626047,auto_bootstrap_lr
World News API,Kizaa nje ya kiwanda cha Keroche baada ya madalali kufungiwa nje,2026-07-19 00:00:00,,neutral,0.8731696605682373,kizaa nje ya kiwanda cha keroche baada ya madalali kufungiwa nje,negative,0.4488033389626047,auto_bootstrap_lr
NTV Kenya,Noma S22 E11,"Thu, 16 Jul 2026 15:01:57 +0000",https://ntvkenya.co.ke/arts-lifestyle/noma-s22-e11/,neutral,0.8828211426734924,noma e,negative,0.4488033389626047,auto_bootstrap_lr
NTV Kenya,Noma S22 E12,"Thu, 16 Jul 2026 15:06:11 +0000",https://ntvkenya.co.ke/arts-lifestyle/noma-s22-e12/,neutral,0.8812770247459412,noma e,negative,0.4488033389626047,auto_bootstrap_lr
NTV Kenya,Noma S22 E10,"Thu, 16 Jul 2026 15:00:39 +0000",https://ntvkenya.co.ke/arts-lifestyle/noma-s22-e10/,neutral,0.8822901844978333,noma e,negative,0.4488033389626047,auto_bootstrap_lr
NTV Kenya,Noma S22 E3,"Thu, 16 Jul 2026 14:44:24 +0000",https://ntvkenya.co.ke/arts-lifestyle/noma-s22-e3/,neutral,0.8876341581344604,noma e,negative,0.4488033389626047,auto_bootstrap_lr
NTV Kenya,Noma S22 E13,"Thu, 16 Jul 2026 15:07:24 +0000",https://ntvkenya.co.ke/arts-lifestyle/noma-s22-e13/,neutral,0.8845196962356567,noma e,negative,0.4488033389626047,auto_bootstrap_lr
NTV Kenya,Noma S22 E7,"Thu, 16 Jul 2026 14:48:54 +0000",https://ntvkenya.co.ke/arts-lifestyle/noma-s22-e7/,neutral,0.8730276226997375,noma e,negative,0.4488033389626047,auto_bootstrap_lr
NTV Kenya,Noma S22 E6,"Thu, 16 Jul 2026 14:47:55 +0000",https://ntvkenya.co.ke/arts-lifestyle/noma-s22-e6/,neutral,0.8684766292572021,noma e,negative,0.4488033389626047,auto_bootstrap_lr
NTV Kenya,Noma S22 E8,"Thu, 16 Jul 2026 14:50:00 +0000",https://ntvkenya.co.ke/arts-lifestyle/noma-s22-e8/,neutral,0.8905298709869385,noma e,negative,0.4488033389626047,auto_bootstrap_lr
NTV Kenya,Noma S22 E9,"Thu, 16 Jul 2026 14:54:11 +0000",https://ntvkenya.co.ke/arts-lifestyle/noma-s22-e9/,neutral,0.8855768442153931,noma e,negative,0.4488033389626047,auto_bootstrap_lr
NTV Kenya,Noma S23 E1,"Thu, 16 Jul 2026 15:15:28 +0000",https://ntvkenya.co.ke/arts-lifestyle/noma-s23-e1/,neutral,0.8692966103553772,noma e,negative,0.4488033389626047,auto_bootstrap_lr
NTV Kenya,Noma S23 E2,"Thu, 16 Jul 2026 15:16:47 +0000",https://ntvkenya.co.ke/arts-lifestyle/noma-s23-e2/,neutral,0.8813002705574036,noma e,negative,0.4488033389626047,auto_bootstrap_lr
NTV Kenya,Noma S22 E5,"Thu, 16 Jul 2026 14:46:33 +0000",https://ntvkenya.co.ke/arts-lifestyle/noma-s22-e5/,neutral,0.8764626979827881,noma e,negative,0.4488033389626047,auto_bootstrap_lr
NTV Kenya,Noma S22 E4,"Thu, 16 Jul 2026 14:45:39 +0000",https://ntvkenya.co.ke/arts-lifestyle/noma-s22-e4/,neutral,0.8718220591545105,noma e,negative,0.4488033389626047,auto_bootstrap_lr
NTV Kenya,Charlie Kirk’s widow consoles Nicki Minaj after...,,https://ntvkenya.co.ke/news/charlie-kirks-widow-consoles-nicki-minaj-after-assassin-gaffe/,neutral,0.9462683200836182,charlie kirk widow console nicki minaj,negative,0.4488033389626047,auto_bootstrap_lr
K24,How to balance an overly sour tomato stew,"Sat, 25 Jul 2026 10:08:43 +0000",https://k24.digital/lifestyle/food-and-culinary/how-to-balance-an-overly-sour-tomato-stew,neutral,0.5101848244667053,balance overly sour tomato stew,negative,0.4488033389626047,auto_bootstrap_lr
Kahawa Tungu,Alessia Russo Siblings: All About Luca and Giorgio,,,neutral,0.8981583714485168,alessia russo sibling luca giorgio,negative,0.4488033389626047,auto_bootstrap_lr
Capital FM Kenya,The new region every 2027 camp wants,"Wed, 22 Jul 2026 16:10:08 +0000",https://capitalfm.africa/the-new-region-every-2027-camp-wants/,neutral,0.8761091828346252,new region every camp want,positive,0.4489702631650101,auto_bootstrap_lr
The Star,"How forgotten village finally got safe waterFor years, women in Marsabit village measured their days in queues, not hours",,https://www.the-star.co.ke/sasa/society/2026-06-26-how-forgotten-village-finally-got-safe-water,neutral,0.7155753374099731,forgotten village finally got safe waterfor year woman marsabit village measured day queue hour,negative,0.4491874140599766,auto_bootstrap_lr
Nigerian Communicationweek,"Nigeria, Israel Strengthen Research, Technology Collaboration",2026-07-24 23:03:51,https://www.nigeriacommunicationsweek.com.ng/nigeria-israel-strengthen-research-technology-collaboration/,neutral,0.6268175840377808,nigeria israel strengthen research technology collaboration,positive,0.4495765012264906,auto_bootstrap_lr
K24,Morgan Rogers: 10 facts you need to know about new Chelsea singing,"Thu, 23 Jul 2026 07:08:38 +0000",https://k24.digital/sports/epl/morgan-rogers-10-facts-you-need-to-know-about-new-chelsea-singing,neutral,0.8218385577201843,morgan rogers fact need know new chelsea singing,positive,0.4496568131858652,auto_bootstrap_lr
K24,Italian FA boss reveals plan to bend wage rules to lure Pep Guardiola,"Wed, 22 Jul 2026 10:12:55 +0000",https://k24.digital/sports/italian-fa-boss-reveals-plan-to-bend-wage-rules-to-lure-pep-guardiola,neutral,0.8425271511077881,italian fa bos reveals plan bend wage rule lure pep guardiola,negative,0.4497035321615742,auto_bootstrap_lr
The Star,Governor Abdullahi rallies chiefs to boost ID registration and voter enlistingThe Governor said the success of the ongoing national identity card registration exercise depends largely on grassroots leaders,,https://www.the-star.co.ke/counties/north-eastern/2026-07-21-governor-abdullahi-rallies-chiefs-to-boost-id-registration-and-voter-enlisting,neutral,0.5831488370895386,governor abdullahi rally chief boost id registration voter enlistingthe governor said success ongoing national identity card registration exercise depends largely grassroots leader,positive,0.4500174065957151,auto_bootstrap_lr
The Star,"US signs landmark nuclear deal with Saudi ArabiaThe deal is described as a ""peaceful nuclear co-operation agreement",,https://www.the-star.co.ke/news/world/2026-07-23-us-signs-landmark-nuclear-deal-with-saudi-arabia,neutral,0.6059979796409607,u sign landmark nuclear deal saudi arabiathe deal described peaceful nuclear co operation agreement,negative,0.4504006368164687,auto_bootstrap_lr
K24,Garnacho’s troubled Chelsea stint nears end as winger moves to Aston Villa,"Thu, 23 Jul 2026 17:58:34 +0000",https://k24.digital/sports/epl/garnachos-troubled-chelsea-stint-nears-end-as-winger-moves-to-aston-villa,neutral,0.8823425769805908,garnacho troubled chelsea stint nears end winger move aston villa,positive,0.4504610151441877,auto_bootstrap_lr
The Standard,Why Japan's service to others ahead of self motto is a valuable lesson for Nairobi,,https://www.standardmedia.co.ke/opinion/article/2001553553/why-japans-service-to-others-ahead-of-self-motto-is-a-valuable-lesson-for-nairobi,neutral,0.5055069923400879,japan service others ahead self motto valuable lesson nairobi,positive,0.4504637545825201,auto_bootstrap_lr
Citizen Digital (via Google News),Belgian great Meunier signs for Premier League side Sunderland - Citizen Digital,"Wed, 15 Jul 2026 20:24:46 GMT",https://news.google.com/rss/articles/CBMipAFBVV95cUxQRmlDdUF1YXozTzFGYkRTVmRaMmx3NUJSVnp0clRBNkZDaGFPdXBSd1lFOEZDSTRmWUZLUTVOa3dFNHh6V1p6bG5XRzNqcU9JaWZubGlDMXh6cjVLbnBsaUNRcG43aUpSY0RGUkk3S1dDUUZoV3J4MFJvSFYyYmhxaFRfSWM1N3RvNG5VWU1ycHhnZUhpUklNdVpqZVVEZllFaXFMeA?oc=5,neutral,0.8442786335945129,belgian great meunier sign premier league side sunderland citizen digital,negative,0.4507445646070115,auto_bootstrap_lr
The Star,Microfinance lenders seek 90-day loan default rule to align with banks,,https://www.the-star.co.ke/business/markets/2026-07-25-microfinance-lenders-seek-90-day-loan-default-rule-to-align-with-banks,neutral,0.883846640586853,microfinance lender seek day loan default rule align bank,positive,0.4509654994813154,auto_bootstrap_lr
The Star,Envoys flag off three mobile computer labsThe DigiTrucks aim to close the gap in digital literacy in rural areas,,https://www.the-star.co.ke/sasa/society/2026-06-24-envoys-flag-off-three-mobile-computer-labs,neutral,0.6394193172454834,envoy flag three mobile computer labsthe digitrucks aim close gap digital literacy rural area,negative,0.45101527130503044,auto_bootstrap_lr
The Standard,"Fencing of Kaptagat Forest to proceed, land court directs",,https://www.standardmedia.co.ke/environment-climate/article/2001553672/fencing-of-kaptagat-forest-to-proceed-land-court-directs,neutral,0.8422703146934509,fencing kaptagat forest proceed land court directs,negative,0.4513473747611393,auto_bootstrap_lr
Nairobi Wire,Sakaja Approves Phase I of Nairobi’s Underground Mass Rapid Transit System,"Thu, 23 Jul 2026 03:45:11 +0000",https://nairobiwire.com/2026/07/nairobi-mass-rapid-transit-nmrts-phase-1-approved.html,neutral,0.7950280904769897,sakaja approves phase nairobi underground mass rapid transit system,positive,0.451381314019717,auto_bootstrap_lr
Citizen Digital (via Google News),European Union wants bigger banks to rival US lenders - Citizen Digital,"Fri, 17 Jul 2026 19:11:18 GMT",https://news.google.com/rss/articles/CBMimAFBVV95cUxPb3AydDlzR2lNU3JPX2JGRWUzX3FtcjAtaHpyUzg5elgtT2tVMWdwRkJxekZ0OEYxNXgwd3FyeTNNWHYzREpIak14NG9sSWFKSWlnTmxpNEJta01BaC1VSTJ1Yl9FRTJfS3lHa05RSG9PeU5JV29EWHVhWUQ3Z1ZoXzBEcHRUYkpfYTh6YzBBS2diRkNXNEtleA?oc=5,neutral,0.8665423393249512,european union want bigger bank rival u lender citizen digital,negative,0.4514276813508601,auto_bootstrap_lr
Kenyans.co.ke,Governor Kang'ata Joins DCP,2026-07-24T17:19:12+0300,https://www.kenyans.co.ke/news/125565-kangata-quits-uda-joins-dcp-ahead-2027-polls,neutral,0.9167705178260804,governor kang ata join dcp,negative,0.4514724264223519,auto_bootstrap_lr
Citizen Digital (via Google News),Nairobi County CEC Charles Kerich avoids jail as contempt orders set aside - Citizen Digital,"Thu, 16 Jul 2026 11:50:52 GMT",https://news.google.com/rss/articles/CBMitAFBVV95cUxOd2N2QmZ6aDBLeXRVR2lsc0FZZGdnYlY4d2RVY3VsbGxpcnF0X1dybjBEZTBMTUxmQ3g0aE9hTWlwLTRtVDlKaUU1SUppNlJ0TElxS0U2aV9rbkg4Qmp6bXJiT04zTVBOQk1KNHN5QkxHZ2tsZEtIb1J5Z1R6akpUbmFtQ2txenFLM1d4eklXaXFQeFlYMkgtdFI3Mk1kbW1XRl9MTlVnNjlvTjQyVjdmN2NWclQ?oc=5,neutral,0.91922789812088,nairobi county cec charles kerich avoids jail contempt order set aside citizen digital,negative,0.4514903508045197,auto_bootstrap_lr
The Standard,Research institute to adopt drones in wildlife conservation census,,https://www.standardmedia.co.ke/environment-climate/article/2001553652/research-institute-to-adopt-drones-in-wildlife-conservation-census,neutral,0.9066569805145264,research institute adopt drone wildlife conservation census,negative,0.4516312191983451,auto_bootstrap_lr
The Star,MODERN MUM: Time to get baby walkingMy son has gone from crawling to exploring walking in double fast time,,https://www.the-star.co.ke/sasa/lifestyle/2026-07-17-modern-mum,neutral,0.6615331172943115,modern mum time get baby walkingmy son gone crawling exploring walking double fast time,positive,0.4519331977029889,auto_bootstrap_lr
K24,Norway to make formal complaints to FIFA over Balogun red card saga,"Thu, 23 Jul 2026 18:26:35 +0000",https://k24.digital/sports/world-cup/norway-to-make-formal-complaints-to-fifa-over-balogun-red-card-saga,neutral,0.7171317934989929,norway make formal complaint fifa balogun red card saga,negative,0.45202900278197955,auto_bootstrap_lr
KBC,Joho unveils roadmap for Marsabit gold mines reopening,"Wed, 22 Jul 2026 14:00:25 +0000",https://www.kbc.co.ke/joho-unveils-roadmap-for-marsabit-gold-mines-reopening/,neutral,0.856408417224884,joho unveils roadmap marsabit gold mine reopening,negative,0.4520944405232203,auto_bootstrap_lr
Kenyans.co.ke,"Questions Emerge After Ruto Promises Free University, College Education",2026-07-22T11:56:27+0300,https://www.kenyans.co.ke/news/125493-faith-odhiambo-questions-rutos-free-university-college-education-plan,neutral,0.8744995594024658,question emerge ruto promise free university college education,positive,0.45212094255492064,auto_bootstrap_lr
The Standard,Mudavadi assures tea farmers government to address sector challenges,,https://www.standardmedia.co.ke/national/article/2001553503/mudavadi-assures-tea-farmers-government-to-address-sector-challenges,neutral,0.7536299228668213,mudavadi assures tea farmer government address sector challenge,neutral,0.45234930498350673,auto_bootstrap_lr
Citizen Digital (via Google News),Haraka Storm: UK cancels BATUK-KDF military training in Kenya over licence challenges - Citizen Digital,"Thu, 23 Jul 2026 13:00:06 GMT",https://news.google.com/rss/articles/CBMiwgFBVV95cUxQUko2MUhJd1FGMmlRNlBTa2hsYlhUd2VZS1AwVDRZNUdaRUlWQ25VNjg1bjh1eEVXYkNnbHZvTW03aTFOX2U0VGZFWjdTdnFDMURRa3o3RnRFMTlJeWc3X0l4eUdKd0JfQmhRcGhNbnRrMEFHLTBpZ0lxWW1CY1ZLWjF3SFloeGdVeG9PSmhjUm81eGlMeThXWHJobFlOOENYN1Y0b2JtWkRKZ3BqTERFRl9uOVNQeTVDUUwxdFAxYmVqdw?oc=5,neutral,0.5441836714744568,haraka storm uk cancel batuk kdf military training kenya licence challenge citizen digital,neutral,0.4525614793161525,auto_bootstrap_lr
Citizen Digital (via Google News),Hungary's president to sign constitutional change removing him from office - Citizen Digital,"Sat, 18 Jul 2026 21:52:36 GMT",https://news.google.com/rss/articles/CBMi1AFBVV95cUxPOU1jcHlPRFNJV01MeVVXRHU5b2VkYUhzOXl2dllCMDlEbXVwdTcwYXZOb3FxSnV1NkhKOWJwSmF3RjdRcHNrRWxaVUt1TXltaHZzRHdoMGRWRWdtYWRmQ0xGYkpGZnE5TjNrQlNEam94cWQ4d0dRSFVoU2JRdHE2UGRiYTZyYmJ5RldtZVdEWWZ1Y3M2V20zam5xb1lCeWQyRDMyWWc3LTZCd2FXZC14X184eENMY0twcEJkclg0RnE2NDdGVjhIWEtibnpsbjViSFdEbw?oc=5,neutral,0.8412076234817505,hungary president sign constitutional change removing office citizen digital,negative,0.4527618716903552,auto_bootstrap_lr
K24,What you need to know before boarding SGR train for the first time,"Wed, 22 Jul 2026 16:24:01 +0000",https://k24.digital/lifestyle/travel-and-leisure/what-you-need-to-know-before-boarding-sgr-train-for-the-first-time,neutral,0.8968773484230042,need know boarding sgr train first time,positive,0.4528083228217184,auto_bootstrap_lr
The Star,"Kenya eyes doubling Tanzania trade after Dar scraps levyValue of exports fell to Sh63.6bn in 2025, from Sh67.2bn in 2024, mainly on lower shipments of soap",,https://www.the-star.co.ke/business/markets/2026-07-16-kenya-eyes-doubling-tanzania-trade-after-dar-scraps-levy,neutral,0.7385839223861694,kenya eye doubling tanzania trade dar scrap levyvalue export fell sh bn sh bn mainly lower shipment soap,positive,0.45297329593819974,auto_bootstrap_lr
Nation,Resolve dispute over UK military training in Kenya,2026-07-24 21:02:00,https://nation.africa/kenya/blogs-opinion/editorials/resolve-dispute-over-uk-military-training-in-kenya-5536760,neutral,0.7824114561080933,resolve dispute uk military training kenya,positive,0.45300278319109366,auto_bootstrap_lr
The Star,Court upholds Oswago's conviction in Sh1.3bn graft case,,https://www.the-star.co.ke/news/news-brief/2024-10-30-court-upholds-oswagos-conviction-in-sh13bn-graft-case,neutral,0.8050702810287476,court upholds oswago conviction sh bn graft case,negative,0.4531713477506301,auto_bootstrap_lr
The Star,"Lawmakers call for faster climate action, stronger oversight",,https://www.the-star.co.ke/climate-change/2026-07-09-lawmakers-call-for-faster-climate-action-stronger-oversight,neutral,0.7445223331451416,lawmaker call faster climate action stronger oversight,negative,0.4532060078066691,auto_bootstrap_lr
The Standard,UK moves BATUK training to Tanzania after Kenya 'delays' to renew licenses,,https://www.standardmedia.co.ke/national/article/2001553608/uk-moves-batuk-training-to-tanzania-after-kenya-delays-to-renew-licenses,neutral,0.7114858031272888,uk move batuk training tanzania kenya delay renew license,positive,0.4533172474718355,auto_bootstrap_lr
Citizen Digital (via Google News),Pauline Njoroge resigns from Jubilee Party to join Linda Mwananchi - Citizen Digital,"Tue, 21 Jul 2026 09:08:03 GMT",https://news.google.com/rss/articles/CBMiqgFBVV95cUxQbzF1am5SYUFMSVBRVTZoTTc2WEV0QUpzMnJ4WHhNRlhyZlhEci12QlpIYUJMLXVaSTl5RlNQUnd2VnhLWW00UFFkdEdLcG9QUUZrVjJqWnFJVUV5bEpoeGpDdy1xdU1nRDJUdmp4cW5TaVd3X0xMVjdDOEt2MVpsalBpNnZKZ19YSmE1dDRIVUlfcGIwdTFXbHBEMkJjR2UtekF0dDNxZllxdw?oc=5,neutral,0.8996376395225525,pauline njoroge resigns jubilee party join linda mwananchi citizen digital,negative,0.45352281631631985,auto_bootstrap_lr
The Star,Trump pokes fun at press during White House Correspondents' DinnerThe president sat as reporters from outlets he has sparred came up to be honoured with awards,,https://www.the-star.co.ke/news/world/2026-07-25-trump-pokes-fun-at-press-during-white-house-correspondents-dinner,neutral,0.5901918411254883,trump poke fun press white house correspondent dinnerthe president sat reporter outlet sparred came honoured award,positive,0.4535837659385624,auto_bootstrap_lr
World News API,From divide-and-rule to woke: Fear politics faces new voters,,https://www.standardmedia.co.ke/opinion/article/2001553724/from-divide-and-rule-to-woke-fear-politics-faces-new-voters,neutral,0.5284515619277954,divide rule woke fear politics face new voter,negative,0.4542853662832647,auto_bootstrap_lr
Standard - Business,How integrated technology can transform tax compliance in Kenya,"Wed, 15 Jul 2026 11:34:08 +0300",https://www.standardmedia.co.ke/business/article/2001552851/how-integrated-technology-can-transform-tax-compliance-in-kenya,neutral,0.5286864638328552,integrated technology transform tax compliance kenya,positive,0.45438294575320287,auto_bootstrap_lr
The Star,NTSA should deploy tech to stem carnage,,https://www.the-star.co.ke/opinion/leader/2026-07-23-ntsa-should-deploy-tech-to-stem-carnage,neutral,0.683818519115448,ntsa deploy tech stem carnage,negative,0.4543962683017593,auto_bootstrap_lr
NTV Kenya,Hope for cheaper goods as Kenya’s factory production costs drop to a...,,https://ntvkenya.co.ke/news/hope-for-cheaper-goods-as-kenyas-factory-production-costs-drop-to-a-30-month-low/,neutral,0.6631702184677124,hope cheaper good kenya factory production cost drop,neutral,0.45466569207467156,auto_bootstrap_lr
The Star,Plastic surgery gains acceptance as experts embrace cosmetic proceduresStigma surrounding cosmetic surgery is gradually fading as more Kenyans openly discuss their experiences,,https://www.the-star.co.ke/health/2026-07-15-plastic-surgery-gains-acceptance-as-experts-embrace-cosmetic-procedures,neutral,0.6331253051757812,plastic surgery gain acceptance expert embrace cosmetic proceduresstigma surrounding cosmetic surgery gradually fading kenyan openly discus experience,positive,0.4547333333820666,auto_bootstrap_lr
NewsData.io,"Haier Biomedical Presents Digital Blood Management Platform at ISBT Congress 2026, Advancing Its Transition from Equipment Provider to Full-Process Solution Partner",,,neutral,0.7487981915473938,haier biomedical present digital blood management platform isbt congress advancing transition equipment provider full process solution partner,negative,0.4548075364649519,auto_bootstrap_lr
NTV Kenya,"Cut off from Kinshasa, Congo’s AFC/M23 rebels built their own Ebola response","Mon, 13 Jul 2026 08:54:28 +0000",https://ntvkenya.co.ke/news/cut-off-from-kinshasa-congos-afc-m23-rebels-built-their-own-ebola-response/,neutral,0.6994735598564148,cut kinshasa congo afc rebel built ebola response,positive,0.454818325867329,auto_bootstrap_lr
The Star,"NTSA to conduct licences re-validation for motor vehicle operatorsThe deadline for submission is Wednesday, November 6, 2024.",,https://www.the-star.co.ke/news/news-brief/2024-10-15-ntsa-to-conduct-licences-re-validation-for-motor-vehicle-operators,neutral,0.953570544719696,ntsa conduct licence validation motor vehicle operatorsthe deadline submission wednesday november,negative,0.45491359959545996,auto_bootstrap_lr
The Star,County official goes into hiding,,https://www.the-star.co.ke/news/corridors-of-power/2026-07-24-county-official-goes-into-hiding,neutral,0.6020292639732361,county official go hiding,negative,0.45493878207885335,auto_bootstrap_lr
NTV Kenya,"Kindiki, allies downplay DCP’s Ol Kalou win, vow to deliver Ruto a second term","Mon, 20 Jul 2026 12:25:12 +0000",https://ntvkenya.co.ke/news/kindiki-allies-downplay-dcps-ol-kalou-win-vow-to-deliver-ruto-a-second-term/,neutral,0.7546679973602295,kindiki ally downplay dcp ol kalou win vow deliver ruto second term,neutral,0.45506353236854835,auto_bootstrap_lr
Standard - Politics,Cracks widen in Rift as factions clash over Ruto succession,"Sun, 19 Jul 2026 10:00:00 +0300",https://www.standardmedia.co.ke/politics/article/2001553153/cracks-widen-in-rift-as-factions-clash-over-ruto-succession,neutral,0.7495765089988708,crack widen rift faction clash ruto succession,negative,0.4551843264328324,auto_bootstrap_lr
World News API,THE PHILIPPINES-MANILA-CHINESE FM-ASEAN SECRETARY-GENERAL-MEETING,,,neutral,0.8981771469116211,philippine manila chinese fm asean secretary general meeting,positive,0.455228071485881,auto_bootstrap_lr
NewsData.io,"Global payroll and HR solutions for businesses – technology, compliance & support in one place",,,neutral,0.568459689617157,global payroll hr solution business technology compliance support one place,positive,0.45523359975073335,auto_bootstrap_lr
The Standard,Aviation workers give ultimatum over unmet demands,,https://www.standardmedia.co.ke/national/article/2001553552/aviation-workers-give-ultimatum-over-unmet-demands,neutral,0.6698153018951416,aviation worker give ultimatum unmet demand,negative,0.45530774714006517,auto_bootstrap_lr
NTV Kenya,Ruto strengthens hold on Western as UDA wins West Kabras Ward by-election,,https://ntvkenya.co.ke/politics/ruto-strengthens-hold-on-western-as-uda-wins-west-kabras-ward-by-election/,neutral,0.5975037813186646,ruto strengthens hold western uda win west kabras ward election,neutral,0.45578001927066736,auto_bootstrap_lr
NTV Kenya,DCP’s Sammy Waweru clinches Ol Kalou seat in landslide win,"Fri, 17 Jul 2026 04:20:23 +0000",https://ntvkenya.co.ke/news/dcps-sammy-waweru-clinches-ol-kalou-seat-in-landslide-win/,neutral,0.525944173336029,dcp sammy waweru clinch ol kalou seat landslide win,positive,0.4558543160777603,auto_bootstrap_lr
Citizen Digital (via Google News),Repatriated Kenyans seek gov't support to rebuild lives after South Africa return - Citizen Digital,"Tue, 21 Jul 2026 17:53:24 GMT",https://news.google.com/rss/articles/CBMivAFBVV95cUxOSzEzLUU3RDNXeDFwR3dXNUM0Qjh0emp6NWFsYnZrdUhkVGlkbFdWSUMxb2xpRlZIMUVvb09lN0F5R19JMVFJMXF4Z1Q5OW9KNnliNHVIS09MWlhTYzhHYVhValhiQnZPc2UwRXZlU1lpQUh4V1owbHVMUmlPaEhOcGhWUmw4N0hVUzBKNzdkVUVUOFpQdFpmYVZMR3hSR3BCUDhGRDdFUEx3R3dKWnpIbEJGY29ITkFaNnZBUg?oc=5,neutral,0.8030951023101807,repatriated kenyan seek gov support rebuild life south africa return citizen digital,negative,0.45616891149429406,auto_bootstrap_lr
The Star,Informal e-waste players push for legal recognition in proposed law,,https://www.the-star.co.ke/business/kenya/2026-07-25-informal-e-waste-players-push-for-legal-recognition-in-proposed-law,neutral,0.8632482290267944,informal e waste player push legal recognition proposed law,positive,0.45627168699216464,auto_bootstrap_lr
Standard - Business,Letter from Murang'a's quiet Giatutu area and the few agri-innovations,"Wed, 22 Jul 2026 07:00:00 +0300",https://www.standardmedia.co.ke/business/article/2001553417/letter-from-murang-a-s-quiet-giatutu-area-and-the-few-agri-innovations,neutral,0.8909888863563538,letter murang quiet giatutu area agri innovation,positive,0.4563132147536136,auto_bootstrap_lr
Citizen Digital (via Google News),Strategic pivot that could redefine Kenyan football - Citizen Digital,"Sat, 18 Jul 2026 18:18:13 GMT",https://news.google.com/rss/articles/CBMilgFBVV95cUxQVV9OTkEwaDRaOEE1OWdyVjFlbzcxcTFEdjVPblRDc3Q4YjZVcUF2aVlxSzhfaTRlcVUzUnFnblN1bEp0UlE2a1ZONU11QTl2NWhoa0NBR2hZbk5oRHA1eFhsUlNDa3V3RWdOSG41YTNPdy1BSHlmMjhZbW0wUy11TnVXWHVvbXpVd3A1TUw5NDZUeHo2d3c?oc=5,neutral,0.7218001484870911,strategic pivot could redefine kenyan football citizen digital,negative,0.4563306413020791,auto_bootstrap_lr
Capital FM Kenya,Govt Invests Sh922mn in 14 Modern Markets Across Kisumu,"Wed, 22 Jul 2026 04:31:55 +0000",https://capitalfm.africa/govt-invests-sh922mn-in-14-modern-markets-across-kisumu/,neutral,0.835324764251709,govt invests sh mn modern market across kisumu,positive,0.45641291594216515,auto_bootstrap_lr
Citizen Digital (via Google News),CAS hearing of Senegal AFCON title appeal set for October 8 - Citizen Digital,"Fri, 24 Jul 2026 19:26:06 GMT",https://news.google.com/rss/articles/CBMioAFBVV95cUxPc1F6SnZNVFMwWllDOU9lTmsyYUJwTElSakNqMzdqMF9fVnFXYkMteGxOX1hFTU9xM3I4WEdpWEVfSVVObXNlWkZpYmluZVZ0bnNncThzN0hRSnpLWjY4UURUMXpIbHA4Qk80OXNxTjZYaHZ1OUNuMFBlckZITHd2RkloMDNndVhSYjJHUUx0UHV5c3RUWWlpTTYwRVRYUl9X?oc=5,neutral,0.9179208874702454,ca hearing senegal afcon title appeal set october citizen digital,negative,0.45659141429318206,auto_bootstrap_lr
Business Daily Africa,Trader relief as old bottled water stocks exempt from tax stamps surrender order,"Thu, 23 Jul 2026 13:21:52 GMT",https://www.businessdailyafrica.com/bd/economy/old-bottled-water-stocks-exempt-from-tax-stamps-surrender-order-5535366,neutral,0.6306450963020325,trader relief old bottled water stock exempt tax stamp surrender order,negative,0.45673843603091013,auto_bootstrap_lr
The Standard,Why UK moved BATUK training to Tanzania,,https://www.standardmedia.co.ke/national/article/2001553563/why-uk-moved-batuk-training-to-tanzania,neutral,0.6435733437538147,uk moved batuk training tanzania,negative,0.45716053723681477,auto_bootstrap_lr
Kenyans.co.ke,Atwoli Sounds Alarm Over Plan to Replace Airport Workers With NYS,2026-07-24T14:36:21+0300,https://www.kenyans.co.ke/news/125563-cotu-opposes-plan-replace-permanent-aviation-workers-nys,neutral,0.8556885719299316,atwoli sound alarm plan replace airport worker ny,negative,0.45734073559031874,auto_bootstrap_lr
K24,Real Madrid’s Ksh15.3B offer for Yan Diomande turned down by RB Leipzig,"Sat, 25 Jul 2026 07:20:44 +0000",https://k24.digital/sports/la-liga/real-madrids-ksh15-3b-offer-for-yan-diomande-turned-down-by-rb-leipzig,neutral,0.8920196294784546,real madrid ksh b offer yan diomande turned rb leipzig,negative,0.4574165283389135,auto_bootstrap_lr
The Standard,Why Leila's rise to the top has not been a walk in the park,,https://www.standardmedia.co.ke/sports/boxing/article/2001551388/why-leilas-rise-to-the-top-has-not-been-a-walk-in-the-park,neutral,0.6345125436782837,leila rise top walk park,positive,0.4577528316045483,auto_bootstrap_lr
NTV Kenya,Gachagua claims some Kenya Kwanza leaders seeking talks ahead of 2027,"Mon, 20 Jul 2026 07:49:16 +0000",https://ntvkenya.co.ke/news/gachagua-claims-some-kenya-kwanza-leaders-seeking-talks-ahead-of-2027/,neutral,0.9291915893554688,gachagua claim kenya kwanza leader seeking talk ahead,neutral,0.4577658318181011,auto_bootstrap_lr
K24,Transfers: Rodri linked with shock Real Madrid move,"Thu, 23 Jul 2026 06:59:56 +0000",https://k24.digital/sports/epl/transfers-rodri-linked-with-shock-real-madrid-move,neutral,0.9460287094116212,transfer rodri linked shock real madrid move,positive,0.45776868056211495,auto_bootstrap_lr
Standard - Business,CBK seeks powers to enforce Anti-Money Laundering compliance,"Wed, 22 Jul 2026 07:55:00 +0300",https://www.standardmedia.co.ke/business/article/2001553419/cbk-seeks-powers-to-enforce-anti-money-laundering-compliance,neutral,0.8765234351158142,cbk seek power enforce anti money laundering compliance,negative,0.45792915730914596,auto_bootstrap_lr
The Star,3K FC keep most of SportPesa League promotion success teamCoach Nicodemus Omasete says only four players have been released by the Embu-based side.,,https://www.the-star.co.ke/sports/football/2026-07-22-3k-fc-keep-most-of-sportpesa-league-promotion-success-team,neutral,0.9127333164215088,k fc keep sportpesa league promotion success teamcoach nicodemus omasete say four player released embu based side,negative,0.45796760616332555,auto_bootstrap_lr
K24,Stop using your shirt to clean your glasses: Here is the right way,"Thu, 23 Jul 2026 16:44:21 +0000",https://k24.digital/lifestyle/life-hacks/stop-using-your-shirt-to-clean-your-glasses-here-is-the-right-way,neutral,0.6557034850120544,stop using shirt clean glass right way,negative,0.45807441686110706,auto_bootstrap_lr
NTV Kenya,LIVE: President Ruto leads Jamhuri Day celebration at Nyayo Stadium,,https://ntvkenya.co.ke/news/live-president-ruto-leads-jamhuri-day-celebration-at-nyayo-stadium/,neutral,0.5307236909866333,live president ruto lead jamhuri day celebration nyayo stadium,positive,0.4584821834509937,auto_bootstrap_lr
Citizen Digital,"Spotify wants to shut down Nairobi for 12 days, here's how it plans to do it",,https://citizen.digital/article/spotify-wants-to-shut-down-nairobi-for-12-days-heres-how-it-plans-to-do-it-n386576,neutral,0.5104054808616638,spotify want shut nairobi day plan,positive,0.4585699837170438,auto_bootstrap_lr
K24,How physical space helps resolve tough fights in relationships,"Thu, 23 Jul 2026 10:49:49 +0000",https://k24.digital/lifestyle/love-and-relationships/how-physical-space-helps-resolve-tough-fights-in-relationships,neutral,0.7680742144584656,physical space help resolve tough fight relationship,negative,0.45861662281064625,auto_bootstrap_lr
The Standard,Injured Sandhu limps to 77th Limuru Open victory,,https://www.standardmedia.co.ke/sports/golf/article/2001553531/injured-sandhu-limps-to-77th-limuru-open-victory,neutral,0.8597850203514099,injured sandhu limp th limuru open victory,negative,0.4586305154543485,auto_bootstrap_lr
The Standard,Parliament committee urges TVETs to intensify student recruitment,,https://www.standardmedia.co.ke/education/article/2001553011/parliament-committee-urges-tvets-to-intensify-student-recruitment,neutral,0.9026891589164734,parliament committee urge tvets intensify student recruitment,positive,0.45863203271171854,auto_bootstrap_lr
The Standard,"'Peaceful, orderly and unarmed': activists plan Saba Saba march",,https://www.standardmedia.co.ke/nairobi/article/2001552091/peaceful-orderly-and-unarmed-activists-plan-saba-saba-march,neutral,0.5780140161514282,peaceful orderly unarmed activist plan saba saba march,negative,0.45868512932225586,auto_bootstrap_lr
The Star,Women weave their way to luxury interior décor brandsCherie Kihato has grown Savannah Space into a hub connecting weavers to larger markets,,https://www.the-star.co.ke/sasa/lifestyle/2026-07-17-art-and-craft,neutral,0.6122429966926575,woman weave way luxury interior cor brandscherie kihato grown savannah space hub connecting weaver larger market,positive,0.45869685712331426,auto_bootstrap_lr
Business Daily,Markets boom triggers talent war among stockbrokers,"Thu, 23 Jul 2026 13:05:11 GMT",https://www.businessdailyafrica.com/bd/corporate/companies/markets-boom-triggers-talent-war-among-stockbrokers-5535328,neutral,0.7236706018447876,market boom trigger talent war among stockbroker,negative,0.4589217356298965,auto_bootstrap_lr
The Standard,"For just Sh500, mothers feed and bond with their children",,https://www.standardmedia.co.ke/health/nutrition-wellness/article/2001443450/for-just-sh500-mothers-feed-and-bond-with-their-children,neutral,0.5094420313835144,sh mother feed bond child,negative,0.4590157058195044,auto_bootstrap_lr
Citizen Digital (via Google News),New UK Prime Minister announces tax cut for struggling pubs - Citizen Digital,"Thu, 23 Jul 2026 21:17:42 GMT",https://news.google.com/rss/articles/CBMioAFBVV95cUxPWndSeUVibnhmYVZFbVB5Qm1jMHlnNkNNdThwSi1heFdTUndpbzVmcEdwQUgzT3YzRUJ1YlZWUll4eFdlOG5ONVdMa0ZQVmJiRWFOUXV4S0pMR3NXQ0hHTVVXdHdSaEc0UnduN2laei1jR0Q0TGpVN012aTd4T2h6WmZnRjM3MFdUNnBGVzl2VnJhTU1mUzlCcm1pb2xKMVZy?oc=5,neutral,0.8452333807945251,new uk prime minister announces tax cut struggling pub citizen digital,negative,0.4590948690311822,auto_bootstrap_lr
The Standard,Kaptagat residents back forest fencing ahead of launch of second conservation phase,"Fri, 10 Jul 2026 09:36:00 +0300",https://www.standardmedia.co.ke/article/2001552516/kaptagat-residents-back-forest-fencing-ahead-of-launch-of-second-conservation-phase,neutral,0.8569718599319458,kaptagat resident back forest fencing ahead launch second conservation phase,positive,0.459107112313977,auto_bootstrap_lr
Citizen Digital (via Google News),KTDA chair Njeru blames 0.8% export levy for declines in tea market - Citizen Digital,"Wed, 22 Jul 2026 07:04:15 GMT",https://news.google.com/rss/articles/CBMiqAFBVV95cUxOaGZ0R3Q1M2JXMVptQm53WnBhenFUdTdjdFMxZ3dNVVVkOGJ2djNiU3BNaDVjN29sS2tCR2V0Zy1JM3Z2dFIxMG5QbERDM21Od3dlT3ZCRGxKRzljNWo4MlNtZDl0MWVWUGNLMDdJQXBlcmtIUGd1NnhLVEdCMXBnX1hUa2RlLU9OMGM2UWh4eXIwa0h6R3BsU0tsd0xuZ2tyYlFDNmFNWGE?oc=5,neutral,0.653704822063446,ktda chair njeru blame export levy decline tea market citizen digital,negative,0.4592428725369104,auto_bootstrap_lr
Kahawa Tungu,What Is Candice Crawford Net Worth?,"Sat, 25 Jul 2026 10:30:03 +0000",https://kahawatungu.com/what-is-candice-crawford-net-worth/,neutral,0.9318726062774658,candice crawford net worth,positive,0.45935593089190957,auto_bootstrap_lr
Kahawa Tungu,What Is Tony Romo Net Worth?,"Sat, 25 Jul 2026 10:00:40 +0000",https://kahawatungu.com/what-is-tony-romo-net-worth/,neutral,0.9014344811439514,tony romo net worth,positive,0.45935593089190957,auto_bootstrap_lr
K24,Why cuts on your tongue heal much faster than skin wounds,"Sat, 25 Jul 2026 10:19:01 +0000",https://k24.digital/lifestyle/health-and-fitness/why-cuts-on-your-tongue-heal-much-faster-than-skin-wounds,neutral,0.5916954874992371,cut tongue heal much faster skin wound,negative,0.4595785541248108,auto_bootstrap_lr
NTV Kenya,Wetang’ula accused of defying court order by campaigning for Ruto,"Tue, 14 Jul 2026 06:24:47 +0000",https://ntvkenya.co.ke/news/wetangula-accused-of-defying-court-order-by-campaigning-for-ruto/,neutral,0.5908266305923462,wetang ula accused defying court order campaigning ruto,neutral,0.45973946643485525,auto_bootstrap_lr
K24,Maresca determined to forge his own path after replacing Pep Guardiola at Man City,"Sat, 25 Jul 2026 05:52:34 +0000",https://k24.digital/sports/epl/maresca-determined-to-forge-his-own-path-after-replacing-pep-guardiola-at-man-city,neutral,0.631175696849823,maresca determined forge path replacing pep guardiola man city,negative,0.4598987152473242,auto_bootstrap_lr
The Standard,India donates 4.5 tonnes of medical supplies to boost Kenya's Ebola preparedness,,https://www.standardmedia.co.ke/national/article/2001553614/india-donates-45-tonnes-of-medical-supplies-to-boost-kenyas-ebola-preparedness,neutral,0.604788064956665,india donates tonne medical supply boost kenya ebola preparedness,positive,0.46007766449023024,auto_bootstrap_lr
KBC,Kagwe defends tea levy as uptake hits 93pc,"Thu, 23 Jul 2026 15:29:18 +0000",https://www.kbc.co.ke/kagwe-defends-tea-levy-as-uptake-hits-93pc/,neutral,0.8251694440841675,kagwe defends tea levy uptake hit pc,negative,0.46020604549236377,auto_bootstrap_lr
The Standard,Pamoja Mashujaa Day in the Rift Valley,,https://www.standardmedia.co.ke/national/article/2001553615/pamoja-mashujaa-day-in-the-rift-valley,neutral,0.8621639609336853,pamoja mashujaa day rift valley,positive,0.4603085899684359,auto_bootstrap_lr
The Standard,Mystery over Kerich's trip to America,,https://www.standardmedia.co.ke/nairobi/article/2001551119/mystery-over-kerichs-trip-to-america,neutral,0.8811620473861694,mystery kerich trip america,negative,0.46035126008629607,auto_bootstrap_lr
Citizen Digital,3 hours agoWATCH LIVE: Deputy party leader for Jubilee Party Fred Matiang'i attends church service in UtawalaBy Citizen ReporterRead More,,https://citizen.digital/article/watch-live-deputy-party-leader-for-jubilee-party-fred-matiangi-attends-church-service-in-utawala-n387097,neutral,0.9396608471870422,hour agowatch live deputy party leader jubilee party fred matiang attends church service utawalaby citizen reporterread,negative,0.4608426768775666,auto_bootstrap_lr
The Standard,Letter from Murang'a's quiet Giatutu area and the few agri-innovationsSome places look far yet are near. One such place is Giatutu in Muranga’s Location One or Loco 1. I have wondered why this unique location naming system was discontinued.,,https://www.standardmedia.co.ke/business/enterprise/article/2001553417/letter-from-murangas-quiet-giatutu-area-and-the-few-agri-innovations,neutral,0.7142254114151001,letter murang quiet giatutu area agri innovationssome place look far yet near one place giatutu muranga location one loco wondered unique location naming system discontinued,negative,0.4611272370255884,auto_bootstrap_lr
The Star,NBA superstar LeBron James to join Philadelphia 76ersThe 41-year-old left the Los Angeles Lakers after eight years last month.,,https://www.the-star.co.ke/news/world/2026-07-24-nba-superstar-lebron-james-to-join-philadelphia-76ers,neutral,0.9393373131752014,nba superstar lebron james join philadelphia ersthe year old left los angeles lakers eight year last month,positive,0.46151089925904243,auto_bootstrap_lr
The Star,"JIJI NDOGO: I’ve made my bed, now I have to lay in itMakini sweet-talks his wife to watch World Cup with him",,https://www.the-star.co.ke/sasa/entertainment/2026-06-27-jiji-ndogo,neutral,0.6002579927444458,jiji ndogo made bed lay itmakini sweet talk wife watch world cup,positive,0.46154301079521454,auto_bootstrap_lr
The Star,Natembeya pushes public-private healthcare partnerships,,https://www.the-star.co.ke/counties/rift-valley/2026-07-24-natembeya-pushes-public-private-healthcare-partnerships,neutral,0.817289412021637,natembeya push public private healthcare partnership,positive,0.4617105804563432,auto_bootstrap_lr
The Standard,PremiumWandayi and political awakening in Luo Nyanza,,https://www.standardmedia.co.ke/business/opinion/article/2001553714/wandayi-and-political-awakening-in-luo-nyanza,neutral,0.8990108966827393,premiumwandayi political awakening luo nyanza,negative,0.4617283362231588,auto_bootstrap_lr
World News API,Developer breaks ground for Sh4.2 billion purpose-built student hotels development in Lukenya,,https://www.standardmedia.co.ke/business/article/2001553713/developer-breaks-ground-for-sh4-2-billion-purpose-built-student-hotels-development-in-lukenya,neutral,0.7650308012962341,developer break ground sh billion purpose built student hotel development lukenya,positive,0.4618262886623504,auto_bootstrap_lr
Citizen Digital,"5 hours agoMalaysia consider hosting war-delayed F1 Grand PrixBy AFPYouth and sports minister Mohammed Taufiq Johari said they were ""actively conducting discussions and assessing the proposal"" in a statement from the Malaysia government issued on Friday....Read More",,https://citizen.digital/article/malaysia-consider-hosting-war-delayed-f1-grand-prix-n387083,neutral,0.9329376816749572,hour agomalaysia consider hosting war delayed f grand prixby afpyouth sport minister mohammed taufiq johari said actively conducting discussion assessing proposal statement malaysia government issued friday read,negative,0.4618489253626867,auto_bootstrap_lr
Standard - Politics,Plan B: Inside Gachagua's political wild card if court upholds impeachment,"Fri, 24 Jul 2026 09:00:00 +0300",https://www.standardmedia.co.ke/politics/article/2001553604/plan-b-inside-gachagua-s-political-wild-card-if-court-upholds-impeachment,neutral,0.819743812084198,plan b inside gachagua political wild card court upholds impeachment,negative,0.4618890067288235,auto_bootstrap_lr
Standard - Business,"NCBA sale complete as Kenyatta, Ndegwa families cash in on Sh109b in Nedbank deal","Tue, 21 Jul 2026 16:30:00 +0300",https://www.standardmedia.co.ke/business/article/2001553387/ncba-sale-complete-as-kenyatta-ndegwa-families-cash-in-on-sh109b-in-nedbank-deal,neutral,0.8581051230430603,ncba sale complete kenyatta ndegwa family cash sh b nedbank deal,positive,0.46195534436171215,auto_bootstrap_lr
The Star,Shinyonzo draws confidence from France camp ahead of Starlets’ Wafcon returnThe Starlets have been holding double training sessions in France to fine-tune their preparations before traveling to Morocco.,,https://www.the-star.co.ke/sports/football/2026-07-22-shinyonzo-draws-confidence-from-france-camp-ahead-of-starlets-wafcon-return,neutral,0.5202803611755371,shinyonzo draw confidence france camp ahead starlet wafcon returnthe starlet holding double training session france fine tune preparation traveling morocco,positive,0.46211959852175694,auto_bootstrap_lr
K24,How small enterprises can win govt tenders through AGPO services,"Wed, 22 Jul 2026 14:39:50 +0000",https://k24.digital/lifestyle/money/how-small-enterprises-can-win-govt-tenders-through-agpo-services,neutral,0.7974805235862732,small enterprise win govt tender agpo service,positive,0.46246690083128494,auto_bootstrap_lr
Kenyans.co.ke,Concern for Kenyans in Middle East as Governments Issue Fresh Warnings,2026-07-24T10:05:41+0300,https://www.kenyans.co.ke/news/125557-kenyans-middle-east-alert-us-canada-issue-travel-bans,neutral,0.5525859594345093,concern kenyan middle east government issue fresh warning,negative,0.46258569366177743,auto_bootstrap_lr
NewsData.io,"Tuesday weather: Rain, thunderstorms and strong winds expected in several parts of Kenya",,,neutral,0.8150562644004822,tuesday weather rain thunderstorm strong wind expected several part kenya,positive,0.4628618017592419,auto_bootstrap_lr
World News API,"Why conviction of Sharon killers is a big win against femicide, impunity",,https://www.standardmedia.co.ke/opinion/article/2001553698/why-conviction-of-sharon-killers-is-a-big-win-against-femicide-impunity,neutral,0.4534580707550049,conviction sharon killer big win femicide impunity,positive,0.46290231016977285,auto_bootstrap_lr
Kahawa Tungu,10 Things to Check Before Hiring a Residential Roofing Company in Austin (2026),,,neutral,0.9430893063545228,thing check hiring residential roofing company austin,negative,0.46303164392562757,auto_bootstrap_lr
World News API,Capacity Building for Enhanced Parliamentary Performance in Africa: Challenges and Recommendations,,,neutral,0.8387719988822937,capacity building enhanced parliamentary performance africa challenge recommendation,neutral,0.46304746837135935,auto_bootstrap_lr
Currents API,Kenya: Treasury Misses Tax Revenue Target By Nearly Sh7bn,,,neutral,0.5373744964599609,kenya treasury miss tax revenue target nearly sh bn,positive,0.46309246226455714,auto_bootstrap_lr
Business Today Kenya,Kitale Jitume Centre Empowering Youth for Digital Jobs,,,neutral,0.6148773431777954,kitale jitume centre empowering youth digital job,neutral,0.46311145938579024,auto_bootstrap_lr
NTV Kenya,"Rebel Catholic group ordains bishops in Switzerland, defying Pope Leo",,https://ntvkenya.co.ke/news/rebel-catholic-group-ordains-bishops-in-switzerland-defying-pope-leo/,neutral,0.8683195114135742,rebel catholic group ordains bishop switzerland defying pope leo,positive,0.4633417539123368,auto_bootstrap_lr
World News API,Leaders convene in Nairobi for Africa Tech leadership conference,,,neutral,0.7394354343414307,leader convene nairobi africa tech leadership conference,positive,0.4635856506127001,auto_bootstrap_lr
Citizen Digital,WANANCHI OPINION: Banditry: Less talk and more action needed to find a lasting solution,,https://citizen.digital/article/wananchi-opinion-banditry-less-talk-and-more-action-needed-to-find-a-lasting-solution-n386825,neutral,0.6947067379951477,wananchi opinion banditry less talk action needed find lasting solution,negative,0.4635865659090861,auto_bootstrap_lr
Business Today Kenya,How Paren Hirani is Redefining Hospitality at Sentrim Hotels & Lodges,,,neutral,0.9461103677749634,paren hirani redefining hospitality sentrim hotel lodge,negative,0.46370885475179924,auto_bootstrap_lr
Kahawa Tungu,How to Calculate Selling Price of a Product,"Sat, 25 Jul 2026 08:54:37 +0000",https://kahawatungu.com/how-to-calculate-selling-price-of-a-product/,neutral,0.8459956049919128,calculate selling price product,negative,0.46392946965574744,auto_bootstrap_lr
Citizen Digital (via Google News),Sakaja Cabinet approves underground railway line linking Nairobi CBD to Eastlands - Citizen Digital,"Wed, 22 Jul 2026 12:47:05 GMT",https://news.google.com/rss/articles/CBMivgFBVV95cUxQWVc3QkZWQ25PWlktWkg4Umltd1B4X0xVSTZ5bmNKT2VvU2JrelVsa2o0eXh6RUJ6U1kyVFdtdFp5Smk5WHliVlhxb3B0Q2l0Q1JHYWNVSm41XzlvdF9jM1lHdHFza2w4Ukl1eUNNUmFlcThhSmZMS3F4dDJ3NTZjenRpRmduYmRMN3dyb2ZCUUUxMENOZ0lETXNNU0hBelM0MHRlNTh6NXJqU01helpGMl9kYkp2U2dNNmc1ZG9n?oc=5,neutral,0.8957202434539795,sakaja cabinet approves underground railway line linking nairobi cbd eastlands citizen digital,positive,0.4641194480880275,auto_bootstrap_lr
NTV Kenya,Outgoing UK PM Keir Starmer steps down and Andy Burnham takes office,"Mon, 20 Jul 2026 10:18:56 +0000",https://ntvkenya.co.ke/news/outgoing-uk-pm-keir-starmer-steps-down-and-andy-burnham-takes-office/,neutral,0.921989679336548,outgoing uk pm keir starmer step andy burnham take office,positive,0.4641470049207739,auto_bootstrap_lr
Kenyans.co.ke,Nairobi to Host Three U.S. Music Companies After Ruto Meeting,2026-07-21T16:02:03+0300,https://www.kenyans.co.ke/news/125472-sony-universal-and-warner-music-agree-establish-offices-nairobi-after-ruto-meeting,neutral,0.9314056634902954,nairobi host three u music company ruto meeting,positive,0.4644782078460074,auto_bootstrap_lr
KBC,Maalim calls for high voter registration across Northern Kenya,"Mon, 20 Jul 2026 06:05:01 +0000",https://www.kbc.co.ke/maalim-calls-for-high-voter-registration-across-northern-kenya/,neutral,0.8731262683868408,maalim call high voter registration across northern kenya,positive,0.4644998373195103,auto_bootstrap_lr
The Standard,Stakeholders calls for introduction of AI subject in education curriculum,,https://www.standardmedia.co.ke/education/article/2001552792/stakeholders-calls-for-introduction-of-ai-subject-in-education-curriculum,neutral,0.8575829267501831,stakeholder call introduction ai subject education curriculum,positive,0.4646664939578053,auto_bootstrap_lr
Standard - Business,Ombam: Kenya cannot grow exports without marketers,"Wed, 15 Jul 2026 19:25:00 +0300",https://www.standardmedia.co.ke/business/article/2001552921/ombam-kenya-cannot-grow-exports-without-marketers,neutral,0.6357561349868774,ombam kenya cannot grow export without marketer,positive,0.464670487584228,auto_bootstrap_lr
NTV Kenya,"Mexico City lawmakers pull hair, trade blows during debate",,https://ntvkenya.co.ke/news/mexico-city-lawmakers-pull-hair-trade-blows-during-debate/,neutral,0.5742900967597961,mexico city lawmaker pull hair trade blow debate,positive,0.4648470483185524,auto_bootstrap_lr
NTV Kenya,"Sifuna, Osotsi, Orengo accuse Wanga of plot to hand ODM to Ruto",,https://ntvkenya.co.ke/news/sifuna-osotsi-orengo-accuse-wanga-of-plot-to-hand-odm-to-ruto/,neutral,0.6389389634132385,sifuna osotsi orengo accuse wanga plot hand odm ruto,neutral,0.4648713158568832,auto_bootstrap_lr
The Star,How local scientists are building Ebola defences,,https://www.the-star.co.ke/news/big-read/2026-07-20-ebola,neutral,0.8169138431549072,local scientist building ebola defence,negative,0.4648830234382497,auto_bootstrap_lr
K24,Mimi ndio patron wa wamama: Mosiria declares support for women and single mothers,"Thu, 23 Jul 2026 05:09:19 +0000",https://k24.digital/entertainment/celebrity/mimi-ndio-patron-wa-wamama-mosiria-declares-support-for-women-and-single-mothers,neutral,0.7420526146888733,mimi ndio patron wa wamama mosiria declares support woman single mother,positive,0.46519282970867565,auto_bootstrap_lr
The Standard,PremiumPS Omollo urges parents to shield children from crime,,https://www.standardmedia.co.ke/business/politics/article/2001553707/ps-omollo-urges-parents-to-shield-children-from-crime,neutral,0.7001317739486694,premiumps omollo urge parent shield child crime,positive,0.46526061797114526,auto_bootstrap_lr
Standard - Politics,PS Omollo urges parents to shield children from crime,"Sat, 25 Jul 2026 11:17:41 +0300",https://www.standardmedia.co.ke/politics/article/2001553707/ps-omollo-urges-parents-to-shield-children-from-crime,neutral,0.7368471622467041,p omollo urge parent shield child crime,positive,0.46526061797114526,auto_bootstrap_lr
Nairobi Wire,‘Mimi Si Mlevi’: Ruto Hits Back at Critics of His Government,"Fri, 24 Jul 2026 03:50:41 +0000",https://nairobiwire.com/2026/07/ruto-defends-development-record-nairobi-artisans-state-house.html,neutral,0.7452588081359863,mimi si mlevi ruto hit back critic government,negative,0.4654868653591774,auto_bootstrap_lr
World News API,Treasury and Industry Officials Put on the Spot Over Controversial Raw Sugar Imports,,,neutral,0.7578256726264954,treasury industry official put spot controversial raw sugar import,negative,0.465540313572544,auto_bootstrap_lr
Currents API,Kenya: Coffee Revival Gathers Pace As 6 Western Counties Chart Sector Recovery,,,neutral,0.8352731466293335,kenya coffee revival gather pace western county chart sector recovery,positive,0.4658427741378801,auto_bootstrap_lr
Financialcontent,Safari Soles Tours Announces Custom Kenya Safari Itineraries,2026-07-24 21:59:00,https://www.financialcontent.com/article/acnnewswire-2026-7-24-safari-soles-tours-announces-custom-kenya-safari-itineraries,neutral,0.8744356632232666,safari sol tour announces custom kenya safari itinerary,positive,0.4666852397449986,auto_bootstrap_lr
NTV Kenya,"Saccos cut dividend payouts, increase cash reserves to cover losses",,https://ntvkenya.co.ke/news/saccos-cut-dividend-payouts-increase-cash-reserves-to-cover-losses/,neutral,0.6066746711730957,sacco cut dividend payouts increase cash reserve cover loss,negative,0.4668076630093623,auto_bootstrap_lr
NewsData.io,Dubai launches council to make trade network properly,,,neutral,0.7415128350257874,dubai launch council make trade network properly,positive,0.4668558441924864,auto_bootstrap_lr
The Star,"Kawaya urges Ukambani voters to reject Gachagua, back Ruto",,https://www.the-star.co.ke/counties/eastern/2026-07-25-kawaya-urges-ukambani-voters-to-reject-gachagua-back-ruto,neutral,0.8672701120376587,kawaya urge ukambani voter reject gachagua back ruto,negative,0.4671177991930601,auto_bootstrap_lr
The Star,Party bigwig accused of allegedly bankrolling rebel factionThe whispers grew after the group publicly acknowledged the official's support.,,https://www.the-star.co.ke/news/corridors-of-power/2026-07-14-party-bigwig-accused-of-allegedly-bankrolling-rebel-faction,neutral,0.6699671745300293,party bigwig accused allegedly bankrolling rebel factionthe whisper grew group publicly acknowledged official support,positive,0.4672472639259784,auto_bootstrap_lr
World News API,Equity Life reports surge in retirement savings demand,,https://www.kenyamoja.com/index.php/video/equity-life-reports-surge-retirement-savings-demand-citizen-tv-411408,neutral,0.779315173625946,equity life report surge retirement saving demand,negative,0.46728999933530124,auto_bootstrap_lr
The Standard,Nairobi county retirees demand answers over delayed pension benefits,"Wed, 22 Jul 2026 17:42:49 +0300",https://www.standardmedia.co.ke/article/2001553492/nairobi-county-retirees-demand-answers-over-delayed-pension-benefits,neutral,0.7313134670257568,nairobi county retiree demand answer delayed pension benefit,positive,0.46740539229846256,auto_bootstrap_lr
NTV Kenya,Migrants in US on temporary status should seek permanent residence or...,,https://ntvkenya.co.ke/news/migrants-in-us-on-temporary-status-should-seek-permanent-residence-or-leave-homeland-secretary-says/,neutral,0.9322214722633362,migrant u temporary status seek permanent residence,negative,0.467442010553409,auto_bootstrap_lr
World News API,Maafisa 390 kunolewa GIS kubadili usimamizi wa ardhi,,https://www.kenyamoja.com/video/maafisa-390-kunolewa-gis-kubadili-usimamizi-wa-ardhi-ntv-video-411693,neutral,0.8414404988288879,maafisa kunolewa gi kubadili usimamizi wa ardhi,negative,0.4674994594234529,auto_bootstrap_lr
Standard - Politics,Oomph Gachagua got from Ol Kalou win,"Wed, 22 Jul 2026 06:00:00 +0300",https://www.standardmedia.co.ke/politics/article/2001553395/oomph-gachagua-got-from-ol-kalou-win,neutral,0.8147933483123779,oomph gachagua got ol kalou win,neutral,0.46767106125955454,auto_bootstrap_lr
NTV Kenya,"Battle for Kindiki seat: Oburu retreats as Coast, Western leaders eye DP...",,https://ntvkenya.co.ke/news/battle-for-kindiki-seat-oburu-retreats-as-coast-western-leaders-eye-dp-slot/,neutral,0.8882849812507629,battle kindiki seat oburu retreat coast western leader eye dp,neutral,0.4679028991937863,auto_bootstrap_lr
The Standard,AG now defends registrar's mistake on hospital land,"Thu, 02 Jul 2026 00:00:00 +0300",https://www.standardmedia.co.ke/article/2001551813/ag-now-defends-registrar-s-mistake-on-hospital-land,neutral,0.5174545645713806,ag defends registrar mistake hospital land,negative,0.4686871955908251,auto_bootstrap_lr
K24,Wacha mama apumzike: Ruto urges men to embrace family planning,"Thu, 23 Jul 2026 09:16:53 +0000",https://k24.digital/lifestyle/health-and-fitness/wacha-mama-apumzike-ruto-urges-men-to-embrace-family-planning,neutral,0.8753990530967712,wacha mama apumzike ruto urge men embrace family planning,positive,0.4687114492033133,auto_bootstrap_lr
The Standard,"Cardi B shrugs off Maduka Okoye dating rumours, says fame comes with scrutiny",,https://www.standardmedia.co.ke/entertainment/article/2001553483/cardi-b-shrugs-off-maduka-okoye-dating-rumours-says-fame-comes-with-scrutiny,neutral,0.8648675680160522,cardi b shrug maduka okoye dating rumour say fame come scrutiny,negative,0.46879068331576773,auto_bootstrap_lr
The Standard,What your child learns when you're not teaching...,,https://www.standardmedia.co.ke/features/article/2001553187/what-your-child-learns-when-youre-not-teaching,neutral,0.797095000743866,child learns teaching,negative,0.4693307413173163,auto_bootstrap_lr
The Standard,Gachagua dismisses Charles Owino's appointment as govt spokesperson,,https://www.standardmedia.co.ke/national/article/2001553521/gachagua-dismisses-charles-owinos-appointment-as-govt-spokesperson,neutral,0.6988847851753235,gachagua dismisses charles owino appointment govt spokesperson,negative,0.4696674896773027,auto_bootstrap_lr
Standard - Business,"7,800 youth gain skills in digital content creation","Tue, 21 Jul 2026 14:47:00 +0300",https://www.standardmedia.co.ke/business/article/2001553376/7-800-youth-gain-skills-in-digital-content-creation,neutral,0.5020126104354858,youth gain skill digital content creation,positive,0.4697557998996926,auto_bootstrap_lr
The Standard,"Haiti needs urgent help, Monicah Juma tells UN Security Council",,https://www.standardmedia.co.ke/national/article/2001553539/haiti-needs-urgent-help-monicah-juma-tells-un-security-council,neutral,0.8087323904037476,haiti need urgent help monicah juma tell un security council,negative,0.4701749340264007,auto_bootstrap_lr
The Standard,City Hall opts for generators as Sakaja fails to pay Kenya Power,,https://www.standardmedia.co.ke/nairobi/article/2001552438/city-hall-opts-for-generators-as-sakaja-fails-to-pay-kenya-power,neutral,0.6727449893951416,city hall opts generator sakaja fails pay kenya power,positive,0.4701899110527925,auto_bootstrap_lr
The Star,Project keeps over 380 vullnerable children in school in Suba North,,https://www.the-star.co.ke/counties/nyanza/2026-07-23-project-keeps-over-380-vullnerable-children-in-school-in-suba-north,neutral,0.741529107093811,project keep vullnerable child school suba north,negative,0.470239281611179,auto_bootstrap_lr
Nairobi Wire,Ruto Retires 250 Board Members in State Corporations Shake-Up,,,neutral,0.9256871938705444,ruto retires board member state corporation shake,negative,0.47029200399572973,auto_bootstrap_lr
KBC,"Mangroves hold the key to Kenya’s Blue Economy, stakeholders told","Sat, 25 Jul 2026 09:20:43 +0000",https://www.kbc.co.ke/mangroves-hold-the-key-to-kenyas-blue-economy-stakeholders-told/,neutral,0.5843011140823364,mangrove hold key kenya blue economy stakeholder told,positive,0.4705819126898807,auto_bootstrap_lr
The Star,News Brief: Gachagua allies plot fightback over ousterThese are the stories making the headlines in the Star.,,https://www.the-star.co.ke/news/news-brief/2024-10-21-news-brief-gachagua-allies-plot-fightback-over-ouster,neutral,0.9323838353157043,news brief gachagua ally plot fightback ousterthese story making headline star,negative,0.47071269024935686,auto_bootstrap_lr
The Star,New daycare gives teenage mothers a second chance at educationBabies at the centre are cared for by trained caregivers while their mothers attend classes,,https://www.the-star.co.ke/counties/central/2026-07-22-new-daycare-gives-teenage-mothers-a-second-chance-at-education,neutral,0.5667490363121033,new daycare give teenage mother second chance educationbabies centre cared trained caregiver mother attend class,positive,0.4708470888000757,auto_bootstrap_lr
The Star,Shilwatso backs Harambee Starlets to shine at WAFCON after intensive build-upDefender says France camp has sharpened Starlets ahead of Morocco opener,,https://www.the-star.co.ke/sports/football/2026-07-24-shilwatso-backs-harambee-starlets-to-shine-at-wafcon-after-intensive-build-up,neutral,0.6571823358535767,shilwatso back harambee starlet shine wafcon intensive build updefender say france camp sharpened starlet ahead morocco opener,positive,0.4708731675185467,auto_bootstrap_lr
The Standard,Tharaka Nithi county to construct three museums,,https://www.standardmedia.co.ke/central/article/2001553289/tharaka-nithi-county-to-construct-three-museums,neutral,0.910490870475769,tharaka nithi county construct three museum,negative,0.4713941585840941,auto_bootstrap_lr
The Star,OTIENO: The people's voice should guide every vote in ParliamentControversial laws are rarely the failure of one office or one individual. They are often the product of collective decisions made by institutions.,,https://www.the-star.co.ke/opinion/columnists/2026-07-20-otieno-the-peoples-voice-should-guide-every-vote-in-parliament,neutral,0.8085477948188782,otieno people voice guide every vote parliamentcontroversial law rarely failure one office one individual often product collective decision made institution,negative,0.4714288810491442,auto_bootstrap_lr
Citizen Digital (via Google News),Tusker land in Kigali with Kagame Cup glory in mind - Citizen Digital,"Fri, 24 Jul 2026 16:19:12 GMT",https://news.google.com/rss/articles/CBMilgFBVV95cUxQX2JBWUM2VW8zZHFLZGhuRkhmaEwxeWdCUjIxRk52UGwxeHBXMEZzeXRzR0E0WTVIVjNuR3hKdGYtOWloa3BYd1MxWXFycGJzNEh6SFJEWHhFX3VlVG16M1lPOVBSaXpnc05lRFhLSUgyWUF0VnFWeFl6VU9GR09XZ3BURjQwNWxSd2REbmdiZUpPOFBfV0E?oc=5,neutral,0.8300169706344604,tusker land kigali kagame cup glory mind citizen digital,positive,0.4714546521541005,auto_bootstrap_lr
Citizen Digital,"Nigeria's Tinubu approves army expansion to 12 divisions with 28,000 new recruits",2026-07-24 20:18:00,https://citizen.digital/article/nigerias-tinubu-approves-army-expansion-to-12-divisions-with-28000-new-recruits-n387073,neutral,0.7581357955932617,nigeria tinubu approves army expansion division new recruit,positive,0.47149207196292736,auto_bootstrap_lr
NTV Kenya,IEBC to deploy plain-clothes police to boost security in hotly contested...,,https://ntvkenya.co.ke/news/iebc-to-deploy-plain-clothes-police-to-boost-security-in-hotly-contested-areas/,neutral,0.864205539226532,iebc deploy plain clothes police boost security hotly contested,negative,0.4715945808231373,auto_bootstrap_lr
NTV Kenya,"Senior Tanzanian opposition leaders released on bail, party says",,https://ntvkenya.co.ke/news/senior-tanzanian-opposition-leaders-released-on-bail-party-says/,neutral,0.9234856963157654,senior tanzanian opposition leader released bail party say,negative,0.4716450600656028,auto_bootstrap_lr
The Star,G-SPOT: Malindi’s revellers who ignored the low seasonSummertides boosted local business but ruffled morality cops,,https://www.the-star.co.ke/sasa/lifestyle/2026-07-12-g-spot-malindis-revellers-who-ignored-the-low-season,neutral,0.5904077291488647,g spot malindi reveller ignored low seasonsummertides boosted local business ruffled morality cop,negative,0.4716765129502294,auto_bootstrap_lr
Citizen Digital (via Google News),"KCB fired up Prinsloo Sevens, says coach Amonde - Citizen Digital","Thu, 23 Jul 2026 08:12:27 GMT",https://news.google.com/rss/articles/CBMijwFBVV95cUxQTHE2T3U0Uko5aHJqZjYwWE9JbG5rWktCOHVBWXktZVp2Q21RT044TmZHVkxsMXV1bkdEaGlESHo5bTk5U0RYaGRHRkNDa2kwNzBxd1Vodk5OVGY3amFueHBVTzgtVVVjSzNPTDFlUi1uZWEwRzE4bTJlNEVYRllIWmRwaXR4cXNoZ2RuMXNEVQ?oc=5,neutral,0.9311836361885072,kcb fired prinsloo seven say coach amonde citizen digital,negative,0.47174214753774596,auto_bootstrap_lr
Citizen Digital (via Google News),Nigeria's Dangote raises Ksh.323B to expand Africa's largest refinery - Citizen Digital,"Fri, 24 Jul 2026 04:42:18 GMT",https://news.google.com/rss/articles/CBMiqgFBVV95cUxPNzhyY0xFMVFYODBoRWdfdnVQdVd2VWRtS2pDdGJ6eVpFbU9Kc0JDQVpWTFNVRTRiYTRyR3VYUGI4OXhKem1SNnFPQXlUS25GRmIwTEJhYXc1QTJBQ2VwSUZOb2J1Q2hMWk5uUFlNOUtaZFlQMm5EQkFIUVJmSlRwaG9BQ2xFRThzdXZxVF9RQ2l1NDZNWE8xT21TcW1QUjl0Wm0xVTNKZzFGdw?oc=5,neutral,0.8764553070068359,nigeria dangote raise ksh b expand africa largest refinery citizen digital,negative,0.47183350014356656,auto_bootstrap_lr
Kenyans.co.ke,Inside New Plan for Number Plates With Exclusive Parking,2026-07-22T13:00:27+0300,https://www.kenyans.co.ke/news/125498-drivers-ev-number-plates-enjoy-exclusive-parking-new-proposal,neutral,0.8777936697006226,inside new plan number plate exclusive parking,positive,0.47195687083024046,auto_bootstrap_lr
Citizen Digital (via Google News),Isiolo export abattoir ready for commissioning after 17 years - Citizen Digital,"Sun, 19 Jul 2026 09:29:35 GMT",https://news.google.com/rss/articles/CBMiowFBVV95cUxOQ2dBdkZlRktsS0EySFI2MXFGRV9fdjNRSlVfMzZjc2t5TkhDcHp4aUlDUUJBSVh0elBoNHRlOHh2c0NxX2ZuNW8yVVhuUF84NUNERm1NTWVMM2ROVHRLUnFiRC01Q3NFcnNMQUMxYXJZNjd3UVBfVjRSNmNXSF83TVNEUE1SWmJKMkliTkhvY09zRDU4dXd5eDg3bHY3OGZEWks4?oc=5,neutral,0.87184739112854,isiolo export abattoir ready commissioning year citizen digital,negative,0.4720419118753337,auto_bootstrap_lr
KBC,Iten Court clears Kaptagat Forest fencing as community joins case,"Fri, 24 Jul 2026 15:24:46 +0000",https://www.kbc.co.ke/iten-court-clears-kaptagat-forest-fencing-as-community-joins-case/,neutral,0.8564766645431519,iten court clear kaptagat forest fencing community join case,negative,0.4720944486479906,auto_bootstrap_lr
Standard - Business,How Treasury diverted Sh30 billion Eurobond money to cover domestic debt,"Sat, 18 Jul 2026 07:40:00 +0300",https://www.standardmedia.co.ke/business/article/2001553093/how-treasury-diverted-sh30-billion-eurobond-money-to-cover-domestic-debt,neutral,0.6720127463340759,treasury diverted sh billion eurobond money cover domestic debt,negative,0.4721725237446021,auto_bootstrap_lr
NTV Kenya,Magarini by-election: Drama as Kanagoni locals chase away MP Ken Chonga,,https://ntvkenya.co.ke/news/magarini-by-election-drama-as-kanagoni-locals-chase-away-mp-ken-chonga/,neutral,0.731209933757782,magarini election drama kanagoni local chase away mp ken chonga,negative,0.47243592180088045,auto_bootstrap_lr
The Star,"Sakaja unveils Nairobi’s first underground metro planUnder Phase One, the metro line will connect the Central Business District to Eastlands",,https://www.the-star.co.ke/counties/nairobi/2026-07-23-sakaja-unveils-nairobis-first-underground-metro-plan,neutral,0.716365396976471,sakaja unveils nairobi first underground metro planunder phase one metro line connect central business district eastlands,positive,0.47251607808779983,auto_bootstrap_lr
The Star,"Raabia, the ‘iron lady’ in nature’s deadly warFormer radio and TV journalist has taken her fight against poaching to the marine world",,https://www.the-star.co.ke/news/big-read/2026-07-15-raabia-the-iron-lady-in-natures-deadly-war,neutral,0.8012602925300598,raabia iron lady nature deadly warformer radio tv journalist taken fight poaching marine world,negative,0.472844910847808,auto_bootstrap_lr
NTV Kenya,NTSA defends controversial annual vehicle inspection directive,,https://ntvkenya.co.ke/news/ntsa-defends-controversial-annual-vehicle-inspection-directive/,neutral,0.6692270040512085,ntsa defends controversial annual vehicle inspection directive,negative,0.4728942613342665,auto_bootstrap_lr
The Standard,Sakaja's cabinet approves phase I of metropolitan transit system,,https://www.standardmedia.co.ke/nairobi/article/2001553486/sakajas-cabinet-approves-phase-i-of-metropolitan-transit-system,neutral,0.7140722870826721,sakaja cabinet approves phase metropolitan transit system,positive,0.47294924087026186,auto_bootstrap_lr
The Star,"Experts call for African unity to produce drugs, vaccinesContinent imports 80 per cent of pharmaceutical products and 99 per cent of vaccines making it vulnerable during outbreaks",,https://www.the-star.co.ke/counties/coast/2026-07-24-experts-call-for-african-unity-to-produce-drugs-vaccines,neutral,0.730308473110199,expert call african unity produce drug vaccinescontinent import per cent pharmaceutical product per cent vaccine making vulnerable outbreak,negative,0.4730772060937711,auto_bootstrap_lr
NTV Kenya,Kenya downplays Museveni’s claim over Indian Ocean ownership,,https://ntvkenya.co.ke/news/kenya-downplays-musevenis-claim-over-indian-ocean-ownership/,neutral,0.8241761922836304,kenya downplays museveni claim indian ocean ownership,negative,0.4731627748390654,auto_bootstrap_lr
NewsData.io,Jacob Ojee Attains World Rugby Level 2 Coaching Accreditation in 15s,,,neutral,0.8765587210655212,jacob ojee attains world rugby level coaching accreditation,positive,0.4732837457186056,auto_bootstrap_lr
The Standard,How do adults view mental health in children and youth?,,https://www.standardmedia.co.ke/health/health-science/article/2001553230/how-do-adults-view-mental-health-in-children-and-youth,neutral,0.9314382076263428,adult view mental health child youth,negative,0.4735368168311574,auto_bootstrap_lr
NTV Kenya,Uchumi Supermarket posts rare Sh8.8m profit,,https://ntvkenya.co.ke/news/uchumi-supermarkets-chain-posts-rare-sh8-8m-profit/,neutral,0.8020695447921753,uchumi supermarket post rare sh profit,positive,0.473704561101855,auto_bootstrap_lr
NTV Kenya,Zimbabwe lawmakers back legislation extending president’s time in...,,https://ntvkenya.co.ke/news/zimbabwe-lawmakers-back-legislation-extending-presidents-time-in-power/,neutral,0.9341431260108948,zimbabwe lawmaker back legislation extending president time,positive,0.4738721716586915,auto_bootstrap_lr
The East African,"Sall-Faye alliance built on UN contest, with an eye on domestic politics","Wed, 22 Jul 2026 12:47:13 GMT",https://www.theeastafrican.co.ke/tea/news/west-africa/sall-faye-alliance-senegal-5534268,neutral,0.8880997896194458,sall faye alliance built un contest eye domestic politics,neutral,0.47400032858315755,auto_bootstrap_lr
The Star,"Three days of drilling ended decades of water shortage in MasingaResidents used to walk 14km in search of water, but it's now been brought close to homes",,https://www.the-star.co.ke/news/big-read/2026-07-13-three-days-of-drilling-ended-decades-of-water-shortage-in-masinga,neutral,0.5699136257171631,three day drilling ended decade water shortage masingaresidents used walk km search water brought close home,negative,0.4740307023101805,auto_bootstrap_lr
Currents API,Africa: Young People At the Center of the 21st AMECEA Plenary Assembly - 'Do Not Be Robbed of Hope',,,neutral,0.7331794500350952,africa young people center st amecea plenary assembly robbed hope,positive,0.47428665385550417,auto_bootstrap_lr
Kenyans.co.ke,"Parliament Explains New Cabinet Vetting Featuring Malala, Winnie Odinga & Others",2026-07-23T19:46:32+0300,https://www.kenyans.co.ke/news/125549-parliament-dismisses-viral-cabinet-nominees-vetting-letter-fake,neutral,0.9452921748161316,parliament explains new cabinet vetting featuring malala winnie odinga others,positive,0.4743246490980704,auto_bootstrap_lr
The Standard,KNEC vows to safeguard exam integrity despite rising candidate numbers,,https://www.standardmedia.co.ke/education/article/2001553283/knec-vows-to-safeguard-exam-integrity-despite-rising-candidate-numbers,neutral,0.8196366429328918,knec vow safeguard exam integrity despite rising candidate number,negative,0.47451034177814344,auto_bootstrap_lr
Kenya News Agency,Maalim urges Northern Kenya residents to register as voters,"Mon, 20 Jul 2026 08:32:50 +0000",https://www.kenyanews.go.ke/maalim-urges-northern-kenya-residents-to-register-as-voters/,neutral,0.9298937916755676,maalim urge northern kenya resident register voter,positive,0.4747811183119663,auto_bootstrap_lr
The Standard,Mombasa lawyers push for judicial reforms as court boycott continues,,https://www.standardmedia.co.ke/coast/article/2001553630/mombasa-lawyers-push-for-judicial-reforms-as-court-boycott-continues,neutral,0.693142294883728,mombasa lawyer push judicial reform court boycott continues,negative,0.47496085201243055,auto_bootstrap_lr
World News API,Western on standstill as rival politicians scramble for Mulembe cake,,https://www.standardmedia.co.ke/politics/article/2001553692/western-on-standstill-as-rival-politicians-scramble-for-mulembe-cake,neutral,0.8148936629295349,western standstill rival politician scramble mulembe cake,negative,0.47505466135889785,auto_bootstrap_lr
K24 Tv,Bernice Saroni recalls tearful 19-hour flight after leaving children behind to start life in America,2026-07-24 23:11:13,https://k24.digital/entertainment/celebrity/bernice-saroni-recalls-tearful-19-hour-flight-after-leaving-children-behind-to-start-life-in-america,neutral,0.4956625699996948,bernice saroni recall tearful hour flight leaving child behind start life america,positive,0.47516967505175856,auto_bootstrap_lr
World News API,Wandayi and political awakening in Luo Nyanza,,https://www.standardmedia.co.ke/opinion/article/2001553714/wandayi-and-political-awakening-in-luo-nyanza,neutral,0.9210587739944458,wandayi political awakening luo nyanza,negative,0.47520201738290463,auto_bootstrap_lr
The Standard Headlines,Gachagua: Why Ruto will not steal the 2027 General Election,"Wed, 22 Jul 2026 20:24:26 +0300",https://www.standardmedia.co.ke/article/2001553510/gachagua-why-ruto-will-not-steal-the-2027-general-election,neutral,0.7970644235610962,gachagua ruto steal general election,negative,0.4754106919311964,auto_bootstrap_lr
Kahawa Tungu,Murkomen Extends Security Disturbed Declaration in Parts of Marsabit,"Sat, 25 Jul 2026 08:29:09 +0000",https://kahawatungu.com/murkomen-extends-security-disturbed-declaration-in-parts-of-marsabit/,neutral,0.7614344358444214,murkomen extends security disturbed declaration part marsabit,negative,0.4758672777342589,auto_bootstrap_lr
K24,"Iraola outlines Liverpool’s transfer plans, backs Alisson and hails Szoboszlai’s leadership","Wed, 22 Jul 2026 15:50:42 +0000",https://k24.digital/sports/epl/iraola-outlines-liverpools-transfer-plans-backs-alisson-and-hails-szoboszlais-leadership,neutral,0.8704004287719727,iraola outline liverpool transfer plan back alisson hail szoboszlai leadership,positive,0.47612402968000733,auto_bootstrap_lr
Citizen Digital,Michael Oyamo convened meeting to deliver Sharon Otieno to her killers - Court,,https://citizen.digital/article/michael-oyamo-convened-meeting-to-deliver-sharon-otieno-to-her-killers-court-n386976,neutral,0.7459577918052673,michael oyamo convened meeting deliver sharon otieno killer court,negative,0.4761600221748437,auto_bootstrap_lr
NewsData.io,"Kazakhstan and Kenya discuss trade, logistics and agricultural cooperation",,,neutral,0.938503921031952,kazakhstan kenya discus trade logistics agricultural cooperation,positive,0.476258163453834,auto_bootstrap_lr
Standard - Business,US unveils new 25 per cent tariff on certain imports from Brazil,"Thu, 16 Jul 2026 17:18:03 +0300",https://www.standardmedia.co.ke/business/article/2001552980/us-unveils-new-25-per-cent-tariff-on-certain-imports-from-brazil,neutral,0.6292930245399475,u unveils new per cent tariff certain import brazil,positive,0.476379723645861,auto_bootstrap_lr
The Standard,Kenya's post-Vision 2030 plan deserves more attention,,https://www.standardmedia.co.ke/opinion/article/2001553697/kenyas-post-vision-2030-plan-deserves-more-attention,neutral,0.7401314973831177,kenya post vision plan deserves attention,positive,0.4766555459574202,auto_bootstrap_lr
Citizen Digital,"3 hours agoMashujaa Day celebrations to be held in three Rift Valley counties - CS MurkomenBy Brian KimaniMurkomen noted that the government is on course to deliver sports infrastructure, roads, energy and other projects in the three counties in readiness for the week-long...Read More",,https://citizen.digital/article/mashujaa-day-celebrations-to-be-held-in-three-rift-valley-counties-cs-murkomen-n386988,neutral,0.6176687479019165,hour agomashujaa day celebration held three rift valley county c murkomenby brian kimanimurkomen noted government course deliver sport infrastructure road energy project three county readiness week long read,negative,0.47667802753072963,auto_bootstrap_lr
Kahawa Tungu,Ruto Appoints Former Bumula MP Moses Mabonga to Energy Regulator Board,"Sat, 25 Jul 2026 07:05:36 +0000",https://kahawatungu.com/ruto-appoints-former-bumula-mp-moses-mabonga-to-energy-regulator-board/,neutral,0.9250509142875672,ruto appoints former bumula mp moses mabonga energy regulator board,negative,0.4769392218827111,auto_bootstrap_lr
K24,Justina Syokau flaunts new look after losing 17kg in 2 months with Ozempic,"Wed, 22 Jul 2026 13:03:03 +0000",https://k24.digital/entertainment/celebrity/justina-syokau-flaunts-new-look-after-losing-17kg-in-2-months-with-ozempic,neutral,0.7130836844444275,justina syokau flaunt new look losing kg month ozempic,positive,0.47738050585186675,auto_bootstrap_lr
The Star,NASSIR: Unlocking Mombasa begins with smarter aviation policyAir access Kenya’s next great economic opportunity to unlocking vast revenue but Moi Airport receives far too few flights.,,https://www.the-star.co.ke/siasa/2026-07-19-nassir-unlocking-mombasa-begins-with-smarter-aviation-policy,neutral,0.7176148891448975,nassir unlocking mombasa begin smarter aviation policyair access kenya next great economic opportunity unlocking vast revenue moi airport receives far flight,positive,0.47757849871751845,auto_bootstrap_lr
Citizen Digital (via Google News),CS Ruku: UDA spent about Ksh.100M in Ol-Kalou by-election campaigns - Citizen Digital,"Mon, 20 Jul 2026 06:00:29 GMT",https://news.google.com/rss/articles/CBMiqAFBVV95cUxOSVFIeTBJVjUzTDZxYXA3RnBMekUyX3N5aVNweHFsSGNTOVppd3RoMXp2NTZsM1Z4VnNtSzJrZGp2aTN0Y3F0WVdsNlhkajJ1VS1yUVM5U0VZXzExZnZYYzJwYzR0M1puTUN3eVRNU2otYl91MlZEV2p3bjZQS1RPdVFWZGF5NVhqMHhkZ0kyQWg5ZDBYX2NzQ2c1VkQ2OFFBLS1rUU9XUmc?oc=5,neutral,0.9308583736419678,c ruku uda spent ksh ol kalou election campaign citizen digital,negative,0.4778436653534829,auto_bootstrap_lr
Citizen Digital (via Google News),New UK PM Burnham stamps authority with cabinet shakeup - Citizen Digital,"Tue, 21 Jul 2026 05:41:31 GMT",https://news.google.com/rss/articles/CBMimwFBVV95cUxQMGEtYkVyTVpWOGFHNmNSOEtLZ1JER0l3OWpaX0g3OGxHVFZ3RVNydXNmbFctc2RaOV9HeFpfcVJxdUFyVE1ic3FBMGxRd1l3MmdMa2tmWXdDLUxfdDJHc2xqRXNOanpzY1lWS1R3NXA2TVVkcTdyclBuM0xrQXFzd1FEYlpKSDlNM0dHSFVLY0VWSUVhSDdOTHlmbw?oc=5,neutral,0.9446607232093812,new uk pm burnham stamp authority cabinet shakeup citizen digital,positive,0.4778482456225538,auto_bootstrap_lr
The Standard,UK withdraws remaining diplomats from Iran,,https://www.standardmedia.co.ke/europe/article/2001553564/uk-withdraws-remaining-diplomats-from-iran,neutral,0.6917147040367126,uk withdraws remaining diplomat iran,negative,0.4779162829973604,auto_bootstrap_lr
Citizen Digital (via Google News),"""Wajinga waliisha Kenya!"" How Ol Kalou residents offered a masterclass on fearlessly protecting the vote - Citizen Digital","Fri, 17 Jul 2026 12:44:37 GMT",https://news.google.com/rss/articles/CBMi2AFBVV95cUxQUFZncWFlS01TTWI2bmdKVUlZRmx6TldkMmhlSE1GZVJxZVhReDBwcmI5aWNvWHpQbFFGT3JrNFl4MUdRa1lwWnFXTWlRQ2RxWFRqaHY5Z1BsMTQ1R1lDRnV5d2UxNDVTYk52QThGRVpsUFJQNUZ4QzhuZk14VHNVeGJ4bEZqZEt6dUJXUmlKZlF1aDF1LVRmQ3FBYUtCc1NrMm9WUWJmQ3d1U0hGZ216US16dXVqR1lmS2ZvYXAwc18teHktTGI5SEY4MXh3aWU5WUdPcVROS1c?oc=5,neutral,0.7433401942253113,wajinga waliisha kenya ol kalou resident offered masterclass fearlessly protecting vote citizen digital,negative,0.4782063076899891,auto_bootstrap_lr
NTV Kenya,Woman accused of tracking President Ruto’s flights freed as court closes case,"Mon, 06 Jul 2026 13:02:24 +0000",https://ntvkenya.co.ke/news/woman-accused-of-tracking-president-rutos-flights-freed-as-court-closes-case/,neutral,0.7229846715927124,woman accused tracking president ruto flight freed court close case,negative,0.4786216244573136,auto_bootstrap_lr
The Standard,France to unveil new coach July 28 as Zidane waits in wings,,https://www.standardmedia.co.ke/sports/football/article/2001553562/france-to-unveil-new-coach-july-28-as-zidane-waits-in-wings,neutral,0.811909556388855,france unveil new coach july zidane wait wing,positive,0.47882979777407647,auto_bootstrap_lr
Standard - Politics,Oburu: We are not shaken by Ol-Kalou loss,"Tue, 21 Jul 2026 11:21:07 +0300",https://www.standardmedia.co.ke/politics/article/2001553344/oburu-we-are-not-shaken-by-ol-kalou-loss,neutral,0.7587442398071289,oburu shaken ol kalou loss,neutral,0.4791544710193271,auto_bootstrap_lr
Capital FM Kenya,"President Ruto Hosts 5,000 Artisans at State House, Announces Civil Servants’ Salary Increase","Thu, 23 Jul 2026 09:02:36 +0000",https://capitalfm.africa/president-ruto-hosts-5000-artisans-at-state-house-announces-civil-servants-salary-increase/,neutral,0.82879638671875,president ruto host artisan state house announces civil servant salary increase,negative,0.47934621596487303,auto_bootstrap_lr
K24,Man City completes signing of England midfielder Elliot Anderson,"Thu, 23 Jul 2026 17:25:06 +0000",https://k24.digital/sports/epl/man-city-completes-signing-of-england-midfielder-elliot-anderson,neutral,0.8948550820350647,man city completes signing england midfielder elliot anderson,negative,0.47967826509250294,auto_bootstrap_lr
NTV Kenya,"Trial for Bundibugyo Ebola treatment starts in DRC, WHO say",,https://ntvkenya.co.ke/news/trial-for-bundibugyo-ebola-treatment-starts-in-drc-who-say/,neutral,0.9016828536987304,trial bundibugyo ebola treatment start drc say,negative,0.48012147204885425,auto_bootstrap_lr
NTV Kenya,Mosiria moved from Environment docket in Sakaja’s latest reshuffle,,https://ntvkenya.co.ke/news/mosiria-moved-from-environment-docket-in-sakajas-latest-reshuffle/,neutral,0.9195364117622375,mosiria moved environment docket sakaja latest reshuffle,negative,0.4804217335783931,auto_bootstrap_lr
World News API,"Piles of cash and a town of solutions in Kenya, Nigeria (Summer School)",,https://www.npr.org/2026/07/24/nx-s1-5894830/summer-school-kenya-nigeria-cash-development-experiment,neutral,0.8405212759971619,pile cash town solution kenya nigeria summer school,negative,0.48051107531908493,auto_bootstrap_lr
NTV Kenya,Why court should have nullified Gachagua’s impeachment – SC...,,https://ntvkenya.co.ke/news/why-court-should-have-nullified-gachaguas-impeachment-sc-charles-kanjama/,neutral,0.612461507320404,court nullified gachagua impeachment sc,negative,0.4806702155335072,auto_bootstrap_lr
Capital FM Kenya,Eastern African prosecutors step up fight against crypto crime with regional training,"Thu, 23 Jul 2026 14:25:53 +0000",https://capitalfm.africa/eastern-african-prosecutors-step-up-fight-against-crypto-crime-with-regional-training/,neutral,0.7889710068702698,eastern african prosecutor step fight crypto crime regional training,negative,0.48079424096997164,auto_bootstrap_lr
Standard - Politics,"How Ruto met Oburu and Ole Kina at night, ordered Sifuna's removal","Fri, 17 Jul 2026 10:15:00 +0300",https://www.standardmedia.co.ke/politics/article/2001553020/how-ruto-met-oburu-and-ole-kina-at-night-ordered-sifuna-s-removal,neutral,0.7491611838340759,ruto met oburu ole kina night ordered sifuna removal,neutral,0.4808459094239046,auto_bootstrap_lr
K24,Anthony Taylor’s retirement: Top controversies of EPL ref and why Chelsea fans are happy with his exit,"Tue, 21 Jul 2026 18:02:52 +0000",https://k24.digital/sports/epl/anthony-taylors-retirement-top-controversies-of-epl-ref-and-why-chelsea-fans-are-happy-with-his-exit,neutral,0.7688390016555786,anthony taylor retirement top controversy epl ref chelsea fan happy exit,positive,0.4810837931494631,auto_bootstrap_lr
World News API,Patching Africa’s Scars: Why West Africa Needs an Undergraduate and Postgraduate Discipline in Border Studies and Pan-African Integration,,,neutral,0.8560843467712402,patching africa scar west africa need undergraduate postgraduate discipline border study pan african integration,positive,0.481234966041971,auto_bootstrap_lr
The Star,"Turkana backs Kapedo military base to bolster security, unlock developmentDeputy governor says military base will boost security and attract development",,https://www.the-star.co.ke/counties/rift-valley/2026-07-23-turkana-backs-kapedo-military-base-to-bolster-security-unlock-development,neutral,0.5557417869567871,turkana back kapedo military base bolster security unlock developmentdeputy governor say military base boost security attract development,positive,0.48158139974702857,auto_bootstrap_lr
Citizen Digital,A father’s walk against sickle cell disease,,https://citizen.digital/article/a-fathers-walk-against-sickle-cell-disease-n385422,neutral,0.7095766663551331,father walk sickle cell disease,negative,0.48194507118734314,auto_bootstrap_lr
World News API,"THE EXPLAINER 21ST JULY, 2026",,,neutral,0.8892349004745483,explainer st july,negative,0.48201710823343125,auto_bootstrap_lr
The Standard,Concern over management of Nairobi Food Certification Unit,"Mon, 18 May 2026 14:41:24 +0300",https://www.standardmedia.co.ke/article/2001548110/concern-over-management-of-nairobi-food-certification-unit,neutral,0.6512427926063538,concern management nairobi food certification unit,negative,0.482099378025084,auto_bootstrap_lr
The Star,Top official with huge perks rarely in officeInsiders claim he purportedly spends more time at airports than at his desk,,https://www.the-star.co.ke/news/corridors-of-power/2026-07-11-top-official-with-huge-perks-rarely-in-office,neutral,0.57624351978302,top official huge perk rarely officeinsiders claim purportedly spends time airport desk,positive,0.48228765842165494,auto_bootstrap_lr
K24,Why garlic turns blue or green when cooked in vinegar,"Thu, 23 Jul 2026 07:32:32 +0000",https://k24.digital/lifestyle/food-and-culinary/why-garlic-turns-blue-or-green-when-cooked-in-vinegar,neutral,0.7777913212776184,garlic turn blue green cooked vinegar,positive,0.4824407031014262,auto_bootstrap_lr
Standard - Business,20 African nations approve formation of a regional maritime university,"Fri, 17 Jul 2026 00:00:00 +0300",https://www.standardmedia.co.ke/business/article/2001552996/20-african-nations-approve-formation-of-a-regional-maritime-university,neutral,0.6768354773521423,african nation approve formation regional maritime university,positive,0.4824702956863551,auto_bootstrap_lr
NewsData.io,Business News | AI-infrastructure Platform InfoBay.AI Crosses Rs 100 Crores in Revenue in FY 2025-26,,,neutral,0.6638894081115723,business news ai infrastructure platform infobay ai cross r crore revenue fy,positive,0.4825560915146063,auto_bootstrap_lr
NTV Kenya,CCTV shows heated altercation between MP Babu Owino and MCA Robert Alai,,https://ntvkenya.co.ke/news/cctv-shows-heated-altercation-between-mp-babu-owino-and-mca-robert-alai/,neutral,0.9106069803237916,cctv show heated altercation mp babu owino mca robert alai,negative,0.48283365750038426,auto_bootstrap_lr
The Standard,Why teachers are demanding fresh pay talks,,https://www.standardmedia.co.ke/education/article/2001553508/why-teachers-are-demanding-fresh-pay-talks,neutral,0.6774954795837402,teacher demanding fresh pay talk,negative,0.4829001291209408,auto_bootstrap_lr
NTV Kenya,Singer Celine Dion announces comeback after health battle,,https://ntvkenya.co.ke/news/singer-celine-dion-announces-comeback-after-health-battle/,neutral,0.8757695555686951,singer celine dion announces comeback health battle,negative,0.4831690479677593,auto_bootstrap_lr
K24,"The real difference between saving and investing, what you need to know","Sat, 25 Jul 2026 10:20:46 +0000",https://k24.digital/lifestyle/money/the-real-difference-between-saving-and-investing-what-you-need-to-know,neutral,0.8239277601242065,real difference saving investing need know,negative,0.48352967879959124,auto_bootstrap_lr
KBC,"African leaders launch health financing dashboard, urge increased investment","Wed, 22 Jul 2026 06:24:51 +0000",https://www.kbc.co.ke/african-leaders-launch-health-financing-dashboard-urge-increased-investment/,neutral,0.712466835975647,african leader launch health financing dashboard urge increased investment,positive,0.4839276390577652,auto_bootstrap_lr
World News API,Violet Chanya avishwa taji la Mwanamke Bomba,2026-07-19 00:00:00,,neutral,0.883799135684967,violet chanya avishwa taji la mwanamke bomba,negative,0.4842161381730534,auto_bootstrap_lr
The Star,Dadaab leaders rally residents to embrace peaceful campaignsThe leaders warned that heightened political activity could create security vulnerabilities,,https://www.the-star.co.ke/counties/north-eastern/2026-07-21-dadaab-leaders-rally-residents-to-embrace-peaceful-campaigns,neutral,0.7511380314826965,dadaab leader rally resident embrace peaceful campaignsthe leader warned heightened political activity could create security vulnerability,negative,0.48447301071975796,auto_bootstrap_lr
The Standard,Joy as Isiolo gets first care centre for the elderly,,https://www.standardmedia.co.ke/health/family-wellness/article/2001553512/joy-as-isiolo-gets-first-care-centre-for-the-elderly,neutral,0.5555312037467957,joy isiolo get first care centre elderly,positive,0.4847941731583724,auto_bootstrap_lr
The Star,MPs intensify probe on how KRA abandoned Sh2.1bn in sugar taxesThe dispute involves a consignment of raw cane sugar imported from South Africa,,https://www.the-star.co.ke/business/markets/2026-07-17-mps-intensify-probe-on-how-kra-abandoned-sh21bn-in-sugar-taxes,neutral,0.5302699208259583,mp intensify probe kra abandoned sh bn sugar taxesthe dispute involves consignment raw cane sugar imported south africa,negative,0.484818899730576,auto_bootstrap_lr
Standard - Politics,Six DCP senators turn heads in matching party colours,"Tue, 21 Jul 2026 15:55:00 +0300",https://www.standardmedia.co.ke/politics/article/2001553413/six-dcp-senators-turn-heads-in-matching-party-colours,neutral,0.8497044444084167,six dcp senator turn head matching party colour,negative,0.4849647603812448,auto_bootstrap_lr
K24,Chelsea confirm Morgan Rogers’ squad number after completing transfer,"Wed, 22 Jul 2026 14:33:26 +0000",https://k24.digital/sports/epl/chelsea-confirm-morgan-rogers-squad-number-after-completing-transfer,neutral,0.9065764546394348,chelsea confirm morgan rogers squad number completing transfer,positive,0.4852610676796437,auto_bootstrap_lr
NewsData.io,Master Wood Working Ltd Launches Modern Wooden Staircase Design in Birmingham,,,neutral,0.8624948859214783,master wood working ltd launch modern wooden staircase design birmingham,positive,0.48533336465129767,auto_bootstrap_lr
Citizen Digital (via Google News),World Cup trophy to arrive in style in bespoke Louis Vuitton trunk - Citizen Digital,"Fri, 17 Jul 2026 07:06:56 GMT",https://news.google.com/rss/articles/CBMiqgFBVV95cUxOUU00TlpSQXM0WmwxbXBHSGNRY3g4bDlGN2dOR3llUHhKSE9QbzdISHVXaDd1THRWWU1USi02SjdIaVhyTFYteUVjeWNEcjF4WS1vOUhsX3VIbWFjekVad2dFeUpqRUtvdlpLOFd3a0FERXlyN3VFbjJhdW95Q2ZQUnlzYno3a0lYX3dNTWhvbUVBRHhKZ2ZROGo3UW1TdVp1dzRfeEdjTmhZUQ?oc=5,neutral,0.537402868270874,world cup trophy arrive style bespoke louis vuitton trunk citizen digital,neutral,0.48545466026154604,auto_bootstrap_lr
The Star,Politico in dilemma as he seeks redemption from Number One,,https://www.the-star.co.ke/news/corridors-of-power/2026-07-12-politico-in-dilemma-as-he-seeks-redemption-from-number-one,neutral,0.6923386454582214,politico dilemma seek redemption number one,negative,0.4857500411409237,auto_bootstrap_lr
Standard - Business,Elon Musk's chip that can perform Jesus-level miracles and who controls the switch?,"Wed, 22 Jul 2026 06:30:00 +0300",https://www.standardmedia.co.ke/business/article/2001553420/elon-musk-s-chip-that-can-perform-jesus-level-miracles-and-who-controls-the-switch,neutral,0.6753297448158264,elon musk chip perform jesus level miracle control switch,negative,0.4859958053235132,auto_bootstrap_lr
World News API,Time to build an EV conversion ecosystem at scale,,https://www.thedailystar.net/opinion/views/news/time-build-ev-conversion-ecosystem-scale-4231636,neutral,0.5805602669715881,time build ev conversion ecosystem scale,positive,0.48645854724893206,auto_bootstrap_lr
Kenya News Agency,Government officials seek Mount Kenya support for Ruto’s re-election bid,"Mon, 20 Jul 2026 08:17:48 +0000",https://www.kenyanews.go.ke/government-officials-seek-mount-kenya-support-for-rutos-re-election-bid/,neutral,0.8298007249832153,government official seek mount kenya support ruto election bid,positive,0.48665871816779327,auto_bootstrap_lr
Citizen Digital,News•30 seconds agoRelieved Russell says Mercedes have solved his power problems mysteryBy AFP,,https://citizen.digital/article/relieved-russell-says-mercedes-have-solved-his-power-problems-mystery-n387006,neutral,0.6814559102058411,news second agorelieved russell say mercedes solved power problem mysteryby afp,negative,0.4868759923591138,auto_bootstrap_lr
NTV Kenya,Tanzania: Chadema demands release of leaders held over Saba Saba protest claims,"Thu, 09 Jul 2026 12:04:59 +0000",https://ntvkenya.co.ke/news/tanzania-chadema-demands-release-of-leaders-held-over-saba-saba-protest-claims/,neutral,0.6671983003616333,tanzania chadema demand release leader held saba saba protest claim,negative,0.486876027503336,auto_bootstrap_lr
Kenyans.co.ke,Ruto Announces Full Funding for All University & College Students,2026-07-21T11:04:44+0300,https://www.kenyans.co.ke/news/125456-ruto-announces-100-funding-new-university-students,neutral,0.5560227632522583,ruto announces full funding university college student,positive,0.48703063801842217,auto_bootstrap_lr
The Standard,Kenya calls for global push to end Sudan conflict,,https://www.standardmedia.co.ke/africa/article/2001553394/kenya-calls-for-global-push-to-end-sudan-conflict,neutral,0.8510370850563049,kenya call global push end sudan conflict,positive,0.4870969401550271,auto_bootstrap_lr
The Star,She left TV to build an animation dreamMary Wanjiku went from watching Cartoon Network to winning Kalasha award for her own production,,https://www.the-star.co.ke/sasa/entertainment/2026-07-02-she-left-tv-to-build-an-animation-dream,neutral,0.783626914024353,left tv build animation dreammary wanjiku went watching cartoon network winning kalasha award production,positive,0.48710478929468437,auto_bootstrap_lr
NTV Kenya,"Matatus restricted, but private cars allowed on Thika Road during Saba Saba","Tue, 07 Jul 2026 10:19:15 +0000",https://ntvkenya.co.ke/news/matatus-restricted-but-private-cars-allowed-on-thika-road-during-saba-saba/,neutral,0.9071463346481324,matatus restricted private car allowed thika road saba saba,negative,0.4874402106490217,auto_bootstrap_lr
K24,Babu Owino denies claims linking him to ‘Wash Wash’ operations,"Thu, 23 Jul 2026 17:22:25 +0000",https://k24.digital/entertainment/celebrity/babu-owino-denies-claims-linking-him-to-wash-wash-operations,neutral,0.5150888562202454,babu owino denies claim linking wash wash operation,negative,0.48748762953003627,auto_bootstrap_lr
NTV Kenya,Ruto hits back at critics over frequent foreign trips,,https://ntvkenya.co.ke/news/ruto-hits-back-at-critics-over-frequent-foreign-trips/,neutral,0.7335492968559265,ruto hit back critic frequent foreign trip,negative,0.48754158741300224,auto_bootstrap_lr
Standard - Business,New deal to give KDF home loans,"Fri, 17 Jul 2026 00:00:00 +0300",https://www.standardmedia.co.ke/business/article/2001552975/new-deal-to-give-kdf-home-loans,neutral,0.894359827041626,new deal give kdf home loan,positive,0.4876735302252981,auto_bootstrap_lr
The Star,"The filmmaker shifting public’s views on trash‘Afterlife of Waste’ shows how garbage is a mirror of society, says filmmaker Sally Ngoiri",,https://www.the-star.co.ke/sasa/society/2026-07-11-cover,neutral,0.5218596458435059,filmmaker shifting public view trash afterlife waste show garbage mirror society say filmmaker sally ngoiri,negative,0.48792548157570786,auto_bootstrap_lr
K24,CAF boss Motsepe speaks for first time after Somali referee Omar Artan was denied US entry,"Thu, 23 Jul 2026 10:08:35 +0000",https://k24.digital/sports/world-cup/caf-boss-motsepe-speaks-for-first-time-after-somali-referee-omar-artan-was-denied-us-entry,neutral,0.7535397410392761,caf bos motsepe speaks first time somali referee omar artan denied u entry,positive,0.48814927249530915,auto_bootstrap_lr
K24,Jakes Nyanjom speaks from the heart after candle-lighting vigil for late journalist Rose Mbugua,"Thu, 23 Jul 2026 14:49:21 +0000",https://k24.digital/entertainment/celebrity/jakes-nyanjom-speaks-from-the-heart-after-candle-lighting-vigil-for-late-journalist-rose-mbugua,neutral,0.8590167760848999,jakes nyanjom speaks heart candle lighting vigil late journalist rose mbugua,negative,0.48832595585419764,auto_bootstrap_lr
NTV Kenya,Rift Valley succession battle threatens Ruto’s political backyard,"Fri, 10 Jul 2026 07:46:42 +0000",https://ntvkenya.co.ke/news/rift-valley-succession-battle-threatens-rutos-political-backyard/,neutral,0.7998495697975159,rift valley succession battle threatens ruto political backyard,negative,0.48845300548174536,auto_bootstrap_lr
NTV Kenya,"NTV Uganda, Daily Monitor remain under military siege as Gen Muhoozi...",,https://ntvkenya.co.ke/news/ntv-uganda-daily-monitor-remain-under-military-siege-as-gen-muhoozi-signals-talks-on-reopening/,neutral,0.7484174966812134,ntv uganda daily monitor remain military siege gen muhoozi,negative,0.4885117503826564,auto_bootstrap_lr
K24,De Zerbi eager for more attacking reinforcements as Spurs continue squad rebuild,"Sat, 25 Jul 2026 09:03:40 +0000",https://k24.digital/sports/epl/de-zerbi-eager-for-more-attacking-reinforcements-as-spurs-continue-squad-rebuild,neutral,0.6432139277458191,de zerbi eager attacking reinforcement spur continue squad rebuild,positive,0.48892587678620203,auto_bootstrap_lr
The Star,"Joho, Marsabit leaders move to revive Hillo Gold MinesThe leaders establishd a multi-agency team to undertake a comprehensive field assessment",,https://www.the-star.co.ke/counties/north-eastern/2026-07-22-joho-marsabit-leaders-move-to-revive-hillo-gold-mines,neutral,0.7372871041297913,joho marsabit leader move revive hillo gold minesthe leader establishd multi agency team undertake comprehensive field assessment,positive,0.48944445655370633,auto_bootstrap_lr
The Star,Mutuse urges Kalonzo to join Ruto ahead of 2027 polls,,https://www.the-star.co.ke/counties/eastern/2026-07-23-mutuse-urges-kalonzo-to-join-ruto-ahead-of-2027-polls,neutral,0.9309337735176086,mutuse urge kalonzo join ruto ahead poll,positive,0.4896570296753573,auto_bootstrap_lr
The Standard,Chuka University roots for technology collaboration in livestock production,,https://www.standardmedia.co.ke/eastern/article/2001553448/chuka-university-roots-for-technology-collaboration-in-livestock-production,neutral,0.7895376682281494,chuka university root technology collaboration livestock production,positive,0.4898571925491031,auto_bootstrap_lr
Nairobi Wire,Ruto Credits Uhuru for Two-Year Break That Produced Kenya Kwanza Plan,"Wed, 22 Jul 2026 03:50:29 +0000",https://nairobiwire.com/2026/07/ruto-uhuru-leave-of-absence-kenya-kwanza-manifesto.html,neutral,0.7919133305549622,ruto credit uhuru two year break produced kenya kwanza plan,neutral,0.49013202634647823,auto_bootstrap_lr
Capital FM,Court declines urgent bid to halt NTSA’s rollout of digital logbooks,"Sat, 25 Jul 2026 08:34:13 +0000",https://capitalfm.africa/court-declines-urgent-bid-to-halt-ntsas-rollout-of-digital-logbooks/,neutral,0.5364536046981812,court decline urgent bid halt ntsa rollout digital logbook,negative,0.49030749221671804,auto_bootstrap_lr
Capital FM Kenya,CS Murkomen: International Forensic Accreditation to Strengthen Criminal Prosecutions,"Thu, 23 Jul 2026 08:32:41 +0000",https://capitalfm.africa/cs-murkomen-international-forensic-accreditation-to-strengthen-criminal-prosecutions/,neutral,0.8794057965278625,c murkomen international forensic accreditation strengthen criminal prosecution,negative,0.49056008547703783,auto_bootstrap_lr
World News API,"‘I thought, I’ve tried everything else, why not give AI a shot?’: the long-lost family reunited by ChatGPT",,https://www.theguardian.com/lifeandstyle/ng-interactive/2026/jul/25/long-lost-family-reunited-chatgpt-artificial-intelligence-ai,neutral,0.7894640564918518,thought tried everything else give ai shot long lost family reunited chatgpt,positive,0.49065110636181636,auto_bootstrap_lr
World News API,Kaunti 39 kunufaika na mafunzo ya GIS Kuboresha usimamizi wa ardhi,,https://www.kenyamoja.com/video/kaunti-39-kunufaika-na-mafunzo-ya-gis-kuboresha-usimamizi-wa-ardhi-ntv-video-411693,neutral,0.8944410085678101,kaunti kunufaika na mafunzo ya gi kuboresha usimamizi wa ardhi,negative,0.49072990431548125,auto_bootstrap_lr
NTV Kenya,Matiang’i warns ODM against dragging Uhuru into party wars,,https://ntvkenya.co.ke/news/matiangi-warns-odm-against-dragging-uhuru-into-party-wars/,neutral,0.7446317076683044,matiang warns odm dragging uhuru party war,negative,0.49096246821296297,auto_bootstrap_lr
NTV Kenya,Kang’ata urges Linda Mwananchi team to reach out to Gachagua,,https://ntvkenya.co.ke/news/kangata-urges-linda-mwananchi-team-to-reach-out-to-gachagua/,neutral,0.9154565930366516,kang ata urge linda mwananchi team reach gachagua,neutral,0.4911470732558694,auto_bootstrap_lr
NewsData.io,"Panama publishes visa policy, names African countries eligible for visa-free travel",,,neutral,0.8847636580467224,panama publishes visa policy name african country eligible visa free travel,negative,0.4912991764391861,auto_bootstrap_lr
Standard - Business,"How Lapfund's mega development redefines Nairobi, tests infrastructure","Tue, 21 Jul 2026 06:00:00 +0300",https://www.standardmedia.co.ke/business/article/2001553320/how-lapfund-s-mega-development-redefines-nairobi-tests-infrastructure,neutral,0.6394371390342712,lapfund mega development redefines nairobi test infrastructure,positive,0.49162229361670334,auto_bootstrap_lr
KBC News,Charles Owino appointed Government Spokesperson,,,neutral,0.900084912776947,charles owino appointed government spokesperson,negative,0.49172795770951244,auto_bootstrap_lr
The Standard Headlines,Charles Owino appointed as Government Spokesperson,"Tue, 21 Jul 2026 19:14:27 +0300",https://www.standardmedia.co.ke/article/2001553410/charles-owino-appointed-as-government-spokesperson,neutral,0.9067083597183228,charles owino appointed government spokesperson,negative,0.49172795770951244,auto_bootstrap_lr
NewsData.io,Disney star Skai Jackson apologises to Kenyans over controversial mirror remarks,,,neutral,0.7745324969291687,disney star skai jackson apologises kenyan controversial mirror remark,negative,0.49204811426550266,auto_bootstrap_lr
Standard - Politics,How rebellious Ol Kalou voters have frustrated previous regimes,"Sun, 19 Jul 2026 10:00:00 +0300",https://www.standardmedia.co.ke/politics/article/2001553166/how-rebellious-ol-kalou-voters-have-frustrated-previous-regimes,neutral,0.5329738259315491,rebellious ol kalou voter frustrated previous regime,negative,0.49225605564422376,auto_bootstrap_lr
K24,The 2026 Ballon d’Or favourites list after World Cup,"Mon, 20 Jul 2026 07:14:20 +0000",https://k24.digital/sports/world-cup/the-2026-ballon-dor-favourites-list-after-world-cup,neutral,0.7493149042129517,ballon favourite list world cup,positive,0.4922961200411607,auto_bootstrap_lr
The Standard,Blow to Dock Workers Union officials as court clears way for polls,,https://www.standardmedia.co.ke/coast/article/2001553390/blow-to-dock-workers-union-officials-as-court-clears-way-for-polls,neutral,0.7931588888168335,blow dock worker union official court clear way poll,negative,0.4925100725088001,auto_bootstrap_lr
The Standard,Court paves way for fencing of Kaptagat Forest,,https://www.standardmedia.co.ke/environment-climate/article/2001553618/court-paves-way-for-fencing-of-kaptagat-forest,neutral,0.8474564552307129,court pave way fencing kaptagat forest,neutral,0.4925727469039408,auto_bootstrap_lr
Citizen Digital (via Google News),Spain and Argentina brace for World Cup final - Citizen Digital,"Sun, 19 Jul 2026 09:09:47 GMT",https://news.google.com/rss/articles/CBMijgFBVV95cUxOSDVRQTZjc1lkQkg2SGZRRjJyelI3alIwR1JJTmJOeXJYZVRrZHdPSHYzQW5HWGNNM2hGV0N1QmgzamlsYjNvNFdtQXRWV0N1dmhCX2Z0ZS1pTmhuS1NRNlc2Q0ViSVhsSFpxblh0TXR5SExTVE8yckRSWDJZZUhvbzZVZ0J6c0dUdHlGUVBn?oc=5,neutral,0.7475410103797913,spain argentina brace world cup final citizen digital,neutral,0.4925740247565467,auto_bootstrap_lr
The Standard,KNEC launches digital KCSE certificate access,,https://www.standardmedia.co.ke/education/article/2001553446/knec-launches-digital-kcse-certificate-access,neutral,0.7909969687461853,knec launch digital kcse certificate access,negative,0.4933066039160475,auto_bootstrap_lr
World News API,Afrique : l’Union africaine veut accélérer la construction d’une souveraineté sanitaire durable,,https://africapresse.com/afrique-lunion-africaine-veut-accelerer-la-construction-dune-souverainete-sanitaire-durable,neutral,0.8414212465286255,afrique l union africaine veut acc l rer la construction une souverainet sanitaire durable,negative,0.49361650184536643,auto_bootstrap_lr
The Star,Audit shows Sh3.7bn gamble on dialysis machines has paid off,,https://www.the-star.co.ke/health/2026-07-23-audit-shows-sh37bn-gamble-on-dialysis-machines-has-paid-off,neutral,0.5601814985275269,audit show sh bn gamble dialysis machine paid,positive,0.493807034424035,auto_bootstrap_lr
NTV Kenya,"Chris Brown pleads guilty to affray, assault charges to be dropped","Fri, 24 Jul 2026 12:37:35 +0000",https://ntvkenya.co.ke/news/chris-brown-pleads-guilty-to-affray-assault-charges-to-be-dropped/,neutral,0.6228795051574707,chris brown pleads guilty affray assault charge dropped,negative,0.49385914580119283,auto_bootstrap_lr
NTV Kenya,FIFA refereeing chief rejects claims of bias in Argentina’s win over Egypt,"Thu, 09 Jul 2026 07:17:29 +0000",https://ntvkenya.co.ke/sports/fifa-refereeing-chief-rejects-claims-of-bias-in-argentinas-win-over-egypt/,neutral,0.7535907030105591,fifa refereeing chief reject claim bias argentina win egypt,negative,0.4939506724331442,auto_bootstrap_lr
K24,How to save a relationship when love starts feeling like a full-time job,"Thu, 23 Jul 2026 12:50:25 +0000",https://k24.digital/lifestyle/love-and-relationships/how-to-save-a-relationship-when-love-starts-feeling-like-a-full-time-job,neutral,0.6241951584815979,save relationship love start feeling like full time job,positive,0.4939974515610146,auto_bootstrap_lr
Business Daily Africa,Firm seeks to quantify losses in Absa data breach claim,"Tue, 21 Jul 2026 13:25:04 GMT",https://www.businessdailyafrica.com/bd/corporate/companies/firm-hires-auditor-to-quantify-losses-in-absa-data-breach-5533400,neutral,0.6375889182090759,firm seek quantify loss absa data breach claim,neutral,0.49411596401433855,auto_bootstrap_lr
K24,How your office chair could be undoing all your gym efforts,"Wed, 22 Jul 2026 06:23:17 +0000",https://k24.digital/lifestyle/health-and-fitness/how-your-office-chair-could-be-undoing-all-your-gym-efforts,neutral,0.6211019158363342,office chair could undoing gym effort,negative,0.4946092316680542,auto_bootstrap_lr
The Star,Garissa launches joint ID and voter registration drive to tackle low enrolmentThe initiative was agreed upon during a high-level planning meeting attended by several leaders and stakeholders,,https://www.the-star.co.ke/counties/north-eastern/2026-07-23-garissa-launches-joint-id-and-voter-registration-drive-to-tackle-low-enrolment,neutral,0.8600549697875977,garissa launch joint id voter registration drive tackle low enrolmentthe initiative agreed upon high level planning meeting attended several leader stakeholder,positive,0.49472086381114017,auto_bootstrap_lr
NTV Kenya,Why Donald Trump’s deputy JD Vance will not be coming to Kenya,,https://ntvkenya.co.ke/news/why-donald-trumps-deputy-jd-vance-will-not-be-coming-to-kenya/,neutral,0.5814335942268372,donald trump deputy jd vance coming kenya,negative,0.4949799314897389,auto_bootstrap_lr
Standard - Business,"Safaricom, KPC receipts to push Kenya's forex reserves to 7-month high - CBK","Thu, 16 Jul 2026 00:00:00 +0300",https://www.standardmedia.co.ke/business/article/2001552901/safaricom-kpc-receipts-to-push-kenya-s-forex-reserves-to-7-month-high-cbk,neutral,0.869677722454071,safaricom kpc receipt push kenya forex reserve month high cbk,positive,0.4949880479215288,auto_bootstrap_lr
The Standard,New assembly Bill secures safer protests but is should do more,,https://www.standardmedia.co.ke/opinion/article/2001553696/new-assembly-bill-secures-safer-protests-but-is-should-do-more,neutral,0.6299070715904236,new assembly bill secures safer protest,positive,0.4952352814063009,auto_bootstrap_lr
The Standard,PremiumCivil servants fight to strip PSC of promotion powers in court case,,https://www.standardmedia.co.ke/business/national/article/2001553718/civil-servants-fight-to-strip-psc-of-promotion-powers-in-court-case,neutral,0.5665128231048584,premiumcivil servant fight strip psc promotion power court case,negative,0.4955925889221208,auto_bootstrap_lr
The Standard,"Ebola: Fear, secrecy and trust is Kenya getting risk communication right?",,https://www.standardmedia.co.ke/health/health-science/article/2001553659/ebola-fear-secrecy-and-trust-is-kenya-getting-risk-communication-right,neutral,0.7395668029785156,ebola fear secrecy trust kenya getting risk communication right,negative,0.495718078657971,auto_bootstrap_lr
People Daily,Kenya launches elite immigration crime unit to boost border security amid BATUK scrutiny,2026-07-24 23:28:45,https://peopledaily.digital/news/kenya-launches-elite-immigration-crime-unit-to-boost-border-security-amid-batuk-scrutiny,neutral,0.8399638533592224,kenya launch elite immigration crime unit boost border security amid batuk scrutiny,positive,0.49607877479835477,auto_bootstrap_lr
The Standard,MPs push for accountability to empower women economically,,https://www.standardmedia.co.ke/national/article/2001553626/mps-push-for-accountability-to-empower-women-economically,neutral,0.6195600032806396,mp push accountability empower woman economically,positive,0.4964423856050271,auto_bootstrap_lr
The Star,"MASSAWE: Buy Now, Pay Later bridging credit gapThe demand for credit to acquire economic production assets continues to grow",,https://www.the-star.co.ke/business/commentary/2026-06-19-massawe-buy-now-pay-later-bridging-credit-gap,neutral,0.7140153050422668,massawe buy pay later bridging credit gapthe demand credit acquire economic production asset continues grow,positive,0.49666651608792456,auto_bootstrap_lr
The Standard,"Elon Musk's chip that can perform Jesus-level miracles and who controls the switch?Twenty-one people worldwide are living with  Neuralink's Telepathy chip in their brains. People with quadriplegia, ALS, and spinal cord injuries are controlling computers through thought alone.",,https://www.standardmedia.co.ke/business/enterprise/article/2001553420/elon-musks-chip-that-can-perform-jesus-level-miracles-and-who-controls-the-switch,neutral,0.6834110617637634,elon musk chip perform jesus level miracle control switch twenty one people worldwide living neuralink telepathy chip brain people quadriplegia al spinal cord injury controlling computer thought alone,negative,0.49678225726326564,auto_bootstrap_lr
Citizen Digital (via Google News),Spain's Yamal aims to join elite club of teenage World Cup winners - Citizen Digital,"Sun, 19 Jul 2026 07:29:30 GMT",https://news.google.com/rss/articles/CBMiqAFBVV95cUxPc2ZtWmlHZ2pvdXF3bzkyWUNEQUJGX3VJZHNQUW51dW9GY1QxQVljZ2tUZ2tQa24wVEtTZHlYSHNXNEZJOENHRGxzX2U1Sm1UZndmWEhnYW9pR21vYUFlM3lYeDBmSnRZMG9kNzZnVExsbWdSR2tXSDhxSy1zOWhwb2NfZFUyeW9PZkh5VmZHOXVRdHNYMHp6QVE3dGpsd25kek5UaXhONU4?oc=5,neutral,0.6905151009559631,spain yamal aim join elite club teenage world cup winner citizen digital,positive,0.4969813085580743,auto_bootstrap_lr
NTV Kenya,Trump says the US should control the Strait of Hormuz and get paid for it,"Mon, 13 Jul 2026 13:28:51 +0000",https://ntvkenya.co.ke/news/trump-says-the-us-should-control-the-strait-of-hormuz-and-get-paid-for-it/,neutral,0.6191909313201904,trump say u control strait hormuz get paid,negative,0.497054949139733,auto_bootstrap_lr
Kenyans.co.ke,Experts Call for Return of Powerful Economic Council,2026-07-22T14:50:59+0300,https://www.kenyans.co.ke/news/125508-experts-call-return-powerful-economic-council-road-singapore,neutral,0.5215677618980408,expert call return powerful economic council,negative,0.4971417269112307,auto_bootstrap_lr
K24,Guardian Angel opens up on losing church gigs after marrying Esther Musila,"Sat, 25 Jul 2026 05:58:23 +0000",https://k24.digital/entertainment/celebrity/guardian-angel-opens-up-on-losing-church-gigs-after-marrying-esther-musila,neutral,0.803153932094574,guardian angel open losing church gig marrying esther musila,negative,0.49737439337262745,auto_bootstrap_lr
NTV Kenya,ODM rules out alliance with Gachagua ahead of 2027,,https://ntvkenya.co.ke/news/odm-rules-out-alliance-with-gachagua-ahead-of-2027/,neutral,0.7193974256515503,odm rule alliance gachagua ahead,neutral,0.49737946481121587,auto_bootstrap_lr
Citizen Digital (via Google News),France don't want 'chocolate-medal' match but team want to deliver for departing coach - Citizen Digital,"Sat, 18 Jul 2026 05:39:49 GMT",https://news.google.com/rss/articles/CBMiwAFBVV95cUxNSUR5MGtpXzRkLWRtSFFJSmU4T3ZiYnZwcW1uRVI2UllFS0dUSnZ2emtyOW1xTTljRVp2aEF3Tnd3Q0VwTGlxN3RXdGdBeXlxeFRoYXRkMWpyX2NCS19uTndUQUREWmFtV2pnOFJwa19EZEI1dzJhV0cySENrc0hnZUw0QVVBeW1xYVAtbFI5QUR5QzY1ZjlCRlYwR2FqdmR2NmlqdmpNNHo5NXE4V1U2UUd4cnFvYWRvWFpiVlpOVmU?oc=5,neutral,0.705834150314331,france want chocolate medal match team want deliver departing coach citizen digital,negative,0.4974930607864715,auto_bootstrap_lr
Citizen Digital (via Google News),CS Kagwe rallies farmers to embrace digital livestock identification programme - Citizen Digital,"Fri, 17 Jul 2026 08:56:38 GMT",https://news.google.com/rss/articles/CBMiugFBVV95cUxPU2dzQXhEcUVLNjJYc0I5eWpNYlFmYXZuc0pCMHdjUFdaSWpFdEw3YkJJN2VVRE5OcU1Cem9TRW1vWFBKcktQNzVNRDhLMk1PUUhNbVZJRmgwNkVBYTVKV0VmVFo1QkRWX3ZYZTNmTlY3LUFwZWNiRnVpZHRqWWNoT09xcWRpQkd0XzE4TmtUX1FvNXd3Y1NoWUoyVS12b28yN21zaXBBamFRQy1XZGNMbzBjdlp1X0o3QkE?oc=5,neutral,0.8267979621887207,c kagwe rally farmer embrace digital livestock identification programme citizen digital,negative,0.49779588615261566,auto_bootstrap_lr
K24,5 things to consider when choosing a house help,"Wed, 22 Jul 2026 04:24:45 +0000",https://k24.digital/lifestyle/home-and-living/5-things-to-consider-when-choosing-a-house-help,neutral,0.8847427368164062,thing consider choosing house help,positive,0.4981531891908991,auto_bootstrap_lr
NTV Kenya,Uganda’s 86-year-old Gen Moses Ali re-elected as Adjumani West MP,,https://ntvkenya.co.ke/news/86-year-old-gen-moses-re-elected-as-adjumani-west-mp/,neutral,0.8529596924781799,uganda year old gen moses ali elected adjumani west mp,negative,0.49845437178001256,auto_bootstrap_lr
Standard - Business,Calls for conversion of academic research into solutions for Africa's growth,"Wed, 22 Jul 2026 06:00:00 +0300",https://www.standardmedia.co.ke/business/article/2001553407/calls-for-conversion-of-academic-research-into-solutions-for-africa-s-growth,neutral,0.6298344135284424,call conversion academic research solution africa growth,positive,0.49872924037174715,auto_bootstrap_lr
The Star,PS Ombam urges farmers to join cooperatives,,https://www.the-star.co.ke/counties/nyanza/2026-07-25-ps-ombam-urges-farmers-to-join-cooperatives,neutral,0.8766817450523376,p ombam urge farmer join cooperative,positive,0.4990243128452321,auto_bootstrap_lr
The Star,Lobby launches campaign to keep schoolchildren out of Ikolomani gold mines,,https://www.the-star.co.ke/counties/western/2026-07-23-lobby-launches-campaign-to-keep-schoolchildren-out-of-ikolomani-gold-mines,neutral,0.689018189907074,lobby launch campaign keep schoolchildren ikolomani gold mine,negative,0.4991409750588133,auto_bootstrap_lr
The Star,Teachers trained to spot early signs of extremism in learnersPlan equips tutors with knowledge on how to respond to such cases and disrupt the process,,https://www.the-star.co.ke/counties/coast/2026-07-17-teachers-trained-to-spot-early-signs-of-extremism-in-learners,neutral,0.7709556221961975,teacher trained spot early sign extremism learnersplan equips tutor knowledge respond case disrupt process,negative,0.4992327132565979,auto_bootstrap_lr
The Standard,How to pick the right insurance cover for your car,,https://www.standardmedia.co.ke/business/motoring/article/2001547979/how-to-pick-the-right-insurance-cover-for-your-car,neutral,0.7844486236572266,pick right insurance cover car,positive,0.499575259637235,auto_bootstrap_lr
Nation,Why Rio lesson matters for Kenya,2026-07-24 21:04:00,https://nation.africa/kenya/blogs-opinion/opinion/why-rio-lesson-matters-for-kenya--5536632,neutral,0.8231924772262573,rio lesson matter kenya,neutral,0.4995790016580385,auto_bootstrap_lr
NTV Kenya,3 Nyamira MCAs say their votes to impeach Nyaribo were ‘forged’,,https://ntvkenya.co.ke/news/3-nyamira-mcas-say-their-votes-to-impeach-nyaribo-were-forged/,neutral,0.6611149907112122,nyamira mcas say vote impeach nyaribo forged,negative,0.49960863590871385,auto_bootstrap_lr
The Star,BACHELOR'S DIARY: The lure of a low-hanging fruitPutting up desperate girl in city hotel seemed like a win-win situation,,https://www.the-star.co.ke/sasa/entertainment/2026-06-25-bachelors-diary,neutral,0.5228379964828491,bachelor diary lure low hanging fruitputting desperate girl city hotel seemed like win win situation,positive,0.49977172145460136,auto_bootstrap_lr
K24,How buy-one-get-one deals make you spend more,"Sat, 25 Jul 2026 08:14:50 +0000",https://k24.digital/lifestyle/money/how-buy-one-get-one-deals-make-you-spend-more,neutral,0.6981334090232849,buy one get one deal make spend,neutral,0.5000061845023066,auto_bootstrap_lr
World News API,Kenya Kwanza dismisses Gachagua's Ol Kalou victory claimsScript,,,neutral,0.7644778490066528,kenya kwanza dismisses gachagua ol kalou victory claimsscript,neutral,0.5006258154660693,auto_bootstrap_lr
Citizen Digital (via Google News),Kindiki warns leaders plotting to divide Mt Kenya to relax - Citizen Digital,"Sun, 19 Jul 2026 11:33:21 GMT",https://news.google.com/rss/articles/CBMinwFBVV95cUxQaWpib2FaU0RQVFdobHk1ZHBrWjhLZGZwbzNUUWhLN1FKTGZJTW5jX0otUTFoWnJ2VjlqR1ptY1puYnMxOVNudkQ2NW90bEthX3NQYW1GWGhfcERyb1Z4QXhrNWt2VFphSTE4dFRYc250WVRvZENQWk5UNjI3QzZGSlFGYzRKYkVnUEY5ZHN5OVpWdFZEMzVEVG5uZ0pKb28?oc=5,neutral,0.6437212228775024,kindiki warns leader plotting divide mt kenya relax citizen digital,neutral,0.5022098716792626,auto_bootstrap_lr
K24,"Kenya Power lists areas to experience power outage on Friday, July 24","Thu, 23 Jul 2026 16:02:43 +0000",https://k24.digital/news/kenya-power-lists-areas-to-experience-power-outage-on-friday-july-24,neutral,0.7498781681060791,kenya power list area experience power outage friday july,neutral,0.5039976810067603,auto_bootstrap_lr
Nairobi Wire,Moses Kuria Makes Big Promise to Ol Kalou Residents Despite UDA’s Loss,,,neutral,0.7478889226913452,moses kuria make big promise ol kalou resident despite uda loss,neutral,0.5040466406926628,auto_bootstrap_lr
K24,You’ll have a seat: Kanyari assures Marion Naipei of a role if elected Kasarani MP,"Wed, 22 Jul 2026 13:49:15 +0000",https://k24.digital/entertainment/celebrity/youll-have-a-seat-kanyari-assures-marion-naipei-of-a-role-if-elected-kasarani-mp,neutral,0.6390621066093445,seat kanyari assures marion naipei role elected kasarani mp,neutral,0.5049608871199633,auto_bootstrap_lr
The Standard,"How gambling companies are using sponsorship, ads to reach World Cup viewers",,https://www.standardmedia.co.ke/sports/sports/article/2001551937/how-gambling-companies-are-using-sponsorship-ads-to-reach-world-cup-viewers,neutral,0.8056045770645142,gambling company using sponsorship ad reach world cup viewer,neutral,0.5067660345808342,auto_bootstrap_lr
The Standard,"PremiumHow gambling companies are using sponsorship, ads to reach World Cup viewers",,https://www.standardmedia.co.ke/business/sports/article/2001551937/how-gambling-companies-are-using-sponsorship-ads-to-reach-world-cup-viewers,neutral,0.7965521216392517,premiumhow gambling company using sponsorship ad reach world cup viewer,neutral,0.5067660345808342,auto_bootstrap_lr
Nairobi Wire,Malala Proposes KSh3 Billion Fundraiser to Launch Sifuna’s Presidential Bid,,,neutral,0.8875800967216492,malala proposes ksh billion fundraiser launch sifuna presidential bid,neutral,0.5073890090421199,auto_bootstrap_lr
Standard - Politics,Why Ol Kalou's DCP win is a manifestation of what awaits Ruto in 2027,"Sat, 18 Jul 2026 07:30:00 +0300",https://www.standardmedia.co.ke/politics/article/2001553101/why-ol-kalou-s-dcp-win-is-a-manifestation-of-what-awaits-ruto-in-2027,neutral,0.7889208197593689,ol kalou dcp win manifestation awaits ruto,neutral,0.5075856562834715,auto_bootstrap_lr
NTV Kenya,"Gachagua exploits Ol Kalou victory, rallies Mt Kenya against Ruto","Mon, 20 Jul 2026 12:35:57 +0000",https://ntvkenya.co.ke/news/gachagua-exploits-ol-kalou-victory-rallies-mt-kenya-against-ruto/,neutral,0.7951935529708862,gachagua exploit ol kalou victory rally mt kenya ruto,neutral,0.5107425103891294,auto_bootstrap_lr
Nairobi Wire,Gachagua Urges Mt Kenya Musicians to Write Songs Against Ruto,"Fri, 24 Jul 2026 03:49:28 +0000",https://nairobiwire.com/2026/07/rigathi-gachagua-tells-mt-kenya-musicians-write-songs-ruto.html,neutral,0.6967926621437073,gachagua urge mt kenya musician write song ruto,neutral,0.5160912927355819,auto_bootstrap_lr
NTV Kenya,Uhuru Kenyatta dismisses claims of meddling in ODM affairs,,https://ntvkenya.co.ke/news/uhuru-kenyatta-dismisses-claims-of-meddling-in-odm-affairs/,neutral,0.8632461428642273,uhuru kenyatta dismisses claim meddling odm affair,neutral,0.5165739433866352,auto_bootstrap_lr
Kenyans.co.ke,Ruto Pledges Tax Relief for Employers Under New Mandatory Internship Plan,2026-07-24T13:22:06+0300,https://www.kenyans.co.ke/news/125561-ruto-pledges-tax-incentives-employers-absorbing-graduate-interns-under-new-plan,neutral,0.7374277710914612,ruto pledge tax relief employer new mandatory internship plan,neutral,0.5170151563328748,auto_bootstrap_lr
Citizen Digital (via Google News),"DP Kindiki still most preferred Ruto running mate, Wanga and Oburu trail – Infotrak - Citizen Digital","Tue, 14 Jul 2026 04:43:32 GMT",https://news.google.com/rss/articles/CBMivAFBVV95cUxQUlc1emw3QTB6MHhMOXNsdjhGenVreXJhMHRzUEhFSVlBU2RpWWRCNmM1VllBOUZreXdtSjRydjdtX0ZvR2g4N3hBMUtNb0NSNm9JRktFNUdMZmVUcDZRYmFUV0JsWmwyQm9CVUkyRnk4Uy1zOVdMUlBHa2lxRnpKOThnYVJTTDNWenFEdDlGVko1dmdtZjRPa0d1ZHZEOElkNDF6eXlHRkNYeXNRdW5lbDZKQ1BEdVVYSERSUw?oc=5,neutral,0.7822916507720947,dp kindiki still preferred ruto running mate wanga oburu trail infotrak citizen digital,neutral,0.5274321991673842,auto_bootstrap_lr
Nairobi Wire,Gachagua’s DCP Gets Lifeline as High Court Dismisses Petition,,,neutral,0.7587257623672485,gachagua dcp get lifeline high court dismisses petition,neutral,0.527611970074535,auto_bootstrap_lr
The Standard,"Linda Mama was expanded into Linda Jamii, Ruto says",,https://www.standardmedia.co.ke/national/article/2001553601/linda-mama-was-expanded-into-linda-jamii-ruto-says,neutral,0.9422836899757384,linda mama expanded linda jamii ruto say,neutral,0.5316290221412057,auto_bootstrap_lr
World News API,Sifuna endorsed for presidency as Western leaders threaten to ditch ODM,,https://www.standardmedia.co.ke/politics/article/2001553694/sifuna-endorsed-for-presidency-as-western-leaders-threaten-to-ditch-odm,neutral,0.7545443177223206,sifuna endorsed presidency western leader threaten ditch odm,neutral,0.5334028743011399,auto_bootstrap_lr
NTV Kenya,"Sifuna, Oburu lead rival ODM meetings in Nairobi",,https://ntvkenya.co.ke/news/sifuna-oburu-lead-rival-odm-meetings-in-nairobi/,neutral,0.8962888717651367,sifuna oburu lead rival odm meeting nairobi,neutral,0.5337381133787363,auto_bootstrap_lr
K24,Oga Obinna loses Ksh2M World Cup bet to Bolo after Spain beats Argentina,"Mon, 20 Jul 2026 07:02:41 +0000",https://k24.digital/entertainment/celebrity/oga-obinna-loses-ksh2m-world-cup-bet-to-bolo-after-spain-beats-argentina,neutral,0.7025797367095947,oga obinna loses ksh world cup bet bolo spain beat argentina,neutral,0.5346606892655332,auto_bootstrap_lr
World News API,Kindiki and Gachagua Strike Reconciliatory Tone Ahead of High Stakes 2027 Elections,,,neutral,0.9375654458999634,kindiki gachagua strike reconciliatory tone ahead high stake election,neutral,0.5428643717954905,auto_bootstrap_lr
Nairobi Wire,Court Clears Ruto’s Sh5 Trillion Fund but Orders Strict Treasury Oversight,"Fri, 24 Jul 2026 03:47:40 +0000",https://nairobiwire.com/2026/07/high-court-allows-sh5-trillion-national-infrastructure-fund-oversight.html,neutral,0.8862519860267639,court clear ruto sh trillion fund order strict treasury oversight,neutral,0.5434184803237377,auto_bootstrap_lr
NTV Kenya,ODM eyes more slots in Ruto’s Cabinet after court gender ruling,,https://ntvkenya.co.ke/news/odm-eyes-more-slots-in-rutos-cabinet-after-court-gender-ruling/,neutral,0.8528558015823364,odm eye slot ruto cabinet court gender ruling,neutral,0.5464682728574554,auto_bootstrap_lr
NTV Kenya,Paramount wins Warner Bros after Netflix walks away,,https://ntvkenya.co.ke/entertainment/paramount-wins-warner-bros-after-netflix-walks-away/,neutral,0.7342050075531006,paramount win warner bros netflix walk away,neutral,0.5558459910540233,auto_bootstrap_lr
Standard - Politics,Oburu's early endorsement of Ruto weakens ODM's bargaining power,"Mon, 20 Jul 2026 08:40:00 +0300",https://www.standardmedia.co.ke/politics/article/2001553196/oburu-s-early-endorsement-of-ruto-weakens-odm-s-bargaining-power,neutral,0.6167953014373779,oburu early endorsement ruto weakens odm bargaining power,neutral,0.5589151537140827,auto_bootstrap_lr
Standard - Politics,How UDA lost Ol Kalou,"Sun, 19 Jul 2026 10:00:00 +0300",https://www.standardmedia.co.ke/politics/article/2001553161/how-uda-lost-ol-kalou,neutral,0.6196697950363159,uda lost ol kalou,neutral,0.5610859625598714,auto_bootstrap_lr
Capital FM Kenya,CS Ruku: UDA Spent About Sh100 Million on Ol Kalou Campaign,"Mon, 20 Jul 2026 07:04:52 +0000",https://capitalfm.africa/cs-ruku-uda-spent-about-sh100-million-on-ol-kalou-campaign/,neutral,0.9084393382072448,c ruku uda spent sh million ol kalou campaign,neutral,0.5664660742969738,auto_bootstrap_lr
NTV Kenya,"Your job is safe, Oburu assures DP Kindiki over ODM–UDA talks",,https://ntvkenya.co.ke/news/your-job-is-safe-oburu-assures-dp-kindiki-over-odm-uda-talks/,neutral,0.6208500862121582,job safe oburu assures dp kindiki odm uda talk,neutral,0.5875990831331496,auto_bootstrap_lr
NTV Kenya,Linda Mwananchi urges opposition unity to take on Ruto,,https://ntvkenya.co.ke/news/linda-mwananchi-urges-opposition-unity-to-take-on-ruto/,neutral,0.8730236291885376,linda mwananchi urge opposition unity take ruto,neutral,0.5879361220708212,auto_bootstrap_lr
Citizen Digital (via Google News),Ruto appoints Samuel Muchina to Nairobi Rivers Commission after Ol Kalou by-election loss - Citizen Digital,"Wed, 22 Jul 2026 13:12:15 GMT",https://news.google.com/rss/articles/CBMiyAFBVV95cUxPU2JDSHFwSDh6V3Bkb3I2blBmYW96S1piWnkwVVNqbUJlV0IwQlV6SHBZR3llVmNEVFctakYyaFp2VGxDYUFBM3hFMXlxUUxsUnBiZG9Xb3ZyZzRDd0J2X2tFUXhYUHBYTUVLMDhlSGItRFFtbUZscVF4MTNRRWp2YnA5Qm03RF9QSHFoLVotYl9CbXJTUUpkUXg0RXNEOWhBZHd2X3pkRndvMG9SNHlBbnNIVkZ3Q2poNUU4Z1U2SEw0OTVnUTktMw?oc=5,neutral,0.8486490249633789,ruto appoints samuel muchina nairobi river commission ol kalou election loss citizen digital,neutral,0.5892710901461655,auto_bootstrap_lr
The Star,"Mt Kenya East supports Ruto, leaders sayRuku says region has chosen to remain firmly in the Kenya Kwanza government.",,https://www.the-star.co.ke/counties/eastern/2026-07-20-mt-kenya-east-supports-ruto-leaders-say,neutral,0.7695980668067932,mt kenya east support ruto leader sayruku say region chosen remain firmly kenya kwanza government,neutral,0.5937871626312686,auto_bootstrap_lr
NTV Kenya,ODM Vice Chair Otiende Amollo says there is no plan to oust Edwin Sifuna,,https://ntvkenya.co.ke/news/odm-vice-chair-otiende-amollo-says-there-is-no-plan-to-oust-edwin-sifuna/,neutral,0.8533223867416382,odm vice chair otiende amollo say plan oust edwin sifuna,neutral,0.594886439654435,auto_bootstrap_lr
Capital FM Kenya,Gachagua tells Mt Kenya musicians to compose songs against Ruto,"Thu, 23 Jul 2026 11:56:01 +0000",https://capitalfm.africa/gachagua-tells-mt-kenya-musicians-to-compose-songs-against-ruto/,neutral,0.6153967380523682,gachagua tell mt kenya musician compose song ruto,neutral,0.5994472816242976,auto_bootstrap_lr
NewsData.io,Irungu Kang’ata: Ol Kalou by-election has shaken Kindiki’s influence in Mt Kenya region,,,neutral,0.8867420554161072,irungu kang ata ol kalou election shaken kindiki influence mt kenya region,neutral,0.6004390979091235,auto_bootstrap_lr
The Standard,Western leaders endorse Sifuna threaten to ditch ODM,2026-07-24 21:00:00,https://www.standardmedia.co.ke/politics/article/2001553694/western-leaders-endorse-sifuna-threaten-to-ditch-odm,neutral,0.5297478437423706,western leader endorse sifuna threaten ditch odm,neutral,0.6017356555239614,auto_bootstrap_lr
Standard - Politics,"Ol Kalou defeat signals Mt Kenya revolt, says Gachagua","Sun, 19 Jul 2026 17:26:56 +0300",https://www.standardmedia.co.ke/politics/article/2001553222/ol-kalou-defeat-signals-mt-kenya-revolt-says-gachagua,neutral,0.5900291800498962,ol kalou defeat signal mt kenya revolt say gachagua,neutral,0.6029300860733854,auto_bootstrap_lr
Kenyans.co.ke,Setback for Oburu as Poll Reveals ODM's Preferred Flag Bearer,2026-07-24T10:48:30+0300,https://www.kenyans.co.ke/news/125558-tifa-survey-ranks-sifuna-most-preferred-odm-flag-bearer-ahead-2027-polls,neutral,0.8988368511199951,setback oburu poll reveals odm preferred flag bearer,neutral,0.6045335012118487,auto_bootstrap_lr
NTV Kenya,Kindiki allies say Mt Kenya must retain the DP slot,,https://ntvkenya.co.ke/politics/kindiki-allies-say-mt-kenya-must-retain-the-dp-slot/,neutral,0.8978841304779053,kindiki ally say mt kenya must retain dp slot,neutral,0.6074946522641935,auto_bootstrap_lr
NTV Kenya,"Oburu Oginga: As party leader, I am the de facto ODM presidential...",,https://ntvkenya.co.ke/news/oburu-oginga-as-party-leader-i-am-the-de-facto-odm-presidential-flagbearer/,neutral,0.9157410860061646,oburu oginga party leader de facto odm presidential,neutral,0.6118065472398385,auto_bootstrap_lr
NTV Kenya,United Opposition at odds over 2027 presidential candidate selection process,"Mon, 06 Jul 2026 10:19:31 +0000",https://ntvkenya.co.ke/news/united-opposition-at-odds-over-2027-candidate-selection-process/,neutral,0.8968769907951355,united opposition odds presidential candidate selection process,neutral,0.6132191079275073,auto_bootstrap_lr
NTV Kenya,ODM power struggle drags on as Sifuna holds his ground,,https://ntvkenya.co.ke/politics/odm-power-struggle-drags-on-as-sifuna-holds-his-ground/,neutral,0.7394390106201172,odm power struggle drag sifuna hold ground,neutral,0.6142629081686735,auto_bootstrap_lr
Citizen Digital (via Google News),"UDA concedes defeat in Ol Kalou by-election, says party remains strong in Mt Kenya - Citizen Digital","Fri, 17 Jul 2026 13:56:22 GMT",https://news.google.com/rss/articles/CBMivgFBVV95cUxNSkIyTXJscFh6RkJlVXBJMFVZYTBOTjJNMVNjZmRJekhKS0dlY29mV2J5WVg1YUpwRzBkY1VKTUNjWEE0QjQwOWk0TnMydGhpZ2k1QzZ3OTRzRjVaUF9hQkpDVlRVbHBRTVpMVC05VGZvbFlQaTdScUtTSGkyTlN2LXdoMHVsMURyRG42QWVudHI4VFpEVy1rWnhPMnE4SjFsdGNBZFRyeUZDMGYzTFFOOVNIcTNTcUIydGN1YmxB?oc=5,neutral,0.8870185613632202,uda concedes defeat ol kalou election say party remains strong mt kenya citizen digital,neutral,0.6162885064011349,auto_bootstrap_lr
K24,"Kenya Power lists areas facing blackouts on Thursday, July 23","Wed, 22 Jul 2026 15:27:33 +0000",https://k24.digital/news/kenya-power-lists-areas-facing-blackouts-on-thursday-july-23,neutral,0.6847051382064819,kenya power list area facing blackout thursday july,neutral,0.6211389683709376,auto_bootstrap_lr
World News API,"Sifuna warns Ruto, Mudavadi and Wetang'ula ahead of Western Kenya tour",,https://www.kenyamoja.com/index.php/video/sifuna-warns-ruto-mudavadi-and-wetangula-ahead-western-kenya-tour-tv-47-411554,neutral,0.748928427696228,sifuna warns ruto mudavadi wetang ula ahead western kenya tour,neutral,0.6254761718697833,auto_bootstrap_lr
Standard - Politics,"After Ol-Kalou mini-poll setback, Kenya Kwanza MPs urge Ruto to pick Western running mate","Sat, 18 Jul 2026 12:43:56 +0300",https://www.standardmedia.co.ke/politics/article/2001553121/after-ol-kalou-mini-poll-setback-kenya-kwanza-mps-urge-ruto-to-pick-western-running-mate,neutral,0.7563149333000183,ol kalou mini poll setback kenya kwanza mp urge ruto pick western running mate,neutral,0.6416256562480696,auto_bootstrap_lr
World News API,A section of Kenya Kwanza leaders criticize Linda Mwananchi leader Edwin Sifuna,,https://www.kenyamoja.com/video/section-kenya-kwanza-leaders-criticize-linda-mwananchi-leader-edwin-sifuna-citizen-tv-411772,neutral,0.6284340023994446,section kenya kwanza leader criticize linda mwananchi leader edwin sifuna,neutral,0.6428637834201522,auto_bootstrap_lr
Nairobi Wire,ODM Projects 17 Million Votes From Coalition With Ruto’s UDA,,,neutral,0.837155818939209,odm project million vote coalition ruto uda,neutral,0.6521842665910481,auto_bootstrap_lr
World News API,Linda Mwananchi intensifies 2027 campaign with Western Kenya tour,,https://www.kenyamoja.com/video/linda-mwananchi-intensifies-2027-campaign-western-kenya-tour-ntv-video-411782,neutral,0.8611634969711304,linda mwananchi intensifies campaign western kenya tour,neutral,0.6569306796487994,auto_bootstrap_lr
Nairobi Wire,Gachagua Reveals Backup Plan if Locked Out of 2027 Presidential Race,"Fri, 24 Jul 2026 03:45:03 +0000",https://nairobiwire.com/2026/07/rigathi-gachagua-2027-presidential-election-backup-plan.html,neutral,0.8302216529846191,gachagua reveals backup plan locked presidential race,neutral,0.6679085637540502,auto_bootstrap_lr
NTV Kenya,UDA wins all seats in Mt Kenya by-election contest,,https://ntvkenya.co.ke/politics/uda-wins-all-seats-in-mt-kenya-by-election-contest/,neutral,0.6222526431083679,uda win seat mt kenya election contest,neutral,0.6688538822518875,auto_bootstrap_lr
Standard - Politics,Kindiki counters Mt Kenya opposition push,"Sun, 19 Jul 2026 17:10:37 +0300",https://www.standardmedia.co.ke/politics/article/2001553219/kindiki-counters-mt-kenya-opposition-push,neutral,0.8741504549980164,kindiki counter mt kenya opposition push,neutral,0.6810766710080067,auto_bootstrap_lr
NTV Kenya,Infotrak: Ruto most popular presidential hopeful at 32%,"Mon, 13 Jul 2026 10:17:07 +0000",https://ntvkenya.co.ke/news/infotrak-ruto-most-preferred-presidential-candidate-at-32/,neutral,0.5406469106674194,infotrak ruto popular presidential hopeful,neutral,0.6845966354972562,auto_bootstrap_lr
World News API,Matiang'i takes presidential campaign to Nairobi's Utawala,,https://www.kenyamoja.com/video/matiangi-takes-presidential-campaign-nairobis-utawala-ntv-video-411776,neutral,0.8932620882987976,matiang take presidential campaign nairobi utawala,neutral,0.6925110190529364,auto_bootstrap_lr
NTV Kenya,Finance Act 2026: Key Changes & Implications | Business Redefined,"Tue, 07 Jul 2026 16:35:33 +0000",https://ntvkenya.co.ke/business/finance-act-2026-key-changes-implications-business-redefined/,neutral,0.9334597587585448,finance act key change implication business redefined,neutral,0.6998212265485443,auto_bootstrap_lr
NTV Kenya,Ruto hints at ODM–UDA merger ahead of 2027 polls,,https://ntvkenya.co.ke/news/ruto-hints-at-odm-uda-merger-ahead-of-2027-polls/,neutral,0.9320932626724244,ruto hint odm uda merger ahead poll,neutral,0.7049015747162637,auto_bootstrap_lr
Kenyans.co.ke,UDA Unveils Plan to Challenge Kalonzo's Wiper Dominance in Strongholds,2026-07-23T19:40:50+0300,https://www.kenyans.co.ke/news/125548-uda-unveils-plan-challenge-wipers-dominance-eastern-strongholds,neutral,0.9159063696861268,uda unveils plan challenge kalonzo wiper dominance stronghold,neutral,0.7120944183285896,auto_bootstrap_lr
Standard - Politics,"Ol Kalou and Mbeere North hold key lessons for UDA, Opposition ahead of 2027","Wed, 22 Jul 2026 18:12:06 +0300",https://www.standardmedia.co.ke/politics/article/2001553499/ol-kalou-and-mbeere-north-hold-key-lessons-for-uda-opposition-ahead-of-2027,neutral,0.8238483667373657,ol kalou mbeere north hold key lesson uda opposition ahead,neutral,0.7178082919245,auto_bootstrap_lr
NTV Kenya,"ODM won’t field presidential candidate, will back Ruto, says Oburu","Mon, 13 Jul 2026 06:49:08 +0000",https://ntvkenya.co.ke/news/odm-will-not-field-a-presidential-candidate-in-2027-oburu/,neutral,0.887482225894928,odm field presidential candidate back ruto say oburu,neutral,0.7299324282546108,auto_bootstrap_lr
Nairobi Wire,Kindiki: Mt Kenya Leaders Already Calculating Ruto’s 2027 Succession Plan,,,neutral,0.9413489699363708,kindiki mt kenya leader already calculating ruto succession plan,neutral,0.7866475664548244,auto_bootstrap_lr
