source,headline,summary,published,link,collected_at
Business Daily Africa,Why trio in cannabis trafficking case lost six vehicles to State,"The vehicles that were ultimately forfeited were a Toyota Prado, Toyota Fielder, Toyota Rumion, Toyota HZJ79R pick-up, Toyota Station Wagon and a Mitsubishi Fuso truck.","Sun, 19 Jul 2026 18:55:34 GMT",https://www.businessdailyafrica.com/bd/economy/why-trio-in-cannabis-trafficking-case-lost-vehicles-to-state-5531916,2026-07-19T23:50:36.581019
Business Daily Africa,Africa contributes over 40pc of Kenya's export earnings in new trade shift,Uganda remained Kenya's biggest export destination in Africa after purchases climbed 27.9 percent to Sh46.01 billion from Sh33.18 billion in the corresponding quarter last year.,"Sun, 19 Jul 2026 17:48:12 GMT",https://www.businessdailyafrica.com/bd/economy/africa-contributes-over-40pc-of-kenya-s-export-earnings-5531880,2026-07-19T23:50:36.581105
Business Daily Africa,SafariLink steps up fleet expansion as tourism boom fuels demand,"The expansion comes as Kenya continues to record robust growth in international tourist arrivals, boosting demand for domestic air travel to wildlife destinations.","Sun, 19 Jul 2026 16:40:16 GMT",https://www.businessdailyafrica.com/bd/corporate/companies/safarilink-steps-up-fleet-expansion-as-tourism-boom-5531842,2026-07-19T23:50:36.581138
Business Daily Africa,M-Pesa joint venture in first Sh102m profit,"In Kenya, the M-Pesa platform has grown over the years to become the biggest revenue earner for Safaricom, ahead of voice and data services.","Sun, 19 Jul 2026 16:23:55 GMT",https://www.businessdailyafrica.com/bd/corporate/companies/m-pesa-joint-venture-in-first-sh102m-profit-5531822,2026-07-19T23:50:36.581162
Business Daily Africa,Industrial sugar imports surge on improved product demand,The importation of industrial sugar under the EAC remission scheme is tightly regulated.,"Sun, 19 Jul 2026 06:18:16 GMT",https://www.businessdailyafrica.com/bd/economy/industrial-sugar-imports-surge-on-improved-product-demand-5531310,2026-07-19T23:50:36.581185
Business Daily Africa,"At nearly 50, she's still pushing her body to new limits and it’s paying off",'Staying fit and in shape is not about living in the gym. It is about finding the right balance and sticking to it and being consistent.',"Fri, 17 Jul 2026 20:16:45 GMT",https://www.businessdailyafrica.com/bd/lifestyle/health-fitness/at-nearly-50-she-s-still-pushing-her-body-to-new-limits-5530360,2026-07-19T23:50:36.581209
Business Daily Africa,Kenya's new refugee arrivals dip nearly 70pc,"This coincides with a reduction in conflict-driven displacement from South Sudan and Sudan, the main sources of last year's surge in arrivals.","Fri, 17 Jul 2026 10:02:31 GMT",https://www.businessdailyafrica.com/bd/economy/kenya-new-refugee-arrivals-dip-5529820,2026-07-19T23:50:36.581231
Business Daily Africa,Gala honours young women driving impact,"Many of the young women professionals are emerging in the technology, medical and entrepreneurship space where they are seeking to tap markets that have previously been underserved, ignored or unknown.","Thu, 16 Jul 2026 18:05:54 GMT",https://www.businessdailyafrica.com/bd/news/gala-honours-young-women-driving-impact-5529552,2026-07-19T23:50:36.581252
Business Daily Africa,Stanbic taps Safaricom’s top strategy executive as CEO,"Stanbic said Mr Mutiga’s experience in strategy execution, corporate finance, business growth, stakeholder engagement and transformation would support the bank’s next phase of growth.","Thu, 16 Jul 2026 17:45:07 GMT",https://www.businessdailyafrica.com/bd/corporate/companies/stanbic-taps-safaricom-s-top-strategy-executive-as-ceo-5529534,2026-07-19T23:50:36.581274
Business Daily Africa,"Williamson, Kapchorua pay UK parent Sh582m royalties and dividends","Both tea firms however dipped into retained earnings to make the dividend payments, having reported net profits that were lower than their total distributions.","Sun, 19 Jul 2026 16:48:30 GMT",https://www.businessdailyafrica.com/bd/corporate/companies/williamson-kapchorua-pay-uk-parent-royalties-and-dividends-5531848,2026-07-19T23:50:36.581295
Business Daily Africa,Stanbic Holdings pays Sh1.1bn franchise fee to SA parent firm,"The franchise fee forms part of the annual payments Stanbic makes to its parent company, in addition to dividends.","Sun, 19 Jul 2026 16:35:43 GMT",https://www.businessdailyafrica.com/bd/corporate/companies/stanbic-holdings-pays-sh1-1bn-franchise-fee-to-sa-parent-firm-5531836,2026-07-19T23:50:36.581317
Business Daily Africa,Heineken beats Sh56m fee claim by its lawyers,"In rejecting LJA Associates' attempt to overturn an earlier decision by the taxing master dismissing the firm's bill of costs, the court found no basis for interfering with the taxing master's findings on the merits.","Thu, 16 Jul 2026 17:03:24 GMT",https://www.businessdailyafrica.com/bd/corporate/companies/heineken-beats-sh56m-fee-claim-by-its-lawyers-5529488,2026-07-19T23:50:36.581339
Business Daily Africa,Banks to protect disputed funds after payment errors,"The court added that KCB's internal process of escalating the complaint from its headquarters to the branch ""resulted in a delay that allowed the recipient to withdraw the funds.""","Thu, 16 Jul 2026 16:59:09 GMT",https://www.businessdailyafrica.com/bd/corporate/companies/banks-to-protect-disputed-funds-after-payment-errors-5529480,2026-07-19T23:50:36.581360
Business Daily Africa,IVF demand surges in Kenya but the high cost locks out many couples,"A standard IVF cycle costs around Sh600,000, covering hormone stimulation through to the pregnancy test but excluding diagnostic investigations.","Thu, 16 Jul 2026 14:35:55 GMT",https://www.businessdailyafrica.com/bd/corporate/health/ivf-demand-surges-in-kenya-but-the-high-cost-locks-out-many-5529278,2026-07-19T23:50:36.581381
Business Daily Africa,Rerec to integrate solar into 20 diesel power plants in cost-cutting push,It is battling high fuel bills that continue to eat into its revenues .,"Thu, 16 Jul 2026 11:32:30 GMT",https://www.businessdailyafrica.com/bd/corporate/industry/rerec-to-integrate-solar-into-diesel-power-plants-5528816,2026-07-19T23:50:36.581402
Business Daily Africa,Insurers’ NSE portfolio climbs to four-year high amid rally,"The rise in the share of the industry’s NSE holding came in the period their value of quoted shares rose 75.4 percent to Sh47.46 billion from Sh27.05 billion, pointing to a mix of new purchases and appreciation of existing stake.","Thu, 16 Jul 2026 15:44:15 GMT",https://www.businessdailyafrica.com/bd/markets/capital-markets/insurers-nse-portfolio-climbs-to-four-year-high-amid-rally-5529374,2026-07-19T23:50:36.581423
Business Daily Africa,Insurer MUA Kenya to get extra capital after Sh1.6bn hole,MUA says in the latest review of operations in 2025 and the first quarter of 2026 that the under-capitalisation of the Kenyan arm has constrained growth and customer acquisition and it is working with the regulator to resolve the issue.,"Thu, 16 Jul 2026 14:29:44 GMT",https://www.businessdailyafrica.com/bd/corporate/companies/insurer-mua-kenya-to-get-extra-capital-after-sh1-6bn-hole-5529258,2026-07-19T23:50:36.581444
Business Daily Africa,Court shields KTDA from corruption probe over tea factory loans,"KTDA is owned by more than 600,000 smallholder tea farmers across 16 tea-growing counties.","Sun, 19 Jul 2026 19:07:13 GMT",https://www.businessdailyafrica.com/bd/corporate/companies/court-shields-ktda-from-corruption-probe-over-tea-loans-5531926,2026-07-19T23:50:36.581465
Business Daily Africa,State ordered to produce key records in Kenya Pipeline sale,"The government completed the sale in March, raising Sh106.3 billion after selling a 65 percent stake in KPC through an oversubscribed initial public offering.","Thu, 16 Jul 2026 16:48:14 GMT",https://www.businessdailyafrica.com/bd/economy/government-ordered-to-produce-records-in-kenya-pipeline-sale-5529468,2026-07-19T23:50:36.581486
Business Daily Africa,Billionaire Kirima’s firm locked in rental income tax row,"The tax dispute arose after KRA reviewed the company's income tax declarations and disallowed deductions claimed for repairs, maintenance and security costs.","Thu, 16 Jul 2026 09:24:04 GMT",https://www.businessdailyafrica.com/bd/corporate/companies/billionaire-kirima-s-firm-locked-in-rental-income-tax-row-5528554,2026-07-19T23:50:36.581510
Capital FM Kenya,President Ruto’s Website Restored as Government Rules Out Data Breach,"The president.go.ke domain was once again fully accessible, with its homepage, presidential speeches, press releases, policy updates and official communications restored after emergency response teams worked to contain the breach.","Sun, 19 Jul 2026 13:40:00 +0000",https://capitalfm.africa/president-rutos-website-restored-as-government-rules-out-data-breach/,2026-07-19T23:50:40.065883
Capital FM Kenya,"Gachagua Explains Why Ruto Lost Ol Kalou, Says Mt Kenya Revolt Is Just Beginning","Gachagua said he had repeatedly warned Ruto that decisions taken by his administration were steadily eroding support in the region, but his advice was ignored.","Sun, 19 Jul 2026 13:09:51 +0000",https://capitalfm.africa/gachagua-explains-why-ruto-lost-ol-kalou-says-mt-kenya-revolt-is-just-beginning/,2026-07-19T23:50:40.065926
Capital FM Kenya,Kindiki: Mt Kenya Remains Firmly in Kenya Kwanza Despite Ol Kalou Setback,"Kindiki said attempts to portray the region as politically divided were misguided, maintaining that he would ensure Mt Kenya remained cohesive.","Sun, 19 Jul 2026 12:07:07 +0000",https://capitalfm.africa/kindiki-mt-kenya-remains-firmly-in-kenya-kwanza-despite-ol-kalou-setback/,2026-07-19T23:50:40.065950
Capital FM Kenya,"Kindiki drops ‘fireman’ swagger after Ol Kalou loss, preaches humility","NAIROBI, Kenya July 19 &#8211; Deputy President Kithure Kindiki on Sunday appeared to strike a noticeably softer tone as he addressed worshippers at the ACK Diocese of Embu&#8217;s 36th Anniversary&#8230;","Sun, 19 Jul 2026 11:56:51 +0000",https://capitalfm.africa/kindiki-drops-fireman-swagger-after-ol-kalou-loss-preaches-humility/,2026-07-19T23:50:40.065971
Capital FM Kenya,Senate Backs Thika’s Elevation to City Status in Major Milestone for Kiambu,"In its report, the committee said the municipality demonstrated sufficient institutional capacity and urban development indicators to warrant the upgrade.","Sun, 19 Jul 2026 10:00:00 +0000",https://capitalfm.africa/senate-backs-thikas-elevation-to-city-status-in-major-milestone-for-kiambu/,2026-07-19T23:50:40.065992
Capital FM Kenya,Omollo: Don’t allow politicians to exploit you for violence,"Omollo urged political leaders to stop exploiting young people to settle political differences, warning that such actions often result in loss of life.","Sun, 19 Jul 2026 09:43:29 +0000",https://capitalfm.africa/omollo-dont-allow-politicians-to-exploit-you-for-violence/,2026-07-19T23:50:40.066013
Capital FM Kenya,Linda Mwananchi Steps Up Campaign to Reclaim ODM’s Western Stronghold,"The Bungoma meeting has also been billed as Sifuna's homecoming, with organisers expecting leaders, elders and supporters from across the larger Mulembe region to attend.","Sun, 19 Jul 2026 09:31:35 +0000",https://capitalfm.africa/linda-mwananchi-steps-up-campaign-to-reclaim-odms-western-stronghold/,2026-07-19T23:50:40.066036
Capital FM Kenya,ODM Hands Ottichilo Key Vihiga Role in Fresh Leadership Overhaul,"The appointment was unveiled during a meeting of ODM delegates in Vihiga County, where party officials defended the changes.","Sun, 19 Jul 2026 09:02:23 +0000",https://capitalfm.africa/odm-hands-ottichilo-key-vihiga-role-in-fresh-leadership-overhaul/,2026-07-19T23:50:40.066056
Capital FM Kenya,Facebook Outage Locks Out Thousands of Users as Platform Reports Temporary Site Issue,Users attempting to access the platform through web browsers were instead met with a message indicating that the problem stemmed from a technical issue on Facebook's end.,"Sun, 19 Jul 2026 08:46:08 +0000",https://capitalfm.africa/facebook-outage-locks-out-thousands-of-users-as-platform-reports-temporary-site-issue/,2026-07-19T23:50:40.066077
Capital FM Kenya,Kenya woos diplomats to back pharmaceutical manufacturing drive,"NAIROBI, Kenya, July 19 – Kenya is stepping up efforts to position itself as a regional pharmaceutical manufacturing hub, using diplomatic engagement to attract investment and partnerships aimed at reducing&#8230;","Sun, 19 Jul 2026 08:03:14 +0000",https://capitalfm.africa/kenya-woos-diplomats-to-back-pharmaceutical-manufacturing-drive/,2026-07-19T23:50:40.066097
The East African,Africa climate disaster: Warnings have improved but preparedness still lags,"Weather, climate and water-related hazards have accounted for more than 90 per cent of recorded disasters globally over the past five decades,","Sun, 19 Jul 2026 06:36:59 GMT",https://www.theeastafrican.co.ke/tea/sustainability/climate/africa-climate-disaster-warnings-and-preparedness-5531316,2026-07-19T23:50:41.175215
The East African,Matonya: My trial and tribulations in Kenya,He says the ordeal was a carefully orchestrated setup; that people he considered friends framed him in an attempt to extort money from him.,"Sat, 18 Jul 2026 11:29:35 GMT",https://www.theeastafrican.co.ke/tea/magazine/matonya-my-trial-and-tribulations-in-kenya-5530752,2026-07-19T23:50:41.175302
The East African,Signs of a steep ‘Mt Kenya’ climb for Ruto emerge after party’s loss in by-election,The region has voted for the winning presidential candidate in five of the seven elections since 1992 and accounted for more than 40 percent of the total votes garnered by President Ruto in 2022.,"Fri, 17 Jul 2026 18:45:38 GMT",https://www.theeastafrican.co.ke/tea/news/east-africa/signs-of-a-steep-mt-kenya-climb-for-ruto-5530480,2026-07-19T23:50:41.175364
The East African,Washington’s attacks on ICC pose dilemma for its African partners,It accuses the court of unfairly targeting American citizens and interests.,"Fri, 17 Jul 2026 22:56:13 GMT",https://www.theeastafrican.co.ke/tea/news/world/washington-attacks-on-icc-pose-dilemma-for-its-african-partners-5530612,2026-07-19T23:50:41.175421
The East African,How Africa’s power politics became a high stakes affair,"Across the continent, candidates are increasingly forced to dig deeper into their pockets to secure seats at both national and regional levels.","Fri, 17 Jul 2026 19:58:57 GMT",https://www.theeastafrican.co.ke/tea/news/east-africa/how-africa-s-power-politics-became-a-high-stakes-affair-5530600,2026-07-19T23:50:41.175467
The East African,"7 Americans quarantine at Kenya Ebola facility, Aid group says","They are the first people to quarantine at the facility, which has sparked huge opposition in Kenya.","Fri, 17 Jul 2026 09:05:24 GMT",https://www.theeastafrican.co.ke/tea/sustainability/health/7-americans-quarantine-at-kenya-ebola-facility-5529762,2026-07-19T23:50:41.175506
The East African,Macky Sall reaches out for ‘handshake’ with Faye,Sall is looking for support at home that could give momentum to his bid for the UN’s top job.,"Thu, 16 Jul 2026 10:00:22 GMT",https://www.theeastafrican.co.ke/tea/news/west-africa/macky-sall-reaches-out-for-handshake-with-faye-over-un-top-job-5528640,2026-07-19T23:50:41.175556
The East African,The problem with Africa’s financial architecture,The biggest capital barriers are in aligning investor and entrepreneur expectations.,"Thu, 16 Jul 2026 07:30:31 GMT",https://www.theeastafrican.co.ke/tea/business-tech/the-problem-with-africa-s-financial-architecture-5528374,2026-07-19T23:50:41.175602
The East African,Uganda discharges last Ebola patient,"WHO says the country's preparedness helped keep the case fatality rate below 10 percent, one of the lowest recorded in Ebola outbreaks.","Thu, 16 Jul 2026 14:14:42 GMT",https://www.theeastafrican.co.ke/tea/sustainability/health/uganda-discharges-last-ebola-patient-5529232,2026-07-19T23:50:41.175643
The East African,Opinion divided on Rwanda-Aston Villa sponsorship deal,Visit Rwanda and the Premier League club have signed a multi-year deal.,"Thu, 16 Jul 2026 08:49:04 GMT",https://www.theeastafrican.co.ke/tea/business-tech/opinion-divided-on-rwanda-aston-villa-sponsorship-deal-5528512,2026-07-19T23:50:41.175680
The East African,"Kenyan court freezes Burundian firm’s $274,000",It received money from a foreign jurisdiction and made suspicious transactions.,"Tue, 14 Jul 2026 05:16:15 GMT",https://www.theeastafrican.co.ke/tea/news/east-africa/kenyan-court-freezes-burundian-firm-account-money-laundering-5526198,2026-07-19T23:50:41.175730
The East African,Congo forms new council in push for war crimes justice,Fighting in eastern Congo intensified last year when the AFC/M23 rebel group seized large swathes of eastern Congo.,"Wed, 15 Jul 2026 13:21:42 GMT",https://www.theeastafrican.co.ke/tea/news/east-africa/congo-forms-new-council-in-push-for-war-crimes-justice-5527890,2026-07-19T23:50:41.175782
The East African,Somalia detains four youth for 'desecrating US flag,This comes amid growing dislike among some Somalis over US President Trump’s recurrent derogatory remarks against Somalia and Somali immigrants.,"Tue, 14 Jul 2026 07:57:21 GMT",https://www.theeastafrican.co.ke/tea/news/east-africa/somalia-detains-four-youth-for-desecrating-us-flag-5526314,2026-07-19T23:50:41.175836
The East African,"Sudan’s RSF leader Hemedti, 15 others sentenced to death by hanging","The trials of all suspects were held in absentia, as most of them now operate from abroad or hold foreign passports.","Mon, 13 Jul 2026 13:55:57 GMT",https://www.theeastafrican.co.ke/tea/news/north-africa/sudan-s-rsf-leader-hemedti-15-others-sentenced-to-death-5525756,2026-07-19T23:50:41.175888
The East African,"Uganda still low-income as Kenya, Tanzania hold lower-middle-income status",The classification has implications beyond its borders and ability to attract affordable development financing.,"Sat, 11 Jul 2026 21:30:51 GMT",https://www.theeastafrican.co.ke/tea/business-tech/uganda-still-low-income-kenya-tanzania-lower-middle-income-5524450,2026-07-19T23:50:41.175934
The East African,Afreximbank banks on intra-African trade,"Geopolitical tensions, rising protectionism and shifting global trade patterns are making regional integration increasingly important.","Sat, 11 Jul 2026 21:25:22 GMT",https://www.theeastafrican.co.ke/tea/business-tech/afreximbank-banks-on-intra-african-trade-5524444,2026-07-19T23:50:41.175972
The East African,OECD pricing reforms to affect multinationals,Tax practitioners say the revisions could improve consistency in transfer pricing audits.,"Sat, 11 Jul 2026 21:19:33 GMT",https://www.theeastafrican.co.ke/tea/business-tech/oecd-pricing-reforms-to-affect-multinationals-5524448,2026-07-19T23:50:41.176031
The East African,Uganda bets on oil city as East Africa’s petrochemical Hub,"The industrial park is expected to host industries, contributing an estimated $4.9bn annually to GDP and creating thousands of jobs.","Sat, 11 Jul 2026 14:14:28 GMT",https://www.theeastafrican.co.ke/tea/business-tech/uganda-bets-on-oil-city-as-east-africa-s-petrochemical-hub-5524278,2026-07-19T23:50:41.176088
The East African,Africa in ‘reverse remittances’ as cost of visa to the West rises,Data shows that people from African countries have a lower chance of getting visas to the Schengen region.,"Fri, 10 Jul 2026 21:58:27 GMT",https://www.theeastafrican.co.ke/tea/business-tech/africa-in-reverse-remittances-cost-of-visa-to-the-west-rises-5524106,2026-07-19T23:50:41.176112
The East African,Tanzania ahead of peers in trading under AfCFTA,"Tanzania exports sisal fibre, float glass, insecticidal mosquito nets, rice, coffee, and fruit and vegetables to AfCFTA markets.","Fri, 10 Jul 2026 21:26:10 GMT",https://www.theeastafrican.co.ke/tea/business-tech/tanzania-ahead-of-peers-in-trading-under-afcfta-5524096,2026-07-19T23:50:41.176133
Kenyans.co.ke,"Meaning of ETC, MTC, and Other Markings on Nairobi Expressway","To comfortably use the Nairobi Expressway, one has to fully understand the meanings behind the various markings on the various entrance and exit points of the 27.1-Kilometer highway.",2026-07-19T19:32:22+0300,https://www.kenyans.co.ke/news/125417-meaning-etc-mtc-and-other-markings-nairobi-expressway,2026-07-19T23:50:41.962844
Kenyans.co.ke,Pressure on Sifuna as Gachagua Team Makes Stand on 2027 Presidential Race,Gachagua's team has in recent months sought to consolidate its support base as opposition principals prepare to unveil their preferred presidential flagbearer to face Ruto.,2026-07-19T18:17:12+0300,https://www.kenyans.co.ke/news/125416-njeri-maina-challenges-opposition-co-principals-face-gachagua-presidential-race,2026-07-19T23:50:41.962895
Kenyans.co.ke,Immigration Department Makes Major Changes to Passport Application,"The changes are to remove the bottlenecks that have long been there, and to ensure a streamlined and seamless process while applying for the passports.",2026-07-19T17:21:30+0300,https://www.kenyans.co.ke/news/125415-immigration-revises-passport-application-rules-makes-recommending-officer-optional,2026-07-19T23:50:41.962919
Kenyans.co.ke,"Bandits Ambush Police, Trigger Fierce Gunfight","The police were forced to exchange fire in return after the unexpected ambush by the bandits, who were later repelled after intense gunfire.",2026-07-19T16:18:09+0300,https://www.kenyans.co.ke/news/125414-police-repel-bandit-gun-attack-recover-45-stolen-cattle,2026-07-19T23:50:41.962942
Kenyans.co.ke,President's Official Website Restored After Reported Cyberattack,"The website went off on July 18 after a suspected cyber attack, which the government itself confirmed, with the attackers threatening to leak sensitive data.",2026-07-19T15:12:03+0300,https://www.kenyans.co.ke/news/125412-presidents-official-website-restored-after-reported-cyberattack,2026-07-19T23:50:41.962963
Kenyans.co.ke,CS Ogamba Gives New Orders on School Fees,"The government is tightening its grip on schools accused of imposing unauthorised charges, with principals now facing disciplinary action as officials also seek to tackle the root cause of rising student unrest.",2026-07-19T14:40:17+0300,https://www.kenyans.co.ke/news/125411-education-cs-ogamba-warns-principals-against-illegal-school-levies,2026-07-19T23:50:41.962984
Kenyans.co.ke,Journalist Alleges Death Threats Over Dangote's Lamu Refinery Plan,"Nigerian billionaire Aliko Dangote plans to build a Ksh2.2 trillion mega oil refinery in Lamu, Kenya, designed to process 700,000 barrels of crude per day, and will be East Africa's largest refinery.",2026-07-19T14:33:43+0300,https://www.kenyans.co.ke/news/125409-journalist-ferdinand-omondi-reports-death-threats-over-dangote-lamu-refinery,2026-07-19T23:50:41.963005
Kenyans.co.ke,Court Deals Blow to Digital Lenders Over Excessive Interest Charges,The ruling offers significant relief to many Kenyan borrowers who may have been burdened by excessive interest charges imposed by digital lenders.,2026-07-19T14:24:33+0300,https://www.kenyans.co.ke/news/125410-court-bars-digital-lenders-recovering-excessive-interest-unexplained-charges,2026-07-19T23:50:41.963028
Kenyans.co.ke,Infotrak Explains Poll That Projected UDA Win in Ol Kalou,Sammy Douglas Kamau Waweru Ngotho of the Democracy for the Citizens Party (DCP) won the Ol Kalou parliamentary by-election in a landslide victory.,2026-07-19T13:36:42+0300,https://www.kenyans.co.ke/news/125408-infotrack-disowns-fake-ol-kalou-election-opinion-poll,2026-07-19T23:50:41.963049
Kenyans.co.ke,Lobby Group Demands Audit of IEBC KIEMS After Ol Kalou By-Election,"As security concerns dominated the Ol Kalou by-election, election observers have now detailed the incidents they say exposed gaps in the conduct of the poll.",2026-07-19T13:23:14+0300,https://www.kenyans.co.ke/news/125407-elog-raises-security-kiems-concerns-over-ol-kalou-election,2026-07-19T23:50:41.963070
Kenyans.co.ke,Kenya Railways Gives Update on Construction of Line Linking Kenya to Tanzania,"The revived railway line is expected to play a significant role in boosting cross-border trade, reducing transportation costs, supporting tourism, and opening up investment opportunities in the region.",2026-07-19T12:50:28+0300,https://www.kenyans.co.ke/news/125406-construction-voi-taveta-railway-project-reaches-70-completion-milestone,2026-07-19T23:50:41.963092
Kenyans.co.ke,High Court Announces Plan to Destroy Jomo-Moi-Kibaki Era Court Records,Kenyans have three months to claim exhibits linked to decades-old court cases before the Judiciary begins destroying records dating back to 1975.,2026-07-19T12:38:53+0300,https://www.kenyans.co.ke/news/125405-high-court-destroy-court-records-spanning-35-years,2026-07-19T23:50:41.963112
Kenyans.co.ke,Health Experts Raise Alarm Over Rising Cervical Cancer Cases,"Kenya records more than 40,000 cancer cases annually, even as the country continues to face gaps in specialised medical and oncology facilities needed to support patients.<br />",2026-07-19T12:10:04+0300,https://www.kenyans.co.ke/news/125404-health-experts-raise-alarm-over-rising-cervical-cancer-cases,2026-07-19T23:50:41.963132
Kenyans.co.ke,State Gives Update on New Project Aimed at Lowering Cooking Gas Prices,The project is expected to address years of challenges faced by Kenyan households due to high cooking gas prices and limited supply.<br />,2026-07-19T11:30:39+0300,https://www.kenyans.co.ke/news/125403-govt-says-dongo-kundu-taifa-gas-terminal-nears-completion,2026-07-19T23:50:41.963152
Kenyans.co.ke,"U.S. Issues Worldwide Security, Travel Advisory Covering Kenya","American citizens have been advised to prepare for potential travel disruptions, including flight cancellations and temporary airspace closures.",2026-07-19T11:16:13+0300,https://www.kenyans.co.ke/news/125401-us-issues-worldwide-security-alert-citizens-including-those-kenya,2026-07-19T23:50:41.963172
Kenyans.co.ke,Facebook Hit by Global Outage Affecting Users,Many users were faced with a message telling them that their accounts were unavailable and that they needed to try again after a few minutes.,2026-07-19T11:08:34+0300,https://www.kenyans.co.ke/news/125402-facebook-hit-outage-affecting-pc-users-kenya,2026-07-19T23:50:41.963201
Kenyans.co.ke,KRA Gives Traders New 30-Day Notice on Goods,The notice comes at a critical time when KRA is rolling out a new digital customs system that will handle how imported goods will be arriving in the country and other custom clearances.,2026-07-19T10:40:41+0300,https://www.kenyans.co.ke/news/125400-kra-gives-importers-30-days-claim-goods-or-face-auction,2026-07-19T23:50:41.963222
Kenyans.co.ke,Murkomen Faces Fresh Resignation Calls Ahead of 2027 General Elections,"Murkomen has faced mounting criticism over rising insecurity linked to suspected criminal gangs and goons, as the country heads into the final year before the next General Election.",2026-07-19T09:35:23+0300,https://www.kenyans.co.ke/news/125399-machakos-dg-demands-murkomens-resignation-over-rising-goonism,2026-07-19T23:50:41.963243
Kenyans.co.ke,"NLC, KeNHA Issue Notice to Landowners Over Airport, Road Expansion","The compulsory acquisition process comes as the government advances plans to improve transport infrastructure in the area, with the expansion of the airstrip expected to enhance regional connectivity.",2026-07-19T09:18:19+0300,https://www.kenyans.co.ke/news/125398-nlc-acquire-land-kabunde-airstrip-expansion-homabay-rongo-road-realignment,2026-07-19T23:50:41.963268
Kenyans.co.ke,Court Orders Freeze on Over Ksh 100M Held by Two Kenyans,"The court directed an immediate freeze following a request by the Assets Recovery Agency, with the two now unable to withdraw or move the millions held in several bank accounts as well.",2026-07-19T08:58:46+0300,https://www.kenyans.co.ke/news/125397-high-court-freezes-ksh105-million-held-two-kenyans-crypto-bank-accounts,2026-07-19T23:50:41.963291
K24,Former FIFA World Cup official dismisses favouritism reports,"By Darren Cann According to many fans, social media timelines and corners of the internet, Fifa wants Argentina","Sun, 19 Jul 2026 23:38:35 +0000",https://k24.digital/sports/world-cup/former-fifa-world-cup-official-dismisses-favouritism-reports,2026-07-19T23:50:44.360059
K24,FIFA World Cup: Life lessons we can learn from football,"Football is often described as &#8220;the beautiful game&#8221;, but its impact goes far beyond the pitch. Whether you","Sun, 19 Jul 2026 23:24:27 +0000",https://k24.digital/sports/world-cup/fifa-world-cup-life-lessons-we-can-learn-from-football,2026-07-19T23:50:44.360076
K24,"Mbappé wins Golden Boot as Rodri, Simón headline 2026 World Cup individual awards","The 2026 FIFA World Cup produced a new generation of records, individual milestones and outstanding performances, with Spain","Sun, 19 Jul 2026 23:03:16 +0000",https://k24.digital/sports/world-cup/mbappe-wins-golden-boot-as-rodri-simon-headline-2026-world-cup-individual-awards,2026-07-19T23:50:44.360087
K24,Dozens missing after passenger ferry sinks off coast of Guyana,"A ferry carrying 116 passengers and crew sank ⁠off the coast of Guyana in South America ⁠late Saturday, with 67","Sun, 19 Jul 2026 22:43:58 +0000",https://k24.digital/news/dozens-missing-after-passenger-ferry-sinks-off-coast-of-guyana,2026-07-19T23:50:44.360096
K24,Spain crowned 2026 FIFA World Cup champions after edging Argentina in historic New York final,Spain are the new kings of world football after defeating defending champions Argentina 1-0 after extra time in,"Sun, 19 Jul 2026 22:22:40 +0000",https://k24.digital/sports/world-cup/spain-crowned-2026-fifa-world-cup-champions-after-edging-argentina-in-historic-new-york-final,2026-07-19T23:50:44.360104
K24,Here’s the amount Argentina will receive for reaching 2026 World Cup Final,"Argentina have emerged as the 2026 FIFA World Cup first runner-up, falling to Spain in a disappointing final.","Sun, 19 Jul 2026 22:15:52 +0000",https://k24.digital/sports/world-cup/heres-the-amount-argentina-will-receive-for-reaching-2026-world-cup-final,2026-07-19T23:50:44.360113
K24,Here’s the amount Spain will receive for winning World Cup 2026,"Spain have been crowned 2026 FIFA World Cup champions, defeating Argentina in the final to lift football&#8217;s most","Sun, 19 Jul 2026 22:08:41 +0000",https://k24.digital/sports/world-cup/heres-the-amount-spain-will-receive-for-winning-world-cup-2026,2026-07-19T23:50:44.360121
K24,Lenacapavir: The HIV injection people are dangerously misunderstanding,"HIV is only one player in a much larger, more complex, and often deadlier game of sexual health.","Sun, 19 Jul 2026 21:57:26 +0000",https://k24.digital/lifestyle/health-and-fitness/lenacapavir-the-hiv-injection-people-are-dangerously-misunderstanding,2026-07-19T23:50:44.360136
K24,Key reasons why some employees actually look forward to Mondays,"For many people, Monday has a reputation as the least favourite day of the week. After a relaxing","Sun, 19 Jul 2026 21:08:05 +0000",https://k24.digital/lifestyle/life-hacks/key-reasons-why-some-employees-actually-look-forward-to-mondays,2026-07-19T23:50:44.360144
K24,Five habits that can make your Monday more productive,"For many people, Monday is the toughest day of the week. After a relaxing weekend or a long","Sun, 19 Jul 2026 20:30:05 +0000",https://k24.digital/lifestyle/life-hacks/five-habits-that-can-make-your-monday-more-productive,2026-07-19T23:50:44.360153
K24,FIFA World Cup 2026: Follow Spain vs Argentina match live here,"Argentina are taking on Spain in New York right now. Get live match statistics, line-ups, standings, player ratings,","Sun, 19 Jul 2026 20:10:56 +0000",https://k24.digital/sports/world-cup/fifa-world-cup-2026-follow-spain-vs-argentina-match-live-here,2026-07-19T23:50:44.360161
K24,How to beat the Monday blues after a long weekend,"Heading back to work on Monday after a long weekend of family time, travel, celebrations or simply catching","Sun, 19 Jul 2026 20:01:21 +0000",https://k24.digital/lifestyle/mental-wellnes/how-to-beat-the-monday-blues-after-a-long-weekend,2026-07-19T23:50:44.360170
K24,What makes a World Cup Final so special?,"Every four years, the FIFA World Cup captures the attention of billions of people around the globe. But","Sun, 19 Jul 2026 19:21:27 +0000",https://k24.digital/mytake/what-makes-a-world-cup-final-so-special,2026-07-19T23:50:44.360178
K24,Spain vs Argentina: Line ups revealed as Yamal and Messi stand eyeball to eyeball for World Cup glory,Lionel Messi will once again lead the Argentines out for his third World Cup final after retaining his,"Sun, 19 Jul 2026 18:24:38 +0000",https://k24.digital/sports/world-cup/spain-vs-argentina-line-ups-revealed-as-yamal-and-messi-go-eyeball-to-eyeball-for-world-cup-glory,2026-07-19T23:50:44.360186
K24,"Who will win World Cup, Spain or Argentina? Supercomputer predicts champion",Spain and Argentina meet in the ultimate clash of the 2026 World Cup finals at MetLife Stadium in,"Sun, 19 Jul 2026 18:13:18 +0000",https://k24.digital/sports/world-cup/who-will-win-world-cup-spain-or-argentina-supercomputer-predicts-champion,2026-07-19T23:50:44.360194
K24,Gospel singer Stella Mengele reveals family prepared for mother’s death before cancer miracle,Kamba gospel singer Stella Mengele has revealed that her family genuinely believed they were going to lose their,"Sun, 19 Jul 2026 17:47:20 +0000",https://k24.digital/entertainment/celebrity/gospel-singer-stella-mengele-reveals-family-prepared-for-mothers-death-before-cancer-miracle,2026-07-19T23:50:44.360203
K24,South America vs Europe rivalry in numbers at the World Cup finals,The FIFA World Cup has historically been defined by a fierce and storied rivalry dominated entirely by European,"Sun, 19 Jul 2026 17:21:10 +0000",https://k24.digital/sports/world-cup/south-america-vs-europe-rivalry-in-numbers-at-the-world-cup-finals,2026-07-19T23:50:44.360211
K24,Home sounds that mean something is wrong,"Every home has its own daily rhythm, from the hum of the fridge to the distant roar of","Sun, 19 Jul 2026 17:14:19 +0000",https://k24.digital/lifestyle/home-and-living/home-sounds-that-mean-something-is-wrong,2026-07-19T23:50:44.360219
K24,How salt affects athletic performance,"When you go for a run, play a weekend football match, or lift weights at the gym, sweating","Sun, 19 Jul 2026 17:11:35 +0000",https://k24.digital/lifestyle/health-and-fitness/how-salt-affects-athletic-performance,2026-07-19T23:50:44.360227
K24,"Kai Cenat forced to use chopper after Streamer University students sneak out, hold huge party",Streamer University founder and internet sensation Kai Cenat has dramatically descended on a party in a helicopter after,"Sun, 19 Jul 2026 16:21:29 +0000",https://k24.digital/entertainment/celebrity/kai-cenat-forced-to-use-chopper-after-streamer-university-students-sneak-out-hold-huge-party,2026-07-19T23:50:44.360235
K24,Kenya Power lists areas facing Monday blackout,Kenyans living in parts of Nairobi and Nyeri counties will have to plan their day around an eight-hour,"Sun, 19 Jul 2026 16:11:00 +0000",https://k24.digital/news/kenya-power-lists-areas-facing-monday-blackout,2026-07-19T23:50:44.360243
K24,Do you know how the World Cup trophy is made? This is how,"Tonight, either Spain or Argentina will lift the most famous prize in football at MetLife Stadium in New","Sun, 19 Jul 2026 16:03:42 +0000",https://k24.digital/sports/world-cup/do-you-know-how-the-world-cup-trophy-is-made-this-is-how,2026-07-19T23:50:44.360251
K24,What chronic phone checking is doing to attention spans,How many times do you check your phone while working or studying? It is probably more than you,"Sun, 19 Jul 2026 15:34:16 +0000",https://k24.digital/lifestyle/mental-wellnes/what-chronic-phone-checking-is-doing-to-attention-spans,2026-07-19T23:50:44.360259
K24,Lulu Hassan emotional as woman remembers her from school after more than 30 years,TV presenter Lulu Hassan has shared a heartwarming story after unexpectedly reuniting with a woman who helped her,"Sun, 19 Jul 2026 15:04:29 +0000",https://k24.digital/entertainment/celebrity/lulu-hassan-emotional-as-woman-remembers-her-from-school-after-more-than-30-years,2026-07-19T23:50:44.360269
K24,Makueni Huduma Centre extends working hours from 7am to 7pm,"Getting government documents in Makueni County has become easier. Starting Monday, July 20, 2026, the Makueni Huduma Centre","Sun, 19 Jul 2026 14:34:04 +0000",https://k24.digital/news/makueni-huduma-centre-extends-working-hours-from-7am-to-7pm,2026-07-19T23:50:44.360277
K24,"Spain or Argentina, who will win the FIFA World Cup? Owen, Zlatan and John Terry give their predictions","The FIFA World Cup 2026 final is not far away, and the predictions are coming in thick and fast. Spain, the reigning","Sun, 19 Jul 2026 13:58:53 +0000",https://k24.digital/sports/world-cup/spain-or-argentina-who-will-win-the-fifa-world-cup-owen-zlatan-and-john-terry-give-their-predictions,2026-07-19T23:50:44.360286
K24,Pastor Kanyari recalls questioning his own anointing after woman he prayed for got twins,Salvation Healing Ministry founder Pastor Victor Kanyari has recalled being left with more questions than answers after a,"Sun, 19 Jul 2026 13:54:31 +0000",https://k24.digital/entertainment/celebrity/pastor-kanyari-recalls-questioning-his-own-anointing-after-woman-he-prayed-for-got-twins,2026-07-19T23:50:44.360294
K24,How to spot scammers on Ziidi Trader,Safaricom has warned Kenyans to look out for a new wave of financial fraud targeting its digital stock,"Sun, 19 Jul 2026 13:50:16 +0000",https://k24.digital/lifestyle/money/how-to-spot-scammers-on-ziidi-trader,2026-07-19T23:50:44.360302
K24,"Merci, Didier Deschamps! Coach’s historic 14-year reign as France’s tactician ends",The French Football Federation (FFF) has confirmed that national team coach Didier Deschamps has officially stepped down from,"Sun, 19 Jul 2026 13:36:46 +0000",https://k24.digital/sports/world-cup/merci-didier-deschamps-coachs-historic-14-year-reign-as-frances-tactician-ends,2026-07-19T23:50:44.360310
K24,‘Harusi tunayo’: Anne Waiguru confirms wedding plans after son Don’s Ngurario ceremony,"Kirinyaga Governor Anne Waiguru has confirmed that wedding preparations are now underway after her son, Don, and his","Sun, 19 Jul 2026 12:43:21 +0000",https://k24.digital/entertainment/events/harusi-tunayo-anne-waiguru-confirms-wedding-plans-after-son-dons-ngurario-ceremony,2026-07-19T23:50:44.360318
KBC,Prabowo Subianto: Indonesia becomes first country in world to introduce biodiesel containing 50% palm oil,"<p>The Head of State noted that the programme strengthens the country’s energy independence and self-sufficiency</p>
<p>The post <a href=""https://www.kbc.co.ke/prabowo-subianto-indonesia-becomes-first-country-in-world-to-introduce-biodiesel-containing-50-palm-oil/"">Prabowo Subianto: Indonesia becomes first country in world to introduce biodiesel containing 50% palm oil</a> appeared first on <a href=""https://www.kbc.co.ke"">KBC Digital</a>.</p>","Sun, 19 Jul 2026 17:47:52 +0000",https://www.kbc.co.ke/prabowo-subianto-indonesia-becomes-first-country-in-world-to-introduce-biodiesel-containing-50-palm-oil/,2026-07-19T23:50:46.025078
KBC,Presidential aspirant Onyango Oloo seeks Mt. Kenya support,"<p>Presidential aspirant Onyango Oloo has appealed to the Mt. Kenya region to support his bid to become Kenya&#8217;s next president. Oloo made the appeal in Sagana, Kirinyaga County, during the commissioning of the Freedom and Opportunity Party&#8217;s Central Region office. He urged residents to reciprocate the support he says he has previously given leaders from [&#8230;]</p>
<p>The post <a href=""https://www.kbc.co.ke/presidential-aspirant-onyango-oloo-seeks-mt-kenya-support/"">Presidential aspirant Onyango Oloo seeks Mt. Kenya support</a> appeared first on <a href=""https://www.kbc.co.ke"">KBC Digital</a>.</p>","Sun, 19 Jul 2026 14:26:01 +0000",https://www.kbc.co.ke/presidential-aspirant-onyango-oloo-seeks-mt-kenya-support/,2026-07-19T23:50:46.025097
KBC,Probe launched into alleged goon activity in Ol Kalou,"<p>The Directorate of Criminal Investigations (DCI) has launched investigations into allegations of the presence of armed goons during the Ol Kalou by-election, Interior CS Kipchumba Murkomen has said. &#8220;The DCI has opened an investigation file to establish who these individuals are, the crimes they committed, who they harmed, and why they were there, so that [&#8230;]</p>
<p>The post <a href=""https://www.kbc.co.ke/probe-launched-into-alleged-goon-activity-in-ol-kalou/"">Probe launched into alleged goon activity in Ol Kalou</a> appeared first on <a href=""https://www.kbc.co.ke"">KBC Digital</a>.</p>","Sun, 19 Jul 2026 14:13:00 +0000",https://www.kbc.co.ke/probe-launched-into-alleged-goon-activity-in-ol-kalou/,2026-07-19T23:50:46.025107
KBC,First global intergovernmental AI cooperation organization,"<p>The creation of the world&#8217;s first intergovernmental international organization to cope with opportunities and challenges posed by thinking machines was announced at a major AI governance conference in Shanghai on Friday. Chinese President Xi Jinping said the establishment of the World Artificial Intelligence Cooperation Organization (WAICO) is a major move by China to answer the [&#8230;]</p>
<p>The post <a href=""https://www.kbc.co.ke/first-global-intergovernmental-ai-cooperation-organization/"">First global intergovernmental AI cooperation organization</a> appeared first on <a href=""https://www.kbc.co.ke"">KBC Digital</a>.</p>","Sun, 19 Jul 2026 08:29:53 +0000",https://www.kbc.co.ke/first-global-intergovernmental-ai-cooperation-organization/,2026-07-19T23:50:46.025117
KBC,Xi voices firm support for UN in meeting with Guterres,"<p>President Xi Jinping on Friday reiterated China&#8217;s firm support for the United Nations when meeting with UN Secretary-General Antonio Guterres, who is in Shanghai for the 2026 World Artificial Intelligence Conference and High-Level Meeting on Global AI Governance. Xi spoke highly of Guterres&#8217; work since he was appointed UN secretary-general 10 years ago, which included [&#8230;]</p>
<p>The post <a href=""https://www.kbc.co.ke/xi-voices-firm-support-for-un-in-meeting-with-guterres/"">Xi voices firm support for UN in meeting with Guterres</a> appeared first on <a href=""https://www.kbc.co.ke"">KBC Digital</a>.</p>","Sun, 19 Jul 2026 08:25:12 +0000",https://www.kbc.co.ke/xi-voices-firm-support-for-un-in-meeting-with-guterres/,2026-07-19T23:50:46.025125
KBC,Enziu River Bridge nears completion as Govt commits more funds,"<p>The construction of the multi-million-shilling Enziu River Bridge in Mwingi, Kitui County, has reached 80pc completion, with the contractor expected to complete the project within the next two months. Speaking during a tour of the construction site, a United Democratic Alliance (UDA) delegation led by Kitui South MP Rachel Nyamai said the government had released [&#8230;]</p>
<p>The post <a href=""https://www.kbc.co.ke/enziu-river-bridge-nears-completion-as-govt-commits-more-funds/"">Enziu River Bridge nears completion as Govt commits more funds</a> appeared first on <a href=""https://www.kbc.co.ke"">KBC Digital</a>.</p>","Sun, 19 Jul 2026 08:22:25 +0000",https://www.kbc.co.ke/enziu-river-bridge-nears-completion-as-govt-commits-more-funds/,2026-07-19T23:50:46.025134
KBC,Ol Kalou residents lauded for defending democratic space,"<p>Machakos Deputy Governor Francis Mwangangi has commended residents of Ol Kalou Constituency for what he described as their resolve in safeguarding the democratic process, saying their actions should inspire Kenyans to protect the country&#8217;s democratic gains. Speaking in Machakos, Mwangangi said the conduct of the residents demonstrated the importance of peaceful participation in elections and [&#8230;]</p>
<p>The post <a href=""https://www.kbc.co.ke/ol-kalou-residents-lauded-for-defending-democratic-space/"">Ol Kalou residents lauded for defending democratic space</a> appeared first on <a href=""https://www.kbc.co.ke"">KBC Digital</a>.</p>","Sun, 19 Jul 2026 08:05:17 +0000",https://www.kbc.co.ke/ol-kalou-residents-lauded-for-defending-democratic-space/,2026-07-19T23:50:46.025143
KBC,‎Tharaka Nithi to establish constituency museums to preserve cultural heritage,"<p>‎Tharaka Nithi County Government will establish small museums in each of its constituencies as part of efforts to preserve and promote the county&#8217;s cultural heritage for future generations. ‎ ‎Governor Muthomi Njuki announced the initiative during the closing ceremony of the two-day Chuka Igambang&#8217;ombe Cultural Festival at Kaanwa chiefs camp, saying the museums will showcase [&#8230;]</p>
<p>The post <a href=""https://www.kbc.co.ke/tharaka-nithi-to-establish-constituency-museums-to-preserve-cultural-heritage/"">‎Tharaka Nithi to establish constituency museums to preserve cultural heritage</a> appeared first on <a href=""https://www.kbc.co.ke"">KBC Digital</a>.</p>","Sun, 19 Jul 2026 08:00:31 +0000",https://www.kbc.co.ke/tharaka-nithi-to-establish-constituency-museums-to-preserve-cultural-heritage/,2026-07-19T23:50:46.025152
KBC,Fear grips Ruiru as mysterious attacker bites victims in night assaults,"<p>Fear has gripped residents of Gitothua in Ruiru after a string of bizarre night attacks by an unidentified man who is reported to be targeting pedestrians, robbing them and violently biting his victims. The latest victim, Daniel Ndegwa, was attacked on July 11, 2026 at about 9 p.m. while walking to a nearby shopping centre. [&#8230;]</p>
<p>The post <a href=""https://www.kbc.co.ke/fear-grips-ruiru-as-mysterious-attacker-bites-victims-in-night-assaults/"">Fear grips Ruiru as mysterious attacker bites victims in night assaults</a> appeared first on <a href=""https://www.kbc.co.ke"">KBC Digital</a>.</p>","Sun, 19 Jul 2026 07:33:29 +0000",https://www.kbc.co.ke/fear-grips-ruiru-as-mysterious-attacker-bites-victims-in-night-assaults/,2026-07-19T23:50:46.025160
KBC,Global leaders back new framework for AI governance at Shanghai Summit,"<p>Delegates adopt 15-point agenda on AI governance, innovation, security and international cooperation.</p>
<p>The post <a href=""https://www.kbc.co.ke/global-leaders-back-new-framework-for-ai-governance-at-shanghai-summit/"">Global leaders back new framework for AI governance at Shanghai Summit</a> appeared first on <a href=""https://www.kbc.co.ke"">KBC Digital</a>.</p>","Sat, 18 Jul 2026 22:42:24 +0000",https://www.kbc.co.ke/global-leaders-back-new-framework-for-ai-governance-at-shanghai-summit/,2026-07-19T23:50:46.025171
Kenya News Agency,Koskei calls for shift to high-value crops to transform Mt Elgon economy,"Chief of Staff and Head of Public Service Felix Koskei has challenged farmers in Mt. Elgon to abandon overreliance on traditional food crops and embrace high-value cash crops, saying the shift is key to unlocking the region&#8217;s vast economic potential. Koskei said despite the region&#8217;s fertile volcanic soils and favourable climate, many households continue to...","Sun, 19 Jul 2026 13:06:54 +0000",https://www.kenyanews.go.ke/koskei-calls-for-shift-to-high-value-crops-to-transform-mt-elgon-economy/,2026-07-19T23:50:47.582773
Kenya News Agency,Uasin Gishu launches football tournament to nurture youth talent,"Uasin Gishu Governor Jonathan Bii has called for increased investment in grassroots sports, saying nurturing young talent is essential in combating drug and substance abuse among youth while creating opportunities for economic empowerment. Speaking on Saturday during the launch of the Governor Chelilim Men&#8217;s Football Tournament at Naiberi Primary School grounds in Ainabkoi Sub-County, Bii...","Sun, 19 Jul 2026 13:04:01 +0000",https://www.kenyanews.go.ke/uasin-gishu-launches-football-tournament-to-nurture-youth-talent/,2026-07-19T23:50:47.582816
Kenya News Agency,Over 20 teams set for action-packed Prinsloo Sevens Championship,"More than 20 teams are set to battle for honours during the 17th edition of the National 7s Prinsloo Sevens Championships scheduled for Nakuru Athletics Club (NAC) next weekend. The tournament, which returns to Nakuru for the 13th time, will mark the opening leg of the 2026 SportPesa National Sevens Circuit, with rugby fans expected...","Sun, 19 Jul 2026 13:01:58 +0000",https://www.kenyanews.go.ke/over-20-teams-set-for-action-packed-prinsloo-sevens-championship/,2026-07-19T23:50:47.582840
Kenya News Agency,Archbishop warns youth against political exploitation and violent gangs,"The Archbishop of Nairobi, Most Rev. Philip Anyolo, has warned young people against being manipulated by unscrupulous leaders to participate in violence, saying such actions threaten the country’s peace and future. Archbishop Anyolo discouraged the youth from being lured by financial handouts, saying temporary gains cannot provide meaningful solutions to their challenges or help them...","Sun, 19 Jul 2026 12:59:26 +0000",https://www.kenyanews.go.ke/archbishop-warns-youth-against-political-exploitation-and-violent-gangs/,2026-07-19T23:50:47.582861
Standard - Headlines,Political earthquake: The making of tired but defiant voters,"A series of confrontations, heckling incidents and electoral setbacks across Kenya suggests growing public dissatisfaction with political leaders.","Mon, 20 Jul 2026 08:40:00 +0300",https://www.standardmedia.co.ke/article/2001553223/political-earthquake-the-making-of-tired-but-defiant-voters,2026-07-20T08:51:12.242930+00:00
Standard - Headlines,Why public servants have less than a month to update pension records,"Government has directed all public servants to update their records with the Public Service Superannuation Fund by August 14, 2026, in the latest step towards modernising pension administration.","Sat, 18 Jul 2026 18:33:00 +0300",https://www.standardmedia.co.ke/article/2001553092/why-public-servants-have-less-than-a-month-to-update-pension-records,2026-07-20T08:51:12.242992+00:00
Standard - Headlines,Inside Kenya's Ebola defences as seven Americans enter quarantine,Seven American humanitarian workers are spending 21 days under medical observation in Kenya not because they are ill.,"Fri, 17 Jul 2026 16:33:43 +0300",https://www.standardmedia.co.ke/article/2001553086/inside-kenya-s-ebola-defences-as-seven-americans-enter-quarantine,2026-07-20T08:51:12.243018+00:00
Standard - Headlines,MPs push for urgent resolution of higher education funding crisis,Parliament Committee on Education has called for urgent and coordinated action to address persistent funding challenges affecting higher education sector.,"Thu, 16 Jul 2026 18:27:20 +0300",https://www.standardmedia.co.ke/article/2001552991/mps-push-for-urgent-resolution-of-higher-education-funding-crisis,2026-07-20T08:51:12.243038+00:00
Standard - Headlines,High court suspends President Ruto's executive order placing IPOA under Interior Ministry,The High Court has temporarily suspended the implementation of president William Ruto&#039;s Executive Order No. 2 of 2023 that placed the IPOA under the Ministry of Interior and National Administration,"Wed, 15 Jul 2026 20:15:39 +0300",https://www.standardmedia.co.ke/article/2001552906/high-court-suspends-president-ruto-s-executive-order-placing-ipoa-under-interior-ministry,2026-07-20T08:51:12.243057+00:00
Standard - Headlines,Gachagua accuses IEBC of bias ahead of Ol Kalou by-election,"Gachagua wants IEBC to commit to conducting the Ol Kalou by-election in a free, fair, and credible manner.","Tue, 14 Jul 2026 19:33:18 +0300",https://www.standardmedia.co.ke/article/2001552811/gachagua-accuses-iebc-of-bias-ahead-of-ol-kalou-by-election,2026-07-20T08:51:12.243075+00:00
Standard - Headlines,Wetang'ula risks jail over alleged breach of court orders on political campaigns,"The High Court has certified as urgent a contempt application seeking to have Speaker Moses Wetang&#039;ula jailed for at least one month or fined Sh725,017 for each political engagement.","Mon, 13 Jul 2026 16:39:03 +0300",https://www.standardmedia.co.ke/article/2001552695/wetang-ula-risks-jail-over-alleged-breach-of-court-orders-on-political-campaigns,2026-07-20T08:51:12.243093+00:00
Standard - Headlines,"Oburu declares ODM won't field presidential candidate, endorses Ruto",ODM leader Oburu Oginga has publicly declared that the party will not field a presidential candidate in the next General Election.,"Sun, 12 Jul 2026 17:51:07 +0300",https://www.standardmedia.co.ke/article/2001552630/oburu-declares-odm-won-t-field-presidential-candidate-endorses-ruto,2026-07-20T08:51:12.243110+00:00
Standard - Headlines,Why Linda Mwananchi leaders cancelled Ol Kalou tour,The Linda Mwananchi brigade will instead convene a meeting in Nyahururu Town.,"Sat, 11 Jul 2026 20:29:32 +0300",https://www.standardmedia.co.ke/article/2001552582/why-linda-mwananchi-leaders-cancelled-ol-kalou-tour,2026-07-20T08:51:12.243127+00:00
Standard - Headlines,"Karua condemns convoy attack, blames police lapse","Martha Karua condemns attack on her convoy at Gatoto Primary School in Mukuru kwa Reuben, alleges police failed to provide security as ordered by court.","Fri, 10 Jul 2026 20:58:00 +0300",https://www.standardmedia.co.ke/article/2001552520/karua-condemns-convoy-attack-blames-police-lapse,2026-07-20T08:51:12.243144+00:00
Standard - Headlines,Registrar of Political Parties okays Sifuna's removal as ODM secretary general,Registrar of Political Parties okays removal of Nairobi Senator Edwin Sifuna as ODM party Sec Gen following the National Executive Council resolution.,"Thu, 09 Jul 2026 20:17:21 +0300",https://www.standardmedia.co.ke/article/2001552431/registrar-of-political-parties-okays-sifuna-s-removal-as-odm-secretary-general,2026-07-20T08:51:12.243161+00:00
Standard - Headlines,Ndindi Nyoro seeks annulment of Safaricom stake sale,"Ndindi Nyoro has intensified his opposition to the government&#039;s sale of its stake in Safaricom, calling for the transaction to be annulled over what he described as deliberate share price manipulation","Wed, 08 Jul 2026 20:11:00 +0300",https://www.standardmedia.co.ke/article/2001552322/ndindi-nyoro-seeks-annulment-of-safaricom-stake-sale,2026-07-20T08:51:12.243178+00:00
Standard - Headlines,Kalonzo condemns police over their conduct during Saba Saba Day,Wiper Patriotic Front Party Leader Kalonzo Musyoka condemned the National Police Service for turning its guns and batons on the citizens it exists to protect during the 36th Saba Saba Day.,"Tue, 07 Jul 2026 20:49:00 +0300",https://www.standardmedia.co.ke/article/2001552263/kalonzo-condemns-police-over-their-conduct-during-saba-saba-day,2026-07-20T08:51:12.243195+00:00
Standard - Headlines,"Kenya Kwanza leaders tell Uhuru to stay out of politics, act like a statesman",Kenya Kwanza leaders have called on former President Uhuru Kenyatta to uphold the dignity of the office he served and stop supporting the opposition.,"Mon, 06 Jul 2026 16:04:17 +0300",https://www.standardmedia.co.ke/article/2001552150/kenya-kwanza-leaders-tell-uhuru-to-stay-out-of-politics-act-like-a-statesman,2026-07-20T08:51:12.243212+00:00
Standard - Headlines,Opposition warns Kenya is sliding into anarchy amid rising political violence,"Opposition leaders have warned that Kenya is sliding into anarchy, citing rising political violence, abductions, and the use of armed gangs to attack government critics and terrorise Kenyans.","Sun, 05 Jul 2026 17:12:57 +0300",https://www.standardmedia.co.ke/article/2001552082/opposition-warns-kenya-is-sliding-into-anarchy-amid-rising-political-violence,2026-07-20T08:51:12.243229+00:00
Standard - Headlines,Kalonzo: Sale of Safaricom was a national abduction,"Kalonzo questioned the timing of the transaction, noting that it was concluded while a constitutional petition challenging the sale remains pending before the High Court.","Sat, 04 Jul 2026 18:00:40 +0300",https://www.standardmedia.co.ke/article/2001552028/kalonzo-sale-of-safaricom-was-a-national-abduction,2026-07-20T08:51:12.243245+00:00
Standard - Headlines,Inside NTSA's move to take instant traffic fine payments off eCitizen,"Motorists will then be required to present the reference number at a KCB branch, where a teller will verify the information in the bank system before guiding them through the payment process.","Wed, 01 Jul 2026 15:35:20 +0300",https://www.standardmedia.co.ke/article/2001551780/inside-ntsa-s-move-to-take-instant-traffic-fine-payments-off-ecitizen,2026-07-20T08:51:12.243261+00:00
Standard - Headlines,Court orders Ruto to reshuffle Cabinet within 120 Days,"Judges say the current Cabinet fails to meet the constitutional gender threshold. Of&nbsp;its 25 members, only seven are women and 18 are men.","Tue, 30 Jun 2026 20:24:04 +0300",https://www.standardmedia.co.ke/article/2001551714/court-orders-ruto-to-reshuffle-cabinet-within-120-days,2026-07-20T08:51:12.243278+00:00
Standard - Headlines,Russia begins process to compensate kin of Kenyans killed in Ukraine war,The many questions by Kenyan families that have lost relatives in Russias war against Ukraine may now find answers after the Russian government owned up to the loss suffered by families.,"Sun, 28 Jun 2026 15:00:57 +0300",https://www.standardmedia.co.ke/article/2001551509/russia-begins-process-to-compensate-kin-of-kenyans-killed-in-ukraine-war,2026-07-20T08:51:12.243294+00:00
Standard - Headlines,"Six protesters found dumped, tortured after arrest at Gen Z memorial march","Six protesters arrested during Gen Z anniversary protests found in different parts of Nairobi with signs of assault, KHRC says.","Sat, 27 Jun 2026 18:39:56 +0300",https://www.standardmedia.co.ke/article/2001551456/six-protesters-found-dumped-tortured-after-arrest-at-gen-z-memorial-march,2026-07-20T08:51:12.243310+00:00
Standard - Headlines,IG Kanja faces jail for contempt over roadblocks during protests,Inspector General of Police Douglas Kanja risks a jail term if found guilty of&nbsp;deliberately defying High Court orders.,"Fri, 26 Jun 2026 20:14:36 +0300",https://www.standardmedia.co.ke/article/2001551391/ig-kanja-faces-jail-for-contempt-over-roadblocks-during-protests,2026-07-20T08:51:12.243327+00:00
Standard - Headlines,355 people arrested as Murkomen hails peaceful anniversary protests,"Police arrest at least 355 people during Gen Z anniversary protests, Interior CS Murkomen says suspects to face vandalism and robbery charges.","Thu, 25 Jun 2026 19:00:00 +0300",https://www.standardmedia.co.ke/article/2001551303/355-people-arrested-as-murkomen-hails-peaceful-anniversary-protests,2026-07-20T08:51:12.243353+00:00
Standard - Headlines,"Luo nation will not take part in protests, MPs say","According to the MPs, the Government has gone to the region with peace and projects and the people should not respond with stones and protests.","Wed, 24 Jun 2026 20:19:00 +0300",https://www.standardmedia.co.ke/article/2001551221/luo-nation-will-not-take-part-in-protests-mps-say,2026-07-20T08:51:12.243370+00:00
Standard - Headlines,Duale summoned for contempt sentencing over Ebola quarantine facility,Health CS Duale is expected to appear before High Court Judge Patricia Nyaundi on Tuesday after she raised concerns about the construction of the facility despite existing court orders.,"Mon, 22 Jun 2026 16:36:19 +0300",https://www.standardmedia.co.ke/article/2001550991/duale-summoned-for-contempt-sentencing-over-ebola-quarantine-facility,2026-07-20T08:51:12.243387+00:00
Standard - Headlines,Why Kalonzo's calm resolve and Sifuna's fire are the winning bet,"The prospect of Kalonzo&nbsp;Musyoka&ndash;Edwin Sifuna ticket bringing together youth and energy on the one hand, and age and experience on the other, is inspiring.","Sun, 21 Jun 2026 16:05:00 +0300",https://www.standardmedia.co.ke/article/2001550893/why-kalonzo-s-calm-resolve-and-sifuna-s-fire-are-the-winning-bet,2026-07-20T08:51:12.243403+00:00
Standard - Headlines,Three nursing gunshot wounds in rally chaos linked to MP,The incident occurred during an event organized by Nakuru Governor Susan Kihika and attended by local residents.,"Fri, 19 Jun 2026 19:35:00 +0300",https://www.standardmedia.co.ke/article/2001550780/three-nursing-gunshot-wounds-in-rally-chaos-linked-to-mp,2026-07-20T08:51:12.243420+00:00
Standard - Headlines,"Kenya to benefit from G7-backed financial reforms, Ruto says","Pay attention to Africa. The future of global growth will be shaped there, Ruto stated.","Wed, 17 Jun 2026 20:15:01 +0300",https://www.standardmedia.co.ke/article/2001550603/kenya-to-benefit-from-g7-backed-financial-reforms-ruto-says,2026-07-20T08:51:12.243437+00:00
Standard - Headlines,"SHA hasn't paid healthcare centres Sh5.5b since February, say workers","Health facilities claim SHA owes Sh5.5 billion in unpaid claims since February, causing drug shortages, unpaid staff and disrupted patient care.","Tue, 16 Jun 2026 08:50:00 +0300",https://www.standardmedia.co.ke/article/2001550507/sha-hasn-t-paid-healthcare-centres-sh5-5b-since-february-say-workers,2026-07-20T08:51:12.243461+00:00
Standard - Headlines,"Kang'ata attends Linda Mwananchi rally in Thika, criticises Ruto policies",Muranga Governor Irungu Kang&#039;ata has joined the Linda Mwananchi team which he said was working towards bringing change in the Country&#039;s leadership.,"Sun, 14 Jun 2026 18:17:44 +0300",https://www.standardmedia.co.ke/article/2001550328/kang-ata-attends-linda-mwananchi-rally-in-thika-criticises-ruto-policies,2026-07-20T08:51:12.243478+00:00
Standard - Headlines,Opposition unveils 'People's Budget' ahead of 202627 fiscal plan,"Proposed Sh4.8 trillion FY2026-27 budget against Sh3.6 trillion revenue could leave a Sh1.1 trillion borrowing gap, Wiper&#039;s Kalonzo Musyoka says debt servicing and pensions consume Sh1.5Tn.","Wed, 10 Jun 2026 19:28:29 +0300",https://www.standardmedia.co.ke/article/2001550016/opposition-unveils-people-s-budget-ahead-of-202627-fiscal-plan,2026-07-20T08:51:12.243494+00:00
Standard - Kenya News,"Ruai, Kariobangi upgrade expand Nairobi sewer treatment plant","The treatment capacity at Ruai Sewerage plant in Nairobi has now shot up to 320,000 cubic litres per day.","Thu, 16 Jul 2026 21:17:23 +0300",https://www.standardmedia.co.ke/article/2001553017/ruai-kariobangi-upgrade-expand-nairobi-sewer-treatment-plant,2026-07-20T08:51:13.148682+00:00
Standard - Kenya News,Methu warns against hooded police as Ol Kalou's polls continue,Nyandarua Senator John Methu has urged security agencies overseeing the Ol Kalou parliamentary by-election to ensure that all deployed officers are easily identifiable.,"Thu, 16 Jul 2026 11:36:02 +0300",https://www.standardmedia.co.ke/article/2001552939/methu-warns-against-hooded-police-as-ol-kalou-s-polls-continue,2026-07-20T08:51:13.148708+00:00
Standard - Kenya News,Ol Kalou by-election: DCP's Sammy Kamau says victory guaranteed,"Speaking shortly after casting his vote on Thursday, July 16, Kamau said he was optimistic of winning based on the reception he received from voters throughout the campaign period.","Thu, 16 Jul 2026 11:26:13 +0300",https://www.standardmedia.co.ke/article/2001552937/ol-kalou-by-election-dcp-s-sammy-kamau-says-victory-guaranteed,2026-07-20T08:51:13.148720+00:00
Standard - Kenya News,British High Commissioner visits Laikipia County,"He later visited, Nyati Barracks, where he heard about the BATUK training facilities which help enhance the capabilities of British and Kenyan forces through join training.","Tue, 14 Jul 2026 21:51:39 +0300",https://www.standardmedia.co.ke/article/2001552823/british-high-commissioner-visits-laikipia-county,2026-07-20T08:51:13.148732+00:00
Standard - Kenya News,PCEA Mai a Ihii Booth High School closed indefinitely after principal's arrest,"PCEA Mai A Ihii Booth High School in Kikuyu closed indefinitely after principal and Board chair arrested over alleged sexual harassment of students, Education Director Jeremiah Kipaiyu says.","Tue, 14 Jul 2026 12:30:37 +0300",https://www.standardmedia.co.ke/article/2001552755/pcea-mai-a-ihii-booth-high-school-closed-indefinitely-after-principal-s-arrest,2026-07-20T08:51:13.148742+00:00
Standard - Kenya News,DCI told to investigate irregularities in recruiting assistant chiefs in Homa Bay,Human rights defenders want DCI to investigate the alleged irregularities which have marred the recruitment of five assistant chiefs in Homa Bay Sub-county.,"Fri, 10 Jul 2026 13:49:14 +0300",https://www.standardmedia.co.ke/article/2001552474/dci-told-to-investigate-irregularities-in-recruiting-assistant-chiefs-in-homa-bay,2026-07-20T08:51:13.148753+00:00
Standard - Kenya News,Court suspends operations of panel selected to recruit Baringo County Public Service Board,"The High Court in Nakuru, has suspended the operations of a selection panel in Baringo County, put in place to recruit, vet and appoint the County Public Service Board (PSB) members.","Fri, 10 Jul 2026 11:29:36 +0300",https://www.standardmedia.co.ke/article/2001552461/court-suspends-operations-of-panel-selected-to-recruit-baringo-county-public-service-board,2026-07-20T08:51:13.148763+00:00
Standard - Kenya News,Kaptagat residents back forest fencing ahead of launch of second conservation phase,"Residents living adjacent to Kaptagat Forest have backed the ongoing fencing of the ecosystem, ahead of the launch of the second phase of the conservation programme.","Fri, 10 Jul 2026 09:36:00 +0300",https://www.standardmedia.co.ke/article/2001552516/kaptagat-residents-back-forest-fencing-ahead-of-launch-of-second-conservation-phase,2026-07-20T08:51:13.148774+00:00
Standard - Kenya News,Subaru driver in a dramatic high-speed chase after alleged hit-and-run in Nairobi,"Subaru driver flees Ngumba Estate, Nairobi crash scene after knocking down a motorcycle rider, sparks high speed pursuit as angry boda boda riders chase him through the estate","Mon, 06 Jul 2026 15:16:10 +0300",https://www.standardmedia.co.ke/article/2001552145/subaru-driver-in-a-dramatic-high-speed-chase-after-alleged-hit-and-run-in-nairobi,2026-07-20T08:51:13.148785+00:00
Standard - Kenya News,Police probe lawyer's death in Athi River,"Detectives have launched investigations into the killing of a 30-year-old advocate whose body was found outside a residential estate in Athi River, Machakos County","Mon, 06 Jul 2026 14:30:18 +0300",https://www.standardmedia.co.ke/article/2001552138/police-probe-lawyer-s-death-in-athi-river,2026-07-20T08:51:13.148795+00:00
Standard - Kenya News,"Six dead, five injured in Nakuru-Eldoret Highway crash","Six people killed, five others injured after matatu collides with a trailer at Nyanja area on Nakuru-Eldoret highway, Kuresoi North Sub-County Police Commander Kimutai confirms.","Fri, 03 Jul 2026 22:29:14 +0300",https://www.standardmedia.co.ke/article/2001551990/six-dead-five-injured-in-nakuru-eldoret-highway-crash,2026-07-20T08:51:13.148805+00:00
Standard - Kenya News,"Violence erupts at disputed Samburet estate as motorcycles burn, youths injured","Violence erupted at the disputed 1,200-acre Samburet Estate along the Kericho-Nakuru border on Friday after rival groups claiming ownership of the land clashed, leaving several injured","Fri, 03 Jul 2026 17:39:00 +0300",https://www.standardmedia.co.ke/article/2001551959/violence-erupts-at-disputed-samburet-estate-as-motorcycles-burn-youths-injured,2026-07-20T08:51:13.148815+00:00
Standard - Kenya News,"Kilifi sets aside Sh10 million to register widows, orphans to SHA",The Kilifi County government has set aside a Sh. 10 million that will be spent on registering widows and orphans to the Social Health Authority.,"Thu, 02 Jul 2026 11:30:00 +0300",https://www.standardmedia.co.ke/article/2001551839/kilifi-sets-aside-sh10-million-to-register-widows-orphans-to-sha,2026-07-20T08:51:13.148825+00:00
Standard - Kenya News,AG now defends registrar's mistake on hospital land,The office of the Attorney General has defended an irregularity by former Nakuru Land Registrar Eric Nyamu that saw War Memorial Hospital closed.,"Thu, 02 Jul 2026 00:00:00 +0300",https://www.standardmedia.co.ke/article/2001551813/ag-now-defends-registrar-s-mistake-on-hospital-land,2026-07-20T08:51:13.148835+00:00
Standard - Kenya News,'Reggae na Lami': Western Kenya's dangerous and bizarre culture,"Every Friday between about 9 a.m. and noon, motorists travelling along the Kisumu-Kakamega and Kisumu-Busia highways expect delays caused by the long motorcycle convoys.","Wed, 01 Jul 2026 09:10:00 +0300",https://www.standardmedia.co.ke/article/2001551684/reggae-na-lami-western-kenya-s-dangerous-and-bizarre-culture,2026-07-20T08:51:13.148846+00:00
Standard - Kenya News,"Giant python terrorises Kapseret village, residents want it relocated",The farmer says the farm had many wild rabbits which appear to have been exhausted by the python.,"Tue, 30 Jun 2026 18:38:00 +0300",https://www.standardmedia.co.ke/article/2001551676/giant-python-terrorises-kapseret-village-residents-want-it-relocated,2026-07-20T08:51:13.148856+00:00
Standard - Kenya News,Counties to receive Sh428 billion boost after MPs approve Revenue Bill,"National Assembly passes County Allocation of Revenue Bill 2026, unlocking Sh428 billion equitable share for 47 counties in the 2026/27 financial year.","Thu, 25 Jun 2026 22:56:12 +0300",https://www.standardmedia.co.ke/article/2001551319/counties-to-receive-sh428-billion-boost-after-mps-approve-revenue-bill,2026-07-20T08:51:13.148865+00:00
Standard - Kenya News,Two killed in Gikomba market fire tragedy,"Two people have been confirmed dead, several others injured and thousands of traders counting massive losses after one of the country's largest trading hubs was engulfed in flames on Sunday Morning.","Sun, 21 Jun 2026 16:05:00 +0300",https://www.standardmedia.co.ke/article/2001550901/two-killed-in-gikomba-market-fire-tragedy,2026-07-20T08:51:13.148875+00:00
Standard - Kenya News,"Senators grill Sakaja over pending bills, procurement gaps","The Senate Committee on Finance and Budget has intensified scrutiny on county governments over rising pending bills, procurement irregularities and failure to comply with reporting requirements.","Thu, 18 Jun 2026 23:20:37 +0300",https://www.standardmedia.co.ke/article/2001550710/senators-grill-sakaja-over-pending-bills-procurement-gaps,2026-07-20T08:51:13.148885+00:00
Standard - Kenya News,"Single gunshot ended Nanyuki teen life, autopsy revealed",A postmortem examination has confirmed that 17-year-old student Sylvester Muigai died from a single gunshot wound to the head during protests in Nanyuki over proposed Ebola quarantine facility.,"Wed, 17 Jun 2026 21:51:09 +0300",https://www.standardmedia.co.ke/article/2001550614/single-gunshot-ended-nanyuki-teen-life-autopsy-revealed,2026-07-20T08:51:13.148895+00:00
Standard - Kenya News,Counties face solid waste nightmare,"Counties are turning to public-private partnerships to tackle growing waste management challenges as population growth, industrial expansion and financial constraints strain existing systems.","Tue, 02 Jun 2026 17:31:39 +0300",https://www.standardmedia.co.ke/article/2001549350/counties-face-solid-waste-nightmare,2026-07-20T08:51:13.148905+00:00
Standard - Kenya News,DCI identifies six students linked to Utumishi Girls dorm fire,Detectives are now pursuing a seventh suspect who had earlier been released to her parents and is currently not in custody.,"Sun, 31 May 2026 11:34:59 +0300",https://www.standardmedia.co.ke/article/2001549135/dci-identifies-six-students-linked-to-utumishi-girls-dorm-fire,2026-07-20T08:51:13.148915+00:00
Standard - Kenya News,"Father, son among three dead inside septic tank at Makindu Boys High School",A father and his son are among three casual labourers who died after drowning inside a septic tank during a cleaning operation at Makindu Boys High School in Makueni County.,"Thu, 28 May 2026 23:03:04 +0300",https://www.standardmedia.co.ke/article/2001549000/father-son-among-three-dead-inside-septic-tank-at-makindu-boys-high-school,2026-07-20T08:51:13.148925+00:00
Standard - Kenya News,EACC warns counties over conflict of interest,"The Ethics and Anti-Corruption Commission has urged county governments to tighten accountability systems and fully implement the newly enacted Conflict of Interest Act, 2025.","Thu, 21 May 2026 23:25:00 +0300",https://www.standardmedia.co.ke/article/2001548433/eacc-warns-counties-over-conflict-of-interest,2026-07-20T08:51:13.148935+00:00
Standard - Kenya News,Sh19.3 Billion appeal for drought crisis,Special Programmes sector has appealed to Parliament for an additional Sh19.3 billion to bolster emergency relief operations as Kenya faces worsening drought conditions,"Wed, 20 May 2026 20:27:57 +0300",https://www.standardmedia.co.ke/article/2001548334/sh19-3-billion-appeal-for-drought-crisis,2026-07-20T08:51:13.148954+00:00
Standard - Kenya News,Concern over management of Nairobi Food Certification Unit,The KEHPHPU has accused Nairobi City County of unlawfully deploying unqualified personnel to manage the Food Hygiene and Medical Certification Unit at City Hall.,"Mon, 18 May 2026 14:41:24 +0300",https://www.standardmedia.co.ke/article/2001548110/concern-over-management-of-nairobi-food-certification-unit,2026-07-20T08:51:13.148964+00:00
Standard - Kenya News,Partial closure on Ngong road as KURA finalises Sh3.8 B junction mall viaduct,Motorists using the busy Ngong Road and Naivasha Road corridor in Nairobi should brace for temporary traffic disruptions during evening hours.,"Sun, 17 May 2026 11:47:54 +0300",https://www.standardmedia.co.ke/article/2001548033/partial-closure-on-ngong-road-as-kura-finalises-sh3-8-b-junction-mall-viaduct,2026-07-20T08:51:13.148974+00:00
Standard - Kenya News,Four-month closure of Eldoret Road for Nairobi River Bridge works,Motorists using Eldoret Road in Nairobi will face major traffic disruptions  after the Kenya Urban Roads Authority (KURA) announced the closure of a section of the road,"Mon, 11 May 2026 10:58:13 +0300",https://www.standardmedia.co.ke/article/2001547536/four-month-closure-of-eldoret-road-for-nairobi-river-bridge-works,2026-07-20T08:51:13.148985+00:00
Standard - Kenya News,13 suspects arrested in Trans Nzoia gang crackdown,"13 suspects arrested in Gitwamba, Trans-Nzoia county on Saturday in an operation targeting criminal gangs, NPS says.","Sun, 10 May 2026 13:56:23 +0300",https://www.standardmedia.co.ke/article/2001547468/13-suspects-arrested-in-trans-nzoia-gang-crackdown,2026-07-20T08:51:13.148995+00:00
Standard - Kenya News,"Detectives arrest 68-year-old woman, seize suspected narcotics in Nairobi","Detectives arrestes 68-year-old woman, recover suspected narcotic drugs in an operation targeting drug trafficking in Nairobi.","Fri, 08 May 2026 22:38:27 +0300",https://www.standardmedia.co.ke/article/2001547388/detectives-arrest-68-year-old-woman-seize-suspected-narcotics-in-nairobi,2026-07-20T08:51:13.149005+00:00
Standard - Politics,Political earthquake: The making of tired but defiant voters,"A series of confrontations, heckling incidents and electoral setbacks across Kenya suggests growing public dissatisfaction with political leaders.","Mon, 20 Jul 2026 08:40:00 +0300",https://www.standardmedia.co.ke/politics/article/2001553223/political-earthquake-the-making-of-tired-but-defiant-voters,2026-07-20T08:51:14.051971+00:00
Standard - Politics,Oburu's early endorsement of Ruto weakens ODM's bargaining power,Political analysts say ODM leader Oburu Ogingas declaration to support President William Ruto in the 2027 General Election was premature.,"Mon, 20 Jul 2026 08:40:00 +0300",https://www.standardmedia.co.ke/politics/article/2001553196/oburu-s-early-endorsement-of-ruto-weakens-odm-s-bargaining-power,2026-07-20T08:51:14.052020+00:00
Standard - Politics,The whims and memes from Ol Kalou,"The Ol Kalou by-election victory by DCPs Sammy Kamau Ngotho has sparked political debate and social media reactions, with the result viewed as a warning sign for UDA.","Mon, 20 Jul 2026 08:35:00 +0300",https://www.standardmedia.co.ke/politics/article/2001553239/the-whims-and-memes-from-ol-kalou,2026-07-20T08:51:14.052044+00:00
Standard - Politics,"Ol Kalou defeat signals Mt Kenya revolt, says Gachagua",Former DP Rigathi Gachagua said that President William Ruto&#039;s loss in the Ol Kalou parliamentary by-election marks the beginning of a political revolt in the region.,"Sun, 19 Jul 2026 17:26:56 +0300",https://www.standardmedia.co.ke/politics/article/2001553222/ol-kalou-defeat-signals-mt-kenya-revolt-says-gachagua,2026-07-20T08:51:14.052064+00:00
Standard - Politics,Kindiki counters Mt Kenya opposition push,"Deputy President Kithure Kindiki has defended the Kenya Kwanza administration, dismissing attempts to fracture the Mt Kenya region politically.","Sun, 19 Jul 2026 17:10:37 +0300",https://www.standardmedia.co.ke/politics/article/2001553219/kindiki-counters-mt-kenya-opposition-push,2026-07-20T08:51:14.052083+00:00
Standard - Politics,"Khalwale, Savula clash over western Kenya's political direction ahead of 2027 polls",Kakamega Senator Boni Khalwale publicly clashed with Deputy Governor Ayub Savula on Saturday over Western region&#039;s political direction ahead of the 2027 General Election.,"Sun, 19 Jul 2026 15:04:21 +0300",https://www.standardmedia.co.ke/politics/article/2001553210/khalwale-savula-clash-over-western-kenya-s-political-direction-ahead-of-2027-polls,2026-07-20T08:51:14.052106+00:00
Standard - Politics,Ruto allies urge Ukambani residents to prioritise development over party politics,A section of UDA leaders from Kitui County have urged Ukambani residents to shun party-based politics and support leaders based on their track record ahead of the 2027 General Election.,"Sun, 19 Jul 2026 14:38:41 +0300",https://www.standardmedia.co.ke/politics/article/2001553209/ruto-allies-urge-ukambani-residents-to-prioritise-development-over-party-politics,2026-07-20T08:51:14.052126+00:00
Standard - Politics,Ex-MP urges IEBC to take action against politicians fanning violence,The IEBC has been challenged to take disciplinary action against politicians who perpetrate violence to ensure peace in the 2027 General Election.,"Sun, 19 Jul 2026 13:00:00 +0300",https://www.standardmedia.co.ke/politics/article/2001553200/ex-mp-urges-iebc-to-take-action-against-politicians-fanning-violence,2026-07-20T08:51:14.052146+00:00
Standard - Politics,How rebellious Ol Kalou voters have frustrated previous regimes,"Ol Kalou constituency has followed in the footsteps of the political martyr, who dared to speak truth to power without being cowed by State influence and intimidation.","Sun, 19 Jul 2026 10:00:00 +0300",https://www.standardmedia.co.ke/politics/article/2001553166/how-rebellious-ol-kalou-voters-have-frustrated-previous-regimes,2026-07-20T08:51:14.052165+00:00
Standard - Politics,Bleak future: Why DP Kindiki is now walking on political egg shells,The man who had been tipped to be President William Rutos safe pair of hands in Mt Kenya region is rapidly spiralling into a shaky pair of hands.,"Sun, 19 Jul 2026 10:00:00 +0300",https://www.standardmedia.co.ke/politics/article/2001553165/bleak-future-why-dp-kindiki-is-now-walking-on-political-egg-shells,2026-07-20T08:51:14.052184+00:00
Standard - Politics,How UDA lost Ol Kalou,"The lead-up to the Ol Kalou by-election was highly tense, marked by chaotic campaign trails and alleged intimidation.","Sun, 19 Jul 2026 10:00:00 +0300",https://www.standardmedia.co.ke/politics/article/2001553161/how-uda-lost-ol-kalou,2026-07-20T08:51:14.052204+00:00
Standard - Politics,Ruto forced back to the drawing board after Ol Kalou defeat,"Despite spending heavily in Ol Kalaou, in what Gachagua claims amounted to Sh1.2 billion of handouts, Rutos UDA only managed a paltry 5,000 votes.","Sun, 19 Jul 2026 10:00:00 +0300",https://www.standardmedia.co.ke/politics/article/2001553156/ruto-forced-back-to-the-drawing-board-after-ol-kalou-defeat,2026-07-20T08:51:14.052223+00:00
Standard - Politics,Cracks widen in Rift as factions clash over Ruto succession,UDA wrangles that have been bottling up in Rift Valley have now snowballed into bitter exchange of words.,"Sun, 19 Jul 2026 10:00:00 +0300",https://www.standardmedia.co.ke/politics/article/2001553153/cracks-widen-in-rift-as-factions-clash-over-ruto-succession,2026-07-20T08:51:14.052242+00:00
Standard - Politics,Inside Wetang'ula and Mudavadi's battle for Western Kenya,"For more than a year, Wetang&#039;ula has aggressively occupied the political space across Western Kenya. In contrast, Mudavadi has largely remained absent from grassroots mobilisation.","Sun, 19 Jul 2026 10:00:00 +0300",https://www.standardmedia.co.ke/politics/article/2001553141/inside-wetang-ula-and-mudavadi-s-battle-for-western-kenya,2026-07-20T08:51:14.052260+00:00
Standard - Politics,"ODM, UDA begin joint manifesto talks as leaders rally behind Ruto's re-election bid","ODM and UDA have begun negotiations on a joint manifesto, signalling a deepening political partnership ahead of the 2027 General Election.","Sat, 18 Jul 2026 16:10:07 +0300",https://www.standardmedia.co.ke/politics/article/2001553149/odm-uda-begin-joint-manifesto-talks-as-leaders-rally-behind-ruto-s-re-election-bid,2026-07-20T08:51:14.052280+00:00
Standard - Politics,"After Ol-Kalou mini-poll setback, Kenya Kwanza MPs urge Ruto to pick Western running mate",Kenya Kwanza leaders have intensified calls for President William Ruto to pick a running mate from Western Kenya.,"Sat, 18 Jul 2026 12:43:56 +0300",https://www.standardmedia.co.ke/politics/article/2001553121/after-ol-kalou-mini-poll-setback-kenya-kwanza-mps-urge-ruto-to-pick-western-running-mate,2026-07-20T08:51:14.052299+00:00
Standard - Politics,We are allowed by Constitution to campaign; Wetang'ula and Kingi tell court,The legal fight over whether Parliament&#039;s Speakers can openly campaign for political parties took centre stage Friday as lawyers clashed before the High Court,"Sat, 18 Jul 2026 07:45:00 +0300",https://www.standardmedia.co.ke/politics/article/2001553098/we-are-allowed-by-constitution-to-campaign-wetang-ula-and-kingi-tell-court,2026-07-20T08:51:14.052318+00:00
Standard - Politics,"Forget Ol kalou loss and focus on development, Ruto tells leaders",President William Ruto has sought to shift attention from the political fallout of the Ol Kalou parliamentary by-election by urging leaders to focus on development,"Sat, 18 Jul 2026 07:35:00 +0300",https://www.standardmedia.co.ke/politics/article/2001553107/forget-ol-kalou-loss-and-focus-on-development-ruto-tells-leaders,2026-07-20T08:51:14.052343+00:00
Standard - Politics,"Ol Kalou chronicles: Of Kikuyu songs, Ruto's response and trending headline","The Ol Kalou Constituency by-election in Nyandarua County was marked by all kinds of humour, drama and reactions before, during and after the poll.","Sat, 18 Jul 2026 07:35:00 +0300",https://www.standardmedia.co.ke/politics/article/2001553102/ol-kalou-chronicles-of-kikuyu-songs-ruto-s-response-and-trending-headline,2026-07-20T08:51:14.052363+00:00
Standard - Politics,Why MCAs boycotted Murkomen's event in Trans Nzoia,"Members of the County Assembly (MCAs) allied with Governor George Natembeya, led by Deputy Speaker Obed Mwale, boycotted the ceremony held on","Sat, 18 Jul 2026 07:35:00 +0300",https://www.standardmedia.co.ke/politics/article/2001553073/why-mcas-boycotted-murkomen-s-event-in-trans-nzoia,2026-07-20T08:51:14.052381+00:00
Standard - Politics,Against all odds: How Ol Kalou guarded the vote,"According to DCP leaders, the party had anticipated violence similar to that witnessed during last year&#039;s by-elections in Mbeere North and Malava.","Sat, 18 Jul 2026 07:30:00 +0300",https://www.standardmedia.co.ke/politics/article/2001553104/against-all-odds-how-ol-kalou-guarded-the-vote,2026-07-20T08:51:14.052401+00:00
Standard - Politics,Why Ol Kalou's DCP win is a manifestation of what awaits Ruto in 2027,"Rigathi Gachagua, has termed his party&#039;s resounding victory in the just-concluded Ol Kalou by-election as a preview of what awaits President William Ruto in the 2027 General Election.","Sat, 18 Jul 2026 07:30:00 +0300",https://www.standardmedia.co.ke/politics/article/2001553101/why-ol-kalou-s-dcp-win-is-a-manifestation-of-what-awaits-ruto-in-2027,2026-07-20T08:51:14.052420+00:00
Standard - Politics,Linda Mwananchi vows to strengthen grassroots network,Linda Mwananchi takes over ODM officials and vows to strengthen grassroots network as Sifuna criticizes ODM leadership,"Sat, 18 Jul 2026 07:30:00 +0300",https://www.standardmedia.co.ke/politics/article/2001553100/linda-mwananchi-vows-to-strengthen-grassroots-network,2026-07-20T08:51:14.052439+00:00
Standard - Politics,Senate approves conferment of city status to Thika Municipality,The Senate has approved the conferment of city status to Thika Municipality.,"Sat, 18 Jul 2026 00:00:00 +0300",https://www.standardmedia.co.ke/politics/article/2001553095/senate-approves-conferment-of-city-status-to-thika-municipality,2026-07-20T08:51:14.052458+00:00
Standard - Politics,Petition filed to limit nominated MCAs tenure to one term,A petition has been tabled before the Senate seeking to limit the tenure of Members of County Assembly to one term.,"Fri, 17 Jul 2026 16:57:22 +0300",https://www.standardmedia.co.ke/politics/article/2001553089/petition-filed-to-limit-nominated-mcas-tenure-to-one-term,2026-07-20T08:51:14.052477+00:00
Standard - Politics,Gachagua: DCP to field candidates across 47 counties in 2027,"&quot;We are a national party and it is our intention to field candidates in all 47 counties for gubernatorial, senatorial, National Assembly and county assembly seats,&quot; he said.","Fri, 17 Jul 2026 12:53:32 +0300",https://www.standardmedia.co.ke/politics/article/2001553054/gachagua-dcp-to-field-candidates-across-47-counties-in-2027,2026-07-20T08:51:14.052497+00:00
Standard - Politics,Gachagua claims 68 women raped by police in Ol Kalou chaos,"DCP leader Rigathi Gachagua claims one person killed, 20 others nursing gunshot wounds after Thursdays by-election in Ol Kalou; alleges 68 women sexually assaulted by hooded men.","Fri, 17 Jul 2026 12:40:42 +0300",https://www.standardmedia.co.ke/politics/article/2001553051/gachagua-claims-68-women-raped-by-police-in-ol-kalou-chaos,2026-07-20T08:51:14.052516+00:00
Standard - Politics,Ruto breaks silence over DCP Ol Kalou landslide,"&nbsp;President William Ruto has urged Kenyans to resist using elections as a tool for division, saying political contests come and go but national unity must remain.","Fri, 17 Jul 2026 12:20:07 +0300",https://www.standardmedia.co.ke/politics/article/2001553045/ruto-breaks-silence-over-dcp-ol-kalou-landslide,2026-07-20T08:51:14.052536+00:00
Standard - Politics,"How Ruto met Oburu and Ole Kina at night, ordered Sifuna's removal","Edwin Sifuna was removed as Senate Deputy Minority Whip following a divisive meeting among Azimio senators, amid claims that President William Ruto influenced the decision.","Fri, 17 Jul 2026 10:15:00 +0300",https://www.standardmedia.co.ke/politics/article/2001553020/how-ruto-met-oburu-and-ole-kina-at-night-ordered-sifuna-s-removal,2026-07-20T08:51:14.052554+00:00
Standard - Politics,Whitewashed: Ol Kalou's crushing blow to UDA,"DCP candidate Sammy Kamau Ngotho opened a commanding lead in the Ol Kalou by-election, signalling a major opposition victory despite an intensive UDA campaign.","Fri, 17 Jul 2026 08:00:00 +0300",https://www.standardmedia.co.ke/politics/article/2001553018/whitewashed-ol-kalou-s-crushing-blow-to-uda,2026-07-20T08:51:14.052573+00:00
Standard - Business,Lamu refinery eyes Africa's 86 million tonnes fuel import gap,A planned Sh2.2 trillion refinery in Lamu is expected to strengthen Africa's fuel security by reducing the continent's growing dependence on imported petroleum products.,"Mon, 20 Jul 2026 06:30:00 +0300",https://www.standardmedia.co.ke/business/article/2001553243/lamu-refinery-eyes-africa-s-86-million-tonnes-fuel-import-gap,2026-07-20T08:51:15.010648+00:00
Standard - Business,Lamu residents demand transparency in proposed Sh2.2 trillion oil refinery,Leaders and residents from Lamu have called for transparency in the proposed Sh2.2 trillion oil refinery project saying so far the deal has been shrouded in secrecy.,"Sun, 19 Jul 2026 15:37:44 +0300",https://www.standardmedia.co.ke/business/article/2001553212/lamu-residents-demand-transparency-in-proposed-sh2-2-trillion-oil-refinery,2026-07-20T08:51:15.010692+00:00
Standard - Business,Why Kenya's middle class could be shrinking fast,"From available data, the perceived middle class might have been judged harshly or too early.","Sun, 19 Jul 2026 10:00:00 +0300",https://www.standardmedia.co.ke/business/article/2001553158/why-kenya-s-middle-class-could-be-shrinking-fast,2026-07-20T08:51:15.010713+00:00
Standard - Business,Why civil society wants Kenya's Sh13 trillion debt discussed at dinner tables,"If Kenya's Sh13.0 trillion public debt was to be divided equally among the population - from newborns to the elderly - then every person would be handed a bill of Sh240,740.","Sun, 19 Jul 2026 10:00:00 +0300",https://www.standardmedia.co.ke/business/article/2001553162/why-civil-society-wants-kenya-s-sh13-trillion-debt-discussed-at-dinner-tables,2026-07-20T08:51:15.010736+00:00
Standard - Business,Kenya's economy creates more millionaires,"A new report shows the number of high-net-worth individuals in Kenya grew by 20 per cent in 2026, up from 10 per cent growth recorded in 2025.","Sun, 19 Jul 2026 10:00:00 +0300",https://www.standardmedia.co.ke/business/article/2001553164/kenya-s-economy-creates-more-millionaires,2026-07-20T08:51:15.010755+00:00
Standard - Business,Why public servants have less than a month to update pension records,"Government has directed all public servants to update their records with the Public Service Superannuation Fund by August 14, 2026, in the latest step towards modernising pension administration.","Sat, 18 Jul 2026 18:33:00 +0300",https://www.standardmedia.co.ke/business/article/2001553092/why-public-servants-have-less-than-a-month-to-update-pension-records,2026-07-20T08:51:15.010772+00:00
Standard - Business,How Treasury diverted Sh30 billion Eurobond money to cover domestic debt,The National Treasury is under the spotlight for diverting Sh30 billion that had been borrowed through issuance of a Eurobond last year to cover shortfalls in domestic borrowing.,"Sat, 18 Jul 2026 07:40:00 +0300",https://www.standardmedia.co.ke/business/article/2001553093/how-treasury-diverted-sh30-billion-eurobond-money-to-cover-domestic-debt,2026-07-20T08:51:15.010790+00:00
Standard - Business,"KenGen's ambitious 5,500 MW plan to deal with rising demand for electricity","KenGen has announced plans to pump an extra 5,500 Mega Watts of electricity into the national grid to deal with the rising demand for electricity","Sat, 18 Jul 2026 06:00:00 +0300",https://www.standardmedia.co.ke/business/article/2001553075/kengen-s-ambitious-5-500-mw-plan-to-deal-with-rising-demand-for-electricity,2026-07-20T08:51:15.010808+00:00
Standard - Business,Insurers bundle investments with cover as uptake stalls,"Kenya's insurers are increasingly combining investment products with health and life cover to boost insurance uptake, which remains among the lowest globally.","Fri, 17 Jul 2026 12:41:00 +0300",https://www.standardmedia.co.ke/business/article/2001553063/insurers-bundle-investments-with-cover-as-uptake-stalls,2026-07-20T08:51:15.010825+00:00
Standard - Business,"Asharami to breakground on KPRL, gas terminal in October","Nigeria's Asharami Synergy is set to start construction of the 30,000 metric tonne cooking gas storage facility at Kenya Petroleum Refineries Limited in  Changamwe in October.","Fri, 17 Jul 2026 08:00:00 +0300",https://www.standardmedia.co.ke/business/article/2001552971/asharami-to-breakground-on-kprl-gas-terminal-in-october,2026-07-20T08:51:15.010842+00:00
Standard - Business,New deal to give KDF home loans,"Over 50,000 active military personnel have been onboarded into the Civil Servants Housing Mortgage Scheme in a new partnership that seeks to make home loans accessible to the uniformed officers.","Fri, 17 Jul 2026 00:00:00 +0300",https://www.standardmedia.co.ke/business/article/2001552975/new-deal-to-give-kdf-home-loans,2026-07-20T08:51:15.010859+00:00
Standard - Business,20 African nations approve formation of a regional maritime university,"More than 20 countries from Eastern, Southern and Northern Africa have supported plans to establish the region's first maritime university aimed at pooling scarce resources.","Fri, 17 Jul 2026 00:00:00 +0300",https://www.standardmedia.co.ke/business/article/2001552996/20-african-nations-approve-formation-of-a-regional-maritime-university,2026-07-20T08:51:15.010877+00:00
Standard - Business,US unveils new 25 per cent tariff on certain imports from Brazil,"The United States has announced on a new 25 percent tariff on various imports from Brazil, accusing the Latin American giant of unfair trade practices and policies.","Thu, 16 Jul 2026 17:18:03 +0300",https://www.standardmedia.co.ke/business/article/2001552980/us-unveils-new-25-per-cent-tariff-on-certain-imports-from-brazil,2026-07-20T08:51:15.010894+00:00
Standard - Business,Eviction looms for Athi River squatters as August 15 deadline nears,The East African Portland Cement Company (EAPC) has given squatters living on its vast tracts of land in Athi River until July 28 to regularise and pay the firm by August 15 or risk eviction.,"Thu, 16 Jul 2026 09:15:00 +0300",https://www.standardmedia.co.ke/business/article/2001552898/eviction-looms-for-athi-river-squatters-as-august-15-deadline-nears,2026-07-20T08:51:15.010912+00:00
Standard - Business,"State repeating costly errors of secrecy, debts in SGR extension to Malaba","Despite the heavy debt burden and public criticism of the Standard Gauge Railway, the government could be repeating the errors with the Sh700 billion SGR extension to Kisumu and Malaba.","Thu, 16 Jul 2026 07:55:00 +0300",https://www.standardmedia.co.ke/business/article/2001552897/state-repeating-costly-errors-of-secrecy-debts-in-sgr-extension-to-malaba,2026-07-20T08:51:15.010929+00:00
Standard - Business,Lamu refinery dream faces one major hurdle: Kenya's skills gap,"Even before the groundbreaking ceremony for the grand construction of an oil refinery in Lamu County takes place, concerns have emerged over the lack of a skilled workforce","Thu, 16 Jul 2026 07:55:00 +0300",https://www.standardmedia.co.ke/business/article/2001552895/lamu-refinery-dream-faces-one-major-hurdle-kenya-s-skills-gap,2026-07-20T08:51:15.010947+00:00
Standard - Business,Why Africa's middle class no longer wants to retire in the village,"For generations, retirement in Africa was not a place. It was a return. After decades of working in cities, successful professionals would eventually go home to their ancestral land.","Thu, 16 Jul 2026 07:00:00 +0300",https://www.standardmedia.co.ke/business/article/2001552893/why-africa-s-middle-class-no-longer-wants-to-retire-in-the-village,2026-07-20T08:51:15.010964+00:00
Standard - Business,Alternative building technologies touted as answer to Kenya's housing shortage,Alternative building technologies that reduce construction costs while expanding access to decent housing are emerging as practical solutions to Kenya's worsening housing crisis.,"Thu, 16 Jul 2026 06:00:00 +0300",https://www.standardmedia.co.ke/business/article/2001552891/alternative-building-technologies-touted-as-answer-to-kenya-s-housing-shortage,2026-07-20T08:51:15.010981+00:00
Standard - Business,KAA to modernise airports amid increased cargo and passenger traffic,KAA has unveiled major plans that are aimed at tackling delays at the airports as Kenya anticipates a significant rise on number of visitors and cargo passing through Kenya's airports.,"Thu, 16 Jul 2026 06:00:00 +0300",https://www.standardmedia.co.ke/business/article/2001552894/kaa-to-modernise-airports-amid-increased-cargo-and-passenger-traffic,2026-07-20T08:51:15.010998+00:00
Standard - Business,"Safaricom, KPC receipts to push Kenya's forex reserves to 7-month high - CBK","Kenya's foreign exchange reserves are set to climb to a seven-month high, bolstered by proceeds from the sale of a 15 per cent government stake in telecoms giant Safaricom","Thu, 16 Jul 2026 00:00:00 +0300",https://www.standardmedia.co.ke/business/article/2001552901/safaricom-kpc-receipts-to-push-kenya-s-forex-reserves-to-7-month-high-cbk,2026-07-20T08:51:15.011016+00:00
Standard - Business,Biotech sector fast-tracks access to regulatory data with new portal,"Africa's biotechnology and biosafety information which had been scattered across multiple agency websites, making it difficult for users to access and interpret, has been centralised.","Wed, 15 Jul 2026 22:15:50 +0300",https://www.standardmedia.co.ke/business/article/2001552915/biotech-sector-fast-tracks-access-to-regulatory-data-with-new-portal,2026-07-20T08:51:15.011034+00:00
Standard - Business,Swedish firm bets on Kenya in regional expansion strategy,"Leveraging Nairobi as a hub for 14 countries,  Atlas Copco is increasing investment in manufacturing, mining, and sustainable technologies, citing strong growth in the region.","Wed, 15 Jul 2026 22:08:20 +0300",https://www.standardmedia.co.ke/business/article/2001552914/swedish-firm-bets-on-kenya-in-regional-expansion-strategy,2026-07-20T08:51:15.011051+00:00
Standard - Business,New programme mentors students into healthcare technology careers,"Students seeking careers in healthcare technology will access mentorship, internships, and graduate training through a new programme linking academia and industry across Africa.","Wed, 15 Jul 2026 19:44:00 +0300",https://www.standardmedia.co.ke/business/article/2001552911/new-programme-mentors-students-into-healthcare-technology-careers,2026-07-20T08:51:15.011069+00:00
Standard - Business,Ombam: Kenya cannot grow exports without marketers,"Trade Principal Secretary Regina Ombam has called for closer ties between government and marketers, saying stronger collaboration is key to boosting exports and attracting investment.","Wed, 15 Jul 2026 19:25:00 +0300",https://www.standardmedia.co.ke/business/article/2001552921/ombam-kenya-cannot-grow-exports-without-marketers,2026-07-20T08:51:15.011086+00:00
Standard - Business,How digital innovators are staying afloat in the AI era,"With technology fast evolving, innovators are burning the midnight oil to offer unique solutions, especially in an era when many operations are based on artificial intelligence.","Wed, 15 Jul 2026 13:58:49 +0300",https://www.standardmedia.co.ke/business/article/2001552873/how-digital-innovators-are-staying-afloat-in-the-ai-era,2026-07-20T08:51:15.011103+00:00
Standard - Business,Paper vs property: Why the high net-worth are abandoning real estate,"Financial instruments such as bonds, fixed income securities and money market funds, are said to continue attracting investors who are seeking stability amid economic volatility.","Wed, 15 Jul 2026 12:44:00 +0300",https://www.standardmedia.co.ke/business/article/2001552865/paper-vs-property-why-the-high-net-worth-are-abandoning-real-estate,2026-07-20T08:51:15.011120+00:00
Standard - Business,Regulatory maze slows Kenya's drive for bigger EU exports,"Key export products include cut flowers, fresh vegetables, fruits, coffee and tea.","Wed, 15 Jul 2026 12:27:47 +0300",https://www.standardmedia.co.ke/business/article/2001552862/regulatory-maze-slows-kenya-s-drive-for-bigger-eu-exports,2026-07-20T08:51:15.011138+00:00
Standard - Business,How integrated technology can transform tax compliance in Kenya,"Compliance should not feel like an additional task layered onto everyday business operations. Instead, it should be embedded within the digital tools organisations already rely on.","Wed, 15 Jul 2026 11:34:08 +0300",https://www.standardmedia.co.ke/business/article/2001552851/how-integrated-technology-can-transform-tax-compliance-in-kenya,2026-07-20T08:51:15.011155+00:00
Standard - Business,Why Dangote decided to build mega oil refinery in Lamu,"Lamu was built as a transshipment hub, a port where cargo lands and moves directly to other markets, and should remain that way, complementing rather than competing with Mombasa.","Wed, 15 Jul 2026 11:32:00 +0300",https://www.standardmedia.co.ke/business/article/2001552825/why-dangote-decided-to-build-mega-oil-refinery-in-lamu,2026-07-20T08:51:15.011172+00:00
Standard - Business,All in the cards: Woman who seeks life's meaning in tarot,"Indian tarot card reader and astrologer Dr Neeta Bheda says her spiritual practice, counselling and holistic guidance help clients navigate personal, financial and emotional challenges.","Wed, 15 Jul 2026 09:53:27 +0300",https://www.standardmedia.co.ke/business/article/2001552838/all-in-the-cards-woman-who-seeks-life-s-meaning-in-tarot,2026-07-20T08:51:15.011189+00:00
Capital FM Kenya,Kanini Kega Says State Security Withdrawn Days After Alleged Armed Attack,The development comes barely a week after the former Kieni MP reported what he described as an attempted assassination.,"Mon, 20 Jul 2026 08:15:59 +0000",https://capitalfm.africa/kanini-kega-says-state-security-withdrawn-days-after-alleged-armed-attack/,2026-07-20T08:51:19.329660+00:00
Capital FM Kenya,CS Ruku: UDA Spent About Sh100 Million on Ol Kalou Campaign,"Ruku dismissed opposition claims that the government pumped billions of shillings into the Nyandarua constituency to influence the July 16 mini poll, saying the campaign expenditure was significantly lower than alleged.","Mon, 20 Jul 2026 07:04:52 +0000",https://capitalfm.africa/cs-ruku-uda-spent-about-sh100-million-on-ol-kalou-campaign/,2026-07-20T08:51:19.329703+00:00
Capital FM Kenya,PS Karugu: Kenya’s Borderlands Will Drive Cross-Border Industry and Regional Integration,Karugu said the government is prioritising development in borderlands and historically underserved peripheral regions to unlock their economic potential and strengthen ties with neighbouring countries.,"Mon, 20 Jul 2026 06:35:18 +0000",https://capitalfm.africa/ps-karugu-kenyas-borderlands-will-drive-cross-border-industry-and-regional-integration/,2026-07-20T08:51:19.329724+00:00
Capital FM Kenya,"Two Arrested, 220 Litres of Chang’aa Seized in Kibra Crackdown","The raid, conducted by officers from the National Police Service (NPS) in the Kianda 42 area within Kilimani Sub-County, Nairobi, led to the arrest of two male suspects believed to be involved in the illicit alcohol trade.","Mon, 20 Jul 2026 05:55:13 +0000",https://capitalfm.africa/two-arrested-220-litres-of-changaa-seized-in-kibra-crackdown/,2026-07-20T08:51:19.329743+00:00
Capital FM Kenya,KDF Foils Multiple Terror Plots After Recovering Four IEDs in Lamu,"According to KDF, the first device was detected during a dominance, route clearance and link-up patrol before it could be triggered.","Mon, 20 Jul 2026 05:27:41 +0000",https://capitalfm.africa/kdf-foils-multiple-terror-plots-after-recovering-four-ieds-in-lamu/,2026-07-20T08:51:19.329760+00:00
Capital FM Kenya,Makau Mutua Dismisses DCP’s Ol Kalou By-Election Win as ‘Nothingburger’,"Mutua said the party's supporters were overreacting to the outcome, noting that it was only the party's first victory in 10 by-election contests.","Mon, 20 Jul 2026 04:58:56 +0000",https://capitalfm.africa/makau-mutua-dismisses-dcps-ol-kalou-by-election-win-as-nothingburger/,2026-07-20T08:51:19.329778+00:00
Capital FM Kenya,DCI Launches Investigation Into Violence During Ol Kalou By-Election,"The DCI said detectives are pursuing all credible leads using forensic examination of available evidence, analysis of digital material, witness interviews and other investigative methods to identify and apprehend those responsible.","Mon, 20 Jul 2026 04:40:53 +0000",https://capitalfm.africa/dci-launches-investigation-into-violence-during-ol-kalou-by-election/,2026-07-20T08:51:19.329796+00:00
Capital FM Kenya,Police Investigate Murder After Shallow Grave With Human Remains Found in Machakos,"The discovery was made on Friday at about 4:46 p.m. by a herder who had taken his livestock to a watering point along Mukengesya River in Mukengesya Village, Kithyoko Sub-location.","Mon, 20 Jul 2026 04:34:30 +0000",https://capitalfm.africa/police-investigate-murder-after-shallow-grave-with-human-remains-found-in-machakos/,2026-07-20T08:51:19.329813+00:00
Capital FM Kenya,"Former Garissa Assembly Speaker Reports Missing Firearm in Nairobi, Police Launch Probe",The report states that Loltome had travelled to Nairobi three days earlier and met two women along Wabera Street on Friday night at around 11:00 p.m.,"Mon, 20 Jul 2026 04:20:22 +0000",https://capitalfm.africa/former-garissa-assembly-speaker-reports-missing-firearm-in-nairobi-police-launch-probe/,2026-07-20T08:51:19.329830+00:00
NTV Kenya,"Kylian Mbappe wins second World Cup Golden Boot, Spain claim other awards",French superstar Kylian Mbappe became the first player to win multiple FIFA World Cup Golden Boot awards after Spain shut out Argentina 1-0 in the final on Sunday. Mbappe finished with 10 goals for the tournament after scoring twice in France&#8217;s 6-4 loss to England on Saturday in the third-place match. His only competition still [&#8230;],"Mon, 20 Jul 2026 07:50:27 +0000",https://ntvkenya.co.ke/sports/kylian-mbappe-wins-second-world-cup-golden-boot-spain-claim-other-awards/,2026-07-20T08:51:21.655724+00:00
NTV Kenya,Gachagua claims some Kenya Kwanza leaders seeking talks ahead of 2027,"DCP party leader Rigathi Gachagua has claimed that several leaders allied to President William Ruto are seeking talks with him over a possible political realignment ahead of the 2027 General Election. Citing alleged goon attacks during the Ol Kalou by-election and the assault on civilians by armed men whose identities were concealed, the former Deputy [&#8230;]","Mon, 20 Jul 2026 07:49:16 +0000",https://ntvkenya.co.ke/news/gachagua-claims-some-kenya-kwanza-leaders-seeking-talks-ahead-of-2027/,2026-07-20T08:51:21.655741+00:00
NTV Kenya,It’s tattoo time for Spain defender Cucurella says coach De la Fuente,"Spain defender Marc Cucurella is a man of his word and must now go ahead with a tattoo of Spain coach Luis de la Fuente&#8217;s face on his body after the European champions beat Argentina 1-0 on Sunday to win the World Cup, the coach said. Cucurella said earlier this week that he would tattoo [&#8230;]","Mon, 20 Jul 2026 07:00:02 +0000",https://ntvkenya.co.ke/sports/its-tattoo-time-for-spain-defender-cucurella-says-coach-de-la-fuente/,2026-07-20T08:51:21.655749+00:00
NTV Kenya,Unmasking faces behind Ol Kalou by-election terror and bribery,"The Ol Kalou by-election was, without doubt, a heated race. The stakes were high, so much so that political outfits went the extra mile to secure victory. But in some cases, that extra mile embodied the desecration of the rule of law, abuse of power and manipulation of resources. The ruling United Democratic Alliance&#8217;s candidate, [&#8230;]","Mon, 20 Jul 2026 06:31:53 +0000",https://ntvkenya.co.ke/news/ntv-unmasks-faces-behind-ol-kalou-by-election-terror-and-bribery/,2026-07-20T08:51:21.655756+00:00
NTV Kenya,How ‘People’s IEBC’ Tracked Ol Kalou By-Election | Daniel Miringa,How &#8216;People&#8217;s IEBC&#8217; Tracked Ol Kalou By-Election &#124; Daniel Miringa,"Fri, 17 Jul 2026 09:26:23 +0000",https://ntvkenya.co.ke/arts-lifestyle/how-peoples-iebc-tracked-ol-kalou-by-election-daniel-miringa/,2026-07-20T08:51:21.655763+00:00
NTV Kenya,The art of Botox injections | The Glam,"Discover the art of Botox injections in this episode of The Glam. Learn how Botox works, its cosmetic benefits, common treatment areas, and what to expect before, during, and after the procedure, with expert insights for safe and natural-looking results.","Fri, 17 Jul 2026 09:20:14 +0000",https://ntvkenya.co.ke/arts-lifestyle/the-art-of-botox-injections-the-glam/,2026-07-20T08:51:21.655770+00:00
NTV Kenya,DCP’s Sammy Waweru clinches Ol Kalou seat in landslide win,"OL-KALOU POLLS: DCP candidate Sammy Waweru wins MP seat with 35,440 votes; Muchina Nyaga of UDA comes second with 5,450.","Fri, 17 Jul 2026 04:20:23 +0000",https://ntvkenya.co.ke/news/dcps-sammy-waweru-clinches-ol-kalou-seat-in-landslide-win/,2026-07-20T08:51:21.655777+00:00
NTV Kenya,Noma S23 E3,,"Thu, 16 Jul 2026 15:21:14 +0000",https://ntvkenya.co.ke/arts-lifestyle/noma-s23-e3/,2026-07-20T08:51:21.655784+00:00
NTV Kenya,Noma S23 E2,,"Thu, 16 Jul 2026 15:16:47 +0000",https://ntvkenya.co.ke/arts-lifestyle/noma-s23-e2/,2026-07-20T08:51:21.655790+00:00
NTV Kenya,Noma S23 E1,,"Thu, 16 Jul 2026 15:15:28 +0000",https://ntvkenya.co.ke/arts-lifestyle/noma-s23-e1/,2026-07-20T08:51:21.655797+00:00
NTV Kenya,Noma S22 E13,,"Thu, 16 Jul 2026 15:07:24 +0000",https://ntvkenya.co.ke/arts-lifestyle/noma-s22-e13/,2026-07-20T08:51:21.655804+00:00
NTV Kenya,Noma S22 E12,,"Thu, 16 Jul 2026 15:06:11 +0000",https://ntvkenya.co.ke/arts-lifestyle/noma-s22-e12/,2026-07-20T08:51:21.655810+00:00
NTV Kenya,Noma S22 E11,,"Thu, 16 Jul 2026 15:01:57 +0000",https://ntvkenya.co.ke/arts-lifestyle/noma-s22-e11/,2026-07-20T08:51:21.655817+00:00
NTV Kenya,Noma S22 E10,,"Thu, 16 Jul 2026 15:00:39 +0000",https://ntvkenya.co.ke/arts-lifestyle/noma-s22-e10/,2026-07-20T08:51:21.655824+00:00
NTV Kenya,Noma S22 E9,,"Thu, 16 Jul 2026 14:54:11 +0000",https://ntvkenya.co.ke/arts-lifestyle/noma-s22-e9/,2026-07-20T08:51:21.655830+00:00
NTV Kenya,Noma S22 E8,,"Thu, 16 Jul 2026 14:50:00 +0000",https://ntvkenya.co.ke/arts-lifestyle/noma-s22-e8/,2026-07-20T08:51:21.655837+00:00
NTV Kenya,Noma S22 E7,,"Thu, 16 Jul 2026 14:48:54 +0000",https://ntvkenya.co.ke/arts-lifestyle/noma-s22-e7/,2026-07-20T08:51:21.655844+00:00
NTV Kenya,Noma S22 E6,,"Thu, 16 Jul 2026 14:47:55 +0000",https://ntvkenya.co.ke/arts-lifestyle/noma-s22-e6/,2026-07-20T08:51:21.655850+00:00
NTV Kenya,Noma S22 E5,,"Thu, 16 Jul 2026 14:46:33 +0000",https://ntvkenya.co.ke/arts-lifestyle/noma-s22-e5/,2026-07-20T08:51:21.655857+00:00
NTV Kenya,Noma S22 E4,,"Thu, 16 Jul 2026 14:45:39 +0000",https://ntvkenya.co.ke/arts-lifestyle/noma-s22-e4/,2026-07-20T08:51:21.655863+00:00
NTV Kenya,Noma S22 E3,,"Thu, 16 Jul 2026 14:44:24 +0000",https://ntvkenya.co.ke/arts-lifestyle/noma-s22-e3/,2026-07-20T08:51:21.655883+00:00
NTV Kenya,Twende Lake Paradise: We visit Marsabit & discover hidden springs that supply entire town with water,"In this episode of Twende Lake Paradise, we journey to Marsabit to uncover the hidden natural springs that quietly provide water to the entire town. Join us as we explore this remarkable source of life, discover its history, and experience the breathtaking landscapes and unique culture that make Marsabit a true hidden gem.","Thu, 16 Jul 2026 13:34:14 +0000",https://ntvkenya.co.ke/arts-lifestyle/twende-lake-paradise-we-visit-marsabit-discover-hidden-springs-that-supply-entire-town-with-water/,2026-07-20T08:51:21.655890+00:00
NTV Kenya,NTV LIVE | Top 40 Under 40 Women Awards Dinner 2026,&#160; &#160; &#160;,"Wed, 15 Jul 2026 17:13:17 +0000",https://ntvkenya.co.ke/live/ntv-kenya-livestream-3/,2026-07-20T08:51:21.655897+00:00
NTV Kenya,Trump administration launches effort to dismantle International Criminal Court,"The Trump administration is launching an effort to dismantle what it calls the threat to US sovereignty by the International Criminal Court, Secretary of State Marco Rubio said on Monday. President Donald Trump and others in Washington, such as former President George W. Bush, have long said the ICC should not have the authority to [&#8230;]","Wed, 15 Jul 2026 08:19:53 +0000",https://ntvkenya.co.ke/news/trump-administration-launches-effort-to-isolate-international-criminal-court/,2026-07-20T08:51:21.655904+00:00
NTV Kenya,Kylian Mbappe calls France ‘sloppy’ after semifinal loss,"Kylian Mbappe offered a blunt assessment of France&#8217;s World Cup semifinal exit Tuesday, saying his team was too &#8220;sloppy&#8221; to keep Spain from controlling a 2-0 victory in Arlington, Texas. The France captain pointed to breakdowns in both the game plan and its execution after Les Bleus were denied a third consecutive appearance in the [&#8230;]","Wed, 15 Jul 2026 08:18:18 +0000",https://ntvkenya.co.ke/sports/kylian-mbappe-calls-france-sloppy-after-semifinal-loss/,2026-07-20T08:51:21.655911+00:00
NTV Kenya,"Nigeria’s Dangote begins pricing local fuel sales in dollars, citing crude supply constraints","Nigeria&#8217;s Dangote Petroleum Refinery has begun pricing fuel products for the local market in US dollars, with a company spokesperson on Tuesday citing difficulties securing sufficient crude under the government&#8217;s naira-for-crude programme and rising global oil prices. The naira-for-crude programme, launched in October 2024, allowed domestic refiners to purchase crude in the local currency and [&#8230;]","Wed, 15 Jul 2026 07:56:37 +0000",https://ntvkenya.co.ke/news/nigerias-dangote-begins-pricing-local-fuel-sales-in-dollars-citing-crude-supply-constraints/,2026-07-20T08:51:21.655918+00:00
NTV Kenya,"Ex-KDF Major Peter Mugure sentenced to life for murdering wife, two children","A former army man convicted of murdering his wife and their two children has been sentenced to life imprisonment, closing one of Kenya&#8217;s most disturbing family murder cases — one that shocked the country and remained unresolved for years. Ex-Kenya Defence Forces (KDF) major Peter Mugure was sentenced on Tuesday after the High Court ruled that [&#8230;]","Wed, 15 Jul 2026 07:44:45 +0000",https://ntvkenya.co.ke/news/ex-kdf-major-peter-mugure-sentenced-to-life-for-murdering-wife-two-children/,2026-07-20T08:51:21.655925+00:00
NTV Kenya,Joy Kanini murder: Suspect detained for 21 days pending DCI probe,"The prime suspect in the murder of Joy Kanini, John Muriithi, on Monday led homicide detectives to a site at Kandara area in Nyeri County, where they exhumed more of the victim&#8217;s missing body parts. Kanini was brutally murdered last month. On Tuesday, detectives recovered her head from Ngangarithi Estate in Nyeri County.","Wed, 15 Jul 2026 07:06:03 +0000",https://ntvkenya.co.ke/news/joy-kanini-murder-suspect-detained-for-21-days-pending-dci-probe/,2026-07-20T08:51:21.655933+00:00
NTV Kenya,Nairobi International Financial Centre | Business Redefined,"The Nairobi International Financial Centre pitches itself as a capital magnet that can attract as much as US$10.0 billion worth of investment flows into the country by close of 2028. A conversation with the CEO, Daniel Mainda, to unpack the roadmap to this ambitious target. On the agenda: The plan to get Africa&#8217;s second Carbon [&#8230;]","Tue, 14 Jul 2026 16:35:46 +0000",https://ntvkenya.co.ke/business/nairobi-international-financial-centre-business-redefined/,2026-07-20T08:51:21.655940+00:00
NTV Kenya,IEBC judgment on MP Gikaria voter bribery claims,,"Tue, 14 Jul 2026 13:10:49 +0000",https://ntvkenya.co.ke/news/iebc-judgment-on-mp-gikaria-voter-bribery-claims/,2026-07-20T08:51:21.655947+00:00
NTV Kenya,Govt extends 8pc VAT on fuel for three more months,"Kenya&#8217;s government said on Tuesday it was extending a reduction ​in Value Added Tax (VAT) on petroleum ‌products for another three months to mid-October to cushion households and businesses from volatility ​in global energy prices. The country in April cut VAT ⁠on petroleum products from 16% to ​8% for three months, after crude ​oil prices [&#8230;]","Tue, 14 Jul 2026 13:06:22 +0000",https://ntvkenya.co.ke/news/govt-extends-8pc-vat-on-petroleum-products-for-three-more-months/,2026-07-20T08:51:21.655954+00:00
NTV Kenya,"Over 1,000 officers deployed to secure Ol Kalou by-election","The polls agency has issued a stern warning to those it termed as &#8220;busybody politicians&#8221; attempting to position themselves as unofficial overseers of the upcoming Parliamentary by-election in Ol Kalou on Thursday. Speaking during a joint press conference with police on Tuesday, the Independent Electoral and Boundaries Commission (IEBC) Chairperson Erastus Ethekon said disruptive conduct [&#8230;]","Tue, 14 Jul 2026 11:50:08 +0000",https://ntvkenya.co.ke/news/over-1000-officers-deployed-to-secure-ol-kalou-by-election/,2026-07-20T08:51:21.655961+00:00
NTV Kenya,"Kenya-Ethiopia power deal to connect over 10,000 new customers","Approximately 10,500 new customers are set to be reached with power after Kenya Power signed a new power purchase agreement deal with Ethiopian Electric Power (EEU). EEU will continue supplying 3 Megawatt of electricity, in a new supply line targeting the Northern Kenya. The new power supply agreement between Kenya Power and Ethiopian Electric Power [&#8230;]","Tue, 14 Jul 2026 10:07:24 +0000",https://ntvkenya.co.ke/news/kenya-ethiopia-power-deal-to-connect-over-10000-new-customers/,2026-07-20T08:51:21.655968+00:00
NTV Kenya,Police investigating death of South Africa’s Jayden Adams after World Cup,"Police in Cape Town, South Africa, have opened an investigation into the death of soccer player Jayden Adams, whose body was found shortly after returning from playing in the World Cup. A 25-year-old midfielder on South Africa&#8217;s national team, Adams was found dead at a home in the Schotsche Kloof neighborhood of Cape Town. The [&#8230;]","Tue, 14 Jul 2026 09:07:15 +0000",https://ntvkenya.co.ke/news/police-investigating-death-of-south-africas-jayden-adams-after-world-cup/,2026-07-20T08:51:21.655975+00:00
NTV Kenya,Nakuru: Students torch school after being served soda instead of promised meat,"Chaos has engulfed Jomo Kenyatta Boys Senior High School in Nakuru County after a raging fire tore through the institution, forcing its abrupt closure. The inferno, suspected to have been started by students, reduced the administration block and 10 classrooms to rubble. The unrest is reportedly linked to an unusual grievance: students claim they were [&#8230;]","Tue, 14 Jul 2026 09:00:13 +0000",https://ntvkenya.co.ke/news/nakuru-students-torch-school-after-being-served-soda-instead-of-promised-meat/,2026-07-20T08:51:21.655981+00:00
NTV Kenya,‘VARgentina’ reach semi-finals under cloud of complaints,"A new refereeing protocol has added to the powder keg of public perception over fairness at the World Cup, a former FIFA referee said on Monday, with another refereeing controversy involving Argentina adding fuel to fan complaints. The holders&#8217; passage to Wednesday&#8217;s semi-final against England has been accompanied by repeated complaints from opponents over refereeing decisions, amid social media [&#8230;]","Tue, 14 Jul 2026 08:18:08 +0000",https://ntvkenya.co.ke/news/vargentina-reach-semi-finals-under-cloud-of-complaints/,2026-07-20T08:51:21.655989+00:00
NTV Kenya,"US to block citizens in Congo from immediate travel home, citing Ebola","The Trump administration on Monday said it is blocking American citizens in the Democratic Republic of Congo from traveling to the US on commercial flights, according to a White House official. The order, which is being taken under a transportation authority known as Title 49, will place US citizens in Congo or those who have [&#8230;]","Tue, 14 Jul 2026 07:34:20 +0000",https://ntvkenya.co.ke/news/us-to-block-citizens-in-congo-from-immediate-travel-home-citing-ebola/,2026-07-20T08:51:21.655996+00:00
NTV Kenya,Wetang’ula accused of defying court order by campaigning for Ruto,"Speaker Moses Wetang&#8217;ula is set to face contempt of court proceedings after petitioners moved to court, accusing him of defying orders barring him from campaigning for President William Ruto. The move follows Wetang&#8217;ula&#8217;s appearance in Webuye, Bungoma County, where he publicly backed the President&#8217;s development agenda despite a court order prohibiting the Speakers of the [&#8230;]","Tue, 14 Jul 2026 06:24:47 +0000",https://ntvkenya.co.ke/news/wetangula-accused-of-defying-court-order-by-campaigning-for-ruto/,2026-07-20T08:51:21.656002+00:00
NTV Kenya,Trump says the US should control the Strait of Hormuz and get paid for it,"President Donald Trump said on Monday that the United States would probably take over the Strait of Hormuz and should be reimbursed for controlling the vital waterway. &#8220;We&#8217;re going to keep the strait, and we&#8217;ll probably run it. We&#8217;ll become the guardian of the strait. Maybe we&#8217;ll call it the guardian angel of the strait. [&#8230;]","Mon, 13 Jul 2026 13:28:51 +0000",https://ntvkenya.co.ke/news/trump-says-the-us-should-control-the-strait-of-hormuz-and-get-paid-for-it/,2026-07-20T08:51:21.656009+00:00
NTV Kenya,EU and partners launch $1 billion scheme to help Gaza recover from war,The European Commission and more than a dozen countries launched an initiative on Monday to deliver €883.6 million ($1 billion) in aid projects to help Gaza recover from war. The small coastal enclave remains in ruins more than 2-1/2 years after the conflict was triggered by the October 2023 attack on ​Israel by Palestinian militant [&#8230;],"Mon, 13 Jul 2026 13:10:19 +0000",https://ntvkenya.co.ke/news/eu-and-partners-launch-1-billion-scheme-to-help-gaza-recover-from-war/,2026-07-20T08:51:21.656016+00:00
NTV Kenya,Court halts construction of 12-storey apartment block near KDF headquarters,"The Environment and Land Court has stopped the construction of a proposed 12-storey apartment block near the Department of Defence (DoD) headquarters in Nairobi after finding that the approvals issued by Nairobi County were unlawful and obtained in breach of planning laws. The court quashed all planning approvals, change-of-user permissions and development authorisations issued for [&#8230;]","Mon, 13 Jul 2026 12:43:00 +0000",https://ntvkenya.co.ke/news/court-stops-construction-of-apartments-near-kdf-headquarters/,2026-07-20T08:51:21.656022+00:00
NTV Kenya,Potential World Cup expansion to be discussed after 2026 edition – Infantino,"Any further expansion of the World Cup, increasing the number of teams participating at the finals to 64, will be discussed after this year&#8217;s edition, FIFA president Gianni Infantino said without providing any details. The 2026 finals in Canada, Mexico, and the United States have seen 48 teams for the first time, a decision that [&#8230;]","Mon, 13 Jul 2026 12:15:31 +0000",https://ntvkenya.co.ke/sports/potential-world-cup-expansion-to-be-discussed-after-2026-edition-infantino/,2026-07-20T08:51:21.656029+00:00
NTV Kenya,"EP9: Kabla ucomment social media, umewahi fikiria vile maneno Yako inaeza affect mtu?","Social media gives everyone a voice, but where do we draw the line between trolling, criticism, and outright bullying? In this episode, we unpack the impact of online hate, why people troll, and how words typed behind a screen can affect real lives.","Mon, 13 Jul 2026 10:33:31 +0000",https://ntvkenya.co.ke/podcast/e9-kabla-ucomment-social-media-umewahi-fikiria-vile-maneno-yako-inaeza-affect-mtu/,2026-07-20T08:51:21.656036+00:00
NTV Kenya,Infotrak: Ruto most popular presidential hopeful at 32%,"A new opinion poll released by Infotrak shows President William Ruto leading the field of potential 2027 presidential contenders with 32 percent overall approval, ahead of a crowded pack of Opposition figures. The survey found Ruto&#8217;s support slightly higher among male respondents (34 percent) than female respondents (30 percent). He is trailed by Wiper leader [&#8230;]","Mon, 13 Jul 2026 10:17:07 +0000",https://ntvkenya.co.ke/news/infotrak-ruto-most-preferred-presidential-candidate-at-32/,2026-07-20T08:51:21.656042+00:00
NTV Kenya,EP8: Kwani Kuna shida kuongea na ex?,"Kwani kuna shida kuongea na ex? 🤔 In this episode, we discuss boundaries and trust issues around staying in touch with an ex. Tune in and join the conversation!","Mon, 13 Jul 2026 09:55:56 +0000",https://ntvkenya.co.ke/podcast/ep8-kwani-kuna-shida-kuongea-na-ex/,2026-07-20T08:51:21.656051+00:00
NTV Kenya,Historic run earns Wanyonyi multi-million payday,"Olympics and world 800 metres champion, Emmanuel Wanyonyi of Kenya, will pocket a total of U$ 60,000 (Sh7.8 million) for breaking the world 1,000m record on Friday at the Monaco Diamond League. Wanyonyi will get U$10,000 (Sh1.3 million) for his victory in the race, and U$ 50,000 in bonuses for breaking the world record at the [&#8230;]","Mon, 13 Jul 2026 09:24:49 +0000",https://ntvkenya.co.ke/news/historic-run-earns-wanyonyi-multi-million-payday/,2026-07-20T08:51:21.656057+00:00
NTV Kenya,Maendeleo or Voter Bribery? What’s Happening in Ol Kalou? | Gabriel Muthama,Maendeleo or Voter Bribery? What&#8217;s Happening in Ol Kalou? &#124; Gabriel Muthama,"Mon, 13 Jul 2026 08:54:42 +0000",https://ntvkenya.co.ke/arts-lifestyle/maendeleo-or-voter-bribery-whats-happening-in-ol-kalou-gabriel-muthama/,2026-07-20T08:51:21.656064+00:00
NTV Kenya,"Cut off from Kinshasa, Congo’s AFC/M23 rebels built their own Ebola response","Congo&#8217;s AFC/M23 rebels have used a small Ebola outbreak in territory they control to showcase their ability to govern, mounting a response largely separate from authorities in Kinshasa and supported in part by neighbouring Rwanda, according to response teams and official documents. The response has highlighted how the rebels have extended parallel administrative structures into [&#8230;]","Mon, 13 Jul 2026 08:54:28 +0000",https://ntvkenya.co.ke/news/cut-off-from-kinshasa-congos-afc-m23-rebels-built-their-own-ebola-response/,2026-07-20T08:51:21.656071+00:00
NTV Kenya,"Kang’ata, Gachagua, Nyahururu, Ol Kalou | Joe Nyutu Speaks","Kang&#8217;ata, Gachagua, Nyahururu, Ol Kalou &#124; Joe Nyutu Speaks","Mon, 13 Jul 2026 08:51:31 +0000",https://ntvkenya.co.ke/arts-lifestyle/kangata-gachagua-nyahururu-ol-kalou-joe-nyutu-speaks/,2026-07-20T08:51:21.656078+00:00
NTV Kenya,EP7: The polygamist!,"What makes Polygamist such a thought-provoking film? In this episode, we dive into the movie exploring how it portrays complex relationships, family dynamics, love, loyalty, and the personal consequences of living a polygamous lifestyle.","Mon, 13 Jul 2026 08:38:59 +0000",https://ntvkenya.co.ke/podcast/e7-the-polygamist/,2026-07-20T08:51:21.656084+00:00
NTV Kenya,DCP accuses IEBC of bias after Wanjiku Muhia fine ahead of Ol Kalou mini poll,"The integrity of Thursday&#8217;s Ol Kalou by-election hangs in the balance after the DCP party claimed the IEBC&#8217;s decision to fine Kipipiri MP Wanjiku Muhia over her remarks alleging the state imported voters shows the electoral agency has been compromised. Although both DCP and UDA lodged complaints against each other during the campaigns, DCP says [&#8230;]","Mon, 13 Jul 2026 07:11:45 +0000",https://ntvkenya.co.ke/politics/dcp-accuses-iebc-of-bias-after-wanjiku-muhia-fine-ahead-of-ol-kalou-mini-poll/,2026-07-20T08:51:21.656091+00:00
NTV Kenya,"ODM won’t field presidential candidate, will back Ruto, says Oburu","ODM party leader Oburu Oginga has said the party has no plans to field a presidential candidate in next year&#8217;s General Election and will instead support President William Ruto&#8217;s bid for a second term. Speaking during a church service in Homa Bay County, where he was accompanied by several ODM leaders, the Siaya senator urged [&#8230;]","Mon, 13 Jul 2026 06:49:08 +0000",https://ntvkenya.co.ke/news/odm-will-not-field-a-presidential-candidate-in-2027-oburu/,2026-07-20T08:51:21.656098+00:00
NTV Kenya,FIFA’s embrace of technology backfires in controversy-riven World Cup,"If FIFA President Gianni Infantino imagined his embrace of technology might finally put an end to disputes over refereeing decisions, the World Cup would have disabused him of the notion. The use of technology has been at the heart of every major controversy at the tournament, including the saga around the red card for Folarin [&#8230;]","Fri, 10 Jul 2026 12:22:58 +0000",https://ntvkenya.co.ke/news/fifas-embrace-of-technology-backfires-in-controversy-riven-world-cup/,2026-07-20T08:51:21.656105+00:00
NTV Kenya,Court declines to lift arrest warrant for Bomet governor,"The Court of Appeal has declined to lift the warrant of arrest and committal to one month&#8217;s civil jail of Bomet Governor Hillary Barchok and ten officers who have evaded police for a month. Employment and Labour Relations Court (ERC) in Nakuru directed on June 11, that the governor, County Secretary Simon Langat and the [&#8230;]","Fri, 10 Jul 2026 11:31:13 +0000",https://ntvkenya.co.ke/news/court-declines-to-lift-arrest-warrant-for-bomet-governor/,2026-07-20T08:51:21.656111+00:00
NTV Kenya,KENYA’S SKATING CHAMPION KEVIN KIARIE NARRATES HIS JOURNEY TO STARDOM AMID CHALLENGES | SPORT ON,,"Fri, 10 Jul 2026 10:25:36 +0000",https://ntvkenya.co.ke/sports/kenyas-skating-champion-kevin-kiarie-narrates-his-journey-to-stardom-amid-challenges-sport-on/,2026-07-20T08:51:21.656118+00:00
NTV Kenya,"COACH CHARLES AKONNOR STEERS GOR MAHIA TO GLORY, RECOUNTS HIS EXPERIENCE IN KENYA",,"Fri, 10 Jul 2026 10:18:40 +0000",https://ntvkenya.co.ke/sports/coach-charles-akonnor-steers-gor-mahia-to-glory-recounts-his-experience-in-kenya/,2026-07-20T08:51:21.656125+00:00
NTV Kenya,PRESSURE MOUNTS ON KENYA TO PERFORM AHEAD OF 2026 RUGBY AFRICA WOMEN’S CUP,,"Fri, 10 Jul 2026 10:02:58 +0000",https://ntvkenya.co.ke/sports/pressure-mounts-on-kenya-to-perform-ahead-of-2026-rugby-africa-womens-cup/,2026-07-20T08:51:21.656131+00:00
NTV Kenya,JOAN CHELIMO| CHAMPION RUNNER AND GBV ADVOCATE,,"Fri, 10 Jul 2026 09:50:44 +0000",https://ntvkenya.co.ke/sports/joan-chelimo-champion-runner-and-gbv-advocate/,2026-07-20T08:51:21.656138+00:00
NTV Kenya,Queen Nozizwe Mulela-Zulu | Royalty With Many Hats!,Queen Nozizwe Mulela-Zulu &#124; Royalty With Many Hats!,"Fri, 10 Jul 2026 09:16:30 +0000",https://ntvkenya.co.ke/arts-lifestyle/queen-nozizwe-mulela-zulu-royalty-with-many-hats/,2026-07-20T08:51:21.656144+00:00
NTV Kenya,Tanzania arrests 130 people as government cracks down on dissent,"Tanzanian police have arrested 130 people for &#8220;inciting criminal acts&#8221;, they said on Thursday, as part of efforts to contain dissent after a ban on all political rallies. Police said in a statement that they were working to track down other suspects. Before the ban on rallies, announced by the interior minister on June 26, [&#8230;]","Fri, 10 Jul 2026 09:12:08 +0000",https://ntvkenya.co.ke/news/tanzania-arrests-130-people-as-government-cracks-down-on-dissent/,2026-07-20T08:51:21.656151+00:00
NTV Kenya,South African protesters go door-to-door forcing immigrants from their homes,"Groups of anti-immigration South Africans seized foreigners from their homes in Johannesburg on Thursday and handed them to police in a hardening of protests that have sown fear in communities and strained ties with some countries. In Johannesburg&#8217;s Alexandra township, a Reuters reporter saw protesters breaking down doors and entering houses where they believed undocumented [&#8230;]","Fri, 10 Jul 2026 08:23:35 +0000",https://ntvkenya.co.ke/news/south-african-protesters-go-door-to-door-forcing-immigrants-from-their-homes/,2026-07-20T08:51:21.656157+00:00
NTV Kenya,Rift Valley succession battle threatens Ruto’s political backyard,"Even as President William Ruto traverses the country, making alliances in an effort to secure a second term in office, a serious sibling rivalry in his political backyard of Rift Valley threatens the stability of his voting bloc. Interior Cabinet Secretary Kipchumba Murkomen, Uasin Gishu Senator Jackson Mandago and Senate Majority Leader Aron Cheruiyot seem [&#8230;]","Fri, 10 Jul 2026 07:46:42 +0000",https://ntvkenya.co.ke/news/rift-valley-succession-battle-threatens-rutos-political-backyard/,2026-07-20T08:51:21.656164+00:00
NTV Kenya,IEBC warns it could postpone Ol Kalou mini-poll over alleged malpractice,"The Independent Electoral and Boundaries Commission Chairperson Erastus Edung Ethekon says the commission will cancel the Ol Kalou parliamentary by-election if an ongoing investigation into reports of bribery, goonism and intimidation proves that malpractices have occurred to the extent they undermine the credibility of the election. The IEBC states it may also explore disqualifying any [&#8230;]","Fri, 10 Jul 2026 07:17:24 +0000",https://ntvkenya.co.ke/news/iebc-warns-it-could-postpone-ol-kalou-mini-poll-over-alleged-malpractice/,2026-07-20T08:51:21.656170+00:00
NTV Kenya,"Preparing Nigerian cuisine Amala, Gbegiri served with Ewedu | Pishi Bomba","Join Pishi Bomba as we prepare the beloved Nigerian trio of Amala, Gbegiri, and Ewedu. In this episode, you&#8217;ll learn simple cooking techniques, practical tips, and the secrets to achieving the perfect texture and rich, authentic flavors. Whether you&#8217;re trying these traditional dishes for the first time or recreating a family favorite, this recipe will [&#8230;]","Thu, 09 Jul 2026 14:16:35 +0000",https://ntvkenya.co.ke/arts-lifestyle/preparing-nigerian-cuisine-amala-gbegiri-served-with-ewedu/,2026-07-20T08:51:21.656177+00:00
NTV Kenya,Zambia election will put Hichilema’s economic record to the test,"Zambia is gearing up for an August election in which President Hakainde Hichilema is favoured to win a second term but may face a strong challenge from opposition leader Brian Mundubile. The vote is shaping up as a referendum on Hichilema&#8217;s economic record since he took office in 2021, inheriting a country reeling from a [&#8230;]","Thu, 09 Jul 2026 13:30:33 +0000",https://ntvkenya.co.ke/news/zambia-election-will-put-hichilemas-economic-record-to-the-test/,2026-07-20T08:51:21.656191+00:00
NTV Kenya,"Twende Marsabit: Where islands float on a desert lake, volcanic mountains rise above plains","Twende Marsabit: Discover a land of striking contrasts, where islands seem to float on a desert lake and ancient volcanic mountains tower above vast plains. Marsabit offers breathtaking landscapes, rich wildlife, and vibrant cultures, making it one of Kenya&#8217;s most unique travel destinations.","Thu, 09 Jul 2026 12:57:33 +0000",https://ntvkenya.co.ke/arts-lifestyle/twende-marsabit-where-islands-float-on-a-desert-lake-volcanic-mountains-rise-above-plains/,2026-07-20T08:51:21.656198+00:00
NTV Kenya,Tanzania: Chadema demands release of leaders held over Saba Saba protest claims,"The opposition Chadema in the Northern Zone has condemned the arrest and continued detention of four of its leaders from Tanga and Manyara regions over allegations that they coordinated Saba Saba demonstrations planned for July 7, 2026. The detained leaders are Chadema Handeni Rural Secretary Ramia Kisalazo, who is being held at Handeni Police Station; [&#8230;]","Thu, 09 Jul 2026 12:04:59 +0000",https://ntvkenya.co.ke/news/tanzania-chadema-demands-release-of-leaders-held-over-saba-saba-protest-claims/,2026-07-20T08:51:21.656204+00:00
NTV Kenya,Former EALA legislator Abubakar Zein dies in Nairobi,"Former East African Legislative Assembly (EALA) MP Abubakar Zein is dead, Wiper Party leader Kalonzo Musyoka has confirmed. He died in Nairobi and will be buried later today. &#8220;This morning, a family lost its anchor, Kenya lost a patriot, and I lost an invaluable colleague, friend, and confidant,&#8221; Mr Musyoka said in a statement. &#8220;A political scientist [&#8230;]","Thu, 09 Jul 2026 11:50:46 +0000",https://ntvkenya.co.ke/news/former-eala-legislator-abubakar-zein-dies-in-nairobi/,2026-07-20T08:51:21.656210+00:00
NTV Kenya,"Popular Kenyan women converge for a wellness, glam, and sisterhood experience | The Glam","An inspiring lifestyle event bringing together influential Kenyan women for a day of wellness, beauty, meaningful conversations, and connection. The Glam celebrates self-care, empowerment, and sisterhood through engaging experiences that encourage women to thrive personally and professionally.","Thu, 09 Jul 2026 09:42:04 +0000",https://ntvkenya.co.ke/arts-lifestyle/popular-kenyan-women-converge-for-a-wellness-glam-and-sisterhood-experience-the-glam/,2026-07-20T08:51:21.656217+00:00
NTV Kenya,FIFA refereeing chief rejects claims of bias in Argentina’s win over Egypt,"FIFA refereeing chief Pierluigi Collina defended the officiating in Argentina&#8217;s 3-2 victory over Egypt in the World Cup round of 16, dismissing allegations of bias and saying match officials operated with complete independence. In an interview published on inside.fifa.com on Thursday, Collina said criticism of referees was part of football but he condemned the questioning [&#8230;]","Thu, 09 Jul 2026 07:17:29 +0000",https://ntvkenya.co.ke/sports/fifa-refereeing-chief-rejects-claims-of-bias-in-argentinas-win-over-egypt/,2026-07-20T08:51:21.656223+00:00
NTV Kenya,"For all his records, Cristiano Ronaldo could not crack the World Cup","Cristiano Ronaldo spent more than two decades deciding matches, dragging teams through difficult moments and defying time itself to remain among soccer&#8217;s elite even past his Real Madrid, Manchester United and Juventus prime. Yet the one prize that always slipped through his grasp remained out of reach on Monday, as the 41-year-old bowed out of [&#8230;]","Thu, 09 Jul 2026 07:12:07 +0000",https://ntvkenya.co.ke/sports/for-all-his-records-ronaldo-could-not-crack-the-world-cup/,2026-07-20T08:51:21.656230+00:00
NTV Kenya,9000 students opt for non-degree courses despite qualifying for university,"Nearly 9,000 students who qualified for university admission in the 2025 Kenya Certificate of Secondary Education (KCSE) examinations did not apply for placement to universities but instead opted to pursue diploma and certificate programmes. The number has risen from the 7,640 students who chose not to pursue degree courses last year despite having qualified for [&#8230;]","Thu, 09 Jul 2026 07:05:14 +0000",https://ntvkenya.co.ke/news/9000-students-opt-for-non-degree-courses-despite-qualifying-for-university/,2026-07-20T08:51:21.656236+00:00
NTV Kenya,Oburu links ‘too much democracy’ to slow economic reforms,"Orange Democratic Movement (ODM) leader Oburu Oginga on Wednesday backed bold policy decisions, urging President William Ruto to adopt a &#8220;benevolent dictatorship&#8221; to drive economic success. Oburu argued that political resistance has undermined transformative government programmes, making them unpopular. He said the country needs decisive leadership with the authority to push through critical economic reforms [&#8230;]","Thu, 09 Jul 2026 06:33:21 +0000",https://ntvkenya.co.ke/politics/oburu-links-too-much-democracy-to-slow-economic-reforms/,2026-07-20T08:51:21.656244+00:00
NTV Kenya,Julius Yego targets gold in final Commonwealth Games appearance,"Javelin bronze medallist Julius Yego has confirmed that the 2026 Commonwealth Games will be his final appearance at the event, with the veteran thrower determined to bow out on a high by winning gold in Glasgow, Scotland. The 37-year-old made his Commonwealth Games debut in 2010 before making history four years later by becoming the [&#8230;]","Thu, 09 Jul 2026 06:19:04 +0000",https://ntvkenya.co.ke/sports/julius-yego-targets-gold-in-final-commonwealth-games-appearance/,2026-07-20T08:51:21.656250+00:00
NTV Kenya,Justin Bieber to co-headline World Cup final halftime show,"FIFA and Global Citizen, a platform empowering millions to take action against extreme poverty, have announced that Canadian pop singer Justin Bieber will join Madonna, Shakira, and BTS as a co-headliner for the World Cup final halftime show on July 19 at the New York New Jersey Stadium. Justin Bieber joins an elite lineup that [&#8230;]","Thu, 09 Jul 2026 06:06:16 +0000",https://ntvkenya.co.ke/entertainment/justin-bieber-to-co-headline-world-cup-final-halftime-show/,2026-07-20T08:51:21.656256+00:00
NTV Kenya,"Ex-CS Owalo launches presidential bid, promises free education and healthcare","Former Cabinet Secretary Eliud Owalo has officially announced that he will seek a mandate from Kenyans in August 2027 election to become the country&#8217;s sixth president. Speaking on Wednesday during the launch of the People&#8217;s Prosperity Party (PPP), Mr Owalo maintained that he is fit to lead the country into its third liberation. While dismissing [&#8230;]","Thu, 09 Jul 2026 05:58:32 +0000",https://ntvkenya.co.ke/news/ex-cs-owalo-launches-presidential-bid-promises-free-education-and-healthcare/,2026-07-20T08:51:21.656263+00:00
NTV Kenya,Egypt FA criticises VAR after dramatic World Cup defeat by Argentina,"The Egyptian Football Association on Wednesday criticised refereeing decisions in Egypt&#8217;s dramatic 3-2 World Cup round-of-16 defeat by Argentina, saying it would not remain silent over what it described as the improper use of the Video Assistant Referee (VAR) system. Egypt appeared on course for one of the biggest upsets of the tournament when they [&#8230;]","Wed, 08 Jul 2026 12:44:01 +0000",https://ntvkenya.co.ke/news/egypt-fa-criticises-var-after-dramatic-world-cup-defeat-by-argentina/,2026-07-20T08:51:21.656269+00:00
NTV Kenya,Trump says deal to end war is ‘over’ after Iranian strikes,"US President Donald Trump said on Wednesday that the memorandum of understanding signed with Iran to end the conflict was &#8220;over&#8221;, adding he did not want to engage with Tehran, calling the Iranian leadership &#8220;sick people&#8221;. Speaking at a summit of NATO leaders in Ankara, Trump also said he had ordered his Treasury Secretary Scott [&#8230;]","Wed, 08 Jul 2026 09:09:36 +0000",https://ntvkenya.co.ke/news/trump-says-deal-to-end-war-is-over-after-iranian-strikes/,2026-07-20T08:51:21.656275+00:00
NTV Kenya,Keumbu traders count losses as customers shun market after Linda Mwananchi attack,Trading activities in Keumbu market in Kisii County have been paralysed for 4 days now following an alleged online boycott against the traders in the market. This response by the residents in Keumbu has been linked to the violence witnessed on Friday during the Linda Mwananchi tour in Kisii.,"Wed, 08 Jul 2026 08:50:51 +0000",https://ntvkenya.co.ke/news/keumbu-traders-count-losses-as-customers-shun-market-after-linda-mwananchi-attack/,2026-07-20T08:51:21.656281+00:00
NTV Kenya,Intellectual Property Rights & How To Avoid Legal Trouble  | Sekou Owino,Intellectual Property Rights &#38; How To Avoid Legal Trouble &#124; Sekou Owino,"Wed, 08 Jul 2026 07:54:29 +0000",https://ntvkenya.co.ke/arts-lifestyle/intellectual-property-rights-how-to-avoid-legal-trouble-sekou-owino/,2026-07-20T08:51:21.656288+00:00
NTV Kenya,Egypt coach blasts refereeing and turns his back on World Cup,"Egypt coach Hossam Hassan will not be watching any more of the World Cup, he said on Tuesday, blaming refereeing errors for his country&#8217;s heartbreaking elimination from the tournament at the hands of Argentina. Egypt were 2-0 up with 11 minutes left of their last 16 clash against the holders Argentina, agonisingly close to one [&#8230;]","Wed, 08 Jul 2026 07:03:59 +0000",https://ntvkenya.co.ke/sports-2/egypt-coach-blasts-refereeing-and-turns-his-back-on-world-cup/,2026-07-20T08:51:21.656294+00:00
NTV Kenya,Zimbabwe’s Mnangagwa signs law extending his presidency to 2030,"Zimbabwe&#8217;s President Emmerson Mnangagwa has signed into law legislation that extends his term in office by two years to 2030, government spokesperson Nick Mangwana said on Tuesday. Both houses of the Southern African nation&#8217;s parliament approved the bill last month. &#8220;Signed, sealed and delivered – it is now law,&#8221; Mangwana said in a post on [&#8230;]","Wed, 08 Jul 2026 06:57:00 +0000",https://ntvkenya.co.ke/news/zimbabwes-mnangagwa-signs-law-extending-his-presidency-to-2030/,2026-07-20T08:51:21.656301+00:00
NTV Kenya,Dangote picks Lamu for landmark Kenya oil refinery project,"Nigeria&#8217;s Dangote Group plans to finance a proposed 700,000-barrel-per-day oil refinery in Kenya through internal cash flow, bonds and an initial public offering, a senior company executive told Reuters. The refinery, East Africa&#8217;s largest refining project, is expected to take up to three years to build and would supply refined petroleum products to Kenya and [&#8230;]","Wed, 08 Jul 2026 06:50:19 +0000",https://ntvkenya.co.ke/news/dangote-picks-lamu-for-landmark-kenya-oil-refinery-project/,2026-07-20T08:51:21.656307+00:00
NTV Kenya,Finance Act 2026: Key Changes & Implications | Business Redefined,"The first raft of Finance Act 2026 measures kicked in on July 1st as the government seeks Kes 98.6 billion worth of additional tax revenue in the financial year 2026/27. After the brief hiatus via Finance Act 2025, this year will see resumption of the September 1st effective measures. We speak to Wangoi Karuga regarding what [&#8230;]","Tue, 07 Jul 2026 16:35:33 +0000",https://ntvkenya.co.ke/business/finance-act-2026-key-changes-implications-business-redefined/,2026-07-20T08:51:21.656314+00:00
NTV Kenya,Ship hit in Hormuz; Iran says no talks unless Trump halts threats,"A ship was hit in the Strait of Hormuz overnight and Iran said there would be no more peace talks unless Donald Trump halted his repeated threats to restart the war, as millions of Iranians vowed vengeance at funeral processions for their slain leader. Britain&#8217;s UKMTO maritime security agency reported a tanker was struck by [&#8230;]","Tue, 07 Jul 2026 10:25:31 +0000",https://ntvkenya.co.ke/news/ship-hit-in-hormuz-iran-says-no-talks-unless-trump-halts-threats/,2026-07-20T08:51:21.656320+00:00
NTV Kenya,"Matatus restricted, but private cars allowed on Thika Road during Saba Saba",Thousands of commuters were stranded on Tuesday morning after police partially closed sections of Thika Road and barred most public service vehicles from accessing the highway ahead of the planned Saba Saba protests commemoration. The restrictions triggered long queues of commuters at bus stops and left many unable to report to work as police mounted [&#8230;],"Tue, 07 Jul 2026 10:19:15 +0000",https://ntvkenya.co.ke/news/matatus-restricted-but-private-cars-allowed-on-thika-road-during-saba-saba/,2026-07-20T08:51:21.656331+00:00
NTV Kenya,"Six killed, scores injured after bus collides with truck on Mombasa-Nairobi highway","SIX PEOPLE killed, scores injured as bus collides head-on with truck at Kapiti on Mombasa–Nairobi highway, Kalama sub-County Police Commander Patrick Gaitirira confirms.","Tue, 07 Jul 2026 09:46:14 +0000",https://ntvkenya.co.ke/news/six-killed-scores-injured-after-bus-collides-with-truck-on-mombasa-nairobi-highway/,2026-07-20T08:51:21.656337+00:00
NTV Kenya,Mbappe fires back at Paraguayan senator’s racist attack after France victory,"France striker Kylian Mbappe hit back at a Paraguayan senator, describing her as a &#8220;despicable woman&#8221; on Monday after she launched a racist attack on him following Paraguay&#8217;s elimination from the World Cup. Mbappe&#8217;s penalty proved the difference in a bruising and ill-tempered match as France won 1-0 in Philadelphia on Saturday to advance to [&#8230;]","Tue, 07 Jul 2026 08:06:13 +0000",https://ntvkenya.co.ke/news/mbappe-fires-back-at-paraguayan-senators-racist-attack-after-france-victory/,2026-07-20T08:51:21.656344+00:00
NTV Kenya,Saba Saba updates,"2:20 pm Nairobi POLICE CONFRONT NMG journalists filming barricade at Allsops, Nairobi, force them to delete footage and briefly confiscate their devices before letting them go. 1:53 pm Nairobi NAIROBI: Police officers arrest protesters along Harambee Avenue in Nairobi on Saba Saba Day. &#160; &#160; &#160; 1:00 pm Nairobi NAIROBI: Police officers redirect matatus while allowing [&#8230;]","Tue, 07 Jul 2026 06:19:07 +0000",https://ntvkenya.co.ke/news/saba-saba-updates/,2026-07-20T08:51:21.656351+00:00
NTV Kenya,"Trump-backed Balogun reprieve sparks FIFA crisis, but Belgium send US out of World Cup","FIFA President Gianni Infantino defended the governing body’s disciplinary process on Monday after US President Donald Trump hailed as “brilliant” its decision to suspend US striker Folarin Balogun’s World Cup red-card ban, fuelling accusations FIFA had bowed to political pressure before the reinstated forward failed to prevent a 4-1 defeat by Belgium. Infantino said FIFA’s [&#8230;]","Tue, 07 Jul 2026 04:29:49 +0000",https://ntvkenya.co.ke/news/trump-backed-balogun-reprieve-sparks-fifa-crisis-but-belgium-send-us-out-of-world-cup/,2026-07-20T08:51:21.656357+00:00
NTV Kenya,Woman accused of tracking President Ruto’s flights freed as court closes case,"A woman arrested for tracking President William Ruto&#8217;s flights and posting the information online is free after a court closed the case against her. This follows the closure of the investigation by police, in line with High Court orders that she be freed forthwith. Halima Ngache had challenged her arrest and detention through lawyer Ian [&#8230;]","Mon, 06 Jul 2026 13:02:24 +0000",https://ntvkenya.co.ke/news/woman-accused-of-tracking-president-rutos-flights-freed-as-court-closes-case/,2026-07-20T08:51:21.656363+00:00
NTV Kenya,Racist commentary about Black players comes under scrutiny at World Cup,Belgium coach Rudi Garcia’s description of Senegal as one of “those teams” that “tend to lose their tactical structure towards the end of the match” has reignited scrutiny of racially coded language at the World Cup. Garcia made the remarks after Belgium’s last-gasp comeback against Senegal on Wednesday. In a statement posted on social media [&#8230;],"Mon, 06 Jul 2026 11:30:12 +0000",https://ntvkenya.co.ke/news/racist-commentary-about-black-players-comes-under-scrutiny-at-world-cup/,2026-07-20T08:51:21.656370+00:00
NTV Kenya,United Opposition at odds over 2027 presidential candidate selection process,"The united opposition is facing growing internal divisions over the process of selecting and announcing its presidential candidate for the 2027 General Election. Co-principals Martha Karua and Justin Muturi have publicly expressed reservations over the coalition&#8217;s approach, a day after DCP leader Rigathi Gachagua proposed delaying the announcement of the flag bearer until three months [&#8230;]","Mon, 06 Jul 2026 10:19:31 +0000",https://ntvkenya.co.ke/news/united-opposition-at-odds-over-2027-candidate-selection-process/,2026-07-20T08:51:21.656376+00:00
NTV Kenya,"Three sons of Iran’s slain leader Khamenei appear at funeral, not his successor","Three sons of slain Iranian leader Ayatollah Ali Khamenei prayed beside his coffin and those of four other family members on Sunday, but Mojtaba, the son who succeeded him as Iran&#8217;s supreme leader, did not make an appearance. State TV showed Mostafa, Meysam and Masoud Khamenei praying behind the coffins laid out in the vast [&#8230;]","Mon, 06 Jul 2026 10:03:43 +0000",https://ntvkenya.co.ke/news/three-sons-of-irans-slain-leader-khamenei-appear-at-funeral-not-his-successor/,2026-07-20T08:51:21.656383+00:00
NTV Kenya,Belgium granted right to appeal FIFA’s Folarin Balogun decision,"Belgium have been granted the right to appeal FIFA&#8217;s decision to suspend the one-game ban to United States national team striker Folarin Balogun, according to a report by The Athletic. Balogun had been slated to miss Monday&#8217;s round of 16 match after being issued a direct red card, which carried an automatic one-match suspension. However, [&#8230;]","Mon, 06 Jul 2026 09:32:15 +0000",https://ntvkenya.co.ke/sports/belgium-granted-right-to-appeal-fifas-folarin-balogun-decision/,2026-07-20T08:51:21.656389+00:00
NTV Kenya,"Ruto defends National Infrastructure Fund, dismisses opposition criticism","President William Ruto has once again defended the National Infrastructure Fund, saying it will unlock economic opportunities in regions that have lagged behind by financing critical infrastructure projects. Speaking at the Full Gospel Church in Gatunduri, Embu County, the Head of State criticized opposition leaders for lacking a clear agenda and promoting division. He expressed [&#8230;]","Mon, 06 Jul 2026 09:23:50 +0000",https://ntvkenya.co.ke/politics/ruto-defends-national-infrastructure-fund-dismisses-opposition-criticism/,2026-07-20T08:51:21.656395+00:00
NTV Kenya,CCTV captures armed robbery at Westlands restaurant,"It took less than a minute, but it has left Nairobi&#8217;s Westlands business community on edge. Four armed men riding two motorcycles stormed into Chaiiwali Restaurant along General Mathenge Road on Saturday night, brandishing pistols and robbing terrified customers of seven mobile phones and a laptop. The attackers then fired shots into the air before [&#8230;]","Mon, 06 Jul 2026 08:50:48 +0000",https://ntvkenya.co.ke/news/cctv-captures-four-armed-men-raiding-westlands-restaurant/,2026-07-20T08:51:21.656401+00:00
NTV Kenya,Trump intervention sparks World Cup storm as FIFA clears Balogun to face Belgium,"The United States’ World Cup campaign took an extraordinary turn on Sunday when FIFA made the unprecedented decision to suspend Folarin Balogun’s automatic red-card ban, clearing the striker to face Belgium in Monday&#8217;s last-16 clash after US President Donald Trump personally urged FIFA President Gianni Infantino to review the case. The move thrust FIFA’s disciplinary [&#8230;]","Mon, 06 Jul 2026 07:17:15 +0000",https://ntvkenya.co.ke/news/trump-intervention-sparks-world-cup-storm-as-fifa-clears-balogun-to-face-belgium/,2026-07-20T08:51:21.656407+00:00
NTV Kenya,Obrigado! Heroes’ welcome for Cape Verde squad on return from World Cup,Cape Verde&#8217;s soccer squad were given a heroes&#8217; welcome by thousands of fans when they returned home on Sunday after a fairytale run at the World Cup that ended in a 3-2 defeat by Argentina in the round of 32. Hundreds of flag-waving fans were waiting at the airport to greet the players when they [&#8230;],"Mon, 06 Jul 2026 06:39:36 +0000",https://ntvkenya.co.ke/news/obrigado-heroes-welcome-for-cape-verde-squad-on-return-from-world-cup/,2026-07-20T08:51:21.656413+00:00
NTV Kenya,Court orders release of woman held over posts on Ruto’s air travel details,"The High Court has ordered the unconditional release of a woman arrested for allegedly spying on President William Ruto&#8217;s air travel and posting the details on social media. Halima Ngache was arrested at her home in Mombasa and brought to Nairobi, where the Directorate of Criminal Investigations (DCI) sought to detain her for seven days [&#8230;]","Fri, 03 Jul 2026 12:12:41 +0000",https://ntvkenya.co.ke/news/court-orders-release-of-woman-held-for-posting-rutos-air-travel-details/,2026-07-20T08:51:21.656420+00:00
Citizen Digital (via Google News),"President Ruto's official State House website hacked, hackers demand Ksh.41 million - Citizen Digital","<a href=""https://news.google.com/rss/articles/CBMivAFBVV95cUxOSzFrdEdFRTJuVGVBVG5CVFBRb21GSWdDQVU5Z1B0aTZTbHdxVVlDY3FMTVd0QnY3TUNqY1BYaG50ZW1oYlREdUlCQ1YxTEc1TVNUNG9IVjVmdGhvZ1prd0ozQnExLWNyaVhjU0dZZjVncWJQX3FJVXZpbFZfdVlpelQ1V2hRTUxuOUU4eGdfbEtXNUlEQnZVRVhRR3BFbGl6ZmUxSHc0QjFsNEpONDQxWGtTM1psOHM4Mk4yZA?oc=5"" target=""_blank"">President Ruto's official State House website hacked, hackers demand Ksh.41 million</a>&nbsp;&nbsp;<font color=""#6f6f6f"">Citizen Digital</font>","Sat, 18 Jul 2026 10:05:38 GMT",https://news.google.com/rss/articles/CBMivAFBVV95cUxOSzFrdEdFRTJuVGVBVG5CVFBRb21GSWdDQVU5Z1B0aTZTbHdxVVlDY3FMTVd0QnY3TUNqY1BYaG50ZW1oYlREdUlCQ1YxTEc1TVNUNG9IVjVmdGhvZ1prd0ozQnExLWNyaVhjU0dZZjVncWJQX3FJVXZpbFZfdVlpelQ1V2hRTUxuOUU4eGdfbEtXNUlEQnZVRVhRR3BFbGl6ZmUxSHc0QjFsNEpONDQxWGtTM1psOHM4Mk4yZA?oc=5,2026-07-20T08:51:23.149871+00:00
Citizen Digital (via Google News),Kindiki warns leaders plotting to divide Mt Kenya to relax - Citizen Digital,"<a href=""https://news.google.com/rss/articles/CBMinwFBVV95cUxQaWpib2FaU0RQVFdobHk1ZHBrWjhLZGZwbzNUUWhLN1FKTGZJTW5jX0otUTFoWnJ2VjlqR1ptY1puYnMxOVNudkQ2NW90bEthX3NQYW1GWGhfcERyb1Z4QXhrNWt2VFphSTE4dFRYc250WVRvZENQWk5UNjI3QzZGSlFGYzRKYkVnUEY5ZHN5OVpWdFZEMzVEVG5uZ0pKb28?oc=5"" target=""_blank"">Kindiki warns leaders plotting to divide Mt Kenya to relax</a>&nbsp;&nbsp;<font color=""#6f6f6f"">Citizen Digital</font>","Sun, 19 Jul 2026 11:33:21 GMT",https://news.google.com/rss/articles/CBMinwFBVV95cUxQaWpib2FaU0RQVFdobHk1ZHBrWjhLZGZwbzNUUWhLN1FKTGZJTW5jX0otUTFoWnJ2VjlqR1ptY1puYnMxOVNudkQ2NW90bEthX3NQYW1GWGhfcERyb1Z4QXhrNWt2VFphSTE4dFRYc250WVRvZENQWk5UNjI3QzZGSlFGYzRKYkVnUEY5ZHN5OVpWdFZEMzVEVG5uZ0pKb28?oc=5,2026-07-20T08:51:23.149899+00:00
Citizen Digital (via Google News),"Venezuela earthquake death toll now at 5,208 - Citizen Digital","<a href=""https://news.google.com/rss/articles/CBMiiAFBVV95cUxQc1o3NFZPOG9rOENoZXl4Y3cxTFlhWUY0Z3BWNUlkS2RqOGNUTWlRbEMzbVRZbUdqMVM5QWlZaGZzeENBd09ua0hsX2I2eVVLTEJkRnVZMGJpNzBRZThnYUNEYUVhaTlfZzYwOUh6T1B2c1N3aHR1SDl1U3J3LUJZMWtoM29CWUIx?oc=5"" target=""_blank"">Venezuela earthquake death toll now at 5,208</a>&nbsp;&nbsp;<font color=""#6f6f6f"">Citizen Digital</font>","Mon, 20 Jul 2026 04:50:04 GMT",https://news.google.com/rss/articles/CBMiiAFBVV95cUxQc1o3NFZPOG9rOENoZXl4Y3cxTFlhWUY0Z3BWNUlkS2RqOGNUTWlRbEMzbVRZbUdqMVM5QWlZaGZzeENBd09ua0hsX2I2eVVLTEJkRnVZMGJpNzBRZThnYUNEYUVhaTlfZzYwOUh6T1B2c1N3aHR1SDl1U3J3LUJZMWtoM29CWUIx?oc=5,2026-07-20T08:51:23.149912+00:00
Citizen Digital (via Google News),Isiolo export abattoir ready for commissioning after 17 years - Citizen Digital,"<a href=""https://news.google.com/rss/articles/CBMiowFBVV95cUxOQ2dBdkZlRktsS0EySFI2MXFGRV9fdjNRSlVfMzZjc2t5TkhDcHp4aUlDUUJBSVh0elBoNHRlOHh2c0NxX2ZuNW8yVVhuUF84NUNERm1NTWVMM2ROVHRLUnFiRC01Q3NFcnNMQUMxYXJZNjd3UVBfVjRSNmNXSF83TVNEUE1SWmJKMkliTkhvY09zRDU4dXd5eDg3bHY3OGZEWks4?oc=5"" target=""_blank"">Isiolo export abattoir ready for commissioning after 17 years</a>&nbsp;&nbsp;<font color=""#6f6f6f"">Citizen Digital</font>","Sun, 19 Jul 2026 09:29:35 GMT",https://news.google.com/rss/articles/CBMiowFBVV95cUxOQ2dBdkZlRktsS0EySFI2MXFGRV9fdjNRSlVfMzZjc2t5TkhDcHp4aUlDUUJBSVh0elBoNHRlOHh2c0NxX2ZuNW8yVVhuUF84NUNERm1NTWVMM2ROVHRLUnFiRC01Q3NFcnNMQUMxYXJZNjd3UVBfVjRSNmNXSF83TVNEUE1SWmJKMkliTkhvY09zRDU4dXd5eDg3bHY3OGZEWks4?oc=5,2026-07-20T08:51:23.149923+00:00
Citizen Digital (via Google News),"CS Ruku pushes for Mt Kenya East autonomy, cites decades of marginalisation - Citizen Digital","<a href=""https://news.google.com/rss/articles/CBMitAFBVV95cUxPYVB4TlMtVGREVkRDWUZNT2VGcFZQeERUOFJ2NmdicEJsZGx5bHlnaHAtSzJMX0FoemM4VDZ0b3ZPOUc5blVnNFlJaG1CTFdzbGk2b0dHa2U3c3U2VGo1WDhlbDJZb2FRN0Z2UER6LVhlZUdEVzVodFdXTzg0bnViOGZJVThmbWNmVWhNcnZnYU5GbE9BejVWaEExUTk3M2ZaMEZqc0RWUkpwc2lEWFVzRDdNZS0?oc=5"" target=""_blank"">CS Ruku pushes for Mt Kenya East autonomy, cites decades of marginalisation</a>&nbsp;&nbsp;<font color=""#6f6f6f"">Citizen Digital</font>","Sat, 18 Jul 2026 12:07:02 GMT",https://news.google.com/rss/articles/CBMitAFBVV95cUxPYVB4TlMtVGREVkRDWUZNT2VGcFZQeERUOFJ2NmdicEJsZGx5bHlnaHAtSzJMX0FoemM4VDZ0b3ZPOUc5blVnNFlJaG1CTFdzbGk2b0dHa2U3c3U2VGo1WDhlbDJZb2FRN0Z2UER6LVhlZUdEVzVodFdXTzg0bnViOGZJVThmbWNmVWhNcnZnYU5GbE9BejVWaEExUTk3M2ZaMEZqc0RWUkpwc2lEWFVzRDdNZS0?oc=5,2026-07-20T08:51:23.149937+00:00
Citizen Digital (via Google News),"President Ruto unveils Ksh.30B projects in Makueni, vows no region will be left behind - Citizen Digital","<a href=""https://news.google.com/rss/articles/CBMiwgFBVV95cUxQX256RjJKTVdOX3R6eGdkYnhRQXpRMFExWm83aUN6aXJkUGtXMjUxaFNEXzVLQW5FRGZ5SWNRX2lOZ2d2YVJId1lxbFpMMkJ4SW9ENmh3LVdXeDFCSlBSbmFScnNpWm9sOVhfbUt5bVQwS2Q1V3pWbzNMbk5PODc2ZlBZUTlJNzVsTUJyT2hJU3FhWkMwYlZFNUVNb1ptdUtJakd0a0VMQmdfNUk1WU0tUzhjVTRwTXNhUXRuVmJtUGxTQQ?oc=5"" target=""_blank"">President Ruto unveils Ksh.30B projects in Makueni, vows no region will be left behind</a>&nbsp;&nbsp;<font color=""#6f6f6f"">Citizen Digital</font>","Fri, 17 Jul 2026 14:14:01 GMT",https://news.google.com/rss/articles/CBMiwgFBVV95cUxQX256RjJKTVdOX3R6eGdkYnhRQXpRMFExWm83aUN6aXJkUGtXMjUxaFNEXzVLQW5FRGZ5SWNRX2lOZ2d2YVJId1lxbFpMMkJ4SW9ENmh3LVdXeDFCSlBSbmFScnNpWm9sOVhfbUt5bVQwS2Q1V3pWbzNMbk5PODc2ZlBZUTlJNzVsTUJyT2hJU3FhWkMwYlZFNUVNb1ptdUtJakd0a0VMQmdfNUk1WU0tUzhjVTRwTXNhUXRuVmJtUGxTQQ?oc=5,2026-07-20T08:51:23.149948+00:00
Citizen Digital (via Google News),"Ferry capsizes off Guyana, 66 people missing - Citizen Digital","<a href=""https://news.google.com/rss/articles/CBMiiwFBVV95cUxOUDBqejFjVTFCcnJUR05nNi1VR09sQ3FXVW8ybUY2cjdISGJnMzAtQWtneUppSHFxbHV2VWZ3czNWaEpjWGJJVWhhZjJxTk40UVhkX2F5OFBPR3VVdmJOUGhRanktNW03cU9VaDIyNU1NajhaU2xYbnJXZW5FVzYtSWY2dmRDVHJQZ1Nr?oc=5"" target=""_blank"">Ferry capsizes off Guyana, 66 people missing</a>&nbsp;&nbsp;<font color=""#6f6f6f"">Citizen Digital</font>","Sun, 19 Jul 2026 18:55:29 GMT",https://news.google.com/rss/articles/CBMiiwFBVV95cUxOUDBqejFjVTFCcnJUR05nNi1VR09sQ3FXVW8ybUY2cjdISGJnMzAtQWtneUppSHFxbHV2VWZ3czNWaEpjWGJJVWhhZjJxTk40UVhkX2F5OFBPR3VVdmJOUGhRanktNW03cU9VaDIyNU1NajhaU2xYbnJXZW5FVzYtSWY2dmRDVHJQZ1Nr?oc=5,2026-07-20T08:51:23.149958+00:00
Citizen Digital (via Google News),"'Boats, mattresses...' Humiliating lesson for Gov't in Ol Kalou election after a hollow show of force and money - Citizen Digital","<a href=""https://news.google.com/rss/articles/CBMi3AFBVV95cUxNaWoxUEROTDl5T2dpdGtFQVd5TkF1N0k3R3l2anhaWnZIaG1iN0NMd2JBZW5ncWpQR1ZpLXpqUlhFUUxqSFFSV1JhMHhGTVJQNXFzSU8zcHJibWVJeVR6NlU1UnFsT09VdFprb2Z1cF9hQ0Jjd252WEN4S1V2Qm5PanlxbGV2RHNpX0xoSlUzb1FudkNYT2JucTZXS1RNZzE4czNrNnNsSlZVLVRWaUhDQzZxSmVPWXp5YWF6SEhNd0JzSlRiM3Jrb3lXb2ZNazZIVjNZUTdhTURKOUdk?oc=5"" target=""_blank"">'Boats, mattresses...' Humiliating lesson for Gov't in Ol Kalou election after a hollow show of force and money</a>&nbsp;&nbsp;<font color=""#6f6f6f"">Citizen Digital</font>","Fri, 17 Jul 2026 08:06:13 GMT",https://news.google.com/rss/articles/CBMi3AFBVV95cUxNaWoxUEROTDl5T2dpdGtFQVd5TkF1N0k3R3l2anhaWnZIaG1iN0NMd2JBZW5ncWpQR1ZpLXpqUlhFUUxqSFFSV1JhMHhGTVJQNXFzSU8zcHJibWVJeVR6NlU1UnFsT09VdFprb2Z1cF9hQ0Jjd252WEN4S1V2Qm5PanlxbGV2RHNpX0xoSlUzb1FudkNYT2JucTZXS1RNZzE4czNrNnNsSlZVLVRWaUhDQzZxSmVPWXp5YWF6SEhNd0JzSlRiM3Jrb3lXb2ZNazZIVjNZUTdhTURKOUdk?oc=5,2026-07-20T08:51:23.149969+00:00
Citizen Digital (via Google News),CS Ruku reaffirms Mt Kenya support for Ruto despite Ol Kalou by-election outcome - Citizen Digital,"<a href=""https://news.google.com/rss/articles/CBMivAFBVV95cUxNTk5fMFU4aVZWSkRvRFFfaEljUmdRamVxd0NfdkgxUmR2M19ZNGVSNTMzNnRSMEtDakVMaEtfVk50ZzZleFNSN2lCaG03N0VkUGdsTmg1MXFQcEozU2dxcTRtYjdqYWQzdldxYnl4VXhCRzZCTjY4ZVYwOG14Q1BYcUM3YTY0VXpiclU0QVQzenFmYjVqd2pWZEhpdGg3bFU0MEl4UWJZZ1VDS1lqWVhGTkVXa1dMWGNGaFIzSw?oc=5"" target=""_blank"">CS Ruku reaffirms Mt Kenya support for Ruto despite Ol Kalou by-election outcome</a>&nbsp;&nbsp;<font color=""#6f6f6f"">Citizen Digital</font>","Fri, 17 Jul 2026 17:15:48 GMT",https://news.google.com/rss/articles/CBMivAFBVV95cUxNTk5fMFU4aVZWSkRvRFFfaEljUmdRamVxd0NfdkgxUmR2M19ZNGVSNTMzNnRSMEtDakVMaEtfVk50ZzZleFNSN2lCaG03N0VkUGdsTmg1MXFQcEozU2dxcTRtYjdqYWQzdldxYnl4VXhCRzZCTjY4ZVYwOG14Q1BYcUM3YTY0VXpiclU0QVQzenFmYjVqd2pWZEhpdGg3bFU0MEl4UWJZZ1VDS1lqWVhGTkVXa1dMWGNGaFIzSw?oc=5,2026-07-20T08:51:23.149980+00:00
Citizen Digital (via Google News),Ex-police officer sentenced to 40 years for shooting colleague 10 times - Citizen Digital,"<a href=""https://news.google.com/rss/articles/CBMisAFBVV95cUxNVkRIRWh3eU43eHBiZGI0M1RrU2xPRDFzdTA0WXhpdFlWVGRiQ0xUVW1rYU5qSnNWQUhlMG12NC16WWRpZnFSUjFzRU5McWZYNFUwWVFxemR5Q2l2aWtfZjF0dFdPQVdpeXdYQk5QeXJUQS1fUXp2MzdLZ1d4V1dWTG1ydGdYMmpGV09MaTBmVU5ZQ1BCVHJiSFBaMlliUG02MHN6bERianJucU5VbUg1YQ?oc=5"" target=""_blank"">Ex-police officer sentenced to 40 years for shooting colleague 10 times</a>&nbsp;&nbsp;<font color=""#6f6f6f"">Citizen Digital</font>","Fri, 17 Jul 2026 07:03:48 GMT",https://news.google.com/rss/articles/CBMisAFBVV95cUxNVkRIRWh3eU43eHBiZGI0M1RrU2xPRDFzdTA0WXhpdFlWVGRiQ0xUVW1rYU5qSnNWQUhlMG12NC16WWRpZnFSUjFzRU5McWZYNFUwWVFxemR5Q2l2aWtfZjF0dFdPQVdpeXdYQk5QeXJUQS1fUXp2MzdLZ1d4V1dWTG1ydGdYMmpGV09MaTBmVU5ZQ1BCVHJiSFBaMlliUG02MHN6bERianJucU5VbUg1YQ?oc=5,2026-07-20T08:51:23.149990+00:00
Citizen Digital (via Google News),"'Stay away from Kenya,' Gachagua tells tourists, investors over insecurity - Citizen Digital","<a href=""https://news.google.com/rss/articles/CBMirwFBVV95cUxPaFBfaHZBV204YWhZNGFZTXRkY0pkbm1Qa0JkM3o3R2E2bjcyaGpoMnpCMFBoNFBxYlJ6X1R2cjBtZkwtRFQtWkpnYlhkVkhES2xMRUV6RDV5NVVnSk40aElSVTMwal84cWs4RGNzdzhFLWVHWThuejM0Z2Q1cUt4OVRrdFRfRnZ4bG5rRnd0M3N3X0FiVGVuMHhxOVRBb3RSYlBWa0NtSkUtcjJHRmdv?oc=5"" target=""_blank"">'Stay away from Kenya,' Gachagua tells tourists, investors over insecurity</a>&nbsp;&nbsp;<font color=""#6f6f6f"">Citizen Digital</font>","Sun, 19 Jul 2026 11:23:16 GMT",https://news.google.com/rss/articles/CBMirwFBVV95cUxPaFBfaHZBV204YWhZNGFZTXRkY0pkbm1Qa0JkM3o3R2E2bjcyaGpoMnpCMFBoNFBxYlJ6X1R2cjBtZkwtRFQtWkpnYlhkVkhES2xMRUV6RDV5NVVnSk40aElSVTMwal84cWs4RGNzdzhFLWVHWThuejM0Z2Q1cUt4OVRrdFRfRnZ4bG5rRnd0M3N3X0FiVGVuMHhxOVRBb3RSYlBWa0NtSkUtcjJHRmdv?oc=5,2026-07-20T08:51:23.150001+00:00
Citizen Digital (via Google News),"""Wajinga waliisha Kenya!"" How Ol Kalou residents offered a masterclass on fearlessly protecting the vote - Citizen Digital","<a href=""https://news.google.com/rss/articles/CBMi2AFBVV95cUxQUFZncWFlS01TTWI2bmdKVUlZRmx6TldkMmhlSE1GZVJxZVhReDBwcmI5aWNvWHpQbFFGT3JrNFl4MUdRa1lwWnFXTWlRQ2RxWFRqaHY5Z1BsMTQ1R1lDRnV5d2UxNDVTYk52QThGRVpsUFJQNUZ4QzhuZk14VHNVeGJ4bEZqZEt6dUJXUmlKZlF1aDF1LVRmQ3FBYUtCc1NrMm9WUWJmQ3d1U0hGZ216US16dXVqR1lmS2ZvYXAwc18teHktTGI5SEY4MXh3aWU5WUdPcVROS1c?oc=5"" target=""_blank"">""Wajinga waliisha Kenya!"" How Ol Kalou residents offered a masterclass on fearlessly protecting the vote</a>&nbsp;&nbsp;<font color=""#6f6f6f"">Citizen Digital</font>","Fri, 17 Jul 2026 12:44:37 GMT",https://news.google.com/rss/articles/CBMi2AFBVV95cUxQUFZncWFlS01TTWI2bmdKVUlZRmx6TldkMmhlSE1GZVJxZVhReDBwcmI5aWNvWHpQbFFGT3JrNFl4MUdRa1lwWnFXTWlRQ2RxWFRqaHY5Z1BsMTQ1R1lDRnV5d2UxNDVTYk52QThGRVpsUFJQNUZ4QzhuZk14VHNVeGJ4bEZqZEt6dUJXUmlKZlF1aDF1LVRmQ3FBYUtCc1NrMm9WUWJmQ3d1U0hGZ216US16dXVqR1lmS2ZvYXAwc18teHktTGI5SEY4MXh3aWU5WUdPcVROS1c?oc=5,2026-07-20T08:51:23.150012+00:00
Citizen Digital (via Google News),"Four arrested for allegedly stealing toddler in Embakasi, baby rescued - Citizen Digital","<a href=""https://news.google.com/rss/articles/CBMiqAFBVV95cUxQVktHaUw3b2hoZjRQRkFXT18wSV9sQVZNWVpzLTZPdDJJUWRWQ01oVTZYcHB5cEFlU3ljNHFITkFMZ2EzSk1USjZndVJnZlQyV3RSU3hOLTV5cWJPQ3h5Y3NGblBXdmJHczRSMmRxNUZDdVNQSVVDZk9GSzNWa0JKTVRUYjNTSE9rRU9IQjZPWDlkVWNleGNBS0VHcUhKcHBUY2p1VjdseHU?oc=5"" target=""_blank"">Four arrested for allegedly stealing toddler in Embakasi, baby rescued</a>&nbsp;&nbsp;<font color=""#6f6f6f"">Citizen Digital</font>","Sat, 18 Jul 2026 07:33:01 GMT",https://news.google.com/rss/articles/CBMiqAFBVV95cUxQVktHaUw3b2hoZjRQRkFXT18wSV9sQVZNWVpzLTZPdDJJUWRWQ01oVTZYcHB5cEFlU3ljNHFITkFMZ2EzSk1USjZndVJnZlQyV3RSU3hOLTV5cWJPQ3h5Y3NGblBXdmJHczRSMmRxNUZDdVNQSVVDZk9GSzNWa0JKTVRUYjNTSE9rRU9IQjZPWDlkVWNleGNBS0VHcUhKcHBUY2p1VjdseHU?oc=5,2026-07-20T08:51:23.150022+00:00
Citizen Digital (via Google News),Gachagua celebrates Sammy Kamau's historic win in Ol Kalou by-election - Citizen Digital,"<a href=""https://news.google.com/rss/articles/CBMirgFBVV95cUxNV1hIOGpJMFBMVnJ4aGl2MDVSb1RFTU91cW05THpwREVPOUJuemlDUWhCc3BHR3hWeEhDVjFUazVocFV3eDJsNl9vZTJHblFDamJGVjV5alVrSy1CVVkzTFNPLS01bktCdDdJcFk1WFNaOXRWTXA3SlNJbVdPQXVpbUJiWXotaV95UnR1bUo0SHlVMldGSC16ZnNOZV9iSHVkajJNOWNieEgzT21jU3c?oc=5"" target=""_blank"">Gachagua celebrates Sammy Kamau's historic win in Ol Kalou by-election</a>&nbsp;&nbsp;<font color=""#6f6f6f"">Citizen Digital</font>","Fri, 17 Jul 2026 05:31:48 GMT",https://news.google.com/rss/articles/CBMirgFBVV95cUxNV1hIOGpJMFBMVnJ4aGl2MDVSb1RFTU91cW05THpwREVPOUJuemlDUWhCc3BHR3hWeEhDVjFUazVocFV3eDJsNl9vZTJHblFDamJGVjV5alVrSy1CVVkzTFNPLS01bktCdDdJcFk1WFNaOXRWTXA3SlNJbVdPQXVpbUJiWXotaV95UnR1bUo0SHlVMldGSC16ZnNOZV9iSHVkajJNOWNieEgzT21jU3c?oc=5,2026-07-20T08:51:23.150033+00:00
Citizen Digital (via Google News),DCI probing armed goons captured in Ol Kalou during by-election - Murkomen - Citizen Digital,"<a href=""https://news.google.com/rss/articles/CBMisgFBVV95cUxPakkzYnMxQkVCTnhiaGZLZ2JyTXNuTERHWnJJNUJQTUVhdUc5R2wtOUViekIwSW9yNzNnalBJeTV4d1RJenk1R3pwOTByRzJSaW9OTEt4Vm05Q2FUTDNWTE5aVGJWZzBsR2x3QzVqV1d4TWluaFlOMkh3cUc2WmNRNC0tWXFTSE14MV9laWV5TzBOYzJvYUYxOW5iSTRLRnd5VjFLdERkQTFpQjZQRXplWlBB?oc=5"" target=""_blank"">DCI probing armed goons captured in Ol Kalou during by-election - Murkomen</a>&nbsp;&nbsp;<font color=""#6f6f6f"">Citizen Digital</font>","Sun, 19 Jul 2026 12:59:36 GMT",https://news.google.com/rss/articles/CBMisgFBVV95cUxPakkzYnMxQkVCTnhiaGZLZ2JyTXNuTERHWnJJNUJQTUVhdUc5R2wtOUViekIwSW9yNzNnalBJeTV4d1RJenk1R3pwOTByRzJSaW9OTEt4Vm05Q2FUTDNWTE5aVGJWZzBsR2x3QzVqV1d4TWluaFlOMkh3cUc2WmNRNC0tWXFTSE14MV9laWV5TzBOYzJvYUYxOW5iSTRLRnd5VjFLdERkQTFpQjZQRXplWlBB?oc=5,2026-07-20T08:51:23.150043+00:00
Citizen Digital (via Google News),High Court clears construction of 52KM road through Aberdare National Park and Forest - Citizen Digital,"<a href=""https://news.google.com/rss/articles/CBMiwwFBVV95cUxNWm82MklBMVdNR1hhQmNnR2JMTzBaZzJuYUZfQUtCMXRiQzEtQzZpUGdVSVVKZ3l2M2JFUEhnaUdlb1E1ZmZQZGNHRkJnSXc3Q091WjBTUklGalo0aVNvODR6Vl9uRUZHMHg0N0FVSW9jT2xJWmxiNThJaDRNYnZiaElHYUtHbFc1MFFMaGxwTEh2MkdVNGl5aHJYMmdYZEtQT1Q2elI3TlZvSDNDUDJrcTdwZzlyeF90V29OMl9uVDc3SXc?oc=5"" target=""_blank"">High Court clears construction of 52KM road through Aberdare National Park and Forest</a>&nbsp;&nbsp;<font color=""#6f6f6f"">Citizen Digital</font>","Fri, 17 Jul 2026 12:29:02 GMT",https://news.google.com/rss/articles/CBMiwwFBVV95cUxNWm82MklBMVdNR1hhQmNnR2JMTzBaZzJuYUZfQUtCMXRiQzEtQzZpUGdVSVVKZ3l2M2JFUEhnaUdlb1E1ZmZQZGNHRkJnSXc3Q091WjBTUklGalo0aVNvODR6Vl9uRUZHMHg0N0FVSW9jT2xJWmxiNThJaDRNYnZiaElHYUtHbFc1MFFMaGxwTEh2MkdVNGl5aHJYMmdYZEtQT1Q2elI3TlZvSDNDUDJrcTdwZzlyeF90V29OMl9uVDc3SXc?oc=5,2026-07-20T08:51:23.150053+00:00
Citizen Digital (via Google News),"Ol Kalou polls: UDA’s Muchina claims vehicle burnt, voter bribery in polling stations - Citizen Digital","<a href=""https://news.google.com/rss/articles/CBMivwFBVV95cUxOQVNZbzY4UE1mR0hMVTd0bm5MX1pYSkFVRGJNZ3ItWE55a0R4ajZZSWxUa2JWU2VHNlVaemtIN1hxLS1lbUd2WFd1YTZ2VGl2ekRiblV3WC1DMWJfMWhEX2Zua3V1cVRkbUFoUnIxRWp6VlduSV9fVVVKQVdvQTV5WFVzUGJRVW9KOVBaaS1XalVVNFpZWVdaS1hxQ18zQkNnMzRFcEt5di1wMnBmUUtzSklqZld6emJjRGgwc01haw?oc=5"" target=""_blank"">Ol Kalou polls: UDA’s Muchina claims vehicle burnt, voter bribery in polling stations</a>&nbsp;&nbsp;<font color=""#6f6f6f"">Citizen Digital</font>","Thu, 16 Jul 2026 19:13:17 GMT",https://news.google.com/rss/articles/CBMivwFBVV95cUxOQVNZbzY4UE1mR0hMVTd0bm5MX1pYSkFVRGJNZ3ItWE55a0R4ajZZSWxUa2JWU2VHNlVaemtIN1hxLS1lbUd2WFd1YTZ2VGl2ekRiblV3WC1DMWJfMWhEX2Zua3V1cVRkbUFoUnIxRWp6VlduSV9fVVVKQVdvQTV5WFVzUGJRVW9KOVBaaS1XalVVNFpZWVdaS1hxQ18zQkNnMzRFcEt5di1wMnBmUUtzSklqZld6emJjRGgwc01haw?oc=5,2026-07-20T08:51:23.150064+00:00
Citizen Digital (via Google News),"Twin killed, brother injured in Kamandura road construction accident - Citizen Digital","<a href=""https://news.google.com/rss/articles/CBMiqwFBVV95cUxNVWdKM0E5dWdQdjU1eTZuM3RKVXdjR1ZYa25aVzFXaVctcFYxOENicExUV195UnV5LTlTYUxzWkpGZTJPZldCTnY2V3k3eHppX2lwY2s1bHZLUWtfaEtqcE9CdVp1Y0VoZW5IOEtlTzdMWjlYVUhVMmVBcU54VFNtNGFNQlZZS2tDRk80dnJpZ3A4OWFta2dqTTZxZENUejRZTVBGdF9WdkRQVDA?oc=5"" target=""_blank"">Twin killed, brother injured in Kamandura road construction accident</a>&nbsp;&nbsp;<font color=""#6f6f6f"">Citizen Digital</font>","Thu, 16 Jul 2026 08:49:48 GMT",https://news.google.com/rss/articles/CBMiqwFBVV95cUxNVWdKM0E5dWdQdjU1eTZuM3RKVXdjR1ZYa25aVzFXaVctcFYxOENicExUV195UnV5LTlTYUxzWkpGZTJPZldCTnY2V3k3eHppX2lwY2s1bHZLUWtfaEtqcE9CdVp1Y0VoZW5IOEtlTzdMWjlYVUhVMmVBcU54VFNtNGFNQlZZS2tDRk80dnJpZ3A4OWFta2dqTTZxZENUejRZTVBGdF9WdkRQVDA?oc=5,2026-07-20T08:51:23.150075+00:00
Citizen Digital (via Google News),Ol Kalou by-election: Police to impound cars without number plates - Citizen Digital,"<a href=""https://news.google.com/rss/articles/CBMiqAFBVV95cUxQNUN4NG5KczlXNk5jZERxZUpvTV9oaXZkemdKSFVmZFZpUzhsWVBoZTdqQ3hEZklpcXlYTEktc2wydjd3TmxvY2FaRThPNnp2M3c1QWl1RjlPNDcwcUhmTGxHbjJPWTJyZnJvaGVvZW04MlFhVWVUSTNMbC1pWng0YlB4TFM5TXdITHFTTGZpQzlUYW1uckRsT3UxY1NuWFVEdTRfbzZFQkU?oc=5"" target=""_blank"">Ol Kalou by-election: Police to impound cars without number plates</a>&nbsp;&nbsp;<font color=""#6f6f6f"">Citizen Digital</font>","Thu, 16 Jul 2026 09:18:29 GMT",https://news.google.com/rss/articles/CBMiqAFBVV95cUxQNUN4NG5KczlXNk5jZERxZUpvTV9oaXZkemdKSFVmZFZpUzhsWVBoZTdqQ3hEZklpcXlYTEktc2wydjd3TmxvY2FaRThPNnp2M3c1QWl1RjlPNDcwcUhmTGxHbjJPWTJyZnJvaGVvZW04MlFhVWVUSTNMbC1pWng0YlB4TFM5TXdITHFTTGZpQzlUYW1uckRsT3UxY1NuWFVEdTRfbzZFQkU?oc=5,2026-07-20T08:51:23.150086+00:00
Citizen Digital (via Google News),"UDA, ODM coalition will bring in 17 million votes - Wanga - Citizen Digital","<a href=""https://news.google.com/rss/articles/CBMimgFBVV95cUxQRzJ0d0dTc0tFTW8tX3plNWJPMHdyLTU2eVdkWU5sckQtS1FxRHd4Z3lBbDFkUVNkb1JOMDZxVFNtaVpMZnhMdFhVS2RZSlhscTQ3dTZ6akpzVmJacWNfZzktMWVvdU1IMnI3aUpzeGd5cmpFTkpKSTZqVThhbmFCSGhTNF9haEV6ODRyTm1vUkw3R0VfRU5zNlNB?oc=5"" target=""_blank"">UDA, ODM coalition will bring in 17 million votes - Wanga</a>&nbsp;&nbsp;<font color=""#6f6f6f"">Citizen Digital</font>","Sat, 18 Jul 2026 18:52:33 GMT",https://news.google.com/rss/articles/CBMimgFBVV95cUxQRzJ0d0dTc0tFTW8tX3plNWJPMHdyLTU2eVdkWU5sckQtS1FxRHd4Z3lBbDFkUVNkb1JOMDZxVFNtaVpMZnhMdFhVS2RZSlhscTQ3dTZ6akpzVmJacWNfZzktMWVvdU1IMnI3aUpzeGd5cmpFTkpKSTZqVThhbmFCSGhTNF9haEV6ODRyTm1vUkw3R0VfRU5zNlNB?oc=5,2026-07-20T08:51:23.150097+00:00
Citizen Digital (via Google News),Murkomen hits back at Gachagua over police rape claims in Ol Kalou - Citizen Digital,"<a href=""https://news.google.com/rss/articles/CBMiqgFBVV95cUxOTEpFa3FyYkkwX1psVXhwWnpDY2V5MWxSdk50eURCb1J2YnRDSUpaN2xIZ0lKSm40eWhLdk9jMVhWaFVKODF4NU1HY055bWVqWUxmMzA4Nzl5Qm1wS0dYbGFOSkdfdlJEb2xMc3ktdGNDYjFuekJROE9hMzVDaTViVWFVWE94UGEzcEs5bEVCNWpqS2RZOUJSenBnSlJpUUY0TWc5cnc4Y0xTQQ?oc=5"" target=""_blank"">Murkomen hits back at Gachagua over police rape claims in Ol Kalou</a>&nbsp;&nbsp;<font color=""#6f6f6f"">Citizen Digital</font>","Sat, 18 Jul 2026 16:38:21 GMT",https://news.google.com/rss/articles/CBMiqgFBVV95cUxOTEpFa3FyYkkwX1psVXhwWnpDY2V5MWxSdk50eURCb1J2YnRDSUpaN2xIZ0lKSm40eWhLdk9jMVhWaFVKODF4NU1HY055bWVqWUxmMzA4Nzl5Qm1wS0dYbGFOSkdfdlJEb2xMc3ktdGNDYjFuekJROE9hMzVDaTViVWFVWE94UGEzcEs5bEVCNWpqS2RZOUJSenBnSlJpUUY0TWc5cnc4Y0xTQQ?oc=5,2026-07-20T08:51:23.150107+00:00
Citizen Digital (via Google News),'Niko Kadi' mobilizer Allans Ademba arrested in Ol Kalou - Citizen Digital,"<a href=""https://news.google.com/rss/articles/CBMimgFBVV95cUxOWFVvaXUwYk9RUkFNQnpiYXdHeGY1SUxxNUNIQlZ2aUpSVHlXX2xOU1k3NFMxVG8ybWVHRExOY0VqMTN1X05heUsyR0hMaTQ2TXpuRThfRFRHWnRxTkVNM1RLV2hFaWMwcloxU21sdmpPak92R3FyUjlYem9FdHFvTEhXclNPaEM5czNYLUwxWlp0QnhORXJRUDh3?oc=5"" target=""_blank"">'Niko Kadi' mobilizer Allans Ademba arrested in Ol Kalou</a>&nbsp;&nbsp;<font color=""#6f6f6f"">Citizen Digital</font>","Thu, 16 Jul 2026 07:35:09 GMT",https://news.google.com/rss/articles/CBMimgFBVV95cUxOWFVvaXUwYk9RUkFNQnpiYXdHeGY1SUxxNUNIQlZ2aUpSVHlXX2xOU1k3NFMxVG8ybWVHRExOY0VqMTN1X05heUsyR0hMaTQ2TXpuRThfRFRHWnRxTkVNM1RLV2hFaWMwcloxU21sdmpPak92R3FyUjlYem9FdHFvTEhXclNPaEM5czNYLUwxWlp0QnhORXJRUDh3?oc=5,2026-07-20T08:51:23.150117+00:00
Citizen Digital (via Google News),Petition filed for removal of Kenya Pipeline Company board Chair Faith Boinett - Citizen Digital,"<a href=""https://news.google.com/rss/articles/CBMiugFBVV95cUxQazl5SExKVkVCSEE3YjZJSFNtOV94NG45QzJZNUFST18yckhqeXZCcG8xNHc2cTA1NXdmWjhXd25RTS01TzB5VmFhZkNTcnpTT3N2QXBlbHRnRFZKM196czFNLUFmTkY1RHNaMWZrLW9iTWNfNExfWHJobXM5bFlLMTZxQmx6RWgwQkZVemtVMjctUXAxaFBwc0Vpd3I3dmlKaG45ZnB6VHpsbXB2Q2JOa2dnX0J0c0ZWWVE?oc=5"" target=""_blank"">Petition filed for removal of Kenya Pipeline Company board Chair Faith Boinett</a>&nbsp;&nbsp;<font color=""#6f6f6f"">Citizen Digital</font>","Thu, 16 Jul 2026 13:23:45 GMT",https://news.google.com/rss/articles/CBMiugFBVV95cUxQazl5SExKVkVCSEE3YjZJSFNtOV94NG45QzJZNUFST18yckhqeXZCcG8xNHc2cTA1NXdmWjhXd25RTS01TzB5VmFhZkNTcnpTT3N2QXBlbHRnRFZKM196czFNLUFmTkY1RHNaMWZrLW9iTWNfNExfWHJobXM5bFlLMTZxQmx6RWgwQkZVemtVMjctUXAxaFBwc0Vpd3I3dmlKaG45ZnB6VHpsbXB2Q2JOa2dnX0J0c0ZWWVE?oc=5,2026-07-20T08:51:23.150128+00:00
Citizen Digital (via Google News),Traffic disrupted in Embu as youths celebrate DCP's Ol Kalou by-election victory - Citizen Digital,"<a href=""https://news.google.com/rss/articles/CBMiuwFBVV95cUxNMnZSVHN3UVViRmNxdkh4RHBid0lTdm04WlBNMU5sRmRPUW4yNHpMWjNqV1BjY0QtVHZGT013NGkycXltZlVUX1lxZDE4T205UVhILURWcnNrcE4tVkVyZFVTYWx0Q2h4SC1MY25WTHMwLWpGWkdQZ184N1ZEWVNRQy0zNVJOR2l6eHVva2hWcXZ2TEJnaGs1MzdCSDVkSG94SVdxWlc2VHA1S0I2YUF4MGkxQ3VqRUxqbERB?oc=5"" target=""_blank"">Traffic disrupted in Embu as youths celebrate DCP's Ol Kalou by-election victory</a>&nbsp;&nbsp;<font color=""#6f6f6f"">Citizen Digital</font>","Sat, 18 Jul 2026 08:09:29 GMT",https://news.google.com/rss/articles/CBMiuwFBVV95cUxNMnZSVHN3UVViRmNxdkh4RHBid0lTdm04WlBNMU5sRmRPUW4yNHpMWjNqV1BjY0QtVHZGT013NGkycXltZlVUX1lxZDE4T205UVhILURWcnNrcE4tVkVyZFVTYWx0Q2h4SC1MY25WTHMwLWpGWkdQZ184N1ZEWVNRQy0zNVJOR2l6eHVva2hWcXZ2TEJnaGs1MzdCSDVkSG94SVdxWlc2VHA1S0I2YUF4MGkxQ3VqRUxqbERB?oc=5,2026-07-20T08:51:23.150138+00:00
Citizen Digital (via Google News),"'Votes are protected', IEBC dismisses Gachagua's rigging claims in Ol Kalou by-election - Citizen Digital","<a href=""https://news.google.com/rss/articles/CBMiwAFBVV95cUxNUXhJd0ZZaHJSWXAyUmFzUlJFeWg4aEcyMGhOU0hySnZfOHRDRUprU0V0UlYtODRZTWoyREtjMGV1cDRjdjR0OHdmb2h2SXBKOVFiZzFRTXJvLTIzUmZzU29acGlmVndqMi1wTWdMa3VIaEUwdlRFc1lOSE5Jek5BdnJiR1pYc2xWZmFobnI3aTdHb1hTaEo3MTU5X0t1TnRJTjNQZ0V4SzhCWlYxY0lVZHdyMzRpdXk3NnozcHZxQTE?oc=5"" target=""_blank"">'Votes are protected', IEBC dismisses Gachagua's rigging claims in Ol Kalou by-election</a>&nbsp;&nbsp;<font color=""#6f6f6f"">Citizen Digital</font>","Thu, 16 Jul 2026 14:52:24 GMT",https://news.google.com/rss/articles/CBMiwAFBVV95cUxNUXhJd0ZZaHJSWXAyUmFzUlJFeWg4aEcyMGhOU0hySnZfOHRDRUprU0V0UlYtODRZTWoyREtjMGV1cDRjdjR0OHdmb2h2SXBKOVFiZzFRTXJvLTIzUmZzU29acGlmVndqMi1wTWdMa3VIaEUwdlRFc1lOSE5Jek5BdnJiR1pYc2xWZmFobnI3aTdHb1hTaEo3MTU5X0t1TnRJTjNQZ0V4SzhCWlYxY0lVZHdyMzRpdXk3NnozcHZxQTE?oc=5,2026-07-20T08:51:23.150149+00:00
Citizen Digital (via Google News),"'Broad-based leaders are arrogant, don't listen to voters,' Millie Odhiambo on losing Ol Kalou poll - Citizen Digital","<a href=""https://news.google.com/rss/articles/CBMizwFBVV95cUxNd2NNRWtuNXJUSkxNZmlISDFxckZQcTk5TnBIcWRTVVNtaFJLdlYweTZERFhvN0NYVk02YnpUUG1pbEJhYmdlY2F4ZkRSTURhTEV2S2RFZGJlZDJiSUdIQ3lmQ1l0YjJTekstQzNJUnRmZVNDSEdXQUd6a2xNUVR1R2lUT2NPQkI5NmtoWC1sS2tQTHZWM3VTTXZLbW9yQ25rT2NHWWtiNFVFeVh5dk5oNzduLXJwdTRfOEhVMHd5Wm92ZE1qQmtZdllhNkkxUDA?oc=5"" target=""_blank"">'Broad-based leaders are arrogant, don't listen to voters,' Millie Odhiambo on losing Ol Kalou poll</a>&nbsp;&nbsp;<font color=""#6f6f6f"">Citizen Digital</font>","Sat, 18 Jul 2026 10:51:07 GMT",https://news.google.com/rss/articles/CBMizwFBVV95cUxNd2NNRWtuNXJUSkxNZmlISDFxckZQcTk5TnBIcWRTVVNtaFJLdlYweTZERFhvN0NYVk02YnpUUG1pbEJhYmdlY2F4ZkRSTURhTEV2S2RFZGJlZDJiSUdIQ3lmQ1l0YjJTekstQzNJUnRmZVNDSEdXQUd6a2xNUVR1R2lUT2NPQkI5NmtoWC1sS2tQTHZWM3VTTXZLbW9yQ25rT2NHWWtiNFVFeVh5dk5oNzduLXJwdTRfOEhVMHd5Wm92ZE1qQmtZdllhNkkxUDA?oc=5,2026-07-20T08:51:23.150160+00:00
Citizen Digital (via Google News),"Four suspects arrested, 3860 litres of illicit brew seized in Kahawa West - Citizen Digital","<a href=""https://news.google.com/rss/articles/CBMisgFBVV95cUxPZnNqcE9sWkltR3c4cWc3czU2Q1h3YWtCOUtBN0NCVEk4NHlZRDBQSkk0NVgxc0xNMWxXRW9DZlNQYkpmdmlSc3RELWEtYWcyQWdfY2QtOGtmRTJVZkpwUWNSVFFfWVR6OVFIaW5ZRG02emxNclFfMDFPS2wxWnRMR3NWbGpoMHU1SXplMVZNYUIzWEFqTWtWdUt3bkZpZlczYkNETDU2TmIxZ2ZnNF9jQ0hn?oc=5"" target=""_blank"">Four suspects arrested, 3860 litres of illicit brew seized in Kahawa West</a>&nbsp;&nbsp;<font color=""#6f6f6f"">Citizen Digital</font>","Mon, 13 Jul 2026 09:32:50 GMT",https://news.google.com/rss/articles/CBMisgFBVV95cUxPZnNqcE9sWkltR3c4cWc3czU2Q1h3YWtCOUtBN0NCVEk4NHlZRDBQSkk0NVgxc0xNMWxXRW9DZlNQYkpmdmlSc3RELWEtYWcyQWdfY2QtOGtmRTJVZkpwUWNSVFFfWVR6OVFIaW5ZRG02emxNclFfMDFPS2wxWnRMR3NWbGpoMHU1SXplMVZNYUIzWEFqTWtWdUt3bkZpZlczYkNETDU2TmIxZ2ZnNF9jQ0hn?oc=5,2026-07-20T08:51:23.150171+00:00
Citizen Digital (via Google News),Senator Karen Nyamu served with demand letter over Ksh.500K debt - Citizen Digital,"<a href=""https://news.google.com/rss/articles/CBMipgFBVV95cUxOY1JZckZibUVhdjY0NF9zUmpRM09neDJ1RnJfUnVJbE5oRlVKUE4tSWZQMUd2U1ZXMlFRUUNxdmlubVpPcTctY05oZHdHeVNIZ3FiMmk1QTB3ZHpYQTFOOUlKN1ZOZmJMUzljYjJ6V212TklxUHM2bGlPaEZSTG5yUmRwaWZqM0NFcEtDSzhJSlFGWkxoQWVxWTZXMlNRWGIxMVJ4cm9n?oc=5"" target=""_blank"">Senator Karen Nyamu served with demand letter over Ksh.500K debt</a>&nbsp;&nbsp;<font color=""#6f6f6f"">Citizen Digital</font>","Fri, 17 Jul 2026 13:41:21 GMT",https://news.google.com/rss/articles/CBMipgFBVV95cUxOY1JZckZibUVhdjY0NF9zUmpRM09neDJ1RnJfUnVJbE5oRlVKUE4tSWZQMUd2U1ZXMlFRUUNxdmlubVpPcTctY05oZHdHeVNIZ3FiMmk1QTB3ZHpYQTFOOUlKN1ZOZmJMUzljYjJ6V212TklxUHM2bGlPaEZSTG5yUmRwaWZqM0NFcEtDSzhJSlFGWkxoQWVxWTZXMlNRWGIxMVJ4cm9n?oc=5,2026-07-20T08:51:23.150181+00:00
Citizen Digital (via Google News),"'Elections are not a matter of life and death,' Ruto speaks after Ol Kalou poll outcome - Citizen Digital","<a href=""https://news.google.com/rss/articles/CBMiwgFBVV95cUxNdUVOOW9hN2k1OXFHTEJnVUlZWk1uRHN0cWpGbGlUSFdTTUdudUszejFQdjBKbnJTM3AwZ0F3eHY4QTE2QmtuVzVmV1F3X1ZqUFZzTDY2X3V4STd4M200QzhLZndBUkxMNEtMV04tbFdZWUZqU1BFQlRsRG1oWGM1T3pyc0xkcDVxUVY5Q3hsSEYweUJTVXNZMXhxNFpwSHJMRVM3Q2VGcktMVWZLRENoY1hRVGpsMlVsVEl1aGpsTlVvQQ?oc=5"" target=""_blank"">'Elections are not a matter of life and death,' Ruto speaks after Ol Kalou poll outcome</a>&nbsp;&nbsp;<font color=""#6f6f6f"">Citizen Digital</font>","Fri, 17 Jul 2026 10:30:56 GMT",https://news.google.com/rss/articles/CBMiwgFBVV95cUxNdUVOOW9hN2k1OXFHTEJnVUlZWk1uRHN0cWpGbGlUSFdTTUdudUszejFQdjBKbnJTM3AwZ0F3eHY4QTE2QmtuVzVmV1F3X1ZqUFZzTDY2X3V4STd4M200QzhLZndBUkxMNEtMV04tbFdZWUZqU1BFQlRsRG1oWGM1T3pyc0xkcDVxUVY5Q3hsSEYweUJTVXNZMXhxNFpwSHJMRVM3Q2VGcktMVWZLRENoY1hRVGpsMlVsVEl1aGpsTlVvQQ?oc=5,2026-07-20T08:51:23.150192+00:00
Citizen Digital (via Google News),The Kipipiri script: How Ol Kalou by-election revived memories of KANU's defeat in 1995 - Citizen Digital,"<a href=""https://news.google.com/rss/articles/CBMiwwFBVV95cUxQd3NjQlBlQ1JKYlZucVJ0cmIxLXRyODNJOWwxZ2pjQVBVNmlnbVhqejB0eEo4VWUycHFMZFJER3R3RXZ5Z2haa0MtNlMzemhNcE90WFMwTmFkV09ZWGFqcWtGdzZkT3c4SWpMUXlTMERiZlc3emx4bFZTeVdvX2JReE5NOTgtLVo2dHJzNjZhZG5GVEtSY0xLVWdGVlNMeFFfTnVWNmtMYTZjaGZBLXV3Uk5IQ3BWOWl3T1VWTVlNMlRLLTQ?oc=5"" target=""_blank"">The Kipipiri script: How Ol Kalou by-election revived memories of KANU's defeat in 1995</a>&nbsp;&nbsp;<font color=""#6f6f6f"">Citizen Digital</font>","Fri, 17 Jul 2026 16:35:53 GMT",https://news.google.com/rss/articles/CBMiwwFBVV95cUxQd3NjQlBlQ1JKYlZucVJ0cmIxLXRyODNJOWwxZ2pjQVBVNmlnbVhqejB0eEo4VWUycHFMZFJER3R3RXZ5Z2haa0MtNlMzemhNcE90WFMwTmFkV09ZWGFqcWtGdzZkT3c4SWpMUXlTMERiZlc3emx4bFZTeVdvX2JReE5NOTgtLVo2dHJzNjZhZG5GVEtSY0xLVWdGVlNMeFFfTnVWNmtMYTZjaGZBLXV3Uk5IQ3BWOWl3T1VWTVlNMlRLLTQ?oc=5,2026-07-20T08:51:23.150202+00:00
Citizen Digital (via Google News),"'UDA is repeating Jubilee mistakes', Kang'ata says over Ol Kalou by-election outcome - Citizen Digital","<a href=""https://news.google.com/rss/articles/CBMivAFBVV95cUxOUGtuYXJZTk1uVm1Tay16Tjc2d0xQczVlMFk5WlM3NFNsTlRPdHJRUEtqMy1OVmJRLVhXUUxValBCbkRjVGxvazl6cEdPQzNpT1NfNXhrMUpzelNmZ1diamtPMUxzLTMweFZsYlBCOU9Xa3A2dG1mQ0hIRGNBV19IVnBEV1ZNdGtIRVQ2cjk5dmxiNkpjaXFfaDQ2Q3NrOVlUbEg3YlNJeVhhLU9zdUoyQmx5Ny00NzlITWZzUg?oc=5"" target=""_blank"">'UDA is repeating Jubilee mistakes', Kang'ata says over Ol Kalou by-election outcome</a>&nbsp;&nbsp;<font color=""#6f6f6f"">Citizen Digital</font>","Fri, 17 Jul 2026 13:26:23 GMT",https://news.google.com/rss/articles/CBMivAFBVV95cUxOUGtuYXJZTk1uVm1Tay16Tjc2d0xQczVlMFk5WlM3NFNsTlRPdHJRUEtqMy1OVmJRLVhXUUxValBCbkRjVGxvazl6cEdPQzNpT1NfNXhrMUpzelNmZ1diamtPMUxzLTMweFZsYlBCOU9Xa3A2dG1mQ0hIRGNBV19IVnBEV1ZNdGtIRVQ2cjk5dmxiNkpjaXFfaDQ2Q3NrOVlUbEg3YlNJeVhhLU9zdUoyQmx5Ny00NzlITWZzUg?oc=5,2026-07-20T08:51:23.150212+00:00
Citizen Digital (via Google News),'The writing is on the wall': DCP's Sammy Kamau warns President Ruto after by-election win - Citizen Digital,"<a href=""https://news.google.com/rss/articles/CBMixAFBVV95cUxNT0IxdlZydDlqVmtmaXlWMjd4ZzN0VjZwTVVycFMyX2NQSnh6Q1NlM00wWWtfX3JHeG9zVlE3T0ltRndPQmFJeXVQYU5wWHpydmh4dkdXT250TFpVNU1ESEsxSjk1OFR4VkRVc09lVkl0QTlPOTNNRHlxNDczQ1FVVTZycFJuQWdrWEJSOEI0QXQ2Q2VEeDRCYUN0NURMSjFkbjRUUWJrcEdzMlUxMzBJa3h5N3hMZVVNQXhqU1NWTlZ4Zm5H?oc=5"" target=""_blank"">'The writing is on the wall': DCP's Sammy Kamau warns President Ruto after by-election win</a>&nbsp;&nbsp;<font color=""#6f6f6f"">Citizen Digital</font>","Fri, 17 Jul 2026 06:33:49 GMT",https://news.google.com/rss/articles/CBMixAFBVV95cUxNT0IxdlZydDlqVmtmaXlWMjd4ZzN0VjZwTVVycFMyX2NQSnh6Q1NlM00wWWtfX3JHeG9zVlE3T0ltRndPQmFJeXVQYU5wWHpydmh4dkdXT250TFpVNU1ESEsxSjk1OFR4VkRVc09lVkl0QTlPOTNNRHlxNDczQ1FVVTZycFJuQWdrWEJSOEI0QXQ2Q2VEeDRCYUN0NURMSjFkbjRUUWJrcEdzMlUxMzBJa3h5N3hMZVVNQXhqU1NWTlZ4Zm5H?oc=5,2026-07-20T08:51:23.150223+00:00
Citizen Digital (via Google News),DCP's Sammy Kamau Ngotho wins Ol Kalou by-election - Citizen Digital,"<a href=""https://news.google.com/rss/articles/CBMiiwFBVV95cUxNenZhVTB0djhyeHR0N0FsVkJUZG92RUR3bnBZbTA5ZmZyckdBMmtCdU00MzhZT09DajlBRFZZWVJVbEJCNW9EZFNiU3JPSW5EaEMwMXo2MU9WTnlBN0wtVGpNTkVDTlhwR0hiLXpZWUN2cl9DdmJrRWVLaUNGbDc4Q1daSHRoNWxpajFR?oc=5"" target=""_blank"">DCP's Sammy Kamau Ngotho wins Ol Kalou by-election</a>&nbsp;&nbsp;<font color=""#6f6f6f"">Citizen Digital</font>","Fri, 17 Jul 2026 06:10:13 GMT",https://news.google.com/rss/articles/CBMiiwFBVV95cUxNenZhVTB0djhyeHR0N0FsVkJUZG92RUR3bnBZbTA5ZmZyckdBMmtCdU00MzhZT09DajlBRFZZWVJVbEJCNW9EZFNiU3JPSW5EaEMwMXo2MU9WTnlBN0wtVGpNTkVDTlhwR0hiLXpZWUN2cl9DdmJrRWVLaUNGbDc4Q1daSHRoNWxpajFR?oc=5,2026-07-20T08:51:23.150233+00:00
Citizen Digital (via Google News),CS Kagwe rallies farmers to embrace digital livestock identification programme - Citizen Digital,"<a href=""https://news.google.com/rss/articles/CBMiugFBVV95cUxPU2dzQXhEcUVLNjJYc0I5eWpNYlFmYXZuc0pCMHdjUFdaSWpFdEw3YkJJN2VVRE5OcU1Cem9TRW1vWFBKcktQNzVNRDhLMk1PUUhNbVZJRmgwNkVBYTVKV0VmVFo1QkRWX3ZYZTNmTlY3LUFwZWNiRnVpZHRqWWNoT09xcWRpQkd0XzE4TmtUX1FvNXd3Y1NoWUoyVS12b28yN21zaXBBamFRQy1XZGNMbzBjdlp1X0o3QkE?oc=5"" target=""_blank"">CS Kagwe rallies farmers to embrace digital livestock identification programme</a>&nbsp;&nbsp;<font color=""#6f6f6f"">Citizen Digital</font>","Fri, 17 Jul 2026 08:56:38 GMT",https://news.google.com/rss/articles/CBMiugFBVV95cUxPU2dzQXhEcUVLNjJYc0I5eWpNYlFmYXZuc0pCMHdjUFdaSWpFdEw3YkJJN2VVRE5OcU1Cem9TRW1vWFBKcktQNzVNRDhLMk1PUUhNbVZJRmgwNkVBYTVKV0VmVFo1QkRWX3ZYZTNmTlY3LUFwZWNiRnVpZHRqWWNoT09xcWRpQkd0XzE4TmtUX1FvNXd3Y1NoWUoyVS12b28yN21zaXBBamFRQy1XZGNMbzBjdlp1X0o3QkE?oc=5,2026-07-20T08:51:23.150244+00:00
Citizen Digital (via Google News),"United States limits stays of students, journalists - Citizen Digital","<a href=""https://news.google.com/rss/articles/CBMilAFBVV95cUxOSTJES1R5S1RiTk5tT1pLMjB1ckRPT2ZiSUNhbEx5NUhpa3ZpNDY4eHVaLU45YWxEc21haHZjaGM5T0dlVkVBc0tUTG1LNXRDd1JxWUlybjF5c09OVFY3b0tveHM1TGxldDR4aEZwdThNUUNBQ045M3VQaUh1TGtSSS1iS3FfQ1MzTENJU3BKTXFITGUx?oc=5"" target=""_blank"">United States limits stays of students, journalists</a>&nbsp;&nbsp;<font color=""#6f6f6f"">Citizen Digital</font>","Fri, 17 Jul 2026 02:44:00 GMT",https://news.google.com/rss/articles/CBMilAFBVV95cUxOSTJES1R5S1RiTk5tT1pLMjB1ckRPT2ZiSUNhbEx5NUhpa3ZpNDY4eHVaLU45YWxEc21haHZjaGM5T0dlVkVBc0tUTG1LNXRDd1JxWUlybjF5c09OVFY3b0tveHM1TGxldDR4aEZwdThNUUNBQ045M3VQaUh1TGtSSS1iS3FfQ1MzTENJU3BKTXFITGUx?oc=5,2026-07-20T08:51:23.150254+00:00
Citizen Digital (via Google News),"IEBC says Ol Kalou by-election 'progressing as planned', reports 38% turnout by midday - Citizen Digital","<a href=""https://news.google.com/rss/articles/CBMixgFBVV95cUxNd3JPcW1ua0RTdXhCNldTRFFJV3gtRWdNY2l1d2M5empBZFlDaUFNZC15VTc5NWRKWnBsVlhKWW5aeUdhQTY0Tkl1ejdaTHFwdkRYQUFWZFFlSmk2TVk1U3BCQnR3Y0tKaENuSS0xcWtESjBDVnh4cndmTjNHQUNzMXZPUTJXY18tM3I2S1FOTFlQMXF5S09ZR3UyU3plaWNuemtiRUZLMDFaZy1GSGttUFAxYXF5RlZWcnpFcDVBTTkybUcyRnc?oc=5"" target=""_blank"">IEBC says Ol Kalou by-election 'progressing as planned', reports 38% turnout by midday</a>&nbsp;&nbsp;<font color=""#6f6f6f"">Citizen Digital</font>","Thu, 16 Jul 2026 23:52:24 GMT",https://news.google.com/rss/articles/CBMixgFBVV95cUxNd3JPcW1ua0RTdXhCNldTRFFJV3gtRWdNY2l1d2M5empBZFlDaUFNZC15VTc5NWRKWnBsVlhKWW5aeUdhQTY0Tkl1ejdaTHFwdkRYQUFWZFFlSmk2TVk1U3BCQnR3Y0tKaENuSS0xcWtESjBDVnh4cndmTjNHQUNzMXZPUTJXY18tM3I2S1FOTFlQMXF5S09ZR3UyU3plaWNuemtiRUZLMDFaZy1GSGttUFAxYXF5RlZWcnpFcDVBTTkybUcyRnc?oc=5,2026-07-20T08:51:23.150265+00:00
Citizen Digital (via Google News),'Never forget!' Kenyans online revisit 2007/08 Post Election Violence as political tensions escalate - Citizen Digital,"<a href=""https://news.google.com/rss/articles/CBMi0gFBVV95cUxObmpjMlFadkxwcm5BMGFfSG40aWhKaHE4bEVSWmcxWTdvbnVodTdWVFl2X0lBaW0xYmJ2X2IzQWYwQk1EamhPX2d0MUtFNzQ4bjBrQjJpOS1WU1pxU1ZxNDBNeWhBSm01YTVRcmRHdmdfWUZnbzI3RVJMb3NUSC1fbXJlMHhmVm1ZSV85TFZUb01tY3V1Q3JFTnpJYWZqWloySmJJM2hEVEVCbURPU25xM01NT2xCSlBjMnJqY3ZhVkMycExWSFJORlRaTFhSd2xhanc?oc=5"" target=""_blank"">'Never forget!' Kenyans online revisit 2007/08 Post Election Violence as political tensions escalate</a>&nbsp;&nbsp;<font color=""#6f6f6f"">Citizen Digital</font>","Thu, 16 Jul 2026 10:44:38 GMT",https://news.google.com/rss/articles/CBMi0gFBVV95cUxObmpjMlFadkxwcm5BMGFfSG40aWhKaHE4bEVSWmcxWTdvbnVodTdWVFl2X0lBaW0xYmJ2X2IzQWYwQk1EamhPX2d0MUtFNzQ4bjBrQjJpOS1WU1pxU1ZxNDBNeWhBSm01YTVRcmRHdmdfWUZnbzI3RVJMb3NUSC1fbXJlMHhmVm1ZSV85TFZUb01tY3V1Q3JFTnpJYWZqWloySmJJM2hEVEVCbURPU25xM01NT2xCSlBjMnJqY3ZhVkMycExWSFJORlRaTFhSd2xhanc?oc=5,2026-07-20T08:51:23.150276+00:00
Citizen Digital (via Google News),Ebola spreading in DRC 'faster than any previous outbreak': WHO - Citizen Digital,"<a href=""https://news.google.com/rss/articles/CBMiogFBVV95cUxNVi1lZnA0YjRlNGRQQzdYT1hIaE85bHdoUmtkeDlXYWFzckNncVVjR2hvcE92a0ZORGZMWFJhLS1janVhRzNha19lWlpMMUxDajBTZ2I0YmVibElHVmkxSXc5UThiSXY0Nk8zdzIyYlZzXzh4Q010aHdwRzZBMkhkME9ySDdhbFcxcXJtV2pVQUdoOTZLenBMaVd0SDB3dWY5WXc?oc=5"" target=""_blank"">Ebola spreading in DRC 'faster than any previous outbreak': WHO</a>&nbsp;&nbsp;<font color=""#6f6f6f"">Citizen Digital</font>","Fri, 17 Jul 2026 04:58:38 GMT",https://news.google.com/rss/articles/CBMiogFBVV95cUxNVi1lZnA0YjRlNGRQQzdYT1hIaE85bHdoUmtkeDlXYWFzckNncVVjR2hvcE92a0ZORGZMWFJhLS1janVhRzNha19lWlpMMUxDajBTZ2I0YmVibElHVmkxSXc5UThiSXY0Nk8zdzIyYlZzXzh4Q010aHdwRzZBMkhkME9ySDdhbFcxcXJtV2pVQUdoOTZLenBMaVd0SDB3dWY5WXc?oc=5,2026-07-20T08:51:23.150286+00:00
Citizen Digital (via Google News),CS Ruku: UDA spent about Ksh.100M in Ol-Kalou by-election campaigns - Citizen Digital,"<a href=""https://news.google.com/rss/articles/CBMiqAFBVV95cUxOSVFIeTBJVjUzTDZxYXA3RnBMekUyX3N5aVNweHFsSGNTOVppd3RoMXp2NTZsM1Z4VnNtSzJrZGp2aTN0Y3F0WVdsNlhkajJ1VS1yUVM5U0VZXzExZnZYYzJwYzR0M1puTUN3eVRNU2otYl91MlZEV2p3bjZQS1RPdVFWZGF5NVhqMHhkZ0kyQWg5ZDBYX2NzQ2c1VkQ2OFFBLS1rUU9XUmc?oc=5"" target=""_blank"">CS Ruku: UDA spent about Ksh.100M in Ol-Kalou by-election campaigns</a>&nbsp;&nbsp;<font color=""#6f6f6f"">Citizen Digital</font>","Mon, 20 Jul 2026 06:00:29 GMT",https://news.google.com/rss/articles/CBMiqAFBVV95cUxOSVFIeTBJVjUzTDZxYXA3RnBMekUyX3N5aVNweHFsSGNTOVppd3RoMXp2NTZsM1Z4VnNtSzJrZGp2aTN0Y3F0WVdsNlhkajJ1VS1yUVM5U0VZXzExZnZYYzJwYzR0M1puTUN3eVRNU2otYl91MlZEV2p3bjZQS1RPdVFWZGF5NVhqMHhkZ0kyQWg5ZDBYX2NzQ2c1VkQ2OFFBLS1rUU9XUmc?oc=5,2026-07-20T08:51:23.150296+00:00
Citizen Digital (via Google News),Probe as unidentified man found brutally murdered in Mwea rice fields - Citizen Digital,"<a href=""https://news.google.com/rss/articles/CBMirgFBVV95cUxOaXN2UHlES0twelJSX1VkVVVKM0pRVENOMDZGMnpkY3JZbFJ0Sm5KUVh2czBUOV95dmZyVHpWZlhNN0hLY2lZWjNRYmhyRW5Sa3lQV0RjUXJJQWxWUjJ6MFgySkZPaGxJaHROMHJKSG1SRENNaFQ0MDVzYWNDbWQ3blZtQkx2TTVXX2FVQXgzYW1qaHhpUnoyNUdjQ2hua3V1QnNhT01kcmtlLUFXeVE?oc=5"" target=""_blank"">Probe as unidentified man found brutally murdered in Mwea rice fields</a>&nbsp;&nbsp;<font color=""#6f6f6f"">Citizen Digital</font>","Sun, 19 Jul 2026 08:25:44 GMT",https://news.google.com/rss/articles/CBMirgFBVV95cUxOaXN2UHlES0twelJSX1VkVVVKM0pRVENOMDZGMnpkY3JZbFJ0Sm5KUVh2czBUOV95dmZyVHpWZlhNN0hLY2lZWjNRYmhyRW5Sa3lQV0RjUXJJQWxWUjJ6MFgySkZPaGxJaHROMHJKSG1SRENNaFQ0MDVzYWNDbWQ3blZtQkx2TTVXX2FVQXgzYW1qaHhpUnoyNUdjQ2hua3V1QnNhT01kcmtlLUFXeVE?oc=5,2026-07-20T08:51:23.150307+00:00
Citizen Digital (via Google News),"Gachagua: IG Kanja plotting to disrupt Ol Kalou poll with deployment of 2,000 police - Citizen Digital","<a href=""https://news.google.com/rss/articles/CBMivwFBVV95cUxPZXJzUFVNS1djNjJiVzBjOE1PUEVsUFRHSDBOZ0ZuamVrdFNuQVkzN0VUalZ1UEdDQzVIRXZyRGxfSklKSWdkTGZrOE9ZM1pGODNMUWJtZFB2dm5UTjlOcXBncFVLU0hTYWxZNDZhby1PSDZWTmhobzE5dW5UV245M0pMbmlVS1FCZHFCZ1dUdVZZbVNKR1ZqRjlBeW9CaVBtVG1MNlp1Vk9wekdLbjB6c3p1ekNYVURpOUhnLUFnNA?oc=5"" target=""_blank"">Gachagua: IG Kanja plotting to disrupt Ol Kalou poll with deployment of 2,000 police</a>&nbsp;&nbsp;<font color=""#6f6f6f"">Citizen Digital</font>","Wed, 15 Jul 2026 10:42:20 GMT",https://news.google.com/rss/articles/CBMivwFBVV95cUxPZXJzUFVNS1djNjJiVzBjOE1PUEVsUFRHSDBOZ0ZuamVrdFNuQVkzN0VUalZ1UEdDQzVIRXZyRGxfSklKSWdkTGZrOE9ZM1pGODNMUWJtZFB2dm5UTjlOcXBncFVLU0hTYWxZNDZhby1PSDZWTmhobzE5dW5UV245M0pMbmlVS1FCZHFCZ1dUdVZZbVNKR1ZqRjlBeW9CaVBtVG1MNlp1Vk9wekdLbjB6c3p1ekNYVURpOUhnLUFnNA?oc=5,2026-07-20T08:51:23.150318+00:00
Citizen Digital (via Google News),Nairobi MCA among three suspects charged over robbery with violence - Citizen Digital,"<a href=""https://news.google.com/rss/articles/CBMiqwFBVV95cUxPODZENVIyR1NzWHRYeWM2anRIb21Xd3lRZ1BVV2RsN21lMi1oRVE5bVY4aUJOQm14LTE1MTNKTlctLWUyLThwRkpYRDJheXBZaTBxU3BQVTA1V3FFQU40eWczOVAwQ0JoZTJQNXJ1S2NLZlg1ajlVSlkzd1ZaYzFIMmR5QTI2WmcxclF5N29oN0hDamhfbV9QRWVlbVVuMU1Rc1FCNkZ4bXBnWTg?oc=5"" target=""_blank"">Nairobi MCA among three suspects charged over robbery with violence</a>&nbsp;&nbsp;<font color=""#6f6f6f"">Citizen Digital</font>","Wed, 15 Jul 2026 03:40:13 GMT",https://news.google.com/rss/articles/CBMiqwFBVV95cUxPODZENVIyR1NzWHRYeWM2anRIb21Xd3lRZ1BVV2RsN21lMi1oRVE5bVY4aUJOQm14LTE1MTNKTlctLWUyLThwRkpYRDJheXBZaTBxU3BQVTA1V3FFQU40eWczOVAwQ0JoZTJQNXJ1S2NLZlg1ajlVSlkzd1ZaYzFIMmR5QTI2WmcxclF5N29oN0hDamhfbV9QRWVlbVVuMU1Rc1FCNkZ4bXBnWTg?oc=5,2026-07-20T08:51:23.150329+00:00
Citizen Digital (via Google News),Trump to bask in World Cup final spotlight - Citizen Digital,"<a href=""https://news.google.com/rss/articles/CBMiigFBVV95cUxPX3ZFR1ZtbG4tQmxPRzNfc3FnYXAtS2Z2MS1zNFU0RUZqQXhXZU1iZVUtYy1ZbzFvX3VINktpeGFwUnVVWGRKYXhJNnBKWFV2ZGNTOVhJbUxWTDBoVXJOaE45MG9BMTFxUjgtei1wdjRNbU00cU5CWGYtNVZ2LTdCNlVNdkVPMzBTcEE?oc=5"" target=""_blank"">Trump to bask in World Cup final spotlight</a>&nbsp;&nbsp;<font color=""#6f6f6f"">Citizen Digital</font>","Sun, 19 Jul 2026 12:11:29 GMT",https://news.google.com/rss/articles/CBMiigFBVV95cUxPX3ZFR1ZtbG4tQmxPRzNfc3FnYXAtS2Z2MS1zNFU0RUZqQXhXZU1iZVUtYy1ZbzFvX3VINktpeGFwUnVVWGRKYXhJNnBKWFV2ZGNTOVhJbUxWTDBoVXJOaE45MG9BMTFxUjgtei1wdjRNbU00cU5CWGYtNVZ2LTdCNlVNdkVPMzBTcEE?oc=5,2026-07-20T08:51:23.150339+00:00
Citizen Digital (via Google News),Infantino's enlarged World Cup gamble pays off with punters - Citizen Digital,"<a href=""https://news.google.com/rss/articles/CBMinwFBVV95cUxOWDdEVlVYVGE2VTN2aWJObmE4SGlCdkUtTDVjNHhaM1ZUWVF2aERzZ25FdldGM2UwYVhKMGFsVHZHcDlQV3diTXpuWm1OanFhdVZ6N0p0c05sQUFCU1h5VXc3SUgyWnNuOFJoNEc3akZhNjAyc1E0MTUxQXJOZURiaWo1cWNkSUNRY1lRX0ZIVFZZN2RtdWhKRVNzcG5ULWc?oc=5"" target=""_blank"">Infantino's enlarged World Cup gamble pays off with punters</a>&nbsp;&nbsp;<font color=""#6f6f6f"">Citizen Digital</font>","Sat, 18 Jul 2026 17:29:06 GMT",https://news.google.com/rss/articles/CBMinwFBVV95cUxOWDdEVlVYVGE2VTN2aWJObmE4SGlCdkUtTDVjNHhaM1ZUWVF2aERzZ25FdldGM2UwYVhKMGFsVHZHcDlQV3diTXpuWm1OanFhdVZ6N0p0c05sQUFCU1h5VXc3SUgyWnNuOFJoNEc3akZhNjAyc1E0MTUxQXJOZURiaWo1cWNkSUNRY1lRX0ZIVFZZN2RtdWhKRVNzcG5ULWc?oc=5,2026-07-20T08:51:23.150349+00:00
Citizen Digital (via Google News),Homa Bay: Man killed by hippo in shocking attack on his way home - Citizen Digital,"<a href=""https://news.google.com/rss/articles/CBMipgFBVV95cUxQZWhrOW0tcHgtTldDMjVBNXBfMTdHQ1FOMmdGWm5hSklpalh0TjVSUXVQeFNtWE1YNUpyZVJpRnhSNTAxVlV6a2R2UWJUdmxWZHczSkItUVBPeU9wWmFna3B2dS01d1ZLSUlhOWcyQS1tSVFRUmF1eUNxYU50NVRNQ3p4a1hfZmZRLXFEMUdyNnlYenNLY05nUXpid1p5a3l0b2Y5ZXZ3?oc=5"" target=""_blank"">Homa Bay: Man killed by hippo in shocking attack on his way home</a>&nbsp;&nbsp;<font color=""#6f6f6f"">Citizen Digital</font>","Sun, 19 Jul 2026 09:19:25 GMT",https://news.google.com/rss/articles/CBMipgFBVV95cUxQZWhrOW0tcHgtTldDMjVBNXBfMTdHQ1FOMmdGWm5hSklpalh0TjVSUXVQeFNtWE1YNUpyZVJpRnhSNTAxVlV6a2R2UWJUdmxWZHczSkItUVBPeU9wWmFna3B2dS01d1ZLSUlhOWcyQS1tSVFRUmF1eUNxYU50NVRNQ3p4a1hfZmZRLXFEMUdyNnlYenNLY05nUXpid1p5a3l0b2Y5ZXZ3?oc=5,2026-07-20T08:51:23.150359+00:00
Citizen Digital (via Google News),US renews strikes on Iran after two military personnel killed by Iranian attack - Citizen Digital,"<a href=""https://news.google.com/rss/articles/CBMiuwFBVV95cUxPZDJaWUt2WDN3NnBOYmtqdm5MQVlOUGNFY0xPcmN4dndtZm52aV9mOGNhMkJsWHBaNi12TWZ3bVdUeEV2OGZ0X3FVcjFBbzQxWi1xRlUzMFFZazlSVUx5TUlLR0FOTTFrVTM0bG1xejlUQTVpWHktWDhOZ2ZtT1BLR01QM2xDbDRtTkM5VlB1VW0tSndJcVpYWlFyTnNPUDBzRXhoZXhFaWplTDBhNU9CLUNqdTVRaDBBUWp3?oc=5"" target=""_blank"">US renews strikes on Iran after two military personnel killed by Iranian attack</a>&nbsp;&nbsp;<font color=""#6f6f6f"">Citizen Digital</font>","Sun, 19 Jul 2026 05:03:30 GMT",https://news.google.com/rss/articles/CBMiuwFBVV95cUxPZDJaWUt2WDN3NnBOYmtqdm5MQVlOUGNFY0xPcmN4dndtZm52aV9mOGNhMkJsWHBaNi12TWZ3bVdUeEV2OGZ0X3FVcjFBbzQxWi1xRlUzMFFZazlSVUx5TUlLR0FOTTFrVTM0bG1xejlUQTVpWHktWDhOZ2ZtT1BLR01QM2xDbDRtTkM5VlB1VW0tSndJcVpYWlFyTnNPUDBzRXhoZXhFaWplTDBhNU9CLUNqdTVRaDBBUWp3?oc=5,2026-07-20T08:51:23.150370+00:00
Citizen Digital (via Google News),Estate beneficiaries oppose Ksh.120 million legal fees claim by Ojienda’s law firm - Citizen Digital,"<a href=""https://news.google.com/rss/articles/CBMivAFBVV95cUxPd3AzeUZrcENTbl93QVFNaGRWMzZLd3hyNGNrRi1scGVGVk1sYldWN01pQm1VZmgxVjNHY1BIT0NKcThPSm8tbkhiX1BCTWdsZkxYUXBlb1ZTRTN2UWFvSjNROWtzcjdrcUdoeGRtNjVSbFl3VkQyeEJ3UUF3U29YenZpWXVveThEYkFIa1pSVW1fa3dXV3hWQ2w0czViajFwNXJadUFuckhaUWNpVDdIQkFnZjktQzNpVTZtZg?oc=5"" target=""_blank"">Estate beneficiaries oppose Ksh.120 million legal fees claim by Ojienda’s law firm</a>&nbsp;&nbsp;<font color=""#6f6f6f"">Citizen Digital</font>","Thu, 16 Jul 2026 13:01:16 GMT",https://news.google.com/rss/articles/CBMivAFBVV95cUxPd3AzeUZrcENTbl93QVFNaGRWMzZLd3hyNGNrRi1scGVGVk1sYldWN01pQm1VZmgxVjNHY1BIT0NKcThPSm8tbkhiX1BCTWdsZkxYUXBlb1ZTRTN2UWFvSjNROWtzcjdrcUdoeGRtNjVSbFl3VkQyeEJ3UUF3U29YenZpWXVveThEYkFIa1pSVW1fa3dXV3hWQ2w0czViajFwNXJadUFuckhaUWNpVDdIQkFnZjktQzNpVTZtZg?oc=5,2026-07-20T08:51:23.150380+00:00
Citizen Digital (via Google News),Ebola: 7 Americans quarantined in Kenya after US travel ban - Citizen Digital,"<a href=""https://news.google.com/rss/articles/CBMinwFBVV95cUxOcTdRMUY0NmhIeWpxSWJhRmhGUVA3TC13bjVTTlNVTENhX084Qi1pbTc1aHZzZ3N2T0VCVFlIOUFKd0VwRnZxQldpeWQ2N3lKN0IwMDUzNHFvVV9yV05DSkhuYTBXdGVkbzFxZnphaHNGbnpGR09FUzZwNWlVU05jTTRVTE5UelY4NWZqdVk2dXo3bXVJVzc5V01YMEFQLVU?oc=5"" target=""_blank"">Ebola: 7 Americans quarantined in Kenya after US travel ban</a>&nbsp;&nbsp;<font color=""#6f6f6f"">Citizen Digital</font>","Fri, 17 Jul 2026 12:44:37 GMT",https://news.google.com/rss/articles/CBMinwFBVV95cUxOcTdRMUY0NmhIeWpxSWJhRmhGUVA3TC13bjVTTlNVTENhX084Qi1pbTc1aHZzZ3N2T0VCVFlIOUFKd0VwRnZxQldpeWQ2N3lKN0IwMDUzNHFvVV9yV05DSkhuYTBXdGVkbzFxZnphaHNGbnpGR09FUzZwNWlVU05jTTRVTE5UelY4NWZqdVk2dXo3bXVJVzc5V01YMEFQLVU?oc=5,2026-07-20T08:51:23.150391+00:00
Citizen Digital (via Google News),Thousands of Ethiopians rally against Tigray recruitment drive - Citizen Digital,"<a href=""https://news.google.com/rss/articles/CBMi1wFBVV95cUxQcVYzX2toOEx5TS1fZV9Odkx6eWVKT2dSQldJWHlrczAwaWNsS3dZcFVnVl9YX3d2SWVWdVJfbnBIclkzVEUzOEFjdzhfMUlWRFBVOUE2VF9teS04ejRBVUI1MGhKV1ZTVko0Rkd5TEJ0dlZ1cXZyTlI4UzZqbG9lN0J3R3Eyb01PWVVZb3BNTEdGNDZ6bThoeGJmejE0NV9vLVVhaXYweDJYZ09CLUtLSXFpbW9xSnpuV3otY3kyeWRraGh4Y21GVTg4bjdaU1FtQmlWYmZuQQ?oc=5"" target=""_blank"">Thousands of Ethiopians rally against Tigray recruitment drive</a>&nbsp;&nbsp;<font color=""#6f6f6f"">Citizen Digital</font>","Sun, 19 Jul 2026 01:29:15 GMT",https://news.google.com/rss/articles/CBMi1wFBVV95cUxQcVYzX2toOEx5TS1fZV9Odkx6eWVKT2dSQldJWHlrczAwaWNsS3dZcFVnVl9YX3d2SWVWdVJfbnBIclkzVEUzOEFjdzhfMUlWRFBVOUE2VF9teS04ejRBVUI1MGhKV1ZTVko0Rkd5TEJ0dlZ1cXZyTlI4UzZqbG9lN0J3R3Eyb01PWVVZb3BNTEdGNDZ6bThoeGJmejE0NV9vLVVhaXYweDJYZ09CLUtLSXFpbW9xSnpuV3otY3kyeWRraGh4Y21GVTg4bjdaU1FtQmlWYmZuQQ?oc=5,2026-07-20T08:51:23.150401+00:00
Citizen Digital (via Google News),South African police arrest 69 at violent anti-immigrant protest - Citizen Digital,"<a href=""https://news.google.com/rss/articles/CBMipwFBVV95cUxOYTMwSnFhZWh3VFlMX3NUWGUyLVZxNmhCTi03WUtIaktLRlJqN09mbzU3YlVWM0dtYUtmRkNtZlQwTUhORlJqZjlCQlRiLTRuN3JLWW8zN1k1aExwU0pOREY1TmF0OWxuRV9KeHA0V3RSMkVOQ2VpdWJLOXVwME9EZWhMd2xFWWpaaGh1WkE1ODRIYTRCZlJWWEpKZzNxZ3dNS0U2UExPTQ?oc=5"" target=""_blank"">South African police arrest 69 at violent anti-immigrant protest</a>&nbsp;&nbsp;<font color=""#6f6f6f"">Citizen Digital</font>","Sat, 18 Jul 2026 02:23:29 GMT",https://news.google.com/rss/articles/CBMipwFBVV95cUxOYTMwSnFhZWh3VFlMX3NUWGUyLVZxNmhCTi03WUtIaktLRlJqN09mbzU3YlVWM0dtYUtmRkNtZlQwTUhORlJqZjlCQlRiLTRuN3JLWW8zN1k1aExwU0pOREY1TmF0OWxuRV9KeHA0V3RSMkVOQ2VpdWJLOXVwME9EZWhMd2xFWWpaaGh1WkE1ODRIYTRCZlJWWEpKZzNxZ3dNS0U2UExPTQ?oc=5,2026-07-20T08:51:23.150411+00:00
Citizen Digital (via Google News),"UDA concedes defeat in Ol Kalou by-election, says party remains strong in Mt Kenya - Citizen Digital","<a href=""https://news.google.com/rss/articles/CBMivgFBVV95cUxNSkIyTXJscFh6RkJlVXBJMFVZYTBOTjJNMVNjZmRJekhKS0dlY29mV2J5WVg1YUpwRzBkY1VKTUNjWEE0QjQwOWk0TnMydGhpZ2k1QzZ3OTRzRjVaUF9hQkpDVlRVbHBRTVpMVC05VGZvbFlQaTdScUtTSGkyTlN2LXdoMHVsMURyRG42QWVudHI4VFpEVy1rWnhPMnE4SjFsdGNBZFRyeUZDMGYzTFFOOVNIcTNTcUIydGN1YmxB?oc=5"" target=""_blank"">UDA concedes defeat in Ol Kalou by-election, says party remains strong in Mt Kenya</a>&nbsp;&nbsp;<font color=""#6f6f6f"">Citizen Digital</font>","Fri, 17 Jul 2026 13:56:22 GMT",https://news.google.com/rss/articles/CBMivgFBVV95cUxNSkIyTXJscFh6RkJlVXBJMFVZYTBOTjJNMVNjZmRJekhKS0dlY29mV2J5WVg1YUpwRzBkY1VKTUNjWEE0QjQwOWk0TnMydGhpZ2k1QzZ3OTRzRjVaUF9hQkpDVlRVbHBRTVpMVC05VGZvbFlQaTdScUtTSGkyTlN2LXdoMHVsMURyRG42QWVudHI4VFpEVy1rWnhPMnE4SjFsdGNBZFRyeUZDMGYzTFFOOVNIcTNTcUIydGN1YmxB?oc=5,2026-07-20T08:51:23.150421+00:00
Citizen Digital (via Google News),"Sirisia MP John Waluke opens up on 67-year sentence, military career and life after conviction - Citizen Digital","<a href=""https://news.google.com/rss/articles/CBMizgFBVV95cUxQMktXck5KU0RaMms5Ym0tWHZyUzB5Mlpwd0RDbGZKT29FTFZ5ekx3QjhfaHg4WDRxQ1VWa2xPb1dMdDBXbG9PckxGSndsUkEwQ0xqaHgzODV1T1FjaFo5WU9WazRrOHIyTF91ai03em1YcEhFUmVnNEtBWWl3VTZ2ZnJXWE1jX3JHSldibUVxb3JubVQtaE9wSzVHVU9SZDZfMWFQX1BWc29qeXhaWnU0SVRqdDZVWU1JMFZhSng3b1dxcVNjdWZjQUh5QmJ3UQ?oc=5"" target=""_blank"">Sirisia MP John Waluke opens up on 67-year sentence, military career and life after conviction</a>&nbsp;&nbsp;<font color=""#6f6f6f"">Citizen Digital</font>","Fri, 17 Jul 2026 11:47:19 GMT",https://news.google.com/rss/articles/CBMizgFBVV95cUxQMktXck5KU0RaMms5Ym0tWHZyUzB5Mlpwd0RDbGZKT29FTFZ5ekx3QjhfaHg4WDRxQ1VWa2xPb1dMdDBXbG9PckxGSndsUkEwQ0xqaHgzODV1T1FjaFo5WU9WazRrOHIyTF91ai03em1YcEhFUmVnNEtBWWl3VTZ2ZnJXWE1jX3JHSldibUVxb3JubVQtaE9wSzVHVU9SZDZfMWFQX1BWc29qeXhaWnU0SVRqdDZVWU1JMFZhSng3b1dxcVNjdWZjQUh5QmJ3UQ?oc=5,2026-07-20T08:51:23.150432+00:00
Citizen Digital (via Google News),France don't want 'chocolate-medal' match but team want to deliver for departing coach - Citizen Digital,"<a href=""https://news.google.com/rss/articles/CBMiwAFBVV95cUxNSUR5MGtpXzRkLWRtSFFJSmU4T3ZiYnZwcW1uRVI2UllFS0dUSnZ2emtyOW1xTTljRVp2aEF3Tnd3Q0VwTGlxN3RXdGdBeXlxeFRoYXRkMWpyX2NCS19uTndUQUREWmFtV2pnOFJwa19EZEI1dzJhV0cySENrc0hnZUw0QVVBeW1xYVAtbFI5QUR5QzY1ZjlCRlYwR2FqdmR2NmlqdmpNNHo5NXE4V1U2UUd4cnFvYWRvWFpiVlpOVmU?oc=5"" target=""_blank"">France don't want 'chocolate-medal' match but team want to deliver for departing coach</a>&nbsp;&nbsp;<font color=""#6f6f6f"">Citizen Digital</font>","Sat, 18 Jul 2026 05:39:49 GMT",https://news.google.com/rss/articles/CBMiwAFBVV95cUxNSUR5MGtpXzRkLWRtSFFJSmU4T3ZiYnZwcW1uRVI2UllFS0dUSnZ2emtyOW1xTTljRVp2aEF3Tnd3Q0VwTGlxN3RXdGdBeXlxeFRoYXRkMWpyX2NCS19uTndUQUREWmFtV2pnOFJwa19EZEI1dzJhV0cySENrc0hnZUw0QVVBeW1xYVAtbFI5QUR5QzY1ZjlCRlYwR2FqdmR2NmlqdmpNNHo5NXE4V1U2UUd4cnFvYWRvWFpiVlpOVmU?oc=5,2026-07-20T08:51:23.150442+00:00
Citizen Digital (via Google News),UK minister urges FIFA to investigate Argentina over World Cup Falklands banner - Citizen Digital,"<a href=""https://news.google.com/rss/articles/CBMiuwFBVV95cUxQVUJKZ2hkSWlTWm8wLUVPM0tpdzdVUjEzOTZKTGxlY21KaTAxSlNESm12QmxSMDFrQ2xNTTZOUm94VDdKMjNPZzY4RVVLeHZGdzJldXp5eV9qQ01MWUZqRm9RZnBSbFF5UWV0N3YxbVQ3a0ZONnl2aXJsMXNJS2hFRFJPcXlxd3lIdElNTndMbnNhVUpodnBGcG9BNGxaRjJvNmxMQ0pmdHFKc2RqbkpFM1lTbmgzZFN1ODJR?oc=5"" target=""_blank"">UK minister urges FIFA to investigate Argentina over World Cup Falklands banner</a>&nbsp;&nbsp;<font color=""#6f6f6f"">Citizen Digital</font>","Thu, 16 Jul 2026 17:45:53 GMT",https://news.google.com/rss/articles/CBMiuwFBVV95cUxQVUJKZ2hkSWlTWm8wLUVPM0tpdzdVUjEzOTZKTGxlY21KaTAxSlNESm12QmxSMDFrQ2xNTTZOUm94VDdKMjNPZzY4RVVLeHZGdzJldXp5eV9qQ01MWUZqRm9RZnBSbFF5UWV0N3YxbVQ3a0ZONnl2aXJsMXNJS2hFRFJPcXlxd3lIdElNTndMbnNhVUpodnBGcG9BNGxaRjJvNmxMQ0pmdHFKc2RqbkpFM1lTbmgzZFN1ODJR?oc=5,2026-07-20T08:51:23.150452+00:00
Citizen Digital (via Google News),2025 KCSE candidates urged to apply for scholarships as Ksh.30.8B allocated - Citizen Digital,"<a href=""https://news.google.com/rss/articles/CBMiswFBVV95cUxPVVptVXNWdmNBQTY0X2ZlMzJZTmlHc2NDWkltbjE2WHQ3Umg0djJseXpWZXNvLVFUdDFncU9QdmRKUzdhZG92QkNMaWtQNXhZWWkzbnpqODhaMXpTZ0NmR1VpYk5HQmRQVjd3alFTV2piX3plazNmZkdMNVMwWjBIM0F3NnI2dlZWMjM3TVlGd3NHQ1M5SnQ0VE5Ma0Z0b1lZSXJGME5sTHhONjJKT2NXZlYtNA?oc=5"" target=""_blank"">2025 KCSE candidates urged to apply for scholarships as Ksh.30.8B allocated</a>&nbsp;&nbsp;<font color=""#6f6f6f"">Citizen Digital</font>","Mon, 13 Jul 2026 11:47:41 GMT",https://news.google.com/rss/articles/CBMiswFBVV95cUxPVVptVXNWdmNBQTY0X2ZlMzJZTmlHc2NDWkltbjE2WHQ3Umg0djJseXpWZXNvLVFUdDFncU9QdmRKUzdhZG92QkNMaWtQNXhZWWkzbnpqODhaMXpTZ0NmR1VpYk5HQmRQVjd3alFTV2piX3plazNmZkdMNVMwWjBIM0F3NnI2dlZWMjM3TVlGd3NHQ1M5SnQ0VE5Ma0Z0b1lZSXJGME5sTHhONjJKT2NXZlYtNA?oc=5,2026-07-20T08:51:23.150463+00:00
Citizen Digital (via Google News),US reports 'wave of strikes' on Iran as war returns - Citizen Digital,"<a href=""https://news.google.com/rss/articles/CBMikwFBVV95cUxNNElWaENwNG0wMGM2NE1jRDJJVTBmbjlPVkxmbkRDWS1MZU9Hb2tqeFVHcnlEN1RDNE1YN1E5Q2lUVGtHQ0dwendvcmp1c0dpUWJ4S2NpTnJxSnFPMjVGUXV5UkFKU2pVYm8tUXBNRll4M001aHRIcEcyUUJFNzdUVzBxbldWSDgwNG15V2JxRXZfX1k?oc=5"" target=""_blank"">US reports 'wave of strikes' on Iran as war returns</a>&nbsp;&nbsp;<font color=""#6f6f6f"">Citizen Digital</font>","Thu, 16 Jul 2026 01:11:58 GMT",https://news.google.com/rss/articles/CBMikwFBVV95cUxNNElWaENwNG0wMGM2NE1jRDJJVTBmbjlPVkxmbkRDWS1MZU9Hb2tqeFVHcnlEN1RDNE1YN1E5Q2lUVGtHQ0dwendvcmp1c0dpUWJ4S2NpTnJxSnFPMjVGUXV5UkFKU2pVYm8tUXBNRll4M001aHRIcEcyUUJFNzdUVzBxbldWSDgwNG15V2JxRXZfX1k?oc=5,2026-07-20T08:51:23.150473+00:00
Citizen Digital (via Google News),Citizen Digital - Citizen Digital,"<a href=""https://news.google.com/rss/articles/CBMiV0FVX3lxTE9yVTB2dEJySW5aZUYwMzVyVE1rQ0UyWTBNZU5EWUQ5Ui1JSTh6cTEwaU5xaFExcXF0c01RQ3VpZHEwbGttY3p4RHFXa3hWVjhRQXBFbjNmVQ?oc=5"" target=""_blank"">Citizen Digital</a>&nbsp;&nbsp;<font color=""#6f6f6f"">Citizen Digital</font>","Tue, 23 Aug 2022 02:55:31 GMT",https://news.google.com/rss/articles/CBMiV0FVX3lxTE9yVTB2dEJySW5aZUYwMzVyVE1rQ0UyWTBNZU5EWUQ5Ui1JSTh6cTEwaU5xaFExcXF0c01RQ3VpZHEwbGttY3p4RHFXa3hWVjhRQXBFbjNmVQ?oc=5,2026-07-20T08:51:23.150483+00:00
Citizen Digital (via Google News),Campaigns end in Ol Kalou as Murkomen assures of tight security ahead of Thursday poll - Citizen Digital,"<a href=""https://news.google.com/rss/articles/CBMixAFBVV95cUxNZkowczQ3TWhYRFF2VjdkVmxvRWFJeHdMX2FsZW9CWFFYUWtSQzBDdHVxWkVzdTVGbHE5NkVkUUJmcldxSlJleS1Yd21FaUZiMFVweHpZbHJqYktWbFZwRkNDbXppRmcyZlhzYjhnVlZMR1FzVHRjZUJucnJqaG4xXzBTekJ5V25jcFpOZTEyX0RES3ZENVhVSEpiZWhVUGNkb2ZtQ2U0WGp3NWVEcVI4cllvYnNycnV5NE9uWlpYU2JmTkJu?oc=5"" target=""_blank"">Campaigns end in Ol Kalou as Murkomen assures of tight security ahead of Thursday poll</a>&nbsp;&nbsp;<font color=""#6f6f6f"">Citizen Digital</font>","Mon, 13 Jul 2026 22:30:05 GMT",https://news.google.com/rss/articles/CBMixAFBVV95cUxNZkowczQ3TWhYRFF2VjdkVmxvRWFJeHdMX2FsZW9CWFFYUWtSQzBDdHVxWkVzdTVGbHE5NkVkUUJmcldxSlJleS1Yd21FaUZiMFVweHpZbHJqYktWbFZwRkNDbXppRmcyZlhzYjhnVlZMR1FzVHRjZUJucnJqaG4xXzBTekJ5V25jcFpOZTEyX0RES3ZENVhVSEpiZWhVUGNkb2ZtQ2U0WGp3NWVEcVI4cllvYnNycnV5NE9uWlpYU2JmTkJu?oc=5,2026-07-20T08:51:23.150494+00:00
Citizen Digital (via Google News),Spain beat France 2-0 to reach World Cup final - Citizen Digital,"<a href=""https://news.google.com/rss/articles/CBMijwFBVV95cUxQWnRXcm9tYW5pMENob0RMcEt3aXhqM0EzQlFVYl9jb01WRDE3WGNxVmlQRlBUenRrUXBZYTNWM055NHMzVEhpVTVaUmZnOTZzQWJfVThCTW15YnBMNjBPMzlQVWNFbjZ0bFU4ckRJOVFGd0xia0V6TUk4TGhhblh0ajJkb2w5V2p0T0xIVHN3WQ?oc=5"" target=""_blank"">Spain beat France 2-0 to reach World Cup final</a>&nbsp;&nbsp;<font color=""#6f6f6f"">Citizen Digital</font>","Tue, 14 Jul 2026 21:58:56 GMT",https://news.google.com/rss/articles/CBMijwFBVV95cUxQWnRXcm9tYW5pMENob0RMcEt3aXhqM0EzQlFVYl9jb01WRDE3WGNxVmlQRlBUenRrUXBZYTNWM055NHMzVEhpVTVaUmZnOTZzQWJfVThCTW15YnBMNjBPMzlQVWNFbjZ0bFU4ckRJOVFGd0xia0V6TUk4TGhhblh0ajJkb2w5V2p0T0xIVHN3WQ?oc=5,2026-07-20T08:51:23.150504+00:00
Citizen Digital (via Google News),"DP Kindiki still most preferred Ruto running mate, Wanga and Oburu trail – Infotrak - Citizen Digital","<a href=""https://news.google.com/rss/articles/CBMivAFBVV95cUxQUlc1emw3QTB6MHhMOXNsdjhGenVreXJhMHRzUEhFSVlBU2RpWWRCNmM1VllBOUZreXdtSjRydjdtX0ZvR2g4N3hBMUtNb0NSNm9JRktFNUdMZmVUcDZRYmFUV0JsWmwyQm9CVUkyRnk4Uy1zOVdMUlBHa2lxRnpKOThnYVJTTDNWenFEdDlGVko1dmdtZjRPa0d1ZHZEOElkNDF6eXlHRkNYeXNRdW5lbDZKQ1BEdVVYSERSUw?oc=5"" target=""_blank"">DP Kindiki still most preferred Ruto running mate, Wanga and Oburu trail – Infotrak</a>&nbsp;&nbsp;<font color=""#6f6f6f"">Citizen Digital</font>","Tue, 14 Jul 2026 04:43:32 GMT",https://news.google.com/rss/articles/CBMivAFBVV95cUxQUlc1emw3QTB6MHhMOXNsdjhGenVreXJhMHRzUEhFSVlBU2RpWWRCNmM1VllBOUZreXdtSjRydjdtX0ZvR2g4N3hBMUtNb0NSNm9JRktFNUdMZmVUcDZRYmFUV0JsWmwyQm9CVUkyRnk4Uy1zOVdMUlBHa2lxRnpKOThnYVJTTDNWenFEdDlGVko1dmdtZjRPa0d1ZHZEOElkNDF6eXlHRkNYeXNRdW5lbDZKQ1BEdVVYSERSUw?oc=5,2026-07-20T08:51:23.150515+00:00
Citizen Digital (via Google News),Four officials who approved collapsed South C building charged with manslaughter - Citizen Digital,"<a href=""https://news.google.com/rss/articles/CBMivAFBVV95cUxPc2o5S3pHTmR0bkNlaWRDTURITHhVM2xicjlnS1lrWGFjMWpUSmpPT0J2MmZ0T0UtcHkyaENEazFILTVTNGl5aEd3NXRWSVpNczV0SFJmUXBwZlZSVTRlNl9jNlp1UGF0Z2oyckJBZ01CNW9vQzNCVDJQYU83dUpLX05RRjVDcGJhLVpDOENzZ3VOb1lxM3NRSGNYNzlUc2cwZTJDN3NMa3NnS2ZVdTZJR1lkU3VNTGxDbWFkbg?oc=5"" target=""_blank"">Four officials who approved collapsed South C building charged with manslaughter</a>&nbsp;&nbsp;<font color=""#6f6f6f"">Citizen Digital</font>","Tue, 14 Jul 2026 07:00:00 GMT",https://news.google.com/rss/articles/CBMivAFBVV95cUxPc2o5S3pHTmR0bkNlaWRDTURITHhVM2xicjlnS1lrWGFjMWpUSmpPT0J2MmZ0T0UtcHkyaENEazFILTVTNGl5aEd3NXRWSVpNczV0SFJmUXBwZlZSVTRlNl9jNlp1UGF0Z2oyckJBZ01CNW9vQzNCVDJQYU83dUpLX05RRjVDcGJhLVpDOENzZ3VOb1lxM3NRSGNYNzlUc2cwZTJDN3NMa3NnS2ZVdTZJR1lkU3VNTGxDbWFkbg?oc=5,2026-07-20T08:51:23.150525+00:00
Citizen Digital (via Google News),Trump backs down on levy on Hormuz ships - Citizen Digital,"<a href=""https://news.google.com/rss/articles/CBMihwFBVV95cUxQTG54cFMtMDFTWHZsRGo2RHgtbTMzSTNBcFo5X21fbnNjOWdRN2tOV0JlQnZDTjJROVNHV0hiWEFNemh5Vl9YR3BmNmFhTHVpOFNoVUc5SHFZOTRCZmhXaDhpTXB4NkN0UVFzUnJPdjhVMEFNaHlqaGotZGp6MXJ4OWZkdDg3WWM?oc=5"" target=""_blank"">Trump backs down on levy on Hormuz ships</a>&nbsp;&nbsp;<font color=""#6f6f6f"">Citizen Digital</font>","Wed, 15 Jul 2026 01:45:34 GMT",https://news.google.com/rss/articles/CBMihwFBVV95cUxQTG54cFMtMDFTWHZsRGo2RHgtbTMzSTNBcFo5X21fbnNjOWdRN2tOV0JlQnZDTjJROVNHV0hiWEFNemh5Vl9YR3BmNmFhTHVpOFNoVUc5SHFZOTRCZmhXaDhpTXB4NkN0UVFzUnJPdjhVMEFNaHlqaGotZGp6MXJ4OWZkdDg3WWM?oc=5,2026-07-20T08:51:23.150536+00:00
Citizen Digital (via Google News),Ol Kalou by-election: IEBC warns against unaccredited 'super agents' posing as politicians' security - Citizen Digital,"<a href=""https://news.google.com/rss/articles/CBMi0gFBVV95cUxQSTRFZWRobkFHYU1xRkd3SFhJWHJoU1pFWGpuR1hkOEpkUDg0UmRHdjRCenhsbExRTWtERWU5UWF3ZldORHFYUjZtaHBvYWh2cUZ1NWJHcEY4bjYwUmtJSUNZNVF6YUR3aDJTbG5vc1Rya2JqZHpCTjU4b3JrSnVDeGlUbzNPYUxCUEZiS1czNXNub2VST3ZVcW1Oa3d1S01MX2hEWmNfdExfVGwtV0pmbS0xSVVmZjdTVnF1WmRLVWh2NjRuUVFjN2g0ZU1FSV9qc1E?oc=5"" target=""_blank"">Ol Kalou by-election: IEBC warns against unaccredited 'super agents' posing as politicians' security</a>&nbsp;&nbsp;<font color=""#6f6f6f"">Citizen Digital</font>","Tue, 14 Jul 2026 07:00:00 GMT",https://news.google.com/rss/articles/CBMi0gFBVV95cUxQSTRFZWRobkFHYU1xRkd3SFhJWHJoU1pFWGpuR1hkOEpkUDg0UmRHdjRCenhsbExRTWtERWU5UWF3ZldORHFYUjZtaHBvYWh2cUZ1NWJHcEY4bjYwUmtJSUNZNVF6YUR3aDJTbG5vc1Rya2JqZHpCTjU4b3JrSnVDeGlUbzNPYUxCUEZiS1czNXNub2VST3ZVcW1Oa3d1S01MX2hEWmNfdExfVGwtV0pmbS0xSVVmZjdTVnF1WmRLVWh2NjRuUVFjN2g0ZU1FSV9qc1E?oc=5,2026-07-20T08:51:23.150546+00:00
Citizen Digital (via Google News),Governor Irungu Kangata’s driver shot during Linda Mwananchi tour - Citizen Digital,"<a href=""https://news.google.com/rss/articles/CBMipwFBVV95cUxQZkpncnMtUmotTURFM2xLY295Y0l2dzRnM21wbWticU9ObFN2T2lkMEJ5SWVxcjUzbDdkcHBhUzRBeGxBaE5HaFFRakxWWVd0dk9tVHJMZUltdzdFbVFrY1MyYVpUV0NZWDEyZHpPMjJTMUo2SWFZN0oyS0dyclllYXQ3eEJReGxWakxxdVhaT05EXzRzLUNwQnNLRkpXTmNqbVctS0lIZw?oc=5"" target=""_blank"">Governor Irungu Kangata’s driver shot during Linda Mwananchi tour</a>&nbsp;&nbsp;<font color=""#6f6f6f"">Citizen Digital</font>","Sun, 12 Jul 2026 15:31:38 GMT",https://news.google.com/rss/articles/CBMipwFBVV95cUxQZkpncnMtUmotTURFM2xLY295Y0l2dzRnM21wbWticU9ObFN2T2lkMEJ5SWVxcjUzbDdkcHBhUzRBeGxBaE5HaFFRakxWWVd0dk9tVHJMZUltdzdFbVFrY1MyYVpUV0NZWDEyZHpPMjJTMUo2SWFZN0oyS0dyclllYXQ3eEJReGxWakxxdVhaT05EXzRzLUNwQnNLRkpXTmNqbVctS0lIZw?oc=5,2026-07-20T08:51:23.150557+00:00
Citizen Digital (via Google News),Three killed in accident on Mbagathi Way in Nairobi - Citizen Digital,"<a href=""https://news.google.com/rss/articles/CBMilgFBVV95cUxNTjVoSEx4RkRvZnh5OU5CSDlwczgwR1VMSTAwOFVnMXJTMlE4Zll0Z2ZLMUZ3UFhvbFgtUXFEdzl4alFLYlpJbTVGMy1zRWVDR3V1QU1oOVphYlpFVkZmOWR4enpJNzVLcHRqSDJEVkFPLUZEdVBCVEphcXRUSzlqQnJWWjltZzN0dTYwREszdWJvamVJX1E?oc=5"" target=""_blank"">Three killed in accident on Mbagathi Way in Nairobi</a>&nbsp;&nbsp;<font color=""#6f6f6f"">Citizen Digital</font>","Sat, 11 Jul 2026 10:30:07 GMT",https://news.google.com/rss/articles/CBMilgFBVV95cUxNTjVoSEx4RkRvZnh5OU5CSDlwczgwR1VMSTAwOFVnMXJTMlE4Zll0Z2ZLMUZ3UFhvbFgtUXFEdzl4alFLYlpJbTVGMy1zRWVDR3V1QU1oOVphYlpFVkZmOWR4enpJNzVLcHRqSDJEVkFPLUZEdVBCVEphcXRUSzlqQnJWWjltZzN0dTYwREszdWJvamVJX1E?oc=5,2026-07-20T08:51:23.150567+00:00
Citizen Digital (via Google News),"Githurai Cheetahs, JKUAT Starlets win Kabaddi League titles as season two wraps up - Citizen Digital","<a href=""https://news.google.com/rss/articles/CBMivgFBVV95cUxQWG1Xc01QcDRoa1BmLVp3SzhXZGRjeHllWEctV3ZvbTVDSm1LWEJLT1RPaXRTcXl1XzdMdHlJNjFadGR0UXI3d1R5OEpVd3JXSVZoaUFYcERiOFN0QjlwTHh5OEREYm9XQkhQVTVnNjZzVUJlRnZuS1ZnUFJTaTVBcHhLcjZNdlkta3VSWm1SNENtM29zMUxNejdxVjBxZF9mZ2xPRGFLQ3ZPWHVxc0xfbWdUQ21QaGE2SXRSamh3?oc=5"" target=""_blank"">Githurai Cheetahs, JKUAT Starlets win Kabaddi League titles as season two wraps up</a>&nbsp;&nbsp;<font color=""#6f6f6f"">Citizen Digital</font>","Sun, 19 Jul 2026 15:40:49 GMT",https://news.google.com/rss/articles/CBMivgFBVV95cUxQWG1Xc01QcDRoa1BmLVp3SzhXZGRjeHllWEctV3ZvbTVDSm1LWEJLT1RPaXRTcXl1XzdMdHlJNjFadGR0UXI3d1R5OEpVd3JXSVZoaUFYcERiOFN0QjlwTHh5OEREYm9XQkhQVTVnNjZzVUJlRnZuS1ZnUFJTaTVBcHhLcjZNdlkta3VSWm1SNENtM29zMUxNejdxVjBxZF9mZ2xPRGFLQ3ZPWHVxc0xfbWdUQ21QaGE2SXRSamh3?oc=5,2026-07-20T08:51:23.150577+00:00
Citizen Digital (via Google News),UN experts say migrants abused at Tunisia-Libya border - Citizen Digital,"<a href=""https://news.google.com/rss/articles/CBMi1wFBVV95cUxPWFFuZWVjdG1qSzlNdDRTdnFNcjMzejd3NUp1eTlaLTNZN2k4dFM1UWVyX2tNZDgxUVdkREEzUTUwNFg2eUl0WnF5LUFQVDllNklvREUxVThmQ2pGbXhudzNYd3JLbnR6Z3NUNV9nOW1faUhpNDJzQTNkTzg1T3ZJc0JMZEtlTE1NQzF0VHFhZGlKdXBoRDdGQW5Bc1VHbG1KQl85clR6UzFUc0RSUnBRQzVwaXFud3dWNExNM2NaTW04eHRiX196ejBncm9JMkFzUTRDS2VNYw?oc=5"" target=""_blank"">UN experts say migrants abused at Tunisia-Libya border</a>&nbsp;&nbsp;<font color=""#6f6f6f"">Citizen Digital</font>","Thu, 16 Jul 2026 21:11:17 GMT",https://news.google.com/rss/articles/CBMi1wFBVV95cUxPWFFuZWVjdG1qSzlNdDRTdnFNcjMzejd3NUp1eTlaLTNZN2k4dFM1UWVyX2tNZDgxUVdkREEzUTUwNFg2eUl0WnF5LUFQVDllNklvREUxVThmQ2pGbXhudzNYd3JLbnR6Z3NUNV9nOW1faUhpNDJzQTNkTzg1T3ZJc0JMZEtlTE1NQzF0VHFhZGlKdXBoRDdGQW5Bc1VHbG1KQl85clR6UzFUc0RSUnBRQzVwaXFud3dWNExNM2NaTW04eHRiX196ejBncm9JMkFzUTRDS2VNYw?oc=5,2026-07-20T08:51:23.150588+00:00
Citizen Digital (via Google News),Iran announces execution of two anti-govt protesters - Citizen Digital,"<a href=""https://news.google.com/rss/articles/CBMilwFBVV95cUxNQzdCQk9pMml6ajN2dFJzWHgtRVlXRmRBZ2Q5RDF0NnlRRFdwOGJzaHdiN1dDQmNMdHg5bTRkUm1fLW5aRlB3TzFkLXNoVzNETWU2b3pVbFpTd0xvTEpUblJraEJrNldpLU1TR3JmOXoyR1RpUkJFaXVFMFZ0VFFXZmtiUWtEOEdwMVlTUG1TTlNlMy1uZEJF?oc=5"" target=""_blank"">Iran announces execution of two anti-govt protesters</a>&nbsp;&nbsp;<font color=""#6f6f6f"">Citizen Digital</font>","Sun, 19 Jul 2026 13:09:42 GMT",https://news.google.com/rss/articles/CBMilwFBVV95cUxNQzdCQk9pMml6ajN2dFJzWHgtRVlXRmRBZ2Q5RDF0NnlRRFdwOGJzaHdiN1dDQmNMdHg5bTRkUm1fLW5aRlB3TzFkLXNoVzNETWU2b3pVbFpTd0xvTEpUblJraEJrNldpLU1TR3JmOXoyR1RpUkJFaXVFMFZ0VFFXZmtiUWtEOEdwMVlTUG1TTlNlMy1uZEJF?oc=5,2026-07-20T08:51:23.150598+00:00
Citizen Digital (via Google News),Hungary's president to sign constitutional change removing him from office - Citizen Digital,"<a href=""https://news.google.com/rss/articles/CBMi1AFBVV95cUxPOU1jcHlPRFNJV01MeVVXRHU5b2VkYUhzOXl2dllCMDlEbXVwdTcwYXZOb3FxSnV1NkhKOWJwSmF3RjdRcHNrRWxaVUt1TXltaHZzRHdoMGRWRWdtYWRmQ0xGYkpGZnE5TjNrQlNEam94cWQ4d0dRSFVoU2JRdHE2UGRiYTZyYmJ5RldtZVdEWWZ1Y3M2V20zam5xb1lCeWQyRDMyWWc3LTZCd2FXZC14X184eENMY0twcEJkclg0RnE2NDdGVjhIWEtibnpsbjViSFdEbw?oc=5"" target=""_blank"">Hungary's president to sign constitutional change removing him from office</a>&nbsp;&nbsp;<font color=""#6f6f6f"">Citizen Digital</font>","Sat, 18 Jul 2026 21:52:36 GMT",https://news.google.com/rss/articles/CBMi1AFBVV95cUxPOU1jcHlPRFNJV01MeVVXRHU5b2VkYUhzOXl2dllCMDlEbXVwdTcwYXZOb3FxSnV1NkhKOWJwSmF3RjdRcHNrRWxaVUt1TXltaHZzRHdoMGRWRWdtYWRmQ0xGYkpGZnE5TjNrQlNEam94cWQ4d0dRSFVoU2JRdHE2UGRiYTZyYmJ5RldtZVdEWWZ1Y3M2V20zam5xb1lCeWQyRDMyWWc3LTZCd2FXZC14X184eENMY0twcEJkclg0RnE2NDdGVjhIWEtibnpsbjViSFdEbw?oc=5,2026-07-20T08:51:23.150609+00:00
Citizen Digital (via Google News),"Lebanon, Israel conclude two days of 'positive' talks: US official - Citizen Digital","<a href=""https://news.google.com/rss/articles/CBMipAFBVV95cUxPSWIwWDVqV3htbm1CWENFLW1jVDZ6M1FqOFJaX2pTdGNHSWZFSldfQm1tWjAwZVFqR3U5SDB0WmV0WnByYW9OOEpObmIwRGVfVEh6QzRWdExTQTU1MWdZMEx6aW5wYXFhakFtd1FGbmtlSmNrOFlId2lNM0E3OFBSaWRBWDkxV3F1d2tqZDNkX0NfQ1dKbjN4YTFpVEVxWkxNbEw4Xw?oc=5"" target=""_blank"">Lebanon, Israel conclude two days of 'positive' talks: US official</a>&nbsp;&nbsp;<font color=""#6f6f6f"">Citizen Digital</font>","Thu, 16 Jul 2026 00:04:32 GMT",https://news.google.com/rss/articles/CBMipAFBVV95cUxPSWIwWDVqV3htbm1CWENFLW1jVDZ6M1FqOFJaX2pTdGNHSWZFSldfQm1tWjAwZVFqR3U5SDB0WmV0WnByYW9OOEpObmIwRGVfVEh6QzRWdExTQTU1MWdZMEx6aW5wYXFhakFtd1FGbmtlSmNrOFlId2lNM0E3OFBSaWRBWDkxV3F1d2tqZDNkX0NfQ1dKbjN4YTFpVEVxWkxNbEw4Xw?oc=5,2026-07-20T08:51:23.150619+00:00
Citizen Digital (via Google News),"Actor Sam Neill died of pneumonia, says agent - Citizen Digital","<a href=""https://news.google.com/rss/articles/CBMiigFBVV95cUxNV2Q5dnVrMFBPRzFjRG9OQXZNMGJtSjBucVFJWWpTSUZheDhZMHc4NlVVNzhYNXdzYUlzY3l2bTQyTFI1QU5ub01tRWtSYzg2SUg4WXRXYVBpZHpvUGpGSmJfMTFhVnhFd3plelh6ckg4X2pJMHo4S1dPR3lQT09KekltVGxEZmZ4YXc?oc=5"" target=""_blank"">Actor Sam Neill died of pneumonia, says agent</a>&nbsp;&nbsp;<font color=""#6f6f6f"">Citizen Digital</font>","Thu, 16 Jul 2026 05:12:41 GMT",https://news.google.com/rss/articles/CBMiigFBVV95cUxNV2Q5dnVrMFBPRzFjRG9OQXZNMGJtSjBucVFJWWpTSUZheDhZMHc4NlVVNzhYNXdzYUlzY3l2bTQyTFI1QU5ub01tRWtSYzg2SUg4WXRXYVBpZHpvUGpGSmJfMTFhVnhFd3plelh6ckg4X2pJMHo4S1dPR3lQT09KekltVGxEZmZ4YXc?oc=5,2026-07-20T08:51:23.150629+00:00
Citizen Digital (via Google News),Trump's fiery China allegations may threaten superpower truce - Citizen Digital,"<a href=""https://news.google.com/rss/articles/CBMiogFBVV95cUxOUG16MnlQWnl5X2ZfeC1uV0NLb25GcE5INjd2NWZzTDhsVnU4QW53X0pVRWwzLU42N1VJMHVKTFpTcno4eUtXRUl1U3AxVGhSVkMtX0h3Yi1PTFR1akRudXZLRF9Tc0VKYS1pczlqVm9HZnZmS2VaSUVGamgtc2UxQXVKcmxMb3VSS3NLUkpBY0dadjNjV19DeTJSYk1jRWZ2M3c?oc=5"" target=""_blank"">Trump's fiery China allegations may threaten superpower truce</a>&nbsp;&nbsp;<font color=""#6f6f6f"">Citizen Digital</font>","Fri, 17 Jul 2026 22:37:43 GMT",https://news.google.com/rss/articles/CBMiogFBVV95cUxOUG16MnlQWnl5X2ZfeC1uV0NLb25GcE5INjd2NWZzTDhsVnU4QW53X0pVRWwzLU42N1VJMHVKTFpTcno4eUtXRUl1U3AxVGhSVkMtX0h3Yi1PTFR1akRudXZLRF9Tc0VKYS1pczlqVm9HZnZmS2VaSUVGamgtc2UxQXVKcmxMb3VSS3NLUkpBY0dadjNjV19DeTJSYk1jRWZ2M3c?oc=5,2026-07-20T08:51:23.150639+00:00
Citizen Digital (via Google News),Writers union sues to block US Paramount deal - Citizen Digital,"<a href=""https://news.google.com/rss/articles/CBMijgFBVV95cUxNSVpvYnZ3b1pxVjdmcnkyeFkxLU5JWmRNVGNoYzhtdHk1WlJtUWlwY3JxQ3JWM1ViQkVnNllSdnpUUDFNa2dsY2VJNU1XWTNNUk1odEVNaW51N21vZEhWM2VGX1NZUWFkaGFIcFl5bDd3WVJ6WkxYVzA4dEtiMTZQdS05MXFvNUFJWlZiX2Rn?oc=5"" target=""_blank"">Writers union sues to block US Paramount deal</a>&nbsp;&nbsp;<font color=""#6f6f6f"">Citizen Digital</font>","Wed, 15 Jul 2026 05:18:39 GMT",https://news.google.com/rss/articles/CBMijgFBVV95cUxNSVpvYnZ3b1pxVjdmcnkyeFkxLU5JWmRNVGNoYzhtdHk1WlJtUWlwY3JxQ3JWM1ViQkVnNllSdnpUUDFNa2dsY2VJNU1XWTNNUk1odEVNaW51N21vZEhWM2VGX1NZUWFkaGFIcFl5bDd3WVJ6WkxYVzA4dEtiMTZQdS05MXFvNUFJWlZiX2Rn?oc=5,2026-07-20T08:51:23.150649+00:00
Citizen Digital (via Google News),First batch of Kenyan athletes depart for Commonwealth Games - Citizen Digital,"<a href=""https://news.google.com/rss/articles/CBMiogFBVV95cUxQa0dDMjlrNkNqSXVseGloNy1uTUVrUElaZVUwdmIyT0RwOFpoVjdpXzRhbmo3VHJ4bUloUzhIYnJyYUZWaVBEVmd3X3F1YWhLdHJwbUVXSEo0T0VSdk4zVG9lTkREdjI4cl9QSDc4V1VaNkt2ZWFGTGNrdFdxOXRnb2Z1Rkp6R2d3YXJVb1R5cV9UNDd5Vlg3d1lsVm8yLWZHSEE?oc=5"" target=""_blank"">First batch of Kenyan athletes depart for Commonwealth Games</a>&nbsp;&nbsp;<font color=""#6f6f6f"">Citizen Digital</font>","Thu, 16 Jul 2026 08:15:49 GMT",https://news.google.com/rss/articles/CBMiogFBVV95cUxQa0dDMjlrNkNqSXVseGloNy1uTUVrUElaZVUwdmIyT0RwOFpoVjdpXzRhbmo3VHJ4bUloUzhIYnJyYUZWaVBEVmd3X3F1YWhLdHJwbUVXSEo0T0VSdk4zVG9lTkREdjI4cl9QSDc4V1VaNkt2ZWFGTGNrdFdxOXRnb2Z1Rkp6R2d3YXJVb1R5cV9UNDd5Vlg3d1lsVm8yLWZHSEE?oc=5,2026-07-20T08:51:23.150659+00:00
Citizen Digital (via Google News),Spain and Argentina brace for World Cup final - Citizen Digital,"<a href=""https://news.google.com/rss/articles/CBMijgFBVV95cUxOSDVRQTZjc1lkQkg2SGZRRjJyelI3alIwR1JJTmJOeXJYZVRrZHdPSHYzQW5HWGNNM2hGV0N1QmgzamlsYjNvNFdtQXRWV0N1dmhCX2Z0ZS1pTmhuS1NRNlc2Q0ViSVhsSFpxblh0TXR5SExTVE8yckRSWDJZZUhvbzZVZ0J6c0dUdHlGUVBn?oc=5"" target=""_blank"">Spain and Argentina brace for World Cup final</a>&nbsp;&nbsp;<font color=""#6f6f6f"">Citizen Digital</font>","Sun, 19 Jul 2026 09:09:47 GMT",https://news.google.com/rss/articles/CBMijgFBVV95cUxOSDVRQTZjc1lkQkg2SGZRRjJyelI3alIwR1JJTmJOeXJYZVRrZHdPSHYzQW5HWGNNM2hGV0N1QmgzamlsYjNvNFdtQXRWV0N1dmhCX2Z0ZS1pTmhuS1NRNlc2Q0ViSVhsSFpxblh0TXR5SExTVE8yckRSWDJZZUhvbzZVZ0J6c0dUdHlGUVBn?oc=5,2026-07-20T08:51:23.150669+00:00
Citizen Digital (via Google News),Departing Deschamps looks back on 'wonderful' World Cup - Citizen Digital,"<a href=""https://news.google.com/rss/articles/CBMimAFBVV95cUxNUWxpbkJPNXdPWWVwdkIwZTR3bkhUTE9HZ05qVlRQYUczY00xY2N6TXNsb2dKZkI0VFNYZUkwOGE3ZlotQTVudFJYeUVRUjhocjNFQ0JBVzI1WHFDQlFBQnRNMlMtRGZBUXBpODdNa3RvQldNRFk1QTNVbGlQRGdXa1dFVGxUU092dGZfT2E2TlhyNGtJNEo0cw?oc=5"" target=""_blank"">Departing Deschamps looks back on 'wonderful' World Cup</a>&nbsp;&nbsp;<font color=""#6f6f6f"">Citizen Digital</font>","Sun, 19 Jul 2026 07:19:44 GMT",https://news.google.com/rss/articles/CBMimAFBVV95cUxNUWxpbkJPNXdPWWVwdkIwZTR3bkhUTE9HZ05qVlRQYUczY00xY2N6TXNsb2dKZkI0VFNYZUkwOGE3ZlotQTVudFJYeUVRUjhocjNFQ0JBVzI1WHFDQlFBQnRNMlMtRGZBUXBpODdNa3RvQldNRFk1QTNVbGlQRGdXa1dFVGxUU092dGZfT2E2TlhyNGtJNEo0cw?oc=5,2026-07-20T08:51:23.150680+00:00
Citizen Digital (via Google News),LSK announces nationwide court boycott over justice system concerns - Citizen Digital,"<a href=""https://news.google.com/rss/articles/CBMiqwFBVV95cUxPcjIwd0tTajZDRlBaMFNZSUw5T0h4NWthZExYTW02b2VsV1RFbmdNR2hYWFlqbGFsM0E4dVJ0d01NU2psNk5BZ2pXVzhOZmMxS1I5dHFfeXBtN3lJLTU5X0lNSFZHb0NTOGU0YVcyTjRuZTNIb0xwdUUyQklnNUtJRE5hT0dJeW56Ml9aQ1FqLXpKTUZwY3Q1b3pRNEtSZHpreFFCeTdtdmh2VlE?oc=5"" target=""_blank"">LSK announces nationwide court boycott over justice system concerns</a>&nbsp;&nbsp;<font color=""#6f6f6f"">Citizen Digital</font>","Sat, 18 Jul 2026 13:15:11 GMT",https://news.google.com/rss/articles/CBMiqwFBVV95cUxPcjIwd0tTajZDRlBaMFNZSUw5T0h4NWthZExYTW02b2VsV1RFbmdNR2hYWFlqbGFsM0E4dVJ0d01NU2psNk5BZ2pXVzhOZmMxS1I5dHFfeXBtN3lJLTU5X0lNSFZHb0NTOGU0YVcyTjRuZTNIb0xwdUUyQklnNUtJRE5hT0dJeW56Ml9aQ1FqLXpKTUZwY3Q1b3pRNEtSZHpreFFCeTdtdmh2VlE?oc=5,2026-07-20T08:51:23.150690+00:00
Citizen Digital (via Google News),"Record seekers Hodgkinson and Kerr in London action alongside Wanyonyi, Duplantis - Citizen Digital","<a href=""https://news.google.com/rss/articles/CBMivAFBVV95cUxPam9ucGRhU0kyY2pQRzVjcTFPZlB1d2pvZVg3SEZsTm80RmR3aTgzRm93WkZLeWxZM29WZFlFM1lrN3FQYzFhOVlhUjBWc3M2bXV2WklUNkQyR1B3YVVDTWFyYTJSZXRkVmc1S0hhTlZPY0xuOE1VWlNoUy1kaG1fSFNvekpCRFRURlhJMEcxODlvV2lyaVJtNmR0dVdfSjc0ZXkzem05Q1YwUTh3eDg1cGQzdi1HTTItZ1JWVQ?oc=5"" target=""_blank"">Record seekers Hodgkinson and Kerr in London action alongside Wanyonyi, Duplantis</a>&nbsp;&nbsp;<font color=""#6f6f6f"">Citizen Digital</font>","Fri, 17 Jul 2026 05:21:46 GMT",https://news.google.com/rss/articles/CBMivAFBVV95cUxPam9ucGRhU0kyY2pQRzVjcTFPZlB1d2pvZVg3SEZsTm80RmR3aTgzRm93WkZLeWxZM29WZFlFM1lrN3FQYzFhOVlhUjBWc3M2bXV2WklUNkQyR1B3YVVDTWFyYTJSZXRkVmc1S0hhTlZPY0xuOE1VWlNoUy1kaG1fSFNvekpCRFRURlhJMEcxODlvV2lyaVJtNmR0dVdfSjc0ZXkzem05Q1YwUTh3eDg1cGQzdi1HTTItZ1JWVQ?oc=5,2026-07-20T08:51:23.150708+00:00
Citizen Digital (via Google News),Spain's Yamal aims to join elite club of teenage World Cup winners - Citizen Digital,"<a href=""https://news.google.com/rss/articles/CBMiqAFBVV95cUxPc2ZtWmlHZ2pvdXF3bzkyWUNEQUJGX3VJZHNQUW51dW9GY1QxQVljZ2tUZ2tQa24wVEtTZHlYSHNXNEZJOENHRGxzX2U1Sm1UZndmWEhnYW9pR21vYUFlM3lYeDBmSnRZMG9kNzZnVExsbWdSR2tXSDhxSy1zOWhwb2NfZFUyeW9PZkh5VmZHOXVRdHNYMHp6QVE3dGpsd25kek5UaXhONU4?oc=5"" target=""_blank"">Spain's Yamal aims to join elite club of teenage World Cup winners</a>&nbsp;&nbsp;<font color=""#6f6f6f"">Citizen Digital</font>","Sun, 19 Jul 2026 07:29:30 GMT",https://news.google.com/rss/articles/CBMiqAFBVV95cUxPc2ZtWmlHZ2pvdXF3bzkyWUNEQUJGX3VJZHNQUW51dW9GY1QxQVljZ2tUZ2tQa24wVEtTZHlYSHNXNEZJOENHRGxzX2U1Sm1UZndmWEhnYW9pR21vYUFlM3lYeDBmSnRZMG9kNzZnVExsbWdSR2tXSDhxSy1zOWhwb2NfZFUyeW9PZkh5VmZHOXVRdHNYMHp6QVE3dGpsd25kek5UaXhONU4?oc=5,2026-07-20T08:51:23.150719+00:00
Citizen Digital (via Google News),Wakhu wins fifth leg of the PGK Equator Tour in Ruiru - Citizen Digital,"<a href=""https://news.google.com/rss/articles/CBMimAFBVV95cUxOWEhWTnBJYkI0RllGRTBsbVk4b2g3ZUIxNHBJbldyODV3Y3diTFdDQVF0Qm5LOHJYWDZ4SzhqZDg2V3dJR285MVpQTUxaZkxpT205VHhqX3Z6TGNwMS1lSVU3X1lIYVNUd05wYTNVQjk3VEkyUW1nYlN6cnZ5bHVwQWJ3QmVzbmV6UzY1VFlCMk53ODYyTHQ4Xw?oc=5"" target=""_blank"">Wakhu wins fifth leg of the PGK Equator Tour in Ruiru</a>&nbsp;&nbsp;<font color=""#6f6f6f"">Citizen Digital</font>","Sun, 19 Jul 2026 17:41:53 GMT",https://news.google.com/rss/articles/CBMimAFBVV95cUxOWEhWTnBJYkI0RllGRTBsbVk4b2g3ZUIxNHBJbldyODV3Y3diTFdDQVF0Qm5LOHJYWDZ4SzhqZDg2V3dJR285MVpQTUxaZkxpT205VHhqX3Z6TGNwMS1lSVU3X1lIYVNUd05wYTNVQjk3VEkyUW1nYlN6cnZ5bHVwQWJ3QmVzbmV6UzY1VFlCMk53ODYyTHQ4Xw?oc=5,2026-07-20T08:51:23.150729+00:00
Citizen Digital (via Google News),Strategic pivot that could redefine Kenyan football - Citizen Digital,"<a href=""https://news.google.com/rss/articles/CBMilgFBVV95cUxQVV9OTkEwaDRaOEE1OWdyVjFlbzcxcTFEdjVPblRDc3Q4YjZVcUF2aVlxSzhfaTRlcVUzUnFnblN1bEp0UlE2a1ZONU11QTl2NWhoa0NBR2hZbk5oRHA1eFhsUlNDa3V3RWdOSG41YTNPdy1BSHlmMjhZbW0wUy11TnVXWHVvbXpVd3A1TUw5NDZUeHo2d3c?oc=5"" target=""_blank"">Strategic pivot that could redefine Kenyan football</a>&nbsp;&nbsp;<font color=""#6f6f6f"">Citizen Digital</font>","Sat, 18 Jul 2026 18:18:13 GMT",https://news.google.com/rss/articles/CBMilgFBVV95cUxQVV9OTkEwaDRaOEE1OWdyVjFlbzcxcTFEdjVPblRDc3Q4YjZVcUF2aVlxSzhfaTRlcVUzUnFnblN1bEp0UlE2a1ZONU11QTl2NWhoa0NBR2hZbk5oRHA1eFhsUlNDa3V3RWdOSG41YTNPdy1BSHlmMjhZbW0wUy11TnVXWHVvbXpVd3A1TUw5NDZUeHo2d3c?oc=5,2026-07-20T08:51:23.150741+00:00
Citizen Digital (via Google News),World Cup trophy to arrive in style in bespoke Louis Vuitton trunk - Citizen Digital,"<a href=""https://news.google.com/rss/articles/CBMiqgFBVV95cUxOUU00TlpSQXM0WmwxbXBHSGNRY3g4bDlGN2dOR3llUHhKSE9QbzdISHVXaDd1THRWWU1USi02SjdIaVhyTFYteUVjeWNEcjF4WS1vOUhsX3VIbWFjekVad2dFeUpqRUtvdlpLOFd3a0FERXlyN3VFbjJhdW95Q2ZQUnlzYno3a0lYX3dNTWhvbUVBRHhKZ2ZROGo3UW1TdVp1dzRfeEdjTmhZUQ?oc=5"" target=""_blank"">World Cup trophy to arrive in style in bespoke Louis Vuitton trunk</a>&nbsp;&nbsp;<font color=""#6f6f6f"">Citizen Digital</font>","Fri, 17 Jul 2026 07:06:56 GMT",https://news.google.com/rss/articles/CBMiqgFBVV95cUxOUU00TlpSQXM0WmwxbXBHSGNRY3g4bDlGN2dOR3llUHhKSE9QbzdISHVXaDd1THRWWU1USi02SjdIaVhyTFYteUVjeWNEcjF4WS1vOUhsX3VIbWFjekVad2dFeUpqRUtvdlpLOFd3a0FERXlyN3VFbjJhdW95Q2ZQUnlzYno3a0lYX3dNTWhvbUVBRHhKZ2ZROGo3UW1TdVp1dzRfeEdjTmhZUQ?oc=5,2026-07-20T08:51:23.150751+00:00
Citizen Digital (via Google News),Israel warns will respond to any Iran attack with 'full force' - Citizen Digital,"<a href=""https://news.google.com/rss/articles/CBMiogFBVV95cUxOLUYyYWtmVEg1c1NsZU1tTGVVUnV5dy11c2hudkdGNkptTC1od1BNN1lJV2RjR1Z4TnlXVHByV183YXlyNThTLWx5NXpnSjlmSFMyNVdJdFZaM1lqdlRjazhZdEtzMXYzcjM4TDdtOUVQZW1TcnJIUmVOeDhXdFdGOWQ1WXo5aGpLRzhmSVQ3Qi1VM0Y4dnNhY3g0c0owaVpxSnc?oc=5"" target=""_blank"">Israel warns will respond to any Iran attack with 'full force'</a>&nbsp;&nbsp;<font color=""#6f6f6f"">Citizen Digital</font>","Sun, 19 Jul 2026 19:14:20 GMT",https://news.google.com/rss/articles/CBMiogFBVV95cUxOLUYyYWtmVEg1c1NsZU1tTGVVUnV5dy11c2hudkdGNkptTC1od1BNN1lJV2RjR1Z4TnlXVHByV183YXlyNThTLWx5NXpnSjlmSFMyNVdJdFZaM1lqdlRjazhZdEtzMXYzcjM4TDdtOUVQZW1TcnJIUmVOeDhXdFdGOWQ1WXo5aGpLRzhmSVQ3Qi1VM0Y4dnNhY3g0c0owaVpxSnc?oc=5,2026-07-20T08:51:23.150761+00:00
Citizen Digital (via Google News),"Prisons, KPA take control of volleyball league finals - Citizen Digital","<a href=""https://news.google.com/rss/articles/CBMilwFBVV95cUxNSFlKOGZDbGxrdVZtZkthVkJWUVMyTDlINHFTU3BoeHc5cV9YaUp1WVhfcllMUDBJNUtqR1lMVlZoSGRjdFNVazU2V1c4Q2JrbmZOM21NbnRRbUcyTE5iQmZsQVVRYmhBdlpUSlBXUWtpSmZfOXVSQ0Z6dm94d3g4Y2ZrdzBMNS1PUm9ycnV2UTFXYnpTajdv?oc=5"" target=""_blank"">Prisons, KPA take control of volleyball league finals</a>&nbsp;&nbsp;<font color=""#6f6f6f"">Citizen Digital</font>","Fri, 17 Jul 2026 18:26:33 GMT",https://news.google.com/rss/articles/CBMilwFBVV95cUxNSFlKOGZDbGxrdVZtZkthVkJWUVMyTDlINHFTU3BoeHc5cV9YaUp1WVhfcllMUDBJNUtqR1lMVlZoSGRjdFNVazU2V1c4Q2JrbmZOM21NbnRRbUcyTE5iQmZsQVVRYmhBdlpUSlBXUWtpSmZfOXVSQ0Z6dm94d3g4Y2ZrdzBMNS1PUm9ycnV2UTFXYnpTajdv?oc=5,2026-07-20T08:51:23.150771+00:00
Citizen Digital (via Google News),Tackling Messi 'huge challenge' for Spain: Merino - Citizen Digital,"<a href=""https://news.google.com/rss/articles/CBMijwFBVV95cUxPay13WlBNUzBLTlRpXzI0dktwWXNDN1Iwdm96TXhCUmp2S3k0RXp5c0RNblZaV19MTndGYVI4VXE1cTdDaVQxQnRldXhjT1p5TEdNYy0tTzdRWUxRMDBNQUxwUUczVlgtNzA1a0lGNzRXcnRBWTBUWF9acnRCMlFLN2JHYnR2LUZUTmlpTDBOZw?oc=5"" target=""_blank"">Tackling Messi 'huge challenge' for Spain: Merino</a>&nbsp;&nbsp;<font color=""#6f6f6f"">Citizen Digital</font>","Fri, 17 Jul 2026 19:59:22 GMT",https://news.google.com/rss/articles/CBMijwFBVV95cUxPay13WlBNUzBLTlRpXzI0dktwWXNDN1Iwdm96TXhCUmp2S3k0RXp5c0RNblZaV19MTndGYVI4VXE1cTdDaVQxQnRldXhjT1p5TEdNYy0tTzdRWUxRMDBNQUxwUUczVlgtNzA1a0lGNzRXcnRBWTBUWF9acnRCMlFLN2JHYnR2LUZUTmlpTDBOZw?oc=5,2026-07-20T08:51:23.150782+00:00
Citizen Digital (via Google News),Global clean energy firm targets Kenya’s untapped solar market - Citizen Digital,"<a href=""https://news.google.com/rss/articles/CBMiowFBVV95cUxQc01jS213Vi03dzVjWGlkVGdVRUpoaHZzVzk3NFk2b2wtdWRjb2t5SHBvc25IRWtDRWFSOURvQTY0ZXlzU1N6MndZWjc2LUlIemdZajlZVjV6US1WejRZRHBCTURmTVFnRDZQblhpSDNFUUVJekFVbG10cVBpakppM3lkVEhwcVI1TWNYbHBUd29SSWhZaG1qaWk5M2ZBa3VqMUgw?oc=5"" target=""_blank"">Global clean energy firm targets Kenya’s untapped solar market</a>&nbsp;&nbsp;<font color=""#6f6f6f"">Citizen Digital</font>","Sat, 18 Jul 2026 10:40:02 GMT",https://news.google.com/rss/articles/CBMiowFBVV95cUxQc01jS213Vi03dzVjWGlkVGdVRUpoaHZzVzk3NFk2b2wtdWRjb2t5SHBvc25IRWtDRWFSOURvQTY0ZXlzU1N6MndZWjc2LUlIemdZajlZVjV6US1WejRZRHBCTURmTVFnRDZQblhpSDNFUUVJekFVbG10cVBpakppM3lkVEhwcVI1TWNYbHBUd29SSWhZaG1qaWk5M2ZBa3VqMUgw?oc=5,2026-07-20T08:51:23.150792+00:00
Citizen Digital (via Google News),Greasy Tunes: Inside the Spotify showcase that brought Kenyan music and fashion together - Citizen Digital,"<a href=""https://news.google.com/rss/articles/CBMixgFBVV95cUxNb1hkVlAwYWE1eFhQZ09oNFlueFB4SDJ1N254SU5mNkVFUkFhY3Z6NGEtWGxRamtYNV9WS2V6cVh1QU1OVkZIOG1Qc2QwR2ZoYnZSOGtPc0dmaHNHNEZ2S2stczZaMlBLVmswRUlRbkQ4QjR4RUNZSDY4OGZweGl4anpvNmM4bjF2MWdWaUdvOHV3Q3RqWGpxZGcyd0dRek4zbzJSZjBXd2JFTjV0WDNmSzJvZmhuOFc2RzFtaUpyWWFBOHFZWWc?oc=5"" target=""_blank"">Greasy Tunes: Inside the Spotify showcase that brought Kenyan music and fashion together</a>&nbsp;&nbsp;<font color=""#6f6f6f"">Citizen Digital</font>","Sat, 18 Jul 2026 12:29:37 GMT",https://news.google.com/rss/articles/CBMixgFBVV95cUxNb1hkVlAwYWE1eFhQZ09oNFlueFB4SDJ1N254SU5mNkVFUkFhY3Z6NGEtWGxRamtYNV9WS2V6cVh1QU1OVkZIOG1Qc2QwR2ZoYnZSOGtPc0dmaHNHNEZ2S2stczZaMlBLVmswRUlRbkQ4QjR4RUNZSDY4OGZweGl4anpvNmM4bjF2MWdWaUdvOHV3Q3RqWGpxZGcyd0dRek4zbzJSZjBXd2JFTjV0WDNmSzJvZmhuOFc2RzFtaUpyWWFBOHFZWWc?oc=5,2026-07-20T08:51:23.150802+00:00
Citizen Digital (via Google News),European Union wants bigger banks to rival US lenders - Citizen Digital,"<a href=""https://news.google.com/rss/articles/CBMimAFBVV95cUxPb3AydDlzR2lNU3JPX2JGRWUzX3FtcjAtaHpyUzg5elgtT2tVMWdwRkJxekZ0OEYxNXgwd3FyeTNNWHYzREpIak14NG9sSWFKSWlnTmxpNEJta01BaC1VSTJ1Yl9FRTJfS3lHa05RSG9PeU5JV29EWHVhWUQ3Z1ZoXzBEcHRUYkpfYTh6YzBBS2diRkNXNEtleA?oc=5"" target=""_blank"">European Union wants bigger banks to rival US lenders</a>&nbsp;&nbsp;<font color=""#6f6f6f"">Citizen Digital</font>","Fri, 17 Jul 2026 19:11:18 GMT",https://news.google.com/rss/articles/CBMimAFBVV95cUxPb3AydDlzR2lNU3JPX2JGRWUzX3FtcjAtaHpyUzg5elgtT2tVMWdwRkJxekZ0OEYxNXgwd3FyeTNNWHYzREpIak14NG9sSWFKSWlnTmxpNEJta01BaC1VSTJ1Yl9FRTJfS3lHa05RSG9PeU5JV29EWHVhWUQ3Z1ZoXzBEcHRUYkpfYTh6YzBBS2diRkNXNEtleA?oc=5,2026-07-20T08:51:23.150812+00:00
Citizen Digital (via Google News),"Gov't expands Ardhisasa rollout in Mombasa, moves more land transactions online - Citizen Digital","<a href=""https://news.google.com/rss/articles/CBMiuAFBVV95cUxPWkp4VHMzNzBwRFdDbnE2NnRwZUF0YXN0cG01SzJWSUxUalBOYWJiYmNLRENlZm9GbXp5N1RfUzNfdnpST3ZLanlhQjRTcGFFaUxFSDEwdVhra1FZRThwMTJvZzBHZWVoakhkZlgxejk0Smt2cW8tX2t3Q1N2aHNPdTIxVTBDU1NIaE0wd3BPdlhKaTFNSkV2UkhGUVoybFBGYmpJSFpJckZVUlJ3RGVPYzYxa2czMFh3?oc=5"" target=""_blank"">Gov't expands Ardhisasa rollout in Mombasa, moves more land transactions online</a>&nbsp;&nbsp;<font color=""#6f6f6f"">Citizen Digital</font>","Sat, 18 Jul 2026 13:39:43 GMT",https://news.google.com/rss/articles/CBMiuAFBVV95cUxPWkp4VHMzNzBwRFdDbnE2NnRwZUF0YXN0cG01SzJWSUxUalBOYWJiYmNLRENlZm9GbXp5N1RfUzNfdnpST3ZLanlhQjRTcGFFaUxFSDEwdVhra1FZRThwMTJvZzBHZWVoakhkZlgxejk0Smt2cW8tX2t3Q1N2aHNPdTIxVTBDU1NIaE0wd3BPdlhKaTFNSkV2UkhGUVoybFBGYmpJSFpJckZVUlJ3RGVPYzYxa2czMFh3?oc=5,2026-07-20T08:51:23.150823+00:00
Citizen Digital (via Google News),Pocket-size AI: Powerful phones star at China show - Citizen Digital,"<a href=""https://news.google.com/rss/articles/CBMikwFBVV95cUxPaU1TY2hfN2tuNk9tbEpVRERWcks0NlBYMDN4T2pJZ1N6Z0FsUklvUThuLXp4QXl0bm9lNFV1QlBoa3pwTDU4WVhzUXRfS09CS1BZYThSMzdrZGhZSHFjb3hsOVZ0ZlVJZFI5dlZTTDhWOFBDNEZqRnJYTTlUSVIyVUFiTElTOG1ZRThLWkV6YU1SaDA?oc=5"" target=""_blank"">Pocket-size AI: Powerful phones star at China show</a>&nbsp;&nbsp;<font color=""#6f6f6f"">Citizen Digital</font>","Sun, 19 Jul 2026 06:24:11 GMT",https://news.google.com/rss/articles/CBMikwFBVV95cUxPaU1TY2hfN2tuNk9tbEpVRERWcks0NlBYMDN4T2pJZ1N6Z0FsUklvUThuLXp4QXl0bm9lNFV1QlBoa3pwTDU4WVhzUXRfS09CS1BZYThSMzdrZGhZSHFjb3hsOVZ0ZlVJZFI5dlZTTDhWOFBDNEZqRnJYTTlUSVIyVUFiTElTOG1ZRThLWkV6YU1SaDA?oc=5,2026-07-20T08:51:23.150833+00:00
Citizen Digital (via Google News),From swamps to rice fields: Homa Bay farmers reap from revived farm - Citizen Digital,"<a href=""https://news.google.com/rss/articles/CBMiqgFBVV95cUxNbkJLelgzX3NNeWVqRW1NR1BHWjllQUdXSGJJWi02clNVYmwzMVpzOXJCMnJzQnVaTk1lTW01dm9CSWRLdGxwa3FLWnExaWNMSVJaTGROV1UybVh5ZmJMa1VLbnBZbE1HYzU4QnNvQ3FtVGpxWGpGMXMtN2VVM1pDXzlRX05KeHRrWU9kUS1iNkpyYzktVHBxcC1xSTl4YndqcDVnbDREWHJEQQ?oc=5"" target=""_blank"">From swamps to rice fields: Homa Bay farmers reap from revived farm</a>&nbsp;&nbsp;<font color=""#6f6f6f"">Citizen Digital</font>","Sun, 19 Jul 2026 18:40:18 GMT",https://news.google.com/rss/articles/CBMiqgFBVV95cUxNbkJLelgzX3NNeWVqRW1NR1BHWjllQUdXSGJJWi02clNVYmwzMVpzOXJCMnJzQnVaTk1lTW01dm9CSWRLdGxwa3FLWnExaWNMSVJaTGROV1UybVh5ZmJMa1VLbnBZbE1HYzU4QnNvQ3FtVGpxWGpGMXMtN2VVM1pDXzlRX05KeHRrWU9kUS1iNkpyYzktVHBxcC1xSTl4YndqcDVnbDREWHJEQQ?oc=5,2026-07-20T08:51:23.150843+00:00
Citizen Digital (via Google News),Calm Antonelli takes sixth win of the season with victory at Belgian GP - Citizen Digital,"<a href=""https://news.google.com/rss/articles/CBMisAFBVV95cUxPN1Q2MUJERXpRN1gya044VXdiemYxZlJCcG9yMlNrUGN1YmQ4eFZMME13UlNfNnoyMXBVTUJoNEptUkE3cDcySmgySkJaTTlzVVVTY3lCcEdyUGdtWnFiNXdGZWxrU2VWVC1XZThTWXlRYWJlbzZCQTNWVEExR0E1NmNCRUE3dG5iV21NMzIyMVV4TVMzcV9BaGhfcC0yN3FaZmF1WXVnR2JONEtneVFoaw?oc=5"" target=""_blank"">Calm Antonelli takes sixth win of the season with victory at Belgian GP</a>&nbsp;&nbsp;<font color=""#6f6f6f"">Citizen Digital</font>","Sun, 19 Jul 2026 15:51:20 GMT",https://news.google.com/rss/articles/CBMisAFBVV95cUxPN1Q2MUJERXpRN1gya044VXdiemYxZlJCcG9yMlNrUGN1YmQ4eFZMME13UlNfNnoyMXBVTUJoNEptUkE3cDcySmgySkJaTTlzVVVTY3lCcEdyUGdtWnFiNXdGZWxrU2VWVC1XZThTWXlRYWJlbzZCQTNWVEExR0E1NmNCRUE3dG5iV21NMzIyMVV4TVMzcV9BaGhfcC0yN3FaZmF1WXVnR2JONEtneVFoaw?oc=5,2026-07-20T08:51:23.150853+00:00
Citizen Digital (via Google News),Verstappen reverts to old rear wing after successive crashes - Citizen Digital,"<a href=""https://news.google.com/rss/articles/CBMiogFBVV95cUxQZ2phN3B3NkdxZUFLMWVFS0NYc3V0SFJKU0N2XzFPZ1BTRUtvN29fTklNZkZpTml3UGxMSDdqekpqQ05vUnhTRlRLeExlUXBKVWV5Sm9ZUURfNzZ0bkltNHZKYUZ2QlJBLUtIbUZGSDJ3V3pEUXg3bkt5VG5XR2xVWlRiMU82alZLVmJMVzhVUnNkOU9yNXBQRWE1TFFyWFBoNEE?oc=5"" target=""_blank"">Verstappen reverts to old rear wing after successive crashes</a>&nbsp;&nbsp;<font color=""#6f6f6f"">Citizen Digital</font>","Fri, 17 Jul 2026 05:07:51 GMT",https://news.google.com/rss/articles/CBMiogFBVV95cUxQZ2phN3B3NkdxZUFLMWVFS0NYc3V0SFJKU0N2XzFPZ1BTRUtvN29fTklNZkZpTml3UGxMSDdqekpqQ05vUnhTRlRLeExlUXBKVWV5Sm9ZUURfNzZ0bkltNHZKYUZ2QlJBLUtIbUZGSDJ3V3pEUXg3bkt5VG5XR2xVWlRiMU82alZLVmJMVzhVUnNkOU9yNXBQRWE1TFFyWFBoNEE?oc=5,2026-07-20T08:51:23.150863+00:00
Citizen Digital (via Google News),"Death toll from Venezuela quakes rises to 5,119 - Citizen Digital","<a href=""https://news.google.com/rss/articles/CBMijwFBVV95cUxQeXI1RWZhc2RrZHpMWmtRVG8zRVBYT2p2dzNFMVJOWkFkRFlBd2Vrb0hZeGxzU2xTRnJSeUJ2bGkySThNcDB6SUZZUHV0dWJrZEdPdzlDeTRsM3RvcERTRHBNUF9jUkw5NW9DWWI0dHZFRmJHRFJROTdWVDUya2VuWEZMNTVRUzNGdkVFclVTUQ?oc=5"" target=""_blank"">Death toll from Venezuela quakes rises to 5,119</a>&nbsp;&nbsp;<font color=""#6f6f6f"">Citizen Digital</font>","Sun, 19 Jul 2026 06:04:02 GMT",https://news.google.com/rss/articles/CBMijwFBVV95cUxQeXI1RWZhc2RrZHpMWmtRVG8zRVBYT2p2dzNFMVJOWkFkRFlBd2Vrb0hZeGxzU2xTRnJSeUJ2bGkySThNcDB6SUZZUHV0dWJrZEdPdzlDeTRsM3RvcERTRHBNUF9jUkw5NW9DWWI0dHZFRmJHRFJROTdWVDUya2VuWEZMNTVRUzNGdkVFclVTUQ?oc=5,2026-07-20T08:51:23.150873+00:00
Citizen Digital (via Google News),Lebanon's president departs for Washington to meet Trump - Citizen Digital,"<a href=""https://news.google.com/rss/articles/CBMimwFBVV95cUxPazBCZS1VNGNkeWE1MDJyNUtodW5lbW5HZkc2MF9ibk9Ka0pGV1pxT2g3YkRXenhLTTRCTE1OM0ZwS3VjNTBNcDVhSFJlbFN3WU5HSFFjb1ZZSzNPeWZfeU92RTljNVNNZjlqMEZiOGxlQ0VNZElOT0I2UDltLTMxUnR4a2NjVC1xeV9fQkFDb2xPZE10R2FKaFRrOA?oc=5"" target=""_blank"">Lebanon's president departs for Washington to meet Trump</a>&nbsp;&nbsp;<font color=""#6f6f6f"">Citizen Digital</font>","Sun, 19 Jul 2026 03:02:27 GMT",https://news.google.com/rss/articles/CBMimwFBVV95cUxPazBCZS1VNGNkeWE1MDJyNUtodW5lbW5HZkc2MF9ibk9Ka0pGV1pxT2g3YkRXenhLTTRCTE1OM0ZwS3VjNTBNcDVhSFJlbFN3WU5HSFFjb1ZZSzNPeWZfeU92RTljNVNNZjlqMEZiOGxlQ0VNZElOT0I2UDltLTMxUnR4a2NjVC1xeV9fQkFDb2xPZE10R2FKaFRrOA?oc=5,2026-07-20T08:51:23.150883+00:00
Citizen Digital (via Google News),"US, Iran trade attacks in return to full-blown war - Citizen Digital","<a href=""https://news.google.com/rss/articles/CBMikwFBVV95cUxNdThwNTIwSlNqajVVVDBXdS1BTHppMmNmVm1kQ09tM3BGbnozb0J2MHdvU1p4eUtVaEktQWlvNlJOWmhNNTZaeGMtbVJ3RkYzQk5ZRVY3X3JkSGV1OVItVFVhaDhiVG14Tm1Xa1VkWVNKQ3lJNmZvNlVlbFdEd1ZFNUNrNEh3YmhmYzdnQUVVY245VTg?oc=5"" target=""_blank"">US, Iran trade attacks in return to full-blown war</a>&nbsp;&nbsp;<font color=""#6f6f6f"">Citizen Digital</font>","Sat, 18 Jul 2026 03:42:29 GMT",https://news.google.com/rss/articles/CBMikwFBVV95cUxNdThwNTIwSlNqajVVVDBXdS1BTHppMmNmVm1kQ09tM3BGbnozb0J2MHdvU1p4eUtVaEktQWlvNlJOWmhNNTZaeGMtbVJ3RkYzQk5ZRVY3X3JkSGV1OVItVFVhaDhiVG14Tm1Xa1VkWVNKQ3lJNmZvNlVlbFdEd1ZFNUNrNEh3YmhmYzdnQUVVY245VTg?oc=5,2026-07-20T08:51:23.150893+00:00
Citizen Digital (via Google News),Ecstatic celebrations as Spaniards fete World Cup triumph - Citizen Digital,"<a href=""https://news.google.com/rss/articles/CBMingFBVV95cUxOOHpOa0NPaFU2alJfUG9iaG9nSWhpRUprQmNSbTYySzZ1N0swdVlBVUlFSVZabFdTSXp3eXZFT1BPT0hyVkE4M1Z4RTlpeGJ3bVYwalZVTnVwRVJiVHdwTlBXdnJQaVNEMnRiX0JZc0dPTlkxcWtUa1R1S3Z5eUUxLUtaUlV5M3UxSHlnTTVNU0ZjT3d4emNIS3lDcmRuQQ?oc=5"" target=""_blank"">Ecstatic celebrations as Spaniards fete World Cup triumph</a>&nbsp;&nbsp;<font color=""#6f6f6f"">Citizen Digital</font>","Mon, 20 Jul 2026 03:40:42 GMT",https://news.google.com/rss/articles/CBMingFBVV95cUxOOHpOa0NPaFU2alJfUG9iaG9nSWhpRUprQmNSbTYySzZ1N0swdVlBVUlFSVZabFdTSXp3eXZFT1BPT0hyVkE4M1Z4RTlpeGJ3bVYwalZVTnVwRVJiVHdwTlBXdnJQaVNEMnRiX0JZc0dPTlkxcWtUa1R1S3Z5eUUxLUtaUlV5M3UxSHlnTTVNU0ZjT3d4emNIS3lDcmRuQQ?oc=5,2026-07-20T08:51:23.150908+00:00
Citizen Digital (via Google News),Belgian great Meunier signs for Premier League side Sunderland - Citizen Digital,"<a href=""https://news.google.com/rss/articles/CBMipAFBVV95cUxQRmlDdUF1YXozTzFGYkRTVmRaMmx3NUJSVnp0clRBNkZDaGFPdXBSd1lFOEZDSTRmWUZLUTVOa3dFNHh6V1p6bG5XRzNqcU9JaWZubGlDMXh6cjVLbnBsaUNRcG43aUpSY0RGUkk3S1dDUUZoV3J4MFJvSFYyYmhxaFRfSWM1N3RvNG5VWU1ycHhnZUhpUklNdVpqZVVEZllFaXFMeA?oc=5"" target=""_blank"">Belgian great Meunier signs for Premier League side Sunderland</a>&nbsp;&nbsp;<font color=""#6f6f6f"">Citizen Digital</font>","Wed, 15 Jul 2026 20:24:46 GMT",https://news.google.com/rss/articles/CBMipAFBVV95cUxQRmlDdUF1YXozTzFGYkRTVmRaMmx3NUJSVnp0clRBNkZDaGFPdXBSd1lFOEZDSTRmWUZLUTVOa3dFNHh6V1p6bG5XRzNqcU9JaWZubGlDMXh6cjVLbnBsaUNRcG43aUpSY0RGUkk3S1dDUUZoV3J4MFJvSFYyYmhxaFRfSWM1N3RvNG5VWU1ycHhnZUhpUklNdVpqZVVEZllFaXFMeA?oc=5,2026-07-20T08:51:23.150918+00:00
Citizen Digital (via Google News),Rosenior ready for Paris FC challenge after 'learning lessons' at Chelsea - Citizen Digital,"<a href=""https://news.google.com/rss/articles/CBMisAFBVV95cUxPTXRjRzJpUTE4aWN5N0tCenVxYU9wVDFHano5NUFfc0E3dGt5WjQ3U0hhaXZhZEFfNDd6OFFIQXE0REIybkNVVnFMeHlwSUIycmlPNm1sNlluaTUzZVhRTm1RaHZDdkxVNjRSTTdDVHNYby1qN0taX1JUQk5GdTM4SkVtdExIdmxxNG8wWXZ5aVBMZ3VScnhZMkVPTVJDd1RvUmgxazd2QUp2VnNWNG9Waw?oc=5"" target=""_blank"">Rosenior ready for Paris FC challenge after 'learning lessons' at Chelsea</a>&nbsp;&nbsp;<font color=""#6f6f6f"">Citizen Digital</font>","Thu, 16 Jul 2026 18:49:02 GMT",https://news.google.com/rss/articles/CBMisAFBVV95cUxPTXRjRzJpUTE4aWN5N0tCenVxYU9wVDFHano5NUFfc0E3dGt5WjQ3U0hhaXZhZEFfNDd6OFFIQXE0REIybkNVVnFMeHlwSUIycmlPNm1sNlluaTUzZVhRTm1RaHZDdkxVNjRSTTdDVHNYby1qN0taX1JUQk5GdTM4SkVtdExIdmxxNG8wWXZ5aVBMZ3VScnhZMkVPTVJDd1RvUmgxazd2QUp2VnNWNG9Waw?oc=5,2026-07-20T08:51:23.150928+00:00
Citizen Digital (via Google News),Attacks on IEBC could lead to rejection of 2027 election results; Commissioner warns - Citizen Digital,"<a href=""https://news.google.com/rss/articles/CBMiwAFBVV95cUxPUzBjeGVTc0J0c08yRDZHOXFEbm9GUzN3a2VuTVVfenp0Y29oODdYVVJwVnFFNWRaTWMwUmpmR3BRbXpidGNCdWticEdjUDA5bkZZNzBIUUpxNWFWLTBzRUs4Uk94Nlh3anh1QklJb3JZR2RZeUQ2dllmUGFIUzBxSkZXUGhmTTZPbUdNV2I2bjZrMC1SbzJNQWFKeXYtNDktQXNmOWVNR1NPbzJEUnZqOVZTdXpKeXpDTTlUZVV5dC0?oc=5"" target=""_blank"">Attacks on IEBC could lead to rejection of 2027 election results; Commissioner warns</a>&nbsp;&nbsp;<font color=""#6f6f6f"">Citizen Digital</font>","Wed, 15 Jul 2026 15:56:58 GMT",https://news.google.com/rss/articles/CBMiwAFBVV95cUxPUzBjeGVTc0J0c08yRDZHOXFEbm9GUzN3a2VuTVVfenp0Y29oODdYVVJwVnFFNWRaTWMwUmpmR3BRbXpidGNCdWticEdjUDA5bkZZNzBIUUpxNWFWLTBzRUs4Uk94Nlh3anh1QklJb3JZR2RZeUQ2dllmUGFIUzBxSkZXUGhmTTZPbUdNV2I2bjZrMC1SbzJNQWFKeXYtNDktQXNmOWVNR1NPbzJEUnZqOVZTdXpKeXpDTTlUZVV5dC0?oc=5,2026-07-20T08:51:23.150938+00:00
K24,Spain coach De la Fuente hopes his players will keep their tattoo promise after World Cup triumph,Spain coach Luis de la Fuente has challenged his players to keep their word on getting his tattoo,"Mon, 20 Jul 2026 08:45:40 +0000",https://k24.digital/sports/world-cup/spain-coach-de-la-fuente-hopes-his-players-will-keep-their-tattoo-promise-after-world-cup-triumph,2026-07-20T08:51:24.878367+00:00
K24,5 movies worth leaving your house for after immersive weeks of World Cup,"The World Cup gave us unforgettable moments, heated debates and countless late nights. Dinner was rushed, your group","Mon, 20 Jul 2026 08:17:55 +0000",https://k24.digital/entertainment/movies/5-movies-worth-leaving-your-house-for-after-immersive-weeks-of-world-cup,2026-07-20T08:51:24.878400+00:00
K24,Difference between sun-dried and machine-dried foods – why it matters,"Drying food is one of the oldest methods of preserving food, allowing people to enjoy fruits, vegetables, herbs,","Mon, 20 Jul 2026 08:15:28 +0000",https://k24.digital/lifestyle/food-and-culinary/difference-between-sun-dried-and-machine-dried-foods-why-it-matters,2026-07-20T08:51:24.878412+00:00
K24,NTSA resumes normal services after completion of scheduled system maintenance,The National Transport and Safety Authority (NTSA) has announced that its systems are fully operational again following the,"Mon, 20 Jul 2026 07:32:36 +0000",https://k24.digital/news/ntsa-resumes-normal-services-after-completion-of-scheduled-system-maintenance,2026-07-20T08:51:24.878422+00:00
K24,The 2026 Ballon d’Or favourites list after World Cup,The 2026 World Cup final featured a stellar array of players who have either previously won or been,"Mon, 20 Jul 2026 07:14:20 +0000",https://k24.digital/sports/world-cup/the-2026-ballon-dor-favourites-list-after-world-cup,2026-07-20T08:51:24.878432+00:00
K24,Oga Obinna loses Ksh2M World Cup bet to Bolo after Spain beats Argentina,Media personality Oga Obinna has lost the Ksh2 million World Cup final bet he placed with businessman Bolo,"Mon, 20 Jul 2026 07:02:41 +0000",https://k24.digital/entertainment/celebrity/oga-obinna-loses-ksh2m-world-cup-bet-to-bolo-after-spain-beats-argentina,2026-07-20T08:51:24.878452+00:00
K24,Spain coach revels in deserved World Cup triumph after win over Argentina,Spain coach Luis de la Fuente has described La Roja’s victorious march to the 2026 World Cup crown,"Mon, 20 Jul 2026 06:33:43 +0000",https://k24.digital/sports/world-cup/spain-coach-revels-in-deserved-world-cup-triumph-after-win-over-argentina,2026-07-20T08:51:24.878470+00:00
K24,IShowSpeed celebrates historic career milestone after performing at FIFA World Cup final,American streamer IShowSpeed has marked what he described as one of the biggest moments of his career after,"Mon, 20 Jul 2026 06:13:52 +0000",https://k24.digital/entertainment/celebrity/ishowspeed-celebrates-historic-career-milestone-after-performing-at-fifa-world-cup-final,2026-07-20T08:51:24.878480+00:00
K24,Shakira shines during historic FIFA World Cup final halftime show with Burna Boy,Shakira has once again proved why she remains one of football&#8217;s most recognised performers after delivering an energetic,"Mon, 20 Jul 2026 05:58:35 +0000",https://k24.digital/entertainment/celebrity/shakira-shines-during-historic-fifa-world-cup-final-halftime-show-with-burna-boy,2026-07-20T08:51:24.878490+00:00
K24,World Cup: Scaloni breaks down during interview in emotional scenes after Argentina’s defeat,The 2026 World Cup in North America has seen tears freely flowing for many different reasons. Argentina manager,"Mon, 20 Jul 2026 05:56:15 +0000",https://k24.digital/sports/world-cup/world-cup-scaloni-breaks-down-during-interview-in-emotional-scenes-after-argentinas-defeat,2026-07-20T08:51:24.878500+00:00
K24,Unbelievable! Ferran Torres reacts after his World Cup goal sinks Messi and Argentina,Spain forward Ferran Torres has opened up about the feeling of being crowned a world champion following Spain&#8217;s,"Mon, 20 Jul 2026 05:18:15 +0000",https://k24.digital/sports/world-cup/unbelievable-ferran-torres-reacts-after-his-world-cup-goal-sinks-messi-and-argentina,2026-07-20T08:51:24.878509+00:00
K24,5 things your house needs after hosting World Cup watch parties,"For weeks, your house was a home and a mini stadium. Friends walked in carrying crisps, someone always","Mon, 20 Jul 2026 03:43:05 +0000",https://k24.digital/lifestyle/home-and-living/5-things-your-house-needs-after-hosting-world-cup-watch-parties,2026-07-20T08:51:24.878518+00:00
K24,How to recover financially after weeks of World Cup spending,"For one glorious month, budgets were stretched a bit too much. There was always one more match to","Mon, 20 Jul 2026 03:34:03 +0000",https://k24.digital/lifestyle/money/how-to-recover-financially-after-weeks-of-world-cup-spending,2026-07-20T08:51:24.878538+00:00
K24,Lilian Ng’ang’a: Stop punishing children over poor exam performance,Former Machakos County First Lady and author Lilian Ng&#8217;ang&#8217;a has spoken out against the culture of punishing children,"Mon, 20 Jul 2026 03:04:58 +0000",https://k24.digital/entertainment/celebrity/lilian-nganga-stop-punishing-children-over-poor-exam-performance,2026-07-20T08:51:24.878548+00:00
KBC,Police recover 45 stolen cattle in Turkana,"<p>Police in Turkana have recovered 45 head of cattle that were stolen during a stock theft incident in Pokot North Sub-County last month. The multi-agency led operation was carried out in Aroo Sub-County, Turkana County, after security officers received credible information that the stolen livestock had been been driven to Namakat Village in Kalemngorok Sub-location. [&#8230;]</p>
<p>The post <a href=""https://www.kbc.co.ke/police-recover-45-stolen-cattle-in-turkana/"">Police recover 45 stolen cattle in Turkana</a> appeared first on <a href=""https://www.kbc.co.ke"">KBC Digital</a>.</p>","Mon, 20 Jul 2026 08:44:17 +0000",https://www.kbc.co.ke/police-recover-45-stolen-cattle-in-turkana/,2026-07-20T08:51:26.865241+00:00
KBC,"KDF foils multiple terror plots, neutralises four IEDs in Lamu","<p>The Kenya Defence Forces (KDF) have thwarted multiple terrorist plots in Lamu County after discovering and safely neutralising four improvised explosive devices (IEDs) planted along major supply routes under the ongoing Operation Amani Boni (OAB). According to a statement, KDF said its troops thwarted multiple terrorist plots after discovering and safely neutralized four concealed IEDs [&#8230;]</p>
<p>The post <a href=""https://www.kbc.co.ke/kdf-foils-multiple-terror-plots-neutralises-four-ieds-in-lamu/"">KDF foils multiple terror plots, neutralises four IEDs in Lamu</a> appeared first on <a href=""https://www.kbc.co.ke"">KBC Digital</a>.</p>","Mon, 20 Jul 2026 08:26:52 +0000",https://www.kbc.co.ke/kdf-foils-multiple-terror-plots-neutralises-four-ieds-in-lamu/,2026-07-20T08:51:26.865267+00:00
KBC,Dock workers welcome bonus after KPA record performance,"<p>The Port of Mombasa&#8217;s improved efficiency in cargo handling and record-breaking operational performance has earned Kenya Ports Authority (KPA) employees a government bonus after the authority surpassed its performance targets. The incentive, approved following a directive by President William Ruto, comes after KPA recorded significant gains in cargo throughput, reduced vessel turnaround time, shorter container [&#8230;]</p>
<p>The post <a href=""https://www.kbc.co.ke/dock-workers-welcome-bonus-after-kpa-record-performance/"">Dock workers welcome bonus after KPA record performance</a> appeared first on <a href=""https://www.kbc.co.ke"">KBC Digital</a>.</p>","Mon, 20 Jul 2026 08:10:07 +0000",https://www.kbc.co.ke/dock-workers-welcome-bonus-after-kpa-record-performance/,2026-07-20T08:51:26.865279+00:00
KBC,Philanthropists trek over 200km to raise education funds for needy children,"<p>Charitable organisation philanthropists walk over 200 kilometers from Nakuru to Narok to raise funds to enable needy children access education. They endured scorching sun to walk from Gilgil all the way to Ng&#8217;oswani in Narok West. James Karanja the founder of the Homecare International said the core objective of the organisation is to send children [&#8230;]</p>
<p>The post <a href=""https://www.kbc.co.ke/philanthropists-trek-over-200km-to-raise-education-funds-for-needy-children/"">Philanthropists trek over 200km to raise education funds for needy children</a> appeared first on <a href=""https://www.kbc.co.ke"">KBC Digital</a>.</p>","Mon, 20 Jul 2026 08:03:11 +0000",https://www.kbc.co.ke/philanthropists-trek-over-200km-to-raise-education-funds-for-needy-children/,2026-07-20T08:51:26.865291+00:00
KBC,Kenya showcases Affordable Housing financing model at UN urban development forum,"<p>Kenya has showcased its efforts to finance sustainable urban development at a high-level United Nations meeting, highlighting progress made under the Affordable Housing Act, 2024. Speaking at the High-Level Meeting on the Midterm Review of the New Urban Agenda, held alongside the 2026 High-Level Political Forum (HLPF), in New York, Kenya’s Permanent Representative to UN-Habitat [&#8230;]</p>
<p>The post <a href=""https://www.kbc.co.ke/kenya-showcases-affordable-housing-financing-model-at-un-urban-development-forum/"">Kenya showcases Affordable Housing financing model at UN urban development forum</a> appeared first on <a href=""https://www.kbc.co.ke"">KBC Digital</a>.</p>","Mon, 20 Jul 2026 07:39:52 +0000",https://www.kbc.co.ke/kenya-showcases-affordable-housing-financing-model-at-un-urban-development-forum/,2026-07-20T08:51:26.865302+00:00
KBC,China’s H1 industrial output up 5.4% as innovation accelerates,"<p>China&#8217;s industrial sector maintained stable growth and continued to be a key driver of the economy in the first half of 2026, officials from the Ministry of Industry and Information Technology said at a press conference on Monday. The value-added output of major industrial enterprises increased by 5.4% year on year, with 32 of the [&#8230;]</p>
<p>The post <a href=""https://www.kbc.co.ke/chinas-h1-industrial-output-up-5-4-as-innovation-accelerates/"">China&#8217;s H1 industrial output up 5.4% as innovation accelerates</a> appeared first on <a href=""https://www.kbc.co.ke"">KBC Digital</a>.</p>","Mon, 20 Jul 2026 06:31:11 +0000",https://www.kbc.co.ke/chinas-h1-industrial-output-up-5-4-as-innovation-accelerates/,2026-07-20T08:51:26.865313+00:00
KBC,Maalim calls for high voter registration across Northern Kenya,"<p>Mandera Deputy Governor Dr. Ali Maalim has called on residents of Mandera and the wider northern Eastern region to take advantage of the ongoing voter registration exercise, saying strong participation will ensure the region&#8217;s voice is reflected in future elections. Speaking during the Annual General Meeting of one of the schools in Mandera, Dr. Maalim [&#8230;]</p>
<p>The post <a href=""https://www.kbc.co.ke/maalim-calls-for-high-voter-registration-across-northern-kenya/"">Maalim calls for high voter registration across Northern Kenya</a> appeared first on <a href=""https://www.kbc.co.ke"">KBC Digital</a>.</p>","Mon, 20 Jul 2026 06:05:01 +0000",https://www.kbc.co.ke/maalim-calls-for-high-voter-registration-across-northern-kenya/,2026-07-20T08:51:26.865324+00:00
KBC,EU bans destruction of unsold clothes in push for circular economy,"<p>Under the new rules, businesses must prioritise keeping products in use by selling them or preparing them for reuse.</p>
<p>The post <a href=""https://www.kbc.co.ke/eu-bans-destruction-of-unsold-clothes-in-push-for-circular-economy/"">EU bans destruction of unsold clothes in push for circular economy</a> appeared first on <a href=""https://www.kbc.co.ke"">KBC Digital</a>.</p>","Mon, 20 Jul 2026 05:50:12 +0000",https://www.kbc.co.ke/eu-bans-destruction-of-unsold-clothes-in-push-for-circular-economy/,2026-07-20T08:51:26.865335+00:00
KBC,KITI urges TVETs to align training with industry to close skills gap,"<p>Kenya’s Technical and Vocational Education and Training (TVET) institutes need to urgently embrace modern training approaches and strengthen collaboration with industry if the country is to produce a workforce capable of meeting the demands of a rapidly evolving technological landscape. According to Kenya Industrial Training Institute (KITI) Director Engineer Wabwile Simiyu, technological advancement is transforming [&#8230;]</p>
<p>The post <a href=""https://www.kbc.co.ke/kiti-urges-tvets-to-align-training-with-industry-to-close-skills-gap/"">KITI urges TVETs to align training with industry to close skills gap</a> appeared first on <a href=""https://www.kbc.co.ke"">KBC Digital</a>.</p>","Mon, 20 Jul 2026 05:35:26 +0000",https://www.kbc.co.ke/kiti-urges-tvets-to-align-training-with-industry-to-close-skills-gap/,2026-07-20T08:51:26.865345+00:00
Kenya News Agency,Nandi upscales coffee processing to maximize profits,"The Nandi Coffee Farmers’ Cooperative Union milling plant at Chebonet in Songhor-Soba Ward has emerged as the centerpiece of the coffee revival programme in Nandi County.  It is transforming the fortunes of thousands of smallholder farmers through value addition, improved marketing and cooperative development. Standing strategically in Tinderet Sub County, the modern milling facility has...","Mon, 20 Jul 2026 08:45:25 +0000",https://www.kenyanews.go.ke/nandi-upscales-coffee-processing-to-maximize-profits/,2026-07-20T08:51:28.850601+00:00
Kenya News Agency,Maalim urges Northern Kenya residents to register as voters,"Mandera Deputy Governor Dr. Ali Maalim has called on residents of Northern Kenya to register as voters, saying higher voter registration will strengthen the region&#8217;s political influence ahead of the 2027 General Election. Speaking during an Annual General Meeting (AGM) of a school in Mandera, Dr. Maalim urged all eligible residents to take advantage of...","Mon, 20 Jul 2026 08:32:50 +0000",https://www.kenyanews.go.ke/maalim-urges-northern-kenya-residents-to-register-as-voters/,2026-07-20T08:51:28.850674+00:00
Kenya News Agency,Government to spend Sh10 million to desilt Kosowe Earth dam,"The National Government through National Drought Management Autbority (NDMA) will spend Sh10 million to desilt Kosowe Earth Dam in Nzaui Subcounty with a view to increase its water capacity to 30,000 cubic meters, Makueni County Drought Co-ordinator (CDC) Alice Munyao has disclosed. Munyao made the disclosure in a County Steering Group meeting held at the...","Mon, 20 Jul 2026 08:26:42 +0000",https://www.kenyanews.go.ke/government-to-spend-sh10-million-to-desilt-kosowe-earth-dam/,2026-07-20T08:51:28.850700+00:00
Kenya News Agency,Government officials seek Mount Kenya support for Ruto’s re-election bid,"Senior government officials have adopted a conciliatory approach in an effort to rebuild the Kenya Kwanza administration&#8217;s relationship with the Mount Kenya region as they seek to rally support for President William Ruto&#8217;s re-election in 2027. Speaking during an Education Day at Mbiriri Comprehensive School in Kieni, Nyeri County, the officials acknowledged growing dissatisfaction with...","Mon, 20 Jul 2026 08:17:48 +0000",https://www.kenyanews.go.ke/government-officials-seek-mount-kenya-support-for-rutos-re-election-bid/,2026-07-20T08:51:28.850722+00:00
Standard - Politics,Wetang'ula defends Ruto agenda to spread development to marginalised areas,"National Assembly Speaker Moses Wetangula defended President William Rutos development agenda, saying the government has prioritised equitable development in marginalised regions.","Wed, 22 Jul 2026 09:41:42 +0300",https://www.standardmedia.co.ke/politics/article/2001553432/wetang-ula-defends-ruto-agenda-to-spread-development-to-marginalised-areas,2026-07-22T08:14:30.513087+00:00
Standard - Politics,"Malala: I'll only talk to Ruto after graft, killings end","DCP Deputy Party Leader Cleophas Malala says he will only engage President William Ruto after he addresses extrajudicial killings, corruption and unfulfilled campaign promises.","Wed, 22 Jul 2026 09:39:22 +0300",https://www.standardmedia.co.ke/politics/article/2001553431/malala-i-ll-only-talk-to-ruto-after-graft-killings-end,2026-07-22T08:14:30.514148+00:00
Standard - Politics,Of William Ruto's tough talk and zero action on goons,"The President, for the fifth time, ordered the security forces to move expeditiously to curb the rise of criminal groups and stop criminality.","Wed, 22 Jul 2026 07:50:00 +0300",https://www.standardmedia.co.ke/politics/article/2001553416/of-william-ruto-s-tough-talk-and-zero-action-on-goons,2026-07-22T08:14:30.514200+00:00
Standard - Politics,Sifuna's Western tour sparks excitement and tension,"What was initially expected to be an ordinary political tour has quickly evolved into a contest for regional political influence, exposing deep divisions among local leaders.","Wed, 22 Jul 2026 07:50:00 +0300",https://www.standardmedia.co.ke/politics/article/2001553401/sifuna-s-western-tour-sparks-excitement-and-tension,2026-07-22T08:14:30.514220+00:00
Standard - Politics,Oomph Gachagua got from Ol Kalou win,"While many political analysts dismiss the possibility of a Gachagua presidential bid, they agree that the Ol Kalou outcome has fundamentally altered the opposition&#039;s internal power equation.","Wed, 22 Jul 2026 06:00:00 +0300",https://www.standardmedia.co.ke/politics/article/2001553395/oomph-gachagua-got-from-ol-kalou-win,2026-07-22T08:14:30.514237+00:00
Standard - Politics,Six DCP senators turn heads in matching party colours,Six senators allied to former DP Rigathi Gachagua&#039;s Democracy for the Citizens Party (DCP) on Tuesday arrived in Parliament dressed in matching neon-green blazers.,"Tue, 21 Jul 2026 15:55:00 +0300",https://www.standardmedia.co.ke/politics/article/2001553413/six-dcp-senators-turn-heads-in-matching-party-colours,2026-07-22T08:14:30.514254+00:00
Standard - Politics,"Ruto: No defence for goons, criminality during protests","President William Ruto has defended police action against violent protests, saying there can be no justification for what he described as goons and criminal acts during demonstrations.","Tue, 21 Jul 2026 14:38:05 +0300",https://www.standardmedia.co.ke/politics/article/2001553374/ruto-no-defence-for-goons-criminality-during-protests,2026-07-22T08:14:30.514271+00:00
Standard - Politics,MPs urge voters to elect more female candidates to achieve gender rule,"More than 10 women MPs have urged Kenyans to elect more female leaders in the 2027 elections, saying increased representation is the only way to achieve the two-thirds gender rule.","Tue, 21 Jul 2026 12:33:29 +0300",https://www.standardmedia.co.ke/politics/article/2001553355/mps-urge-voters-to-elect-more-female-candidates-to-achieve-gender-rule,2026-07-22T08:14:30.514289+00:00
Standard - Politics,"Oparanya, Wetang'ula battle for western Kenya's political crown ahead of 2027",A supremacy battle is quietly unfolding in western Kenya as Oparanya and Wetang&#039;ula pursue separate political strategies that appear aimed at securing President Ruto&#039;s running mate post.,"Tue, 21 Jul 2026 12:00:00 +0300",https://www.standardmedia.co.ke/politics/article/2001553340/oparanya-wetang-ula-battle-for-western-kenya-s-political-crown-ahead-of-2027,2026-07-22T08:14:30.514307+00:00
Standard - Politics,"Nakuru senator blames Ruto's inner circle for UDA woes, Ol Kalou defeat","The Senate Deputy Majority Leader, Tabitha Karanja Keroche, has blamed the woes facing UDA and the defeat in the Ol Kalou by-election on a powerful clique around President William Ruto.","Tue, 21 Jul 2026 11:53:09 +0300",https://www.standardmedia.co.ke/politics/article/2001553351/nakuru-senator-blames-ruto-s-inner-circle-for-uda-woes-ol-kalou-defeat,2026-07-22T08:14:30.514325+00:00
Standard - Politics,Oburu: We are not shaken by Ol-Kalou loss,ODM Party leader Oburu Oginga has maintained that the broad-based Government is still a formidable force to reckon with despite the Ol-Kalou by-election loss.,"Tue, 21 Jul 2026 11:21:07 +0300",https://www.standardmedia.co.ke/politics/article/2001553344/oburu-we-are-not-shaken-by-ol-kalou-loss,2026-07-22T08:14:30.514342+00:00
Standard - Politics,Pauline Njoroge resigns from Jubilee Party,"Digital Communications Strategist Pauline Njoroge resigns as Jubilee Party Deputy Organizing Secretary after 14 years, says she is joining Linda Mwananchi movement.","Tue, 21 Jul 2026 10:48:24 +0300",https://www.standardmedia.co.ke/politics/article/2001553343/pauline-njoroge-resigns-from-jubilee-party,2026-07-22T08:14:30.514359+00:00
Standard - Politics,Of Ruto's 'monumental threat' and vote-securing calls: Inside Rift Valley's panic,The DCP&#039;s Ol Kalou by-election victory has intensified political manoeuvring ahead of the 2027 election.,"Tue, 21 Jul 2026 09:00:00 +0300",https://www.standardmedia.co.ke/politics/article/2001553305/of-ruto-s-monumental-threat-and-vote-securing-calls-inside-rift-valley-s-panic,2026-07-22T08:14:30.514375+00:00
Standard - Politics,Gachagua set to depart for US next month,Former DP Rigathi Gachagua has announced plans to travel to the US next month as he prepares to expand his political mobilisation beyond Mt Kenya ahead of the 2027 General Election.,"Tue, 21 Jul 2026 06:00:00 +0300",https://www.standardmedia.co.ke/politics/article/2001553317/gachagua-set-to-depart-for-us-next-month,2026-07-22T08:14:30.514389+00:00
Standard - Politics,"Njeri Maina: Kenyans on their own, govt orchestrating Ol Kalou violence",Kirinyaga Woman Representative Njeri Maina has accused the government of orchestrating violence during the Ol Kalou parliamentary by-election.,"Tue, 21 Jul 2026 00:15:46 +0300",https://www.standardmedia.co.ke/politics/article/2001553327/njeri-maina-kenyans-on-their-own-govt-orchestrating-ol-kalou-violence,2026-07-22T08:14:30.514403+00:00
Standard - Politics,Jubilee condemns Gachagua's call for tourists to boycott Kenya,"The Jubilee Party has condemned former DP Gachagua&#039;s call for tourists and investors to shun Kenya, warning it would hurt millions who depend on tourism.","Mon, 20 Jul 2026 23:18:29 +0300",https://www.standardmedia.co.ke/politics/article/2001553326/jubilee-condemns-gachagua-s-call-for-tourists-to-boycott-kenya,2026-07-22T08:14:30.514418+00:00
Standard - Politics,Raila's mausoleum to be completed in two months - Oburu,"The mausoleum in honour of former Prime Minister Raila Odinga will be completed within two months, ODM party leader and Siaya Senator Oburu Oginga has said.","Mon, 20 Jul 2026 15:50:00 +0300",https://www.standardmedia.co.ke/politics/article/2001553291/raila-s-mausoleum-to-be-completed-in-two-months-oburu,2026-07-22T08:14:30.514433+00:00
Standard - Politics,"Leaders urge Ruto to increase development in Nyanza, pledge 2027 support",A section of Nyanza leaders has urged President William Ruto to initiate more development projects in the region to bolster his re-election bid in the 2027 General Election.,"Mon, 20 Jul 2026 11:54:16 +0300",https://www.standardmedia.co.ke/politics/article/2001553271/leaders-urge-ruto-to-increase-development-in-nyanza-pledge-2027-support,2026-07-22T08:14:30.514451+00:00
Standard - Business,Will Kenyan workers survive AI jobs onslaught?,"For an economy not only struggling to create new jobs but also safeguard the ones in place, any conversation about adoption of artificial intelligence (AI) leaves a bad taste in the mouth of workers.","Wed, 22 Jul 2026 08:50:00 +0300",https://www.standardmedia.co.ke/business/article/2001553393/will-kenyan-workers-survive-ai-jobs-onslaught,2026-07-22T08:14:40.029847+00:00
Standard - Business,CBK seeks powers to enforce Anti-Money Laundering compliance,"The Central Bank of Kenya (CBK) is seeking powers to regulate, supervise and enforce compliance for Anti-Money Laundering under the Microfinance Bill 2026.","Wed, 22 Jul 2026 07:55:00 +0300",https://www.standardmedia.co.ke/business/article/2001553419/cbk-seeks-powers-to-enforce-anti-money-laundering-compliance,2026-07-22T08:14:40.029888+00:00
Standard - Business,The future of our workforce depends on the skills we build today,"I met Yusuf, a young online delivery rider relying on customers he picked up at the stage. But after acquiring a smartphone, he began using digital platforms to access delivery jobs.","Wed, 22 Jul 2026 07:00:00 +0300",https://www.standardmedia.co.ke/business/article/2001553412/the-future-of-our-workforce-depends-on-the-skills-we-build-today,2026-07-22T08:14:40.029916+00:00
Standard - Business,Letter from Murang'a's quiet Giatutu area and the few agri-innovations,Some places look far yet are near. One such place is Giatutu in Muranga's Location One or Loco 1. I have wondered why this unique location naming system was discontinued.,"Wed, 22 Jul 2026 07:00:00 +0300",https://www.standardmedia.co.ke/business/article/2001553417/letter-from-murang-a-s-quiet-giatutu-area-and-the-few-agri-innovations,2026-07-22T08:14:40.029941+00:00
Standard - Business,Elon Musk's chip that can perform Jesus-level miracles and who controls the switch?,"Twenty-one people worldwide are living with  Neuralink's Telepathy chip in their brains. People with quadriplegia, ALS, and spinal cord injuries are controlling computers through thought alone.","Wed, 22 Jul 2026 06:30:00 +0300",https://www.standardmedia.co.ke/business/article/2001553420/elon-musk-s-chip-that-can-perform-jesus-level-miracles-and-who-controls-the-switch,2026-07-22T08:14:40.029966+00:00
Standard - Business,Feed makers push for GM crops as raw material crisis bites,"The animal feed industry remains highly challenging. Kenya has one of the most volatile feed markets, as manufacturers depend on nearly 20 different raw materials.","Wed, 22 Jul 2026 06:00:00 +0300",https://www.standardmedia.co.ke/business/article/2001553397/feed-makers-push-for-gm-crops-as-raw-material-crisis-bites,2026-07-22T08:14:40.029990+00:00
Standard - Business,"Radical schools' agricultural project eases technology transfer to learners, families",School compounds that were once dominated by ornamental flowers and unused spaces are evolving as a new form of learning.,"Wed, 22 Jul 2026 06:00:00 +0300",https://www.standardmedia.co.ke/business/article/2001553404/radical-schools-agricultural-project-eases-technology-transfer-to-learners-families,2026-07-22T08:14:40.030014+00:00
Standard - Business,Local lenders scoop top honours at 2026 Euromoney Awards,Two local lenders have been feted in different categories at the recently held 2026 Euromoney Awards for Excellence.,"Wed, 22 Jul 2026 06:00:00 +0300",https://www.standardmedia.co.ke/business/article/2001553391/local-lenders-scoop-top-honours-at-2026-euromoney-awards,2026-07-22T08:14:40.030040+00:00
Standard - Business,Calls for conversion of academic research into solutions for Africa's growth,"Academicians, universities and research institutions have been urged to commercialise research works by turning them to market-ready solutions.","Wed, 22 Jul 2026 06:00:00 +0300",https://www.standardmedia.co.ke/business/article/2001553407/calls-for-conversion-of-academic-research-into-solutions-for-africa-s-growth,2026-07-22T08:14:40.030067+00:00
Standard - Business,Family Bank bets on SMEs to drive new health insurance business,"Family Bank has launched a new medical cover targeting SMEs, households and individual customers, marking its entrance to the growing health insurance market for small businesses.","Wed, 22 Jul 2026 06:00:00 +0300",https://www.standardmedia.co.ke/business/article/2001553408/family-bank-bets-on-smes-to-drive-new-health-insurance-business,2026-07-22T08:14:40.030091+00:00
Standard - Business,"Your biggest debt collector isn't human, it's the app you downloaded",There is a new village elder in Kenya. Not the chief. Not the pastor. Not even your grandmother. It's the digital lender.,"Wed, 22 Jul 2026 06:00:00 +0300",https://www.standardmedia.co.ke/business/article/2001553414/your-biggest-debt-collector-isn-t-human-it-s-the-app-you-downloaded,2026-07-22T08:14:40.030115+00:00
Standard - Business,Expanding your business through digital trade: What every Kenyan SME should know,"The opportunity is exciting. The transaction, however, is not always straightforward. How will the payment be made? How does each party verify the other's identity?","Wed, 22 Jul 2026 00:00:00 +0300",https://www.standardmedia.co.ke/business/article/2001553400/expanding-your-business-through-digital-trade-what-every-kenyan-sme-should-know,2026-07-22T08:14:40.030139+00:00
Standard - Business,Petition filed for ouster of Kenya Re chief,"Last year, Kenya Re's Chief Executive had been suspended over disagreements with management and the board over staff reviews and dismissals.","Tue, 21 Jul 2026 18:17:00 +0300",https://www.standardmedia.co.ke/business/article/2001553406/petition-filed-for-ouster-of-kenya-re-chief,2026-07-22T08:14:40.030165+00:00
Standard - Business,"NCBA sale complete as Kenyatta, Ndegwa families cash in on Sh109b in Nedbank deal",The deal will see Kenyatta families and former Central Bank governor Philip Ndegwa emerge as major beneficiaries of a transaction valued at approximately Sh109.6 billion.,"Tue, 21 Jul 2026 16:30:00 +0300",https://www.standardmedia.co.ke/business/article/2001553387/ncba-sale-complete-as-kenyatta-ndegwa-families-cash-in-on-sh109b-in-nedbank-deal,2026-07-22T08:14:40.030189+00:00
Standard - Business,"7,800 youth gain skills in digital content creation","More than 7,800 young Kenyans have gained practical digital content creation and entrepreneurship skills, through the Google-supported Ganjisha Project.","Tue, 21 Jul 2026 14:47:00 +0300",https://www.standardmedia.co.ke/business/article/2001553376/7-800-youth-gain-skills-in-digital-content-creation,2026-07-22T08:14:40.030213+00:00
Standard - Business,New programme backs women-led businesses with Sh645m pledge,NCBA Bank and African Guarantee Fund have reaffirmed their commitment to empowering women entrepreneurs in Africa with Sh645 million.,"Tue, 21 Jul 2026 14:32:33 +0300",https://www.standardmedia.co.ke/business/article/2001553373/new-programme-backs-women-led-businesses-with-sh645m-pledge,2026-07-22T08:14:40.030237+00:00
Standard - Business,"Co-op Bank named Kenya's best retail, digital bank at 2026 Euromoney Awards","Co-op Bank has been named Kenya's Best Retail Bank and Best Digital Bank at the 2026 Euromoney Awards, recognising its strong financial performance and digital transformation.","Tue, 21 Jul 2026 14:06:43 +0300",https://www.standardmedia.co.ke/business/article/2001553371/co-op-bank-named-kenya-s-best-retail-digital-bank-at-2026-euromoney-awards,2026-07-22T08:14:40.030261+00:00
Standard - Business,Borrowing spree: How expensive loans have pushed debt servicing to Sh862b,The National Treasury departed from the approved Medium-Term Debt Management Strategy by significantly increasing domestic borrowing without parliamentary approval.,"Tue, 21 Jul 2026 09:00:00 +0300",https://www.standardmedia.co.ke/business/article/2001553316/borrowing-spree-how-expensive-loans-have-pushed-debt-servicing-to-sh862b,2026-07-22T08:14:40.030284+00:00
Standard - Business,"How Lapfund's mega development redefines Nairobi, tests infrastructure","Nairobi's South C neighbourhood is transforming through the Lapfund Bellevue housing development, one of the city's largest mixed-use residential projects.","Tue, 21 Jul 2026 06:00:00 +0300",https://www.standardmedia.co.ke/business/article/2001553320/how-lapfund-s-mega-development-redefines-nairobi-tests-infrastructure,2026-07-22T08:14:40.030309+00:00
Standard - Business,How Kenya's green energy revolution is attracting global climate capital,Kenya is positioning itself as Africa's climate solutions hub by leveraging its renewable energy leadership and strategic international partnerships to attract investment.,"Tue, 21 Jul 2026 06:00:00 +0300",https://www.standardmedia.co.ke/business/article/2001553315/how-kenya-s-green-energy-revolution-is-attracting-global-climate-capital,2026-07-22T08:14:40.030334+00:00
Business Daily Africa,Why Diani and Watamu are luring land buyers,"Much of the Coast is still community land, where ownership has not been formally registered.","Tue, 21 Jul 2026 15:04:17 GMT",https://www.businessdailyafrica.com/bd/markets/real-estate/why-diani-and-watamu-are-luring-land-buyers-5533596,2026-07-22T08:14:59.854051+00:00
Business Daily Africa,Why ghosting your employer could cost you up to Sh3.2m,"A worker who leaves without proper notice can lose his or her salary. If the contract requires one month’s notice and the worker walks out the next day, the employer can recover that month’s salary from the worker’s final pay.","Tue, 21 Jul 2026 14:44:45 GMT",https://www.businessdailyafrica.com/bd/lifestyle/workplace/why-ghosting-your-employer-could-cost-you-up-to-sh3-2m-5533556,2026-07-22T08:14:59.854074+00:00
Business Daily Africa,Firm seeks to quantify losses in Absa data breach claim,"In the suit, New Mega Africa accuses Absa Bank of financial sabotage by disclosing its confidential financial information to third parties without its consent.","Tue, 21 Jul 2026 13:25:04 GMT",https://www.businessdailyafrica.com/bd/corporate/companies/firm-hires-auditor-to-quantify-losses-in-absa-data-breach-5533400,2026-07-22T08:14:59.854087+00:00
Business Daily Africa,Court rejects bid to oust lawyers in EABL sale dispute,Diageo is selling its 65 percent stake in EABL.,"Tue, 21 Jul 2026 12:56:34 GMT",https://www.businessdailyafrica.com/bd/corporate/companies/court-rejects-bid-to-oust-lawyers-in-eabl-sale-dispute-5533320,2026-07-22T08:14:59.854100+00:00
Business Daily Africa,UK-based asset firm the latest to enter Kenya in partnership deal,The move reflects a broader industry shift where Kenyan investment banks and fund managers are pushing for offshore investments in response to investors changing preferences for hard currency and geographically diversified portfolios.,"Mon, 20 Jul 2026 17:08:57 GMT",https://www.businessdailyafrica.com/bd/markets/uk-based-asset-firm-latest-to-enter-kenya-in-partnership-deal-5532748,2026-07-22T08:14:59.854114+00:00
Business Daily Africa,Bank accounts frozen on Sh282m Turkana County tender fraud,The freezing will remain in force pending determination of EACC’s recovery suit.,"Mon, 20 Jul 2026 16:51:57 GMT",https://www.businessdailyafrica.com/bd/economy/bank-accounts-frozen-on-turkana-county-tender-fraud-5532720,2026-07-22T08:14:59.854125+00:00
Business Daily Africa,Where the rich grow money for their children,"Wealth managers say that increasingly, affluent parents are opening these investment portfolios not only for themselves but also as long-term wealth-building vehicles for their children.","Mon, 20 Jul 2026 14:02:56 GMT",https://www.businessdailyafrica.com/bd/lifestyle/personal-finance/where-the-rich-grow-money-for-their-children-5532446,2026-07-22T08:14:59.854137+00:00
Business Daily Africa,Costly battery swap franchises stall e-bike expansion in Kenya,"Of the roughly 25,000 electric vehicles on Kenyan roads, more than 24,000 are motorcycles, accounting for about 96 percent of the total.","Mon, 20 Jul 2026 13:06:34 GMT",https://www.businessdailyafrica.com/bd/corporate/shipping-logistics/costly-battery-swap-franchises-stall-e-bike-expansion-in-kenya-5532354,2026-07-22T08:14:59.854148+00:00
Business Daily Africa,Pesalink money transfer fee cuts spread to 19 banks in retail battle,The number of banks and microfinance banks who have agreed to the discounted tariff has risen from 10 in under two months and now includes five of the top 10 lenders in Kenya.,"Tue, 21 Jul 2026 14:20:38 GMT",https://www.businessdailyafrica.com/bd/corporate/companies/pesalink-money-transfer-fee-cuts-spread-to-19-banks-5533510,2026-07-22T08:14:59.854159+00:00
Business Daily Africa,Bank customers left empty-handed after 22-year fight for refunds,They claimed that the banks illegally increased their loan interest rates and other charges.,"Tue, 21 Jul 2026 11:04:04 GMT",https://www.businessdailyafrica.com/bd/corporate/companies/bank-customers-left-empty-handed-22-year-fight-for-refunds-5533228,2026-07-22T08:14:59.854171+00:00
Business Daily Africa,Dealmaker Kenne owner of Nabo Capital acquirer,"Rock Investment Bank acquired the 60 percent stake in Nabo Capital at the end of June, ending Centum's majority ownership after more than a decade","Mon, 20 Jul 2026 17:48:11 GMT",https://www.businessdailyafrica.com/bd/corporate/companies/dealmaker-kenne-owner-of-nabo-capital-acquirer-5532664,2026-07-22T08:14:59.854183+00:00
Business Daily Africa,Insurance broker ordered to pay Monarch Sh49m in premium dispute,"The dispute centred on the authenticity of cancellation notices, with both parties presenting forensic document examiners to analyse receipt stamps appearing on the disputed documents.","Mon, 20 Jul 2026 15:34:20 GMT",https://www.businessdailyafrica.com/bd/corporate/companies/insurance-broker-ordered-to-pay-monarch-in-premium-dispute-5532438,2026-07-22T08:14:59.854195+00:00
Business Daily Africa,BasiGo targets upcountry EVs with four charging stations,"The company operates more than 10 charging stations in Nairobi, primarily serving its electric bus fleet.","Mon, 20 Jul 2026 14:32:17 GMT",https://www.businessdailyafrica.com/bd/corporate/companies/basigo-targets-upcountry-evs-with-four-charging-stations-5532500,2026-07-22T08:14:59.854206+00:00
Business Daily Africa,"Record Google searches in Kenya as fans chase World Cup stars, stadium culture",Search trends demonstrate that online engagement increasingly extends beyond live match coverage into wider curiosity about the sport.,"Tue, 21 Jul 2026 12:24:23 GMT",https://www.businessdailyafrica.com/bd/corporate/technology/record-google-searches-in-kenya-word-cup-stars-5533284,2026-07-22T08:14:59.854225+00:00
Business Daily Africa,Nairobi County locked out of World Bank billions,The financing is a performance-based reform initiative that seeks to strengthen county governance and service delivery.,"Tue, 21 Jul 2026 11:57:54 GMT",https://www.businessdailyafrica.com/bd/economy/failed-reforms-lock-out-nairobi-county-world-bank-billions-5533276,2026-07-22T08:14:59.854236+00:00
Business Daily Africa,The cost of a healthy diet in Kenya up 76pc in eight years,"When healthy food becomes unaffordable, households shift toward cheaper nutrient-poor foods increasing risk of diabetes, hypertension and childhood stunting.","Tue, 21 Jul 2026 13:20:25 GMT",https://www.businessdailyafrica.com/bd/corporate/health/the-cost-of-a-healthy-diet-in-kenya-up-76pc-in-eight-years-5533394,2026-07-22T08:14:59.854248+00:00
Business Daily Africa,CAK probes supermarkets over misleading price tags,"Supermarkets have used promotions to attract buyers, driving turnover and profitability in a competitive field that has expanded steadily after the collapse of major retailers, including Nakumatt and Tuskys, nearly a decade ago.","Mon, 20 Jul 2026 17:37:15 GMT",https://www.businessdailyafrica.com/bd/economy/cak-probes-supermarkets-over-misleading-price-tags-5532774,2026-07-22T08:14:59.854260+00:00
The East African,"AI could lift Sub-Saharan Africa economy 4pc if power, internet improve, IMF says",Around half the region's population lacks reliable power.,"Tue, 21 Jul 2026 23:06:11 GMT",https://www.theeastafrican.co.ke/tea/sustainability/innovation/ai-could-lift-sub-saharan-africa-economy-5533876,2026-07-22T08:16:36.831856+00:00
The East African,"Dirty money curse: How voter bribery, unchecked spending sways democracy in Africa",Addressing political finance is not just about improving electoral integrity. It is about ensuring that democratic participation is more inclusive.,"Tue, 21 Jul 2026 16:08:40 GMT",https://www.theeastafrican.co.ke/tea/news/east-africa/how-voter-bribery-unchecked-spending-sways-democracy-in-africa-5533676,2026-07-22T08:16:36.831891+00:00
The East African,Africa pushes for unlocking untapped critical minerals,Africa holds about 30 percent of the world's reserves of critical minerals.,"Mon, 20 Jul 2026 16:16:34 GMT",https://www.theeastafrican.co.ke/tea/business-tech/africa-pushes-for-unlocking-untapped-critical-minerals-5532528,2026-07-22T08:16:36.831912+00:00
The East African,Uganda launches emergency food aid for drought-hit Karamoja,16 people had died from acute food shortages caused by the prolonged drought in the region.,"Tue, 21 Jul 2026 03:36:14 GMT",https://www.theeastafrican.co.ke/tea/news/east-africa/uganda-launches-emergency-food-aid-for-drought-hit-karamoja-5532882,2026-07-22T08:16:36.831931+00:00
The East African,Abyei scar reopens as South Sudan lays out polls plan,"South Sudan designated Abyei as a voting constituency even though the area remains undetermined, 15 years since South Sudan seceded from Sudan.","Mon, 20 Jul 2026 13:53:28 GMT",https://www.theeastafrican.co.ke/tea/news/east-africa/abyei-scar-reopens-as-south-sudan-lays-out-polls-plan-5532422,2026-07-22T08:16:36.831951+00:00
Kenyans.co.ke,"Britam Unveils New Insurance Package for Over 40,000 ICPAK Members","The new package will see ICPAK members get access to medical insurance, professional indemnity insurance, motor insurance, and home insurance.",2026-07-21T19:04:49+0300,https://www.kenyans.co.ke/featured/125477-britam-partners-icpak-offer-tailored-insurance-solutions-40000-members,2026-07-22T08:16:37.558634+00:00
Kenyans.co.ke,"Ruto Appoints Sossion to TSC, Picks New Govt Spokesperson","The new changes also saw the current Government Spokesperson, Isaac Mwaura, moved from his office and promoted, according to the statement shared by State House Spokesperson Hussein Mohamed.",2026-07-21T18:36:12+0300,https://www.kenyans.co.ke/news/125475-ruto-appoints-charles-owino-new-govt-spokesperson-sossion-tsc-board,2026-07-22T08:16:37.558683+00:00
Kenyans.co.ke,School Closed Indefinitely After Fire Razes Dormitory,"The incident adds to concerns over the safety of boarding school facilities, with education and security officials expected to review the circumstances surrounding the fire.",2026-07-21T17:41:10+0300,https://www.kenyans.co.ke/news/125474-elburgon-secondary-school-closed-indefinitely-after-dormitory-fire,2026-07-22T08:16:37.558718+00:00
Kenyans.co.ke,DCI Warns of Online Exploitation Ring Targeting Women,The latest operation adds to rising concerns over fake employment opportunities targeting vulnerable job seekers across the country.,2026-07-21T17:07:01+0300,https://www.kenyans.co.ke/news/125473-dci-rescues-5-women-suspected-online-sex-exploitation-ring-nairobi,2026-07-22T08:16:37.558751+00:00
Kenyans.co.ke,Nairobi to Host Three U.S. Music Companies After Ruto Meeting,"According to Ruto, the move would support artists, producers, publishers, and investors within Kenya's growing music sector.",2026-07-21T16:02:03+0300,https://www.kenyans.co.ke/news/125472-sony-universal-and-warner-music-agree-establish-offices-nairobi-after-ruto-meeting,2026-07-22T08:16:37.558784+00:00
Kenyans.co.ke,Blow to Politicians as Police Threaten to Withdraw Security,"The warning comes as authorities intensify a nationwide crackdown on political goons following a string of violent incidents that have disrupted public events, protests and elections.",2026-07-21T15:35:12+0300,https://www.kenyans.co.ke/news/125471-police-withdraw-security-politicians-who-hire-goons-coast-commander-warns,2026-07-22T08:16:37.558818+00:00
Kenyans.co.ke,Global Experts Warn Kenyan Visa Applicants Amid Rising Scams,"The warning comes amid increased demand for visas, with many Kenyans seeking to travel abroad for job opportunities as well as for tourism and business.",2026-07-21T15:19:23+0300,https://www.kenyans.co.ke/news/125470-vfs-global-warns-kenyans-against-visa-scams-applications-rise-20,2026-07-22T08:16:37.558850+00:00
Kenyans.co.ke,Ruto Issues Fresh Orders After Goons Terrorise Ol Kalou Residents,"Tension is rising as International observers project that Kenya is more likely to plunge into violence in the 2027 general elections, with a probability of 84 per cent.",2026-07-21T15:12:07+0300,https://www.kenyans.co.ke/news/125469-ruto-orders-security-agencies-crush-all-criminality-linked-goonism,2026-07-22T08:16:37.558883+00:00
Kenyans.co.ke,Gender Commission Warns Kenyans Circulating Some Viral Content,"The advisory comes amid growing concern over the widespread circulation of sensitive content and graphics online, sometimes even without the direct authorisation of victims.",2026-07-21T14:24:19+0300,https://www.kenyans.co.ke/news/125468-ngec-issues-new-advisory-sharing-images-personal-details-gbv-survivors,2026-07-22T08:16:37.558915+00:00
Kenyans.co.ke,92 City Homeowners Face Eviction in Fresh Land Row,EACC is seeking to take over the disputed land that it says belonged to the public before being unlawfully diverted to private individuals.,2026-07-21T13:50:31+0300,https://www.kenyans.co.ke/news/125467-92-kisumu-homeowners-face-eviction-eacc-seeks-recover-prisons-land,2026-07-22T08:16:37.558947+00:00
Kenyans.co.ke,Court Explains When a Title Deed Stops Protecting a Land Owner,"Many Kenyans assume that owning a title deed is enough to guarantee absolute ownership of land, even if another person has occupied or used the property for years.<br />",2026-07-21T13:45:56+0300,https://www.kenyans.co.ke/news/125466-you-can-lose-your-title-deed-if-you-ignore-your-land-12-years-court-rules,2026-07-22T08:16:37.558979+00:00
Kenyans.co.ke,Police Suspect Al-Shabaab Involvement After Two Pupils Go Missing,"This incident comes as there have been growing calls for President William Ruto to reopen the Somalia border, a plan which he has been going back and forth on.",2026-07-21T13:34:05+0300,https://www.kenyans.co.ke/news/125465-police-link-missing-garissa-pupils-suspected-al-shabaab-recruitment,2026-07-22T08:16:37.559011+00:00
Kenyans.co.ke,KDF Expands Security Operations in Eastern DRC,The humanitarian crisis in eastern DRC persists as armed violence and the ongoing Ebola outbreak continue to affect vulnerable communities.,2026-07-21T13:18:51+0300,https://www.kenyans.co.ke/news/125464-kdf-expands-operations-eastern-drc-after-securing-key-corridor,2026-07-22T08:16:37.559042+00:00
Kenyans.co.ke,U.S. Opens New Security Training Programme for Kenyans Ahead of Elections,The programme comes at a time when security agencies in the country are debating new policing models ahead of the 2027 elections amid rising political temperatures.,2026-07-21T13:08:05+0300,https://www.kenyans.co.ke/news/125463-us-opens-grant-train-kenyans-crowd-management-ahead-2027-elections,2026-07-22T08:16:37.559074+00:00
Kenyans.co.ke,NTSA Begins Crackdown on Pedestrians Avoiding Footbridges,"The crackdown comes amid growing concerns over pedestrian deaths in urban areas, with authorities seeking to enforce traffic regulations and raise awareness of safe road use.",2026-07-21T12:54:21+0300,https://www.kenyans.co.ke/news/125462-22-pedestrians-arraigned-ntsa-begins-crackdown-those-avoiding-footbridges,2026-07-22T08:16:37.559108+00:00
Kenyans.co.ke,"Three Charged Over Alleged Fake TSC, Police Recruitment Scam",What began as a promise of securing highly coveted jobs at the TSC and NPS soon turned into an elaborate scam that left victims counting heavy financial losses.,2026-07-21T12:31:17+0300,https://www.kenyans.co.ke/news/125461-three-charged-over-alleged-fake-tsc-police-recruitment-scam-bomet,2026-07-22T08:16:37.559140+00:00
Kenyans.co.ke,KPA Unveils Lamu Port Growth Plan Ahead of Dangote-Linked Refinery Project,"The plans come months ahead of the Ksh2.2 trillion East African oil refinery firm linked to Nigerian businessman Aliko Dangote, which is expected to be constructed near the port.",2026-07-21T12:15:00+0300,https://www.kenyans.co.ke/news/125460-lamu-port-growth-gains-momentum-kpa-seeks-more-ships-cargo-and-investment,2026-07-22T08:16:37.559172+00:00
Kenyans.co.ke,KNEC Outlines Steps to Download Digital KCSE Certificates,"The development is expected to benefit thousands of former students who lost their KCSE certificates or had them withheld by their schools, with applicants required to pay a Ksh1,500 processing fee.<br />",2026-07-21T12:03:43+0300,https://www.kenyans.co.ke/news/125459-knec-outlines-step-step-process-download-digital-kcse-certificate,2026-07-22T08:16:37.559209+00:00
Kenyans.co.ke,"KFS Announces New Rules for Timber, Wood Product Businesses","The service has issued new instructions for forest investors, affecting both new applicants and existing license holders seeking registration.",2026-07-21T11:26:55+0300,https://www.kenyans.co.ke/news/125458-kfs-announces-new-registration-rules-timber-wood-product-businesses,2026-07-22T08:16:37.559242+00:00
Kenyans.co.ke,Ruto Announces Full Funding for All University & College Students,"The announcement is a departure from the current funding model, which allocates financial support based on students' levels of need under the Variable Scholarship.",2026-07-21T11:04:44+0300,https://www.kenyans.co.ke/news/125456-ruto-announces-100-funding-new-university-students,2026-07-22T08:16:37.559273+00:00
NTV Kenya,Inside LSK’s Nationwide Court Boycott | SC Charles Kanjama,Inside LSK&#8217;s Nationwide Court Boycott &#124; SC Charles Kanjama,"Wed, 22 Jul 2026 07:56:55 +0000",https://ntvkenya.co.ke/arts-lifestyle/inside-lsks-nationwide-court-boycott-sc-charles-kanjama/,2026-07-22T08:16:39.004983+00:00
NTV Kenya,Scaling Family Owned Businesses | Business Redefined,"From establishing structures, to capital optimization &#38; navigating succession, family owned business ventures face a raft of challenges as they look to scale their operations. We speak to Florence Wanja, Stanbic bank East Africa Head, Business and Commercial banking &#38; place the spotlight on these businesses &#38; see how we can create an enabling environment [&#8230;]","Tue, 21 Jul 2026 16:35:38 +0000",https://ntvkenya.co.ke/business/scaling-family-owned-businesses-business-redefined/,2026-07-22T08:16:39.005034+00:00
NTV Kenya,Messi says Argentina’s defeat by Spain left immense pain,"Lionel Messi said Argentina&#8217;s World Cup final defeat by Spain had left &#8220;immense&#8221; pain but praised his team for reaching a second successive final and thanked supporters for uniting behind the national side. Spain beat Argentina 1-0 after extra time in Sunday&#8217;s final in East Rutherford, New Jersey, with Ferran Torres scoring the decisive goal [&#8230;]","Tue, 21 Jul 2026 12:38:47 +0000",https://ntvkenya.co.ke/news/messi-says-argentinas-defeat-by-spain-left-immense-pain/,2026-07-22T08:16:39.005071+00:00
NTV Kenya,Senegal President Faye backs ex-leader Macky Sall’s bid for UN Secretary-General,"Senegalese President Bassirou Diomaye Faye has endorsed former President Macky Sall&#8217;s candidacy to become the next United Nations secretary-general, the foreign ministry said on Monday, giving his predecessor crucial backing from his home country despite deep political divisions. Faye reached his decision after meeting Sall on Friday, according to the foreign ministry statement. Sall, who [&#8230;]","Tue, 21 Jul 2026 11:49:08 +0000",https://ntvkenya.co.ke/politics/senegal-president-faye-backs-ex-leader-macky-salls-bid-for-un-secretary-general/,2026-07-22T08:16:39.005104+00:00
NTV Kenya,"Reckless social media posts could derail foreign scholarships, warns Mudavadi","The Kenyans youth have been asked to prioritise peace in their aspirations and be the pillar of stability in the country regardless of rising political temperatures. In his keynote address while opening the Association of Member Episcopal Conferences in Eastern Africa (AMECEA) at the Catholic University of Eastern Africa, Prime Cabinet Secretary (PCS) and Foreign [&#8230;]","Tue, 21 Jul 2026 10:06:26 +0000",https://ntvkenya.co.ke/news/reckless-social-media-posts-could-derail-foreign-scholarships-warns-mudavadi/,2026-07-22T08:16:39.005136+00:00
NTV Kenya,"Spain go back to top of FIFA rankings, Morocco reach record high","World Cup winners Spain climbed back to the top of the FIFA men&#8217;s rankings on Monday, while runners-up Argentina dropped to second place. Luis de la Fuente&#8217;s side beat 2022 world champions Argentina 1-0 after extra time on Sunday to return to the top of the rankings for the first time since January. France and England remain [&#8230;]","Tue, 21 Jul 2026 09:36:07 +0000",https://ntvkenya.co.ke/sports/spain-go-back-to-top-of-fifa-rankings-morocco-reach-record-high/,2026-07-22T08:16:39.005171+00:00
NTV Kenya,Ol Kalou chaos: A closer look at individuals identified in NTV investigation,"The NTV Investigates Special Report, The Ol Kalou Crime Scene: Unmasking the Faces Behind By-Election Bribery and Chaos, which documented alleged voter bribery and placed state officials at the centre of events surrounding the violence that marred the Ol Kalou by-election, has elicited widespread reactions from Kenyans. Yet despite the public outcry, little action has [&#8230;]","Tue, 21 Jul 2026 08:43:40 +0000",https://ntvkenya.co.ke/news/ol-kalou-chaos-a-closer-look-at-individuals-identified-in-ntv-investigation/,2026-07-22T08:16:39.005203+00:00
NTV Kenya,Safaricom Chief Financial Services Officer Esther Waititu quits,"Esther Masese Waititu has resigned as Safaricom PLC’s Chief Financial Services Officer, nearly three years after she took the job. Ms Waititu will leave Safaricom on July 31, 2026, ending a tenure that began in 2023. This marks the latest of C-suite exits from the telecommunications firm, with Chief Strategy Officer Michael Mutiga exiting to [&#8230;]","Tue, 21 Jul 2026 07:49:45 +0000",https://ntvkenya.co.ke/news/safaricom-chief-financial-services-officer-esther-waititu-quits/,2026-07-22T08:16:39.005236+00:00
NTV Kenya,Morocco to boost hotel beds by a fifth ahead of 2030 World Cup,"Morocco plans to expand its hotel capacity by 60,000 beds, equal to about a fifth of its current total, by the time the country co-hosts the 2030 World Cup, its tourism minister said. The North African country is riding a wave of publicity from its quarter-final run in the latest World Cup after becoming the [&#8230;]","Mon, 20 Jul 2026 12:58:41 +0000",https://ntvkenya.co.ke/sports/morocco-to-boost-hotel-beds-by-a-fifth-ahead-of-2030-world-cup/,2026-07-22T08:16:39.005270+00:00
NTV Kenya,"Gachagua exploits Ol Kalou victory, rallies Mt Kenya against Ruto","Democracy for Citizens Party (DCP) leader Rigathi Gachagua has embarked on mobilising Mt Kenya residents against President William Ruto, ahead of the 2027 General Election following his Ol Kalou by-election victory. On Sunday, Mr Gachagua maintained that the Ol Kalou by-election was not a contest between political parties but a supremacy battle between President Ruto and the [&#8230;]","Mon, 20 Jul 2026 12:35:57 +0000",https://ntvkenya.co.ke/news/gachagua-exploits-ol-kalou-victory-rallies-mt-kenya-against-ruto/,2026-07-22T08:16:39.005302+00:00
NTV Kenya,"Kindiki, allies downplay DCP’s Ol Kalou win, vow to deliver Ruto a second term","Leaders allied to the Kenya Kwanza administration now say they will do everything possible to ensure that President William Ruto wins next year&#8217;s general election. Led by Deputy President Kithure Kindiki, the leaders urged Kenyans to unite regardless of their ethnic backgrounds and support the government, promising that all regions will benefit from development projects [&#8230;]","Mon, 20 Jul 2026 12:25:12 +0000",https://ntvkenya.co.ke/news/kindiki-allies-downplay-dcps-ol-kalou-win-vow-to-deliver-ruto-a-second-term/,2026-07-22T08:16:39.005334+00:00
NTV Kenya,Outgoing UK PM Keir Starmer steps down and Andy Burnham takes office,"Outgoing British Prime Minister Keir Starmer on Monday (July 20) told supporters &#8220;his work was done&#8221; and he was leaving Number 10 Downing Street with &#8220;good grace&#8221; and a &#8220;smile&#8221;. Starmer hands the baton over to Andy Burnham, who will become Britain&#8217;s seventh Prime Minister in more than a decade. &#8220;I wish him every success. He has [&#8230;]","Mon, 20 Jul 2026 10:18:56 +0000",https://ntvkenya.co.ke/news/outgoing-uk-pm-keir-starmer-steps-down-and-andy-burnham-takes-office/,2026-07-22T08:16:39.005368+00:00
Citizen Digital (via Google News),"'All or nothing!' Karua says will not settle for deputy president post, to support United Opposition candidate - Citizen Digital","<a href=""https://news.google.com/rss/articles/CBMi3wFBVV95cUxQb3NnV0dsYnFGaVVnTHdaaTY0YjhJaEpDNmVtRG9PblBma2lQRFpFcS0tNDRSM0VkRUpRcjNQTlVtZDFtN0xiQUJLRlFsM2tFTXRNYkdwcDZmdlN5RGpPUXBkRXdNUzd0WXNvX0tnMmJ6R1lEYmNuRmJnbFhWZmFrWHpiU3JWWnR2aXZ5dTlzSXBwaTBSWUI5TW5FRGtTN2ZtVm9tcUR1d2ExYmZ3VDdWdXMzT1lmMlZwT2JRT0RDV3BKRVZsZDRLNnlNWWsybk9qZDlwcEc2bC15amNMb0Vj?oc=5"" target=""_blank"">'All or nothing!' Karua says will not settle for deputy president post, to support United Opposition candidate</a>&nbsp;&nbsp;<font color=""#6f6f6f"">Citizen Digital</font>","Tue, 21 Jul 2026 20:24:30 GMT",https://news.google.com/rss/articles/CBMi3wFBVV95cUxQb3NnV0dsYnFGaVVnTHdaaTY0YjhJaEpDNmVtRG9PblBma2lQRFpFcS0tNDRSM0VkRUpRcjNQTlVtZDFtN0xiQUJLRlFsM2tFTXRNYkdwcDZmdlN5RGpPUXBkRXdNUzd0WXNvX0tnMmJ6R1lEYmNuRmJnbFhWZmFrWHpiU3JWWnR2aXZ5dTlzSXBwaTBSWUI5TW5FRGtTN2ZtVm9tcUR1d2ExYmZ3VDdWdXMzT1lmMlZwT2JRT0RDV3BKRVZsZDRLNnlNWWsybk9qZDlwcEc2bC15amNMb0Vj?oc=5,2026-07-22T08:16:41.934328+00:00
Citizen Digital (via Google News),Suspect flees after killing two men at construction site in Kiambu - Citizen Digital,"<a href=""https://news.google.com/rss/articles/CBMiqgFBVV95cUxNa3A5VzBTYmtlSmtSOFBfNjlWSGhRYjNMTzFlaXJMVTJfWUxmSHRuLVFrR1hWVGEtRXdRd3UteVNKMGFzX2JZTUFweENwdGpnMVM5eElmV1hQcTV4VXpHV3R1MkJLTHdkeURGSTNUbmZTMmVqTkxqZFRyX0F2bnBYLUI0d2g4OWlUQUZONTVZbnAzcFp2WkNuZ3NidjE1NnpLRGFELXJSSG9DZw?oc=5"" target=""_blank"">Suspect flees after killing two men at construction site in Kiambu</a>&nbsp;&nbsp;<font color=""#6f6f6f"">Citizen Digital</font>","Wed, 22 Jul 2026 04:46:56 GMT",https://news.google.com/rss/articles/CBMiqgFBVV95cUxNa3A5VzBTYmtlSmtSOFBfNjlWSGhRYjNMTzFlaXJMVTJfWUxmSHRuLVFrR1hWVGEtRXdRd3UteVNKMGFzX2JZTUFweENwdGpnMVM5eElmV1hQcTV4VXpHV3R1MkJLTHdkeURGSTNUbmZTMmVqTkxqZFRyX0F2bnBYLUI0d2g4OWlUQUZONTVZbnAzcFp2WkNuZ3NidjE1NnpLRGFELXJSSG9DZw?oc=5,2026-07-22T08:16:41.934978+00:00
Citizen Digital (via Google News),Three more suspects linked to Chaiiwali café robbery arrested - Citizen Digital,"<a href=""https://news.google.com/rss/articles/CBMiowFBVV95cUxPWS1sbkdEVHZPeTNtT2FRZ0tMejlTQ19qcFo5anBOT3k1VnN1U2hTVkJTU0RzS05ERGhLdzJ5cWRuWm1TYkx4empaemxpMF9OTHRJZUxYZVM4MkpETFMtN1dtc1ZGdG5BUnhTOUlERnZPOF85eWpEeHRwZ2Y0N0ZCcGFSWHRSclI5cTNRZm95aTBvd3JUWnlaY05DczhnbXlsUE9N?oc=5"" target=""_blank"">Three more suspects linked to Chaiiwali café robbery arrested</a>&nbsp;&nbsp;<font color=""#6f6f6f"">Citizen Digital</font>","Tue, 21 Jul 2026 07:37:24 GMT",https://news.google.com/rss/articles/CBMiowFBVV95cUxPWS1sbkdEVHZPeTNtT2FRZ0tMejlTQ19qcFo5anBOT3k1VnN1U2hTVkJTU0RzS05ERGhLdzJ5cWRuWm1TYkx4empaemxpMF9OTHRJZUxYZVM4MkpETFMtN1dtc1ZGdG5BUnhTOUlERnZPOF85eWpEeHRwZ2Y0N0ZCcGFSWHRSclI5cTNRZm95aTBvd3JUWnlaY05DczhnbXlsUE9N?oc=5,2026-07-22T08:16:41.935023+00:00
Citizen Digital (via Google News),"Over 17,000 packets of suspected counterfeit cigarettes seized in Thika - Citizen Digital","<a href=""https://news.google.com/rss/articles/CBMirwFBVV95cUxQYW9sQlZteDM3ZjlBdzBfU3R1T3c2UXoxbnBzU1hzazF1Yi1mRkI4dC1xazZuaGV6Y0Z1ZHRSZW9Pck1iU1dCbGN3ZUZFejFUaDJNYWoxd29lLXZGQnhmU2JrLXZ5bjhyZmo0YXZFY3RQRHZ0N1B0REN6T3RIZTVzSFA3ZWhsWE5TbXJudklxNkNXb1R2MUowMzJmOU9PUzRLMmJBTFVoN2pGQzZha0Zr?oc=5"" target=""_blank"">Over 17,000 packets of suspected counterfeit cigarettes seized in Thika</a>&nbsp;&nbsp;<font color=""#6f6f6f"">Citizen Digital</font>","Tue, 21 Jul 2026 16:41:53 GMT",https://news.google.com/rss/articles/CBMirwFBVV95cUxQYW9sQlZteDM3ZjlBdzBfU3R1T3c2UXoxbnBzU1hzazF1Yi1mRkI4dC1xazZuaGV6Y0Z1ZHRSZW9Pck1iU1dCbGN3ZUZFejFUaDJNYWoxd29lLXZGQnhmU2JrLXZ5bjhyZmo0YXZFY3RQRHZ0N1B0REN6T3RIZTVzSFA3ZWhsWE5TbXJudklxNkNXb1R2MUowMzJmOU9PUzRLMmJBTFVoN2pGQzZha0Zr?oc=5,2026-07-22T08:16:41.935054+00:00
Citizen Digital (via Google News),President Ruto directs security agencies to tame goonism - Citizen Digital,"<a href=""https://news.google.com/rss/articles/CBMinAFBVV95cUxONHVPNHUyWHZobmNBRmhnZ19oZWF2OHJnVjI5QUtHUlU1REw2UHdwLWthWC1XdVZsczZGc0twcXJRQTJZZUE5S3MwU3VXZmRvZkgteXpMWkRUdEFTTHJ4Y014eVctclNWWHUyWVN0Sl9HUzZaam5hUDd4MG5jeS1DSmlJM3Q4ZnFpTklNSnhrd0JITDUxaTVlTmJEY0E?oc=5"" target=""_blank"">President Ruto directs security agencies to tame goonism</a>&nbsp;&nbsp;<font color=""#6f6f6f"">Citizen Digital</font>","Tue, 21 Jul 2026 11:49:17 GMT",https://news.google.com/rss/articles/CBMinAFBVV95cUxONHVPNHUyWHZobmNBRmhnZ19oZWF2OHJnVjI5QUtHUlU1REw2UHdwLWthWC1XdVZsczZGc0twcXJRQTJZZUE5S3MwU3VXZmRvZkgteXpMWkRUdEFTTHJ4Y014eVctclNWWHUyWVN0Sl9HUzZaam5hUDd4MG5jeS1DSmlJM3Q4ZnFpTklNSnhrd0JITDUxaTVlTmJEY0E?oc=5,2026-07-22T08:16:41.935111+00:00
Citizen Digital (via Google News),Pauline Njoroge resigns from Jubilee Party to join Linda Mwananchi - Citizen Digital,"<a href=""https://news.google.com/rss/articles/CBMiqgFBVV95cUxQbzF1am5SYUFMSVBRVTZoTTc2WEV0QUpzMnJ4WHhNRlhyZlhEci12QlpIYUJMLXVaSTl5RlNQUnd2VnhLWW00UFFkdEdLcG9QUUZrVjJqWnFJVUV5bEpoeGpDdy1xdU1nRDJUdmp4cW5TaVd3X0xMVjdDOEt2MVpsalBpNnZKZ19YSmE1dDRIVUlfcGIwdTFXbHBEMkJjR2UtekF0dDNxZllxdw?oc=5"" target=""_blank"">Pauline Njoroge resigns from Jubilee Party to join Linda Mwananchi</a>&nbsp;&nbsp;<font color=""#6f6f6f"">Citizen Digital</font>","Tue, 21 Jul 2026 09:08:03 GMT",https://news.google.com/rss/articles/CBMiqgFBVV95cUxQbzF1am5SYUFMSVBRVTZoTTc2WEV0QUpzMnJ4WHhNRlhyZlhEci12QlpIYUJMLXVaSTl5RlNQUnd2VnhLWW00UFFkdEdLcG9QUUZrVjJqWnFJVUV5bEpoeGpDdy1xdU1nRDJUdmp4cW5TaVd3X0xMVjdDOEt2MVpsalBpNnZKZ19YSmE1dDRIVUlfcGIwdTFXbHBEMkJjR2UtekF0dDNxZllxdw?oc=5,2026-07-22T08:16:41.935143+00:00
Citizen Digital (via Google News),"Ruto welcomes blueprint to replace Vision 2030, promises public participation - Citizen Digital","<a href=""https://news.google.com/rss/articles/CBMitwFBVV95cUxQOHhaMG15NGZJb3FuZHZ0LUFPNDc0a3JWWXZqblJiUlRsc2hjby1La3NjaHh6OXlxQlR2N1dRQzFXYVhxVmxONnJGVTVRWFBWQnRJZWl3Ty1LdW5NY1hjUzNXUVJERUUwa20xTzlESVQ1clBEbTJoR3Ayc1NYMmduSFpyUThxcXo3MUs4eTB1NUlVN3Q4T2FhNThJWk1ibTVVQ2VGZnNGdXNjSHp3UnVacTIyQTByVHc?oc=5"" target=""_blank"">Ruto welcomes blueprint to replace Vision 2030, promises public participation</a>&nbsp;&nbsp;<font color=""#6f6f6f"">Citizen Digital</font>","Tue, 21 Jul 2026 14:10:24 GMT",https://news.google.com/rss/articles/CBMitwFBVV95cUxQOHhaMG15NGZJb3FuZHZ0LUFPNDc0a3JWWXZqblJiUlRsc2hjby1La3NjaHh6OXlxQlR2N1dRQzFXYVhxVmxONnJGVTVRWFBWQnRJZWl3Ty1LdW5NY1hjUzNXUVJERUUwa20xTzlESVQ1clBEbTJoR3Ayc1NYMmduSFpyUThxcXo3MUs4eTB1NUlVN3Q4T2FhNThJWk1ibTVVQ2VGZnNGdXNjSHp3UnVacTIyQTByVHc?oc=5,2026-07-22T08:16:41.935171+00:00
Citizen Digital (via Google News),Autopsy confirms hotel intern who fell from Upper Hill building died from multiple fractures - Citizen Digital,"<a href=""https://news.google.com/rss/articles/CBMizAFBVV95cUxQNXhhM1RYTno1aE9ZSHg3U29EcFBJS0kxdGl3RmZqN0NaRWpSMHBEWjhTM1VIdEZ5NXFzY0tPc2FYSFNMejQ4T2JMeEpVOXJTek9IX0hndjV6MTM5Y0hST1ptZEVrQURYS1J5SkhpNlA3NFdhUjFGenpSdFlBU2hRZDR0UEFkcktWTVFRNE5XY2hJbHpGYm1ZRFFfZEZjcEVVYmcwenBRS1lIZWgwSk5mTXJHaWpxeGVpS2VJT2d3T2pFUGpZYUlVbkR0aVQ?oc=5"" target=""_blank"">Autopsy confirms hotel intern who fell from Upper Hill building died from multiple fractures</a>&nbsp;&nbsp;<font color=""#6f6f6f"">Citizen Digital</font>","Tue, 21 Jul 2026 17:42:19 GMT",https://news.google.com/rss/articles/CBMizAFBVV95cUxQNXhhM1RYTno1aE9ZSHg3U29EcFBJS0kxdGl3RmZqN0NaRWpSMHBEWjhTM1VIdEZ5NXFzY0tPc2FYSFNMejQ4T2JMeEpVOXJTek9IX0hndjV6MTM5Y0hST1ptZEVrQURYS1J5SkhpNlA3NFdhUjFGenpSdFlBU2hRZDR0UEFkcktWTVFRNE5XY2hJbHpGYm1ZRFFfZEZjcEVVYmcwenBRS1lIZWgwSk5mTXJHaWpxeGVpS2VJT2d3T2pFUGpZYUlVbkR0aVQ?oc=5,2026-07-22T08:16:41.935202+00:00
Citizen Digital (via Google News),Ex-Police Spokesman Charles Owino appointed gov't spokesperson in President Ruto's latest reshuffle - Citizen Digital,"<a href=""https://news.google.com/rss/articles/CBMi0wFBVV95cUxPTk1nLWhTS2RCbkR6ZFJkZ1NHYnFOWHh2WHpZbi1Pc2czMW9CNlJGbmp3eHhRMXJDRjZ2VmdjTkhPZDF0TjR1UnIxRDhHbHpXWG5qcDFfLTVINlVvZkpwX0dFSm5OVU1ybWFkNjhIdDVWTGJWTmFvd0hObXZnNlVOXzRVQVBBb3ZlU3hLU05WSjdyWXR0RmNCbEZTMVVmZENwcHZnV3hXN3JnX3FiMU1IYU9rbzV3YTcyV1BNNFJqTlBIUkhjbHluYWxvM0x5NXZqOTkw?oc=5"" target=""_blank"">Ex-Police Spokesman Charles Owino appointed gov't spokesperson in President Ruto's latest reshuffle</a>&nbsp;&nbsp;<font color=""#6f6f6f"">Citizen Digital</font>","Tue, 21 Jul 2026 16:11:40 GMT",https://news.google.com/rss/articles/CBMi0wFBVV95cUxPTk1nLWhTS2RCbkR6ZFJkZ1NHYnFOWHh2WHpZbi1Pc2czMW9CNlJGbmp3eHhRMXJDRjZ2VmdjTkhPZDF0TjR1UnIxRDhHbHpXWG5qcDFfLTVINlVvZkpwX0dFSm5OVU1ybWFkNjhIdDVWTGJWTmFvd0hObXZnNlVOXzRVQVBBb3ZlU3hLU05WSjdyWXR0RmNCbEZTMVVmZENwcHZnV3hXN3JnX3FiMU1IYU9rbzV3YTcyV1BNNFJqTlBIUkhjbHluYWxvM0x5NXZqOTkw?oc=5,2026-07-22T08:16:41.935232+00:00
Citizen Digital (via Google News),"Three family members arrested, 5 women rescued as online sexual exploitation ring busted - Citizen Digital","<a href=""https://news.google.com/rss/articles/CBMixgFBVV95cUxPZVpTcmh5dFNBemJhYlpsYmNmSG1EMFAycmhfV1NabmtGX3BoZzJTdVBjUW1LY1V5TUd4Y0Q1TkVMT2xpY013aEpudVpuQUF2WTJOT2VNTjlDaGdSWktmcF9KcmFwbGc5RU1GSzkwOThPVVBjRU1jTU1BWFota0twc3NWN256OG9EelZCbHJxS24td3dMRUdQcFUzX24zS3VlUUpkTk1tU0gxMDY5dkpoV0NUOGZSOEZNaUtSRmJ0dWxsZGNVZVE?oc=5"" target=""_blank"">Three family members arrested, 5 women rescued as online sexual exploitation ring busted</a>&nbsp;&nbsp;<font color=""#6f6f6f"">Citizen Digital</font>","Tue, 21 Jul 2026 15:27:08 GMT",https://news.google.com/rss/articles/CBMixgFBVV95cUxPZVpTcmh5dFNBemJhYlpsYmNmSG1EMFAycmhfV1NabmtGX3BoZzJTdVBjUW1LY1V5TUd4Y0Q1TkVMT2xpY013aEpudVpuQUF2WTJOT2VNTjlDaGdSWktmcF9KcmFwbGc5RU1GSzkwOThPVVBjRU1jTU1BWFota0twc3NWN256OG9EelZCbHJxS24td3dMRUdQcFUzX24zS3VlUUpkTk1tU0gxMDY5dkpoV0NUOGZSOEZNaUtSRmJ0dWxsZGNVZVE?oc=5,2026-07-22T08:16:41.935262+00:00
Citizen Digital (via Google News),Nairobi-based lawyer arrested over suspected land fraud - Citizen Digital,"<a href=""https://news.google.com/rss/articles/CBMimwFBVV95cUxQX1MzQWV2elc4U00yOUtWUGtzQm1jQW81QW1lYjdnRzZGTDBLdi1VTkpRR21pYWVPYy1PeTA1V0dYZkNILVpJb0M4STlZejFmazR3MWxZSndQWTZ2dTUzMk5SVXc0emwzcGh1aUswMHZySVFGOWhhNkpMLWJBalNWZ09YOEZMd1RtekJwQVNQdE9oRGFqZ2J3Y2JiTQ?oc=5"" target=""_blank"">Nairobi-based lawyer arrested over suspected land fraud</a>&nbsp;&nbsp;<font color=""#6f6f6f"">Citizen Digital</font>","Tue, 21 Jul 2026 17:27:14 GMT",https://news.google.com/rss/articles/CBMimwFBVV95cUxQX1MzQWV2elc4U00yOUtWUGtzQm1jQW81QW1lYjdnRzZGTDBLdi1VTkpRR21pYWVPYy1PeTA1V0dYZkNILVpJb0M4STlZejFmazR3MWxZSndQWTZ2dTUzMk5SVXc0emwzcGh1aUswMHZySVFGOWhhNkpMLWJBalNWZ09YOEZMd1RtekJwQVNQdE9oRGFqZ2J3Y2JiTQ?oc=5,2026-07-22T08:16:41.935289+00:00
Citizen Digital (via Google News),CCTV shows Constable Kimani as cell sentry on night of Ojwang murder - Citizen Digital,"<a href=""https://news.google.com/rss/articles/CBMitwFBVV95cUxNTVN5eXhxNkNnOF9md3BoOUZWVDB2enpDZmlmTUVxSDBqS0dEZXdzNzU5VDdtT2haOE1sWUJEMGhkNmRuVElxQkdVRUEtbjNlOVVUQW1QQW1aVjBFbUFSUG0waUhxQUR6WVR6MFNiQTlaZ0pNZGhtczM3QmlHZFQxTDJFTmVkOWZOWC1jUWNaX0p3TXBKZm1HbzZrd2pmMkxYcWlPUHRVbHdwd3NubFlPbTQ5cTVLaXM?oc=5"" target=""_blank"">CCTV shows Constable Kimani as cell sentry on night of Ojwang murder</a>&nbsp;&nbsp;<font color=""#6f6f6f"">Citizen Digital</font>","Tue, 21 Jul 2026 09:28:13 GMT",https://news.google.com/rss/articles/CBMitwFBVV95cUxNTVN5eXhxNkNnOF9md3BoOUZWVDB2enpDZmlmTUVxSDBqS0dEZXdzNzU5VDdtT2haOE1sWUJEMGhkNmRuVElxQkdVRUEtbjNlOVVUQW1QQW1aVjBFbUFSUG0waUhxQUR6WVR6MFNiQTlaZ0pNZGhtczM3QmlHZFQxTDJFTmVkOWZOWC1jUWNaX0p3TXBKZm1HbzZrd2pmMkxYcWlPUHRVbHdwd3NubFlPbTQ5cTVLaXM?oc=5,2026-07-22T08:16:41.935316+00:00
Citizen Digital (via Google News),What Kenyans searched for during the 2026 FIFA World Cup: Google reveals - Citizen Digital,"<a href=""https://news.google.com/rss/articles/CBMisAFBVV95cUxQWFBIMUg3NjN4Z2dicE9FaDd2VUJsRlRQZ2NuSFBIU3BscUV2ZjN2MFR3Mlc2eVhDWDl4SjlodkwxNkhzUEhfeXctT0F0Mm5ZWnMtWUdMS0h6aFpWbURjNmw5bTI0VHpXUXpLS3pMalVqb1JYUTNjSzVraWVKdHlMSU1INjRZVVJOVkpVQUFXU0UyeGdJNWVrRHpmNm93MVRmR3YxdWduaXF5cjRXanRVRg?oc=5"" target=""_blank"">What Kenyans searched for during the 2026 FIFA World Cup: Google reveals</a>&nbsp;&nbsp;<font color=""#6f6f6f"">Citizen Digital</font>","Tue, 21 Jul 2026 13:50:16 GMT",https://news.google.com/rss/articles/CBMisAFBVV95cUxQWFBIMUg3NjN4Z2dicE9FaDd2VUJsRlRQZ2NuSFBIU3BscUV2ZjN2MFR3Mlc2eVhDWDl4SjlodkwxNkhzUEhfeXctT0F0Mm5ZWnMtWUdMS0h6aFpWbURjNmw5bTI0VHpXUXpLS3pMalVqb1JYUTNjSzVraWVKdHlMSU1INjRZVVJOVkpVQUFXU0UyeGdJNWVrRHpmNm93MVRmR3YxdWduaXF5cjRXanRVRg?oc=5,2026-07-22T08:16:41.935343+00:00
Citizen Digital (via Google News),Jubilee condemns Gachagua remarks on tourism boycott ahead of 2027 polls - Citizen Digital,"<a href=""https://news.google.com/rss/articles/CBMisgFBVV95cUxPOHhTaVZVUVBObFVLbXhQUEI3VXRULTg4dTBjVDh1WWc3Q1UzOGR0NWdhY3BETkZtVDJxX2JIVlM2MVVqRFJkaHhMcFdVcF9IN1VWbU03Q2Y2V3lfbW1PY3lheFlkM1NiT1BYS24tbnlLTTB0Z2hPcmxDUEdQT2paS1lBT2E2dmhzYmlFU2hIQUNTY0hMbWg5a00tc1FkYmZzYVA2SkxhOTBCY3FiRzM5LU1n?oc=5"" target=""_blank"">Jubilee condemns Gachagua remarks on tourism boycott ahead of 2027 polls</a>&nbsp;&nbsp;<font color=""#6f6f6f"">Citizen Digital</font>","Tue, 21 Jul 2026 07:04:33 GMT",https://news.google.com/rss/articles/CBMisgFBVV95cUxPOHhTaVZVUVBObFVLbXhQUEI3VXRULTg4dTBjVDh1WWc3Q1UzOGR0NWdhY3BETkZtVDJxX2JIVlM2MVVqRFJkaHhMcFdVcF9IN1VWbU03Q2Y2V3lfbW1PY3lheFlkM1NiT1BYS24tbnlLTTB0Z2hPcmxDUEdQT2paS1lBT2E2dmhzYmlFU2hIQUNTY0hMbWg5a00tc1FkYmZzYVA2SkxhOTBCY3FiRzM5LU1n?oc=5,2026-07-22T08:16:41.935372+00:00
Citizen Digital (via Google News),US actress Skai Jackson apologises to Kenyans over controversial mirror remarks - Citizen Digital,"<a href=""https://news.google.com/rss/articles/CBMiuwFBVV95cUxNSWUxUU52b0lPQ3M0c2ktUjJjTTB6MndRdUVla0tzcjNJcHkxdWpiVU55Mm95QW8yTFVfeWFMUS1JQ2dmRDBsbkljLTd4dkdPbWR6cW1WeTUzZzFiRGVWaVFSVDdLa09aUDJRcDFlejA3UGFUS2l2Zm5WMTFxVU83ckRGaVdpUWpvc2FoR1UyQjk1dllEUDdhcTBESGxyWjZtTTNwQVE3Ylc0YWlkdzZXR1JhUUFBeF9IdHpF?oc=5"" target=""_blank"">US actress Skai Jackson apologises to Kenyans over controversial mirror remarks</a>&nbsp;&nbsp;<font color=""#6f6f6f"">Citizen Digital</font>","Mon, 20 Jul 2026 19:42:00 GMT",https://news.google.com/rss/articles/CBMiuwFBVV95cUxNSWUxUU52b0lPQ3M0c2ktUjJjTTB6MndRdUVla0tzcjNJcHkxdWpiVU55Mm95QW8yTFVfeWFMUS1JQ2dmRDBsbkljLTd4dkdPbWR6cW1WeTUzZzFiRGVWaVFSVDdLa09aUDJRcDFlejA3UGFUS2l2Zm5WMTFxVU83ckRGaVdpUWpvc2FoR1UyQjk1dllEUDdhcTBESGxyWjZtTTNwQVE3Ylc0YWlkdzZXR1JhUUFBeF9IdHpF?oc=5,2026-07-22T08:16:41.935418+00:00
Citizen Digital (via Google News),WATCH LIVE: Albert Ojwang Murder Trial at Kibra Law Court - Citizen Digital,"<a href=""https://news.google.com/rss/articles/CBMinAFBVV95cUxPU0hxcnNxZW0zVG82VUN6djJOdnNDRjc1LVg0YXJOWXpZWUVGRWJIUHluUmJCeFhDVHgyWWRycENrdmN4dm1qUVlxSXAxR2xzREpDSUg2S3VJYXFQV3BKem9RNTdLNExQWjFmVmY0aHRGdjJNTnh1YWxVMTRqTHhmTk9SS1A2Smd0clFSZnJKWm10S2JmaFlrQmhKWlI?oc=5"" target=""_blank"">WATCH LIVE: Albert Ojwang Murder Trial at Kibra Law Court</a>&nbsp;&nbsp;<font color=""#6f6f6f"">Citizen Digital</font>","Mon, 20 Jul 2026 07:49:02 GMT",https://news.google.com/rss/articles/CBMinAFBVV95cUxPU0hxcnNxZW0zVG82VUN6djJOdnNDRjc1LVg0YXJOWXpZWUVGRWJIUHluUmJCeFhDVHgyWWRycENrdmN4dm1qUVlxSXAxR2xzREpDSUg2S3VJYXFQV3BKem9RNTdLNExQWjFmVmY0aHRGdjJNTnh1YWxVMTRqTHhmTk9SS1A2Smd0clFSZnJKWm10S2JmaFlrQmhKWlI?oc=5,2026-07-22T08:16:41.935446+00:00
Citizen Digital (via Google News),Repatriated Kenyans seek gov't support to rebuild lives after South Africa return - Citizen Digital,"<a href=""https://news.google.com/rss/articles/CBMivAFBVV95cUxOSzEzLUU3RDNXeDFwR3dXNUM0Qjh0emp6NWFsYnZrdUhkVGlkbFdWSUMxb2xpRlZIMUVvb09lN0F5R19JMVFJMXF4Z1Q5OW9KNnliNHVIS09MWlhTYzhHYVhValhiQnZPc2UwRXZlU1lpQUh4V1owbHVMUmlPaEhOcGhWUmw4N0hVUzBKNzdkVUVUOFpQdFpmYVZMR3hSR3BCUDhGRDdFUEx3R3dKWnpIbEJGY29ITkFaNnZBUg?oc=5"" target=""_blank"">Repatriated Kenyans seek gov't support to rebuild lives after South Africa return</a>&nbsp;&nbsp;<font color=""#6f6f6f"">Citizen Digital</font>","Tue, 21 Jul 2026 17:53:24 GMT",https://news.google.com/rss/articles/CBMivAFBVV95cUxOSzEzLUU3RDNXeDFwR3dXNUM0Qjh0emp6NWFsYnZrdUhkVGlkbFdWSUMxb2xpRlZIMUVvb09lN0F5R19JMVFJMXF4Z1Q5OW9KNnliNHVIS09MWlhTYzhHYVhValhiQnZPc2UwRXZlU1lpQUh4V1owbHVMUmlPaEhOcGhWUmw4N0hVUzBKNzdkVUVUOFpQdFpmYVZMR3hSR3BCUDhGRDdFUEx3R3dKWnpIbEJGY29ITkFaNnZBUg?oc=5,2026-07-22T08:16:41.935473+00:00
Citizen Digital (via Google News),Kiambaa Voters protest against MP over Ol Kalou By-Election violence claims - Citizen Digital,"<a href=""https://news.google.com/rss/articles/CBMitgFBVV95cUxQTExqSXNoRDUyVlZ1VVcyZ0doTXZQUDZDckgxZDZobG5CSlVxQzhlZlBSS3cwelVIVWFxUmtCYjV5UkF3MTRpUzJOS0xxQkNoZmF5cmNCUlZGWlZSMnFwMlAyQnBUZlc3cndXUm00VTg1WDV0UnE1RzBib2MyQXNqSC0xZk1JbDBSRS1nWjRGRjJsMjdTY2haVWNhUWd1Mk5odUNxdHlYZmUzQ3Q0d0wyeTd2UXc4Zw?oc=5"" target=""_blank"">Kiambaa Voters protest against MP over Ol Kalou By-Election violence claims</a>&nbsp;&nbsp;<font color=""#6f6f6f"">Citizen Digital</font>","Mon, 20 Jul 2026 14:27:38 GMT",https://news.google.com/rss/articles/CBMitgFBVV95cUxQTExqSXNoRDUyVlZ1VVcyZ0doTXZQUDZDckgxZDZobG5CSlVxQzhlZlBSS3cwelVIVWFxUmtCYjV5UkF3MTRpUzJOS0xxQkNoZmF5cmNCUlZGWlZSMnFwMlAyQnBUZlc3cndXUm00VTg1WDV0UnE1RzBib2MyQXNqSC0xZk1JbDBSRS1nWjRGRjJsMjdTY2haVWNhUWd1Mk5odUNxdHlYZmUzQ3Q0d0wyeTd2UXc4Zw?oc=5,2026-07-22T08:16:41.935505+00:00
Citizen Digital (via Google News),"Duale dismisses Gachagua's Ol Kalou victory celebrations, says race was between DCP and Jubilee - Citizen Digital","<a href=""https://news.google.com/rss/articles/CBMisgFBVV95cUxOQ3dUWkh0YzNXc3dOTkVzbnRLZjBQZHgyUjZWcV90OWJoXzByU3lhVWlzbTA3bGRjc280TUN3M0NMSjFxSWpYRWduREFFX05OSjZOQ2pJU3p6Tk5nTm9hOFZOUHB3dV9Ob19rd1ZCNHFWSnlNdFBDWlNjeDdFRFd2NV8tekFkTDlYVVdHS25DVHM5cV9QMVNXZG9FOUhpY2c5ODl1cWxzQmNZa1hSQlM3ejBR?oc=5"" target=""_blank"">Duale dismisses Gachagua's Ol Kalou victory celebrations, says race was between DCP and Jubilee</a>&nbsp;&nbsp;<font color=""#6f6f6f"">Citizen Digital</font>","Tue, 21 Jul 2026 17:32:15 GMT",https://news.google.com/rss/articles/CBMisgFBVV95cUxOQ3dUWkh0YzNXc3dOTkVzbnRLZjBQZHgyUjZWcV90OWJoXzByU3lhVWlzbTA3bGRjc280TUN3M0NMSjFxSWpYRWduREFFX05OSjZOQ2pJU3p6Tk5nTm9hOFZOUHB3dV9Ob19rd1ZCNHFWSnlNdFBDWlNjeDdFRFd2NV8tekFkTDlYVVdHS25DVHM5cV9QMVNXZG9FOUhpY2c5ODl1cWxzQmNZa1hSQlM3ejBR?oc=5,2026-07-22T08:16:41.935533+00:00
Citizen Digital (via Google News),New UK PM Burnham stamps authority with cabinet shakeup - Citizen Digital,"<a href=""https://news.google.com/rss/articles/CBMimwFBVV95cUxQMGEtYkVyTVpWOGFHNmNSOEtLZ1JER0l3OWpaX0g3OGxHVFZ3RVNydXNmbFctc2RaOV9HeFpfcVJxdUFyVE1ic3FBMGxRd1l3MmdMa2tmWXdDLUxfdDJHc2xqRXNOanpzY1lWS1R3NXA2TVVkcTdyclBuM0xrQXFzd1FEYlpKSDlNM0dHSFVLY0VWSUVhSDdOTHlmbw?oc=5"" target=""_blank"">New UK PM Burnham stamps authority with cabinet shakeup</a>&nbsp;&nbsp;<font color=""#6f6f6f"">Citizen Digital</font>","Tue, 21 Jul 2026 05:41:31 GMT",https://news.google.com/rss/articles/CBMimwFBVV95cUxQMGEtYkVyTVpWOGFHNmNSOEtLZ1JER0l3OWpaX0g3OGxHVFZ3RVNydXNmbFctc2RaOV9HeFpfcVJxdUFyVE1ic3FBMGxRd1l3MmdMa2tmWXdDLUxfdDJHc2xqRXNOanpzY1lWS1R3NXA2TVVkcTdyclBuM0xrQXFzd1FEYlpKSDlNM0dHSFVLY0VWSUVhSDdOTHlmbw?oc=5,2026-07-22T08:16:41.935580+00:00
Citizen Digital (via Google News),Colombia president-elect alleges guerrilla plot to kill him - Citizen Digital,"<a href=""https://news.google.com/rss/articles/CBMioAFBVV95cUxPNHRncEJGd2JhWm94NEZVek4yUWh0MnlwTnhyNmdFanlzbHdUR1lKbXVhNlVvdDcwNzVNMWlWdzVxaVNES3diWW9sNjlxUDFPcEpvdjAyOUM0OXNiaXoxS0FrbnFvT2NpTXQwLTBqOTNPbEJ6aC1SaWhuSS1HMGxsaFBEMTlhR0VpNy1XeUgyMlZUSXQyRXp1c3BiZjdaZW5a?oc=5"" target=""_blank"">Colombia president-elect alleges guerrilla plot to kill him</a>&nbsp;&nbsp;<font color=""#6f6f6f"">Citizen Digital</font>","Tue, 21 Jul 2026 04:53:05 GMT",https://news.google.com/rss/articles/CBMioAFBVV95cUxPNHRncEJGd2JhWm94NEZVek4yUWh0MnlwTnhyNmdFanlzbHdUR1lKbXVhNlVvdDcwNzVNMWlWdzVxaVNES3diWW9sNjlxUDFPcEpvdjAyOUM0OXNiaXoxS0FrbnFvT2NpTXQwLTBqOTNPbEJ6aC1SaWhuSS1HMGxsaFBEMTlhR0VpNy1XeUgyMlZUSXQyRXp1c3BiZjdaZW5a?oc=5,2026-07-22T08:16:41.935610+00:00
Citizen Digital (via Google News),East Africans find fragile refuge in Kenya as repression soars - Citizen Digital,"<a href=""https://news.google.com/rss/articles/CBMipAFBVV95cUxNd21McUFlR2NvbXhQU2NSd19xRHZmYUQ3eERsbUZ3RlBFTzM3bmVTOWN4Y1Rkb1V3YUkxYTlFQkx0MDdqUmVubkV6Z3NLNHg4SGg0TGhtQWM4MlpsTGZhcXRiVmd3bWhxakdqbWtoVnhBaHR6NTNWRndKV0pKa050R2J6dGFmdjdEemNhTVhaZkgydE5xLVo5d2lfcUJWdWRJcFpreA?oc=5"" target=""_blank"">East Africans find fragile refuge in Kenya as repression soars</a>&nbsp;&nbsp;<font color=""#6f6f6f"">Citizen Digital</font>","Mon, 20 Jul 2026 08:00:50 GMT",https://news.google.com/rss/articles/CBMipAFBVV95cUxNd21McUFlR2NvbXhQU2NSd19xRHZmYUQ3eERsbUZ3RlBFTzM3bmVTOWN4Y1Rkb1V3YUkxYTlFQkx0MDdqUmVubkV6Z3NLNHg4SGg0TGhtQWM4MlpsTGZhcXRiVmd3bWhxakdqbWtoVnhBaHR6NTNWRndKV0pKa050R2J6dGFmdjdEemNhTVhaZkgydE5xLVo5d2lfcUJWdWRJcFpreA?oc=5,2026-07-22T08:16:41.935648+00:00
Citizen Digital (via Google News),South C building collapse: Court issues arrest warrant for accused Nairobi County official - Citizen Digital,"<a href=""https://news.google.com/rss/articles/CBMiyAFBVV95cUxOeE9YWjhUNlNwOFhoSzZNTnU1cXI4ZWQwcnlhRDF3di1Hc05zUmhqNHgtazhiYmVLQmdFSFZXSXkxdEtZRlFnYVlpTHdlUTNGVTNiQmY1ZzlqNlJiTlU5Q1lyU2puZExVbW42V0F5RmlTQ1RCQ2lNVDBLc29uX3RZeEZ3ZTUzcExKUkRuYkh5blI2RlpCYXpsREdyWF91d19NODJYUGdSOEJOckdUbms0bnhyLTc1SGtVNTFKM2p5MW5pUWh4Zl9JNA?oc=5"" target=""_blank"">South C building collapse: Court issues arrest warrant for accused Nairobi County official</a>&nbsp;&nbsp;<font color=""#6f6f6f"">Citizen Digital</font>","Mon, 20 Jul 2026 07:53:27 GMT",https://news.google.com/rss/articles/CBMiyAFBVV95cUxOeE9YWjhUNlNwOFhoSzZNTnU1cXI4ZWQwcnlhRDF3di1Hc05zUmhqNHgtazhiYmVLQmdFSFZXSXkxdEtZRlFnYVlpTHdlUTNGVTNiQmY1ZzlqNlJiTlU5Q1lyU2puZExVbW42V0F5RmlTQ1RCQ2lNVDBLc29uX3RZeEZ3ZTUzcExKUkRuYkh5blI2RlpCYXpsREdyWF91d19NODJYUGdSOEJOckdUbms0bnhyLTc1SGtVNTFKM2p5MW5pUWh4Zl9JNA?oc=5,2026-07-22T08:16:41.935691+00:00
Citizen Digital (via Google News),"OCS Talaam, co-accused deliberately assaulted Albert Ojwang to death - DPP - Citizen Digital","<a href=""https://news.google.com/rss/articles/CBMisAFBVV95cUxNblhIbjZKaGhxTVdEclVNT0YzNVhNd1JYdFZubVRDQ3BpQXBTRTdyRDJpUEZhYk5ZcE02aGp4aF9td0puZU5zcW9yX2dUUEtLZktJR0JmaHAtVWJjYmcxR3FYOG55REI5YzJiaWY2UkNwYmpBSmRvejkydDFiVU5URjBTZ0tVTURlN2xLQjM0UG90TTFqWnJLVlhQdWZrdG0xTC1hWmlieGdoWjVoQzZ3cQ?oc=5"" target=""_blank"">OCS Talaam, co-accused deliberately assaulted Albert Ojwang to death - DPP</a>&nbsp;&nbsp;<font color=""#6f6f6f"">Citizen Digital</font>","Mon, 20 Jul 2026 10:34:54 GMT",https://news.google.com/rss/articles/CBMisAFBVV95cUxNblhIbjZKaGhxTVdEclVNT0YzNVhNd1JYdFZubVRDQ3BpQXBTRTdyRDJpUEZhYk5ZcE02aGp4aF9td0puZU5zcW9yX2dUUEtLZktJR0JmaHAtVWJjYmcxR3FYOG55REI5YzJiaWY2UkNwYmpBSmRvejkydDFiVU5URjBTZ0tVTURlN2xLQjM0UG90TTFqWnJLVlhQdWZrdG0xTC1hWmlieGdoWjVoQzZ3cQ?oc=5,2026-07-22T08:16:41.935719+00:00
Citizen Digital (via Google News),Judge Muchelule's missing gun recovered from Westlands robbery suspect killed by police - Citizen Digital,"<a href=""https://news.google.com/rss/articles/CBMivAFBVV95cUxNZk9ORXVfU3BGQ1hyMzhvU3pKWEw1dHREcExJQjFwaXl5bHk2dlBCLVJ4MzR6bjJFcThUU0F2Y3E1RFVDQ2I4NW5pVi1kUGV6XzQ1M3BjX1ZYdDcxWGFrRDF4cEltNDZDYlJuRkx2VFFhSVoxNTJYNWRQUzV0ZjZDaURLTnAyMVBJVlprQ2djdmxxY1BrOXBMQ1JENG8xdWY4MUZNeVNNRGc2VkN6ZHctUHdIUy1nbE1XU1ZBWA?oc=5"" target=""_blank"">Judge Muchelule's missing gun recovered from Westlands robbery suspect killed by police</a>&nbsp;&nbsp;<font color=""#6f6f6f"">Citizen Digital</font>","Wed, 15 Jul 2026 20:37:08 GMT",https://news.google.com/rss/articles/CBMivAFBVV95cUxNZk9ORXVfU3BGQ1hyMzhvU3pKWEw1dHREcExJQjFwaXl5bHk2dlBCLVJ4MzR6bjJFcThUU0F2Y3E1RFVDQ2I4NW5pVi1kUGV6XzQ1M3BjX1ZYdDcxWGFrRDF4cEltNDZDYlJuRkx2VFFhSVoxNTJYNWRQUzV0ZjZDaURLTnAyMVBJVlprQ2djdmxxY1BrOXBMQ1JENG8xdWY4MUZNeVNNRGc2VkN6ZHctUHdIUy1nbE1XU1ZBWA?oc=5,2026-07-22T08:16:41.935745+00:00
Citizen Digital (via Google News),"IG Kanja, DIG Lagat, PS Ololtuaa summoned in court over Gatoto school management - Citizen Digital","<a href=""https://news.google.com/rss/articles/CBMiugFBVV95cUxQVjE0OXFvOUtPQWtYZ0xIbWNvYnBNYmNsRWFFTEp3ZU1KQWVrQVFvTi04RDU0eklUU2dFLTIxRTgtOGhzVVVCcnltNG1sdDN4V0lqYllRak9veDdZazVuTUZFU0x6ZU1XNFNrYXVzaGJVUEZsZFRUMnk4bWFjdGMtcUF2TzR4dFQ1SnNSR2tyUHhpUFhXY3FUM2U0YWI2LUNvZGtzNUhSaGgySC1xR0dKWWg1SGJHT3hZWnc?oc=5"" target=""_blank"">IG Kanja, DIG Lagat, PS Ololtuaa summoned in court over Gatoto school management</a>&nbsp;&nbsp;<font color=""#6f6f6f"">Citizen Digital</font>","Mon, 20 Jul 2026 12:24:34 GMT",https://news.google.com/rss/articles/CBMiugFBVV95cUxQVjE0OXFvOUtPQWtYZ0xIbWNvYnBNYmNsRWFFTEp3ZU1KQWVrQVFvTi04RDU0eklUU2dFLTIxRTgtOGhzVVVCcnltNG1sdDN4V0lqYllRak9veDdZazVuTUZFU0x6ZU1XNFNrYXVzaGJVUEZsZFRUMnk4bWFjdGMtcUF2TzR4dFQ1SnNSR2tyUHhpUFhXY3FUM2U0YWI2LUNvZGtzNUhSaGgySC1xR0dKWWg1SGJHT3hZWnc?oc=5,2026-07-22T08:16:41.935771+00:00
Citizen Digital (via Google News),Teen dies during Spain World Cup celebrations: local authorities - Citizen Digital,"<a href=""https://news.google.com/rss/articles/CBMipgFBVV95cUxPOWoxTTl4dlJVZW1BOTRfZjVTVzdkbV8yMEhyaDVocFduN3owbVAwSUFVS1RCS012bVRQeVUyWjJIS3lWODNXTlBvb2J2M0dxM2dWQTF2TU85SHFnWXpjLTNIdW9oRGVMZG5seE1OYXJDMDAtUmY5SkF0UzlLbV9MMVd6a3U3VFhJOElJU1lYeTFTMWFhOExYWWJQZTFjbGZqU0pRTlJ3?oc=5"" target=""_blank"">Teen dies during Spain World Cup celebrations: local authorities</a>&nbsp;&nbsp;<font color=""#6f6f6f"">Citizen Digital</font>","Mon, 20 Jul 2026 07:26:40 GMT",https://news.google.com/rss/articles/CBMipgFBVV95cUxPOWoxTTl4dlJVZW1BOTRfZjVTVzdkbV8yMEhyaDVocFduN3owbVAwSUFVS1RCS012bVRQeVUyWjJIS3lWODNXTlBvb2J2M0dxM2dWQTF2TU85SHFnWXpjLTNIdW9oRGVMZG5seE1OYXJDMDAtUmY5SkF0UzlLbV9MMVd6a3U3VFhJOElJU1lYeTFTMWFhOExYWWJQZTFjbGZqU0pRTlJ3?oc=5,2026-07-22T08:16:41.935799+00:00
Citizen Digital (via Google News),"Citizen Digital - Breaking News, Latest News, Kenya Politics, Business, Sports & TV - Citizen Digital","<a href=""https://news.google.com/rss/articles/CBMiQkFVX3lxTE8tM1hfbzNHMXhrVXA2TUtUYlE1eXVtNHNvd0JzaGd2SEp0eXlwZTQ2TGw0a2VVMi1BUm5yUzlPQUo0Zw?oc=5"" target=""_blank"">Citizen Digital - Breaking News, Latest News, Kenya Politics, Business, Sports & TV</a>&nbsp;&nbsp;<font color=""#6f6f6f"">Citizen Digital</font>","Thu, 21 Oct 2021 04:21:50 GMT",https://news.google.com/rss/articles/CBMiQkFVX3lxTE8tM1hfbzNHMXhrVXA2TUtUYlE1eXVtNHNvd0JzaGd2SEp0eXlwZTQ2TGw0a2VVMi1BUm5yUzlPQUo0Zw?oc=5,2026-07-22T08:16:41.935826+00:00
Citizen Digital (via Google News),Sifuna to Atwoli: I do not need your Ksh.1 billion campaign money - Citizen Digital,"<a href=""https://news.google.com/rss/articles/CBMipgFBVV95cUxQbG5fdEtYNDhmU0lhRnVRTkF6LVZQUEtQUnFyZDNqeWhqRkpIRU1MejJ3SFlLU3lvOS1MaEpOQnFKSWJWMi1yalR2b3FELTAxQmlDWGlyMmhYdjQ5OW1hdG03T0VSd1VicjRYMVlKNEdUUjJsbkZZYlRvMEt2dnBpZ1FUNEE2OWxjLUlRbm02MnRSalpaclNNNkpqVTJtUjlYckE3TlpB?oc=5"" target=""_blank"">Sifuna to Atwoli: I do not need your Ksh.1 billion campaign money</a>&nbsp;&nbsp;<font color=""#6f6f6f"">Citizen Digital</font>","Tue, 21 Jul 2026 12:09:26 GMT",https://news.google.com/rss/articles/CBMipgFBVV95cUxQbG5fdEtYNDhmU0lhRnVRTkF6LVZQUEtQUnFyZDNqeWhqRkpIRU1MejJ3SFlLU3lvOS1MaEpOQnFKSWJWMi1yalR2b3FELTAxQmlDWGlyMmhYdjQ5OW1hdG03T0VSd1VicjRYMVlKNEdUUjJsbkZZYlRvMEt2dnBpZ1FUNEE2OWxjLUlRbm02MnRSalpaclNNNkpqVTJtUjlYckE3TlpB?oc=5,2026-07-22T08:16:41.935856+00:00
Citizen Digital (via Google News),Messi denied dream farewell as abject Argentina lose World Cup final - Citizen Digital,"<a href=""https://news.google.com/rss/articles/CBMirAFBVV95cUxObklzR0EyLXdrU1d4b1BzalhYbFJXS0FteFVVVjBrV0phTDRWOUFNc3phSmxyemplOWNzcktRb0xHOXRSV0lFSHJlMXN4eURCTExkdndZdVFWYTI0alJHVDdNb0s0Y0tMY0JqYkFabFFhVWlBMjhfYWt2cTY2dnhlZVQ5aXBWVEFQLUJHbXdnbXZpZk01Q0ZLS2p1R0dVbzJnR2pJVkpET0hGSEZU?oc=5"" target=""_blank"">Messi denied dream farewell as abject Argentina lose World Cup final</a>&nbsp;&nbsp;<font color=""#6f6f6f"">Citizen Digital</font>","Mon, 20 Jul 2026 02:40:21 GMT",https://news.google.com/rss/articles/CBMirAFBVV95cUxObklzR0EyLXdrU1d4b1BzalhYbFJXS0FteFVVVjBrV0phTDRWOUFNc3phSmxyemplOWNzcktRb0xHOXRSV0lFSHJlMXN4eURCTExkdndZdVFWYTI0alJHVDdNb0s0Y0tMY0JqYkFabFFhVWlBMjhfYWt2cTY2dnhlZVQ5aXBWVEFQLUJHbXdnbXZpZk01Q0ZLS2p1R0dVbzJnR2pJVkpET0hGSEZU?oc=5,2026-07-22T08:16:41.936245+00:00
Citizen Digital (via Google News),CCTV footage shows Albert Ojwang alive moments before being locked in police cells - Citizen Digital,"<a href=""https://news.google.com/rss/articles/CBMivwFBVV95cUxPZEdqbi0zbERYOHo5OGY4aVp3dnhNVzR1ZlF2S3VoejZwNXNoQ1JCZ3U4c3dsY08yMUEwdjJVX2o2WUJFOVdlSkVrWFJlWjBkcTFuQ1dHNG5UR1JRQzRVcGdtRzczQjJFQVYxY3NLd2haUXAzYk4ta2txZGd3dnVKaG4zOXJOUnJZZDZXZzFFSzBhTFVfbUtqc1FEZUNIMWl4RGlkODhheHEzZ0pWZ3ZSbU5LRnluSExFUUFvbmlkVQ?oc=5"" target=""_blank"">CCTV footage shows Albert Ojwang alive moments before being locked in police cells</a>&nbsp;&nbsp;<font color=""#6f6f6f"">Citizen Digital</font>","Tue, 21 Jul 2026 15:11:03 GMT",https://news.google.com/rss/articles/CBMivwFBVV95cUxPZEdqbi0zbERYOHo5OGY4aVp3dnhNVzR1ZlF2S3VoejZwNXNoQ1JCZ3U4c3dsY08yMUEwdjJVX2o2WUJFOVdlSkVrWFJlWjBkcTFuQ1dHNG5UR1JRQzRVcGdtRzczQjJFQVYxY3NLd2haUXAzYk4ta2txZGd3dnVKaG4zOXJOUnJZZDZXZzFFSzBhTFVfbUtqc1FEZUNIMWl4RGlkODhheHEzZ0pWZ3ZSbU5LRnluSExFUUFvbmlkVQ?oc=5,2026-07-22T08:16:41.936275+00:00
Citizen Digital (via Google News),Judge Muchelule records statement as police probe missing gun used in Westlands robbery - Citizen Digital,"<a href=""https://news.google.com/rss/articles/CBMixgFBVV95cUxQUkVqOEhVbjN5ZDBVMy14UUVlUnhRSkkyQ084aFF0RW9sQ2FZYmw2RG1zVDBQZnVCWHJUa3BKSF8zdzhJZDMzTWdtajdldHJjT203WXhzcDdxcWRyMDdTSUo2WHBDWmw1Z215TW9DVkVreVBUTmZtUXVJZGU5d004WWtDMG5VZl9xbGtpSTVsTGlpZmFuNG1hMUtrTmlLSGcyTDZFXzF2YUJKanh4bjlTbjJscVVVS3pXNlBNRkpGSElGTXp3c1E?oc=5"" target=""_blank"">Judge Muchelule records statement as police probe missing gun used in Westlands robbery</a>&nbsp;&nbsp;<font color=""#6f6f6f"">Citizen Digital</font>","Thu, 16 Jul 2026 18:36:07 GMT",https://news.google.com/rss/articles/CBMixgFBVV95cUxQUkVqOEhVbjN5ZDBVMy14UUVlUnhRSkkyQ084aFF0RW9sQ2FZYmw2RG1zVDBQZnVCWHJUa3BKSF8zdzhJZDMzTWdtajdldHJjT203WXhzcDdxcWRyMDdTSUo2WHBDWmw1Z215TW9DVkVreVBUTmZtUXVJZGU5d004WWtDMG5VZl9xbGtpSTVsTGlpZmFuNG1hMUtrTmlLSGcyTDZFXzF2YUJKanh4bjlTbjJscVVVS3pXNlBNRkpGSElGTXp3c1E?oc=5,2026-07-22T08:16:41.936324+00:00
Citizen Digital (via Google News),La Liga chief says FIFA 'destroying football industry' - Citizen Digital,"<a href=""https://news.google.com/rss/articles/CBMilwFBVV95cUxQdGFDMlFHaVBqTGpIWEdUUEVDNGxXRk1TZUNILWlGLXhSeElRMFlpaGpLWXNmbllRVHE4MUZlQ0NBUnJqaFJMZnJjSHN4SXlpUEhqb1JYT3ZqR294SWhFWU9FSXo0LXhUNVRzSG1vR1Zqblh1eGxMek5ZeHRxS21yc2dCZmw5Zk9XMVlfSFJUbjM4VTdUeTJZ?oc=5"" target=""_blank"">La Liga chief says FIFA 'destroying football industry'</a>&nbsp;&nbsp;<font color=""#6f6f6f"">Citizen Digital</font>","Tue, 21 Jul 2026 18:53:48 GMT",https://news.google.com/rss/articles/CBMilwFBVV95cUxQdGFDMlFHaVBqTGpIWEdUUEVDNGxXRk1TZUNILWlGLXhSeElRMFlpaGpLWXNmbllRVHE4MUZlQ0NBUnJqaFJMZnJjSHN4SXlpUEhqb1JYT3ZqR294SWhFWU9FSXo0LXhUNVRzSG1vR1Zqblh1eGxMek5ZeHRxS21yc2dCZmw5Zk9XMVlfSFJUbjM4VTdUeTJZ?oc=5,2026-07-22T08:16:41.936363+00:00
Citizen Digital (via Google News),Gachagua returns to Ol Kalou for DCP 'Thank You' tour after landslide by-election win - Citizen Digital,"<a href=""https://news.google.com/rss/articles/CBMiwAFBVV95cUxOczNrU2h4N0pNX3VtWUVFaXp4Q3FaSmp6b2lJYjJUMHZtVFgyclBkcWlOOE16S19VdVFMdWI2aWRWSmhjWldEd25tMmQzNWJLSUdnX2UtMDRoXzRUclBkcElXRmVBUG5UZzVZd3BOU0ctUW1PNzI2MlFRLWYxZDJ4bGV4Unc2eTNsMkluMnpMZkVNRVc0Tk1wbEpXVWxJcnV3VUtxazNSa3BHNTdkRUt5WnROLUxSS0hLUURuVFVKbEI?oc=5"" target=""_blank"">Gachagua returns to Ol Kalou for DCP 'Thank You' tour after landslide by-election win</a>&nbsp;&nbsp;<font color=""#6f6f6f"">Citizen Digital</font>","Fri, 17 Jul 2026 05:11:46 GMT",https://news.google.com/rss/articles/CBMiwAFBVV95cUxOczNrU2h4N0pNX3VtWUVFaXp4Q3FaSmp6b2lJYjJUMHZtVFgyclBkcWlOOE16S19VdVFMdWI2aWRWSmhjWldEd25tMmQzNWJLSUdnX2UtMDRoXzRUclBkcElXRmVBUG5UZzVZd3BOU0ctUW1PNzI2MlFRLWYxZDJ4bGV4Unc2eTNsMkluMnpMZkVNRVc0Tk1wbEpXVWxJcnV3VUtxazNSa3BHNTdkRUt5WnROLUxSS0hLUURuVFVKbEI?oc=5,2026-07-22T08:16:41.936400+00:00
Citizen Digital (via Google News),Spanish World Cup celebrations detected by seismic sensors after final goal - Citizen Digital,"<a href=""https://news.google.com/rss/articles/CBMitgFBVV95cUxOVkdKZEFIU1pqZVA4UEtOeERsUnlLVHBnaHQ3cXIyRjZZUlJiN2F6enFqM1hNcUdlN2NjSnNKR3dwamQ0TzM4c0ZkT0NGTDVhS0Y4RmdwODRrc2hkOGFnLW5qUjVaTi1LUGc2SzRHNDlUallnamxNcUwzcWNTUk1femU3d2tEb19jTFBLbmZfUm15YjBTSjNfWWY3VDJ4M2VKU2kyYmlnOF9sZUxQTkhWOWlyXzRCQQ?oc=5"" target=""_blank"">Spanish World Cup celebrations detected by seismic sensors after final goal</a>&nbsp;&nbsp;<font color=""#6f6f6f"">Citizen Digital</font>","Mon, 20 Jul 2026 19:42:00 GMT",https://news.google.com/rss/articles/CBMitgFBVV95cUxOVkdKZEFIU1pqZVA4UEtOeERsUnlLVHBnaHQ3cXIyRjZZUlJiN2F6enFqM1hNcUdlN2NjSnNKR3dwamQ0TzM4c0ZkT0NGTDVhS0Y4RmdwODRrc2hkOGFnLW5qUjVaTi1LUGc2SzRHNDlUallnamxNcUwzcWNTUk1femU3d2tEb19jTFBLbmZfUm15YjBTSjNfWWY3VDJ4M2VKU2kyYmlnOF9sZUxQTkhWOWlyXzRCQQ?oc=5,2026-07-22T08:16:41.936428+00:00
Citizen Digital (via Google News),Search - Citizen Digital,"<a href=""https://news.google.com/rss/articles/CBMiREFVX3lxTE9SdDJ4ODhBRVJuU2kyZzNlaUJhMmktNTh0bXZ1Q2s2eHFyUXJRWVFqY05ZWjNMdmV6ZWNYdEQ3ZlU0ci1M?oc=5"" target=""_blank"">Search</a>&nbsp;&nbsp;<font color=""#6f6f6f"">Citizen Digital</font>","Sun, 23 Nov 2025 22:26:22 GMT",https://news.google.com/rss/articles/CBMiREFVX3lxTE9SdDJ4ODhBRVJuU2kyZzNlaUJhMmktNTh0bXZ1Q2s2eHFyUXJRWVFqY05ZWjNMdmV6ZWNYdEQ3ZlU0ci1M?oc=5,2026-07-22T08:16:41.936492+00:00
Citizen Digital (via Google News),Family seeks justice after kin was killed during Ol Kalou by-election - Citizen Digital,"<a href=""https://news.google.com/rss/articles/CBMirgFBVV95cUxOdkhXNy1SN1hSZ2xaQmZIXy1PZlFiaGl1bi1YVVllVUkxTUJOWmpYWF9pRVpwTlJXcnNzYjZCdzZjNnI3M0t0Z0g0ZnF2Q2RIVjFCd3NhLTFLbHpfelBibG0yOFpJczBJWjRGLWRJNXM3blZfelk5em1OVVJETjBEeVlVT0dTR2ZnZTM1WnJuc0J4VXR6MzRwMm9hUkNhcGVnMHI3Vm1GQTNqcldpMHc?oc=5"" target=""_blank"">Family seeks justice after kin was killed during Ol Kalou by-election</a>&nbsp;&nbsp;<font color=""#6f6f6f"">Citizen Digital</font>","Sun, 19 Jul 2026 17:53:20 GMT",https://news.google.com/rss/articles/CBMirgFBVV95cUxOdkhXNy1SN1hSZ2xaQmZIXy1PZlFiaGl1bi1YVVllVUkxTUJOWmpYWF9pRVpwTlJXcnNzYjZCdzZjNnI3M0t0Z0g0ZnF2Q2RIVjFCd3NhLTFLbHpfelBibG0yOFpJczBJWjRGLWRJNXM3blZfelk5em1OVVJETjBEeVlVT0dTR2ZnZTM1WnJuc0J4VXR6MzRwMm9hUkNhcGVnMHI3Vm1GQTNqcldpMHc?oc=5,2026-07-22T08:16:41.936527+00:00
Citizen Digital (via Google News),India floods and landslides kill at least 19 - Citizen Digital,"<a href=""https://news.google.com/rss/articles/CBMijAFBVV95cUxQNTNGZVA1c1czaUlTSDRrclhhSng2Zk5sbUR2NURBQ3A0WElCOTVKMGVJc253bEctNHpNc29vMmtZMFBoeTZPbVhYbWRSYl9mZDJjZENXa29tV3lqZ3Y3QUQ1TEwyYm5INGRTbGVtdk12dVhKYjNGWjRrTllFRFRRSHQwbUc4ZEk3VHdLbA?oc=5"" target=""_blank"">India floods and landslides kill at least 19</a>&nbsp;&nbsp;<font color=""#6f6f6f"">Citizen Digital</font>","Sun, 19 Jul 2026 14:39:48 GMT",https://news.google.com/rss/articles/CBMijAFBVV95cUxQNTNGZVA1c1czaUlTSDRrclhhSng2Zk5sbUR2NURBQ3A0WElCOTVKMGVJc253bEctNHpNc29vMmtZMFBoeTZPbVhYbWRSYl9mZDJjZENXa29tV3lqZ3Y3QUQ1TEwyYm5INGRTbGVtdk12dVhKYjNGWjRrTllFRFRRSHQwbUc4ZEk3VHdLbA?oc=5,2026-07-22T08:16:41.936560+00:00
Citizen Digital (via Google News),Ol Kalou by-election mirrors what awaits Ruto in 2027 - MP-elect Ngotho - Citizen Digital,"<a href=""https://news.google.com/rss/articles/CBMirgFBVV95cUxQdUpBV0MtV3psN1JHbVNhaDhuMmFmU3hyOTAzWkc3aExPQlo5cXF2bVdNZVMyNFVXS1F1cEJRS09BdEFkd2xFS0VRNzg1VjBSNjdlY1FTNXZPNXloNmwtalNTd19NWU9KNHhQcHNNLTV5OHJvVHNNMTZ2dXAybEZtX2VVeFhEY1dzZFEyVHE3eUQ4Z0Q1bzBKTS1CUWdFSnFQUWxBTmVnbGVxaUJ2S3c?oc=5"" target=""_blank"">Ol Kalou by-election mirrors what awaits Ruto in 2027 - MP-elect Ngotho</a>&nbsp;&nbsp;<font color=""#6f6f6f"">Citizen Digital</font>","Mon, 20 Jul 2026 06:46:19 GMT",https://news.google.com/rss/articles/CBMirgFBVV95cUxQdUpBV0MtV3psN1JHbVNhaDhuMmFmU3hyOTAzWkc3aExPQlo5cXF2bVdNZVMyNFVXS1F1cEJRS09BdEFkd2xFS0VRNzg1VjBSNjdlY1FTNXZPNXloNmwtalNTd19NWU9KNHhQcHNNLTV5OHJvVHNNMTZ2dXAybEZtX2VVeFhEY1dzZFEyVHE3eUQ4Z0Q1bzBKTS1CUWdFSnFQUWxBTmVnbGVxaUJ2S3c?oc=5,2026-07-22T08:16:41.936588+00:00
Citizen Digital (via Google News),Voting kicks off in high-stakes Ol Kalou By-Election - Citizen Digital,"<a href=""https://news.google.com/rss/articles/CBMilwFBVV95cUxNMWlDZkFxSkE1ZjN2cTRpeWtmOHhWWkx6RWYyOVJEN0ZSaDdoR3l2aEx5Z21BODlZUURYcHY2Q1FZaHJNdXZIR3EzT2pkbzQwMUE2T01HZ1RRRWQtaXhyVlQtWndzdG81bDhTRVlBU3U1eUdJTmdUbzJzSnJaUUdINnRJdXlPaEpkb0h4eU9CMV9hVGN2eWhB?oc=5"" target=""_blank"">Voting kicks off in high-stakes Ol Kalou By-Election</a>&nbsp;&nbsp;<font color=""#6f6f6f"">Citizen Digital</font>","Thu, 16 Jul 2026 04:11:21 GMT",https://news.google.com/rss/articles/CBMilwFBVV95cUxNMWlDZkFxSkE1ZjN2cTRpeWtmOHhWWkx6RWYyOVJEN0ZSaDdoR3l2aEx5Z21BODlZUURYcHY2Q1FZaHJNdXZIR3EzT2pkbzQwMUE2T01HZ1RRRWQtaXhyVlQtWndzdG81bDhTRVlBU3U1eUdJTmdUbzJzSnJaUUdINnRJdXlPaEpkb0h4eU9CMV9hVGN2eWhB?oc=5,2026-07-22T08:16:41.936630+00:00
Citizen Digital (via Google News),KPA gaffer Mugabe targets defensive improvement despite double victory - Citizen Digital,"<a href=""https://news.google.com/rss/articles/CBMirwFBVV95cUxOd0pleE0yS2IzaXdVUnA5RjF3cVhmM3ZFWjFUV1pNUEVya1g5Q2xPTkkxXzFoZVpEcFRNS3dvd09YNUNzcjdaajlCd1RPT0JYMXZjd01oNldyZnE1SFlHZmluTkc2T2pkQ256QWlSaHBXTU04MmxwaVdEdk1sNzB1MmlxMnJGamJLcjY3bjVaTDlnVW1ydFFkejl1TDljeXFOSm1LYlpzb0k2RW5hb3cw?oc=5"" target=""_blank"">KPA gaffer Mugabe targets defensive improvement despite double victory</a>&nbsp;&nbsp;<font color=""#6f6f6f"">Citizen Digital</font>","Tue, 21 Jul 2026 15:13:30 GMT",https://news.google.com/rss/articles/CBMirwFBVV95cUxOd0pleE0yS2IzaXdVUnA5RjF3cVhmM3ZFWjFUV1pNUEVya1g5Q2xPTkkxXzFoZVpEcFRNS3dvd09YNUNzcjdaajlCd1RPT0JYMXZjd01oNldyZnE1SFlHZmluTkc2T2pkQ256QWlSaHBXTU04MmxwaVdEdk1sNzB1MmlxMnJGamJLcjY3bjVaTDlnVW1ydFFkejl1TDljeXFOSm1LYlpzb0k2RW5hb3cw?oc=5,2026-07-22T08:16:41.936721+00:00
Citizen Digital (via Google News),KTDA chair Njeru blames 0.8% export levy for declines in tea market - Citizen Digital,"<a href=""https://news.google.com/rss/articles/CBMiqAFBVV95cUxOaGZ0R3Q1M2JXMVptQm53WnBhenFUdTdjdFMxZ3dNVVVkOGJ2djNiU3BNaDVjN29sS2tCR2V0Zy1JM3Z2dFIxMG5QbERDM21Od3dlT3ZCRGxKRzljNWo4MlNtZDl0MWVWUGNLMDdJQXBlcmtIUGd1NnhLVEdCMXBnX1hUa2RlLU9OMGM2UWh4eXIwa0h6R3BsU0tsd0xuZ2tyYlFDNmFNWGE?oc=5"" target=""_blank"">KTDA chair Njeru blames 0.8% export levy for declines in tea market</a>&nbsp;&nbsp;<font color=""#6f6f6f"">Citizen Digital</font>","Wed, 22 Jul 2026 07:04:15 GMT",https://news.google.com/rss/articles/CBMiqAFBVV95cUxOaGZ0R3Q1M2JXMVptQm53WnBhenFUdTdjdFMxZ3dNVVVkOGJ2djNiU3BNaDVjN29sS2tCR2V0Zy1JM3Z2dFIxMG5QbERDM21Od3dlT3ZCRGxKRzljNWo4MlNtZDl0MWVWUGNLMDdJQXBlcmtIUGd1NnhLVEdCMXBnX1hUa2RlLU9OMGM2UWh4eXIwa0h6R3BsU0tsd0xuZ2tyYlFDNmFNWGE?oc=5,2026-07-22T08:16:41.936751+00:00
Citizen Digital (via Google News),Judiciary assures normal court proceedings ahead of lawyers boycott - Citizen Digital,"<a href=""https://news.google.com/rss/articles/CBMiqwFBVV95cUxPS0hHaG5ja3NNSTJETnNPNzBmbzVuUTVGTU9VNDVUbjZuN25HLXgxNllZc1l3UU9fNnRKTzF2Nm9KMkoySHljcnUwRW9SS213ZGJGOFBvNndjeWRNb0xwT20tQ05PUGRqZDJqMXdyREtNQUtuaFZIekNBZE96VTNMZjJnbm1iLWM0U1FGVmlrNDV6Q1FHY1FhZGpVYjgwVHc5M3FWQlBrakpzWEk?oc=5"" target=""_blank"">Judiciary assures normal court proceedings ahead of lawyers boycott</a>&nbsp;&nbsp;<font color=""#6f6f6f"">Citizen Digital</font>","Mon, 20 Jul 2026 12:01:53 GMT",https://news.google.com/rss/articles/CBMiqwFBVV95cUxPS0hHaG5ja3NNSTJETnNPNzBmbzVuUTVGTU9VNDVUbjZuN25HLXgxNllZc1l3UU9fNnRKTzF2Nm9KMkoySHljcnUwRW9SS213ZGJGOFBvNndjeWRNb0xwT20tQ05PUGRqZDJqMXdyREtNQUtuaFZIekNBZE96VTNMZjJnbm1iLWM0U1FGVmlrNDV6Q1FHY1FhZGpVYjgwVHc5M3FWQlBrakpzWEk?oc=5,2026-07-22T08:16:41.936777+00:00
Citizen Digital (via Google News),Kenya to continue spearheading equitable development with focus on youth - Mudavadi - Citizen Digital,"<a href=""https://news.google.com/rss/articles/CBMivgFBVV95cUxPUHlRRTJEclhVZUpaNnE5eTh4VzZBdkhWdG1ZMzZ6QWVFYUJsX0FPelcyZEEzM1ZOazVSY0syVFlvQkVzcnJYLXFleVk5cncyLWxmZk83dFowMVBhVm9sMF82NDNpV1pobjlPM1BQVWZ1RTNoN0FjLVNBSE4xbXRQbTFWcnE4T216LTY5a292dnNpejlIak95VXh4amNyRjNfT2tSY1dmeWNURU9nTHRLbC1Pc3pOQnIzQXNlZmZB?oc=5"" target=""_blank"">Kenya to continue spearheading equitable development with focus on youth - Mudavadi</a>&nbsp;&nbsp;<font color=""#6f6f6f"">Citizen Digital</font>","Tue, 21 Jul 2026 06:41:55 GMT",https://news.google.com/rss/articles/CBMivgFBVV95cUxPUHlRRTJEclhVZUpaNnE5eTh4VzZBdkhWdG1ZMzZ6QWVFYUJsX0FPelcyZEEzM1ZOazVSY0syVFlvQkVzcnJYLXFleVk5cncyLWxmZk83dFowMVBhVm9sMF82NDNpV1pobjlPM1BQVWZ1RTNoN0FjLVNBSE4xbXRQbTFWcnE4T216LTY5a292dnNpejlIak95VXh4amNyRjNfT2tSY1dmeWNURU9nTHRLbC1Pc3pOQnIzQXNlZmZB?oc=5,2026-07-22T08:16:41.936805+00:00
Citizen Digital (via Google News),EACC moves to recover Ksh.790M grabbed Kenya Prisons land in Kisumu - Citizen Digital,"<a href=""https://news.google.com/rss/articles/CBMiqgFBVV95cUxNaUVWQk5LZjl2NXM4TU5PV0R3U3Ewd2N4QTBNTjNqSWk2WTduYkNlWVl2QkFVYkhRa05pOUhwNndtSU1TWE13NjlsV0JiSVBPVkRGRU5QV2xYenU3VTJyMDNZTHA3bEVQeWp2QkNERGpiOHU3QlRoV1JmR3VUTllyUGZqcEhvOEJIdXdnckVYemJKM0pYMDg5bmV3TFQ2ZjNKeEdDcDFxVTQzZw?oc=5"" target=""_blank"">EACC moves to recover Ksh.790M grabbed Kenya Prisons land in Kisumu</a>&nbsp;&nbsp;<font color=""#6f6f6f"">Citizen Digital</font>","Tue, 21 Jul 2026 15:41:27 GMT",https://news.google.com/rss/articles/CBMiqgFBVV95cUxNaUVWQk5LZjl2NXM4TU5PV0R3U3Ewd2N4QTBNTjNqSWk2WTduYkNlWVl2QkFVYkhRa05pOUhwNndtSU1TWE13NjlsV0JiSVBPVkRGRU5QV2xYenU3VTJyMDNZTHA3bEVQeWp2QkNERGpiOHU3QlRoV1JmR3VUTllyUGZqcEhvOEJIdXdnckVYemJKM0pYMDg5bmV3TFQ2ZjNKeEdDcDFxVTQzZw?oc=5,2026-07-22T08:16:41.936834+00:00
Citizen Digital (via Google News),Andy Burnham set to take over as new British PM - Citizen Digital,"<a href=""https://news.google.com/rss/articles/CBMijgFBVV95cUxNQW1TMWVnWno2QVZIUVdpUW9FbjVKR19rdmJkZXdFUFdVV3hlNjRSWjNSRjE2U0VEMEdtYnJ6U0taQ1JIeUViWVQ2NV9oZk5qRUdnZjVZRlNMd0J2TlZaZnF6NnV6ZFB3bkNjSVN4bXg5aklUVVhnVzRUZTRJYmkzX2xtS1lINk8xTERIb3Bn?oc=5"" target=""_blank"">Andy Burnham set to take over as new British PM</a>&nbsp;&nbsp;<font color=""#6f6f6f"">Citizen Digital</font>","Mon, 20 Jul 2026 10:21:01 GMT",https://news.google.com/rss/articles/CBMijgFBVV95cUxNQW1TMWVnWno2QVZIUVdpUW9FbjVKR19rdmJkZXdFUFdVV3hlNjRSWjNSRjE2U0VEMEdtYnJ6U0taQ1JIeUViWVQ2NV9oZk5qRUdnZjVZRlNMd0J2TlZaZnF6NnV6ZFB3bkNjSVN4bXg5aklUVVhnVzRUZTRJYmkzX2xtS1lINk8xTERIb3Bn?oc=5,2026-07-22T08:16:41.936862+00:00
Citizen Digital (via Google News),Trump says US 'not finished at all' with Iran - Citizen Digital,"<a href=""https://news.google.com/rss/articles/CBMiiwFBVV95cUxPMjg3SmlVWFVXYTZtZ1FiTkRLOHlWUGFwUWZNTmNKNjVlczVuTzY0ZlFGVHpKeWstazMyWXNHTWlHOUVuUXBGX2ZJTTNsRDZldXREeVRXSm5YdlhMMzZVZjBQMXhSMlBfc0wzYnR0QXZhVTBFMkRBWmVZRHVLRm1CV2FySEJRQzUzZ2pn?oc=5"" target=""_blank"">Trump says US 'not finished at all' with Iran</a>&nbsp;&nbsp;<font color=""#6f6f6f"">Citizen Digital</font>","Wed, 22 Jul 2026 03:02:28 GMT",https://news.google.com/rss/articles/CBMiiwFBVV95cUxPMjg3SmlVWFVXYTZtZ1FiTkRLOHlWUGFwUWZNTmNKNjVlczVuTzY0ZlFGVHpKeWstazMyWXNHTWlHOUVuUXBGX2ZJTTNsRDZldXREeVRXSm5YdlhMMzZVZjBQMXhSMlBfc0wzYnR0QXZhVTBFMkRBWmVZRHVLRm1CV2FySEJRQzUzZ2pn?oc=5,2026-07-22T08:16:41.936890+00:00
Citizen Digital (via Google News),Ruto pledges deeper Kenya-UK ties in message to new PM Andy Burnham - Citizen Digital,"<a href=""https://news.google.com/rss/articles/CBMiqwFBVV95cUxOaWV5SUVVNXozWG45V3RJT1h2VjlyZmZzdmQ1NlppLW5fTlNRRlViSnF4X3M1QS1DbndIaG9JUV80V3UyRWhNVFpBWTlVR3dBSmNocWVDSlZ1Q1hGWXpVcWJ5ckc0VzJqOVBRZV95V1dGR1VxWEV6YzUzcU1sOVN2ejJxR05aUXVtR2J6cFJwN2szZzdSTXV4YnJfclNVQk5tdDVoRFVaZVZtd0k?oc=5"" target=""_blank"">Ruto pledges deeper Kenya-UK ties in message to new PM Andy Burnham</a>&nbsp;&nbsp;<font color=""#6f6f6f"">Citizen Digital</font>","Mon, 20 Jul 2026 18:15:57 GMT",https://news.google.com/rss/articles/CBMiqwFBVV95cUxOaWV5SUVVNXozWG45V3RJT1h2VjlyZmZzdmQ1NlppLW5fTlNRRlViSnF4X3M1QS1DbndIaG9JUV80V3UyRWhNVFpBWTlVR3dBSmNocWVDSlZ1Q1hGWXpVcWJ5ckc0VzJqOVBRZV95V1dGR1VxWEV6YzUzcU1sOVN2ejJxR05aUXVtR2J6cFJwN2szZzdSTXV4YnJfclNVQk5tdDVoRFVaZVZtd0k?oc=5,2026-07-22T08:16:41.936918+00:00
Citizen Digital (via Google News),A million people expected to welcome home Spain's World Cup champions - Citizen Digital,"<a href=""https://news.google.com/rss/articles/CBMiqwFBVV95cUxOQmZDTzhFWUR3dzdaellXR0p3elFtdnQ1cjk4NWhxc2VXQTFRcVVWUEd1QlZBYTN1WkJuQTRJOEt2UnFKWXBYTV9hQVUwWFJCcTdMaGJZU09zUDRpWmx0cEtaczdzYl9HVWRlWUpQSmpVZGs3ZGh0V0dsU3hmZFJWNHViUmVNeDdQVVJlM1BlUVc2VWU3U3lWX3Jmd0hBckFXcktaUjFzR3JhSW8?oc=5"" target=""_blank"">A million people expected to welcome home Spain's World Cup champions</a>&nbsp;&nbsp;<font color=""#6f6f6f"">Citizen Digital</font>","Mon, 20 Jul 2026 05:41:21 GMT",https://news.google.com/rss/articles/CBMiqwFBVV95cUxOQmZDTzhFWUR3dzdaellXR0p3elFtdnQ1cjk4NWhxc2VXQTFRcVVWUEd1QlZBYTN1WkJuQTRJOEt2UnFKWXBYTV9hQVUwWFJCcTdMaGJZU09zUDRpWmx0cEtaczdzYl9HVWRlWUpQSmpVZGs3ZGh0V0dsU3hmZFJWNHViUmVNeDdQVVJlM1BlUVc2VWU3U3lWX3Jmd0hBckFXcktaUjFzR3JhSW8?oc=5,2026-07-22T08:16:41.936943+00:00
Citizen Digital (via Google News),Aston Villa sign Joao Gomes from Wolves - Citizen Digital,"<a href=""https://news.google.com/rss/articles/CBMihgFBVV95cUxNUkFNLVpfdVR5d1VPZTBNaFRqMkt3Q2R6aFpMamVvLXIzbEN4R1BNNkowRXpBcy0xeTFlMWxFWVVpak4yalo5anRNVkd3c1J3SUtocTNCTlNsX05oNWdpWFBUajh2UXhIYUVVeXU0OU1YU25ua1RXNnh6U05SS1R0UjhrWDB6UQ?oc=5"" target=""_blank"">Aston Villa sign Joao Gomes from Wolves</a>&nbsp;&nbsp;<font color=""#6f6f6f"">Citizen Digital</font>","Mon, 20 Jul 2026 13:31:16 GMT",https://news.google.com/rss/articles/CBMihgFBVV95cUxNUkFNLVpfdVR5d1VPZTBNaFRqMkt3Q2R6aFpMamVvLXIzbEN4R1BNNkowRXpBcy0xeTFlMWxFWVVpak4yalo5anRNVkd3c1J3SUtocTNCTlNsX05oNWdpWFBUajh2UXhIYUVVeXU0OU1YU25ua1RXNnh6U05SS1R0UjhrWDB6UQ?oc=5,2026-07-22T08:16:41.936971+00:00
Citizen Digital (via Google News),Chile declares state of emergency over deadly rainfall - Citizen Digital,"<a href=""https://news.google.com/rss/articles/CBMimgFBVV95cUxPdHNwLU03S3RueE1VZUZacnBRV1o5MEpqRGgxZG1fclZYZ0xRR1ltRFZGVm9DTU5zVWlVV0RZckhtTml6RGhYSzJ3ZkduclFnUFdJYmlQYmRESi1WVXpnLTBRd0pvTm1KcmZtLTFLcEllNy1zNUIzYTZJZDVxZy1vMmRsQUxVYll5WGJKdVRILVhSZWNGWmxtU0dR?oc=5"" target=""_blank"">Chile declares state of emergency over deadly rainfall</a>&nbsp;&nbsp;<font color=""#6f6f6f"">Citizen Digital</font>","Tue, 21 Jul 2026 04:12:44 GMT",https://news.google.com/rss/articles/CBMimgFBVV95cUxPdHNwLU03S3RueE1VZUZacnBRV1o5MEpqRGgxZG1fclZYZ0xRR1ltRFZGVm9DTU5zVWlVV0RZckhtTml6RGhYSzJ3ZkduclFnUFdJYmlQYmRESi1WVXpnLTBRd0pvTm1KcmZtLTFLcEllNy1zNUIzYTZJZDVxZy1vMmRsQUxVYll5WGJKdVRILVhSZWNGWmxtU0dR?oc=5,2026-07-22T08:16:41.936998+00:00
K24,5 small things women secretly wish their boyfriends would do on Girlfriend’s Day,"National Girlfriend&#8217;s Day, celebrated every August 1, is not about competing with couples on social media or spending","Wed, 22 Jul 2026 07:39:14 +0000",https://k24.digital/lifestyle/love-and-relationships/5-small-things-women-secretly-wish-their-boyfriends-would-do-on-girlfriends-day,2026-07-22T08:16:44.859607+00:00
K24,"Highskul Moto: Inside Jaymohdecin’s film exploring school-burning crisis, boarding chaos","Setting aside his usual comedy skits, Jaymohdecin takes a bold step into short filmmaking with HIGHSKUL MOTO, a","Wed, 22 Jul 2026 07:38:47 +0000",https://k24.digital/entertainment/movies/highskul-moto-inside-jaymohdecins-film-exploring-school-burning-crisis-boarding-chaos,2026-07-22T08:16:44.859657+00:00
K24,Rebel Wilson cleared in defamation case brought by actress in her own film,"Rebel Wilson has been cleared of accusations that she defamed a young Australian actress, a Sydney court has","Wed, 22 Jul 2026 07:19:37 +0000",https://k24.digital/entertainment/celebrity/rebel-wilson-cleared-in-defamation-case-brought-by-actress-in-her-own-film,2026-07-22T08:16:44.859689+00:00
K24,World Cup fatigue and injuries hit Arsenal harder than most EPL rivals,"Arsenal, Aston Villa, and Manchester United have been ranked among Premier League clubs mostly impacted by injuries and","Wed, 22 Jul 2026 06:57:18 +0000",https://k24.digital/sports/epl/world-cup-fatigue-and-injuries-hit-arsenal-harder-than-most-epl-rivals,2026-07-22T08:16:44.859720+00:00
K24,Michelin-starred restaurant owner faces jail for using ants as dessert garnish,South Korean prosecutors sought a one-year jail term for the owner of a Michelin-starred restaurant accused of using,"Wed, 22 Jul 2026 06:48:14 +0000",https://k24.digital/food-and-culinary/michelin-starred-restaurant-owner-faces-jail-for-using-ants-as-dessert-garnish,2026-07-22T08:16:44.859750+00:00
K24,Manchester United face fans’ uproar over season-ticket restrictions,Manchester United fans have reacted with fury after&#160;&#8220;thousands&#8221; had their season-ticket accounts restricted. The action follows an attempt,"Wed, 22 Jul 2026 06:26:11 +0000",https://k24.digital/sports/epl/manchester-united-face-fans-uproar-over-season-ticket-restrictions,2026-07-22T08:16:44.859779+00:00
K24,How your office chair could be undoing all your gym efforts,Many people believe that exercising before or after work is enough to stay healthy. While regular workouts are,"Wed, 22 Jul 2026 06:23:17 +0000",https://k24.digital/lifestyle/health-and-fitness/how-your-office-chair-could-be-undoing-all-your-gym-efforts,2026-07-22T08:16:44.859816+00:00
K24,Grammy-winning artiste Chance the Rapper visits Kenya,"Grammy-winning artiste Chance the Rapper is in Kenya enjoying a family vacation, with the award-winning musician giving fans","Wed, 22 Jul 2026 05:56:53 +0000",https://k24.digital/entertainment/celebrity/grammy-winning-artiste-chance-the-rapper-visits-kenya,2026-07-22T08:16:44.859846+00:00
K24,Inside Chelsea and Xabi Alonso’s 6-match preseason schedule ahead of 2026/27 season,"With a month to the Premier League return for the 2026/27 season, English Premier League sides are busy","Wed, 22 Jul 2026 05:49:23 +0000",https://k24.digital/sports/epl/inside-chelsea-and-xabi-alonsos-6-match-preseason-schedule-ahead-of-2026-27-season,2026-07-22T08:16:44.859874+00:00
K24,Fally Ipupa confirms Kenyan show in September 2026,Congolese music superstar Fally Ipupa has officially confirmed that he will return to Kenya for a major concert,"Wed, 22 Jul 2026 05:38:45 +0000",https://k24.digital/entertainment/celebrity/fally-ipupa-confirms-kenyan-show-in-september-2026,2026-07-22T08:16:44.859904+00:00
K24,Man United defender Martinez addresses injury fears after World Cup heartbreak,"Argentine centre-back Lisandro Martínez has broken his silence on the injury suffered during the 2026 World Cup finals,","Wed, 22 Jul 2026 05:18:31 +0000",https://k24.digital/sports/epl/man-united-defender-martinez-addresses-injury-fears-after-world-cup-heartbreak,2026-07-22T08:16:44.859933+00:00
K24,King Kalala warns trolls after surprise pregnancy announcement,"Content creator and influencer Prudence Tonui, popularly known as King Kalala, has issued a playful warning to online","Wed, 22 Jul 2026 05:10:59 +0000",https://k24.digital/entertainment/celebrity/king-kalala-warns-trolls-after-surprise-pregnancy-announcement,2026-07-22T08:16:44.859961+00:00
K24,France becomes first EU country to ban social media access for under-15s,"France’s parliament has approved a bill banning social media access for children under 15, making it the first","Wed, 22 Jul 2026 04:48:50 +0000",https://k24.digital/lifestyle/technology/france-becomes-first-eu-country-to-ban-social-media-access-for-under-15s,2026-07-22T08:16:44.859992+00:00
K24,5 things to consider when choosing a house help,Choosing a house help is one of the biggest decisions many families make. This is someone who may,"Wed, 22 Jul 2026 04:24:45 +0000",https://k24.digital/lifestyle/home-and-living/5-things-to-consider-when-choosing-a-house-help,2026-07-22T08:16:44.860020+00:00
K24,Chelsea sign Morgan Rogers in record-breaking deal,"Chelsea Football Club has announced the signing of Morgan Rogers, who has joined the club ahead of the","Wed, 22 Jul 2026 04:10:49 +0000",https://k24.digital/sports/epl/chelsea-sign-morgan-rogers-in-record-breaking-deal,2026-07-22T08:16:44.860048+00:00
K24,YouTube star MrBeast weds girlfriend Thea Booysen in intimate island ceremony,"YouTube superstar MrBeast has married his longtime girlfriend, Thea Booysen, in an intimate island ceremony surrounded by close","Wed, 22 Jul 2026 04:02:32 +0000",https://k24.digital/entertainment/celebrity/youtube-star-mrbeast-weds-girlfriend-thea-booysen-in-intimate-island-ceremony,2026-07-22T08:16:44.860076+00:00
K24,Godzilla vs Kong actress Kaylee Hottle dies in a crash,"US actress Kaylee Hottle, who starred in the Godzilla vs Kong movie series, has died in a car","Wed, 22 Jul 2026 03:29:58 +0000",https://k24.digital/entertainment/celebrity/godzilla-vs-kong-actress-kaylee-hottle-dies-in-a-crash,2026-07-22T08:16:44.860106+00:00
K24,"Tokyo urges men to wear shorts to work, but women say it’s leg hair harassment","As temperatures rise this summer, Japanese men are baring more leg at work than ever before. The Tokyo","Tue, 21 Jul 2026 23:03:06 +0000",https://k24.digital/entertainment/tokyo-urges-men-to-wear-shorts-to-work-but-women-say-its-leg-hair-harassment,2026-07-22T08:16:44.860135+00:00
K24,Peripartum cardiomyopathy: When pregnancy breaks the heart,"A little-understood condition is weakening and killing mothers across Africa during and after childbirth. In Kenya, many of","Tue, 21 Jul 2026 22:49:43 +0000",https://k24.digital/lifestyle/health-and-fitness/peripartum-cardiomyopathy-when-pregnancy-breaks-the-heart,2026-07-22T08:16:44.860162+00:00
K24,Five common misconceptions about tetanus,"Tetanus is a serious illness contracted through exposure to the spores of the bacterium,&#160;Clostridium tetani, which live in","Tue, 21 Jul 2026 22:27:56 +0000",https://k24.digital/lifestyle/health-and-fitness/five-common-misconceptions-about-tetanus,2026-07-22T08:16:44.860192+00:00
K24,How to remove carpet odours without buying expensive products,"A carpet can make a home feel warm, comfortable and inviting; however, over time it can also trap","Tue, 21 Jul 2026 21:45:21 +0000",https://k24.digital/lifestyle/home-and-living/how-to-remove-carpet-odours-without-buying-expensive-products,2026-07-22T08:16:44.860221+00:00
K24,How to wash knitted sweaters without ruining them,A good knitted sweater is more than just a cold-weather essential; it is an investment in comfort and,"Tue, 21 Jul 2026 21:06:08 +0000",https://k24.digital/lifestyle/life-hacks/how-to-wash-knitted-sweaters-without-ruining-them,2026-07-22T08:16:44.860249+00:00
K24,Simple ways to make your house feel more like home,"A house provides shelter, but a home is a place where people feel comfortable, safe and connected. Creating","Tue, 21 Jul 2026 20:44:30 +0000",https://k24.digital/lifestyle/home-and-living/simple-ways-to-make-your-house-feel-more-like-home,2026-07-22T08:16:44.860287+00:00
K24,7 Practical ways to leave work at work,"For many people, the workday does not end when they leave the office or log off their computer.","Tue, 21 Jul 2026 20:32:31 +0000",https://k24.digital/lifestyle/mental-wellnes/7-practical-ways-to-leave-work-at-work,2026-07-22T08:16:44.860316+00:00
K24,Simple ways to stay connected with friends despite busy schedules,"As work demands, family responsibilities and personal commitments increase, many people find it harder to stay in touch","Tue, 21 Jul 2026 20:03:34 +0000",https://k24.digital/lifestyle/love-and-relationships/simple-ways-to-stay-connected-with-friends-despite-busy-schedules,2026-07-22T08:16:44.860353+00:00
K24,The history of pasta and how it became a global favourite,Pasta is one of the world&#8217;s most popular comfort foods. From simple spaghetti and macaroni to lasagna and,"Tue, 21 Jul 2026 19:43:09 +0000",https://k24.digital/lifestyle/food-and-culinary/the-history-of-pasta-and-how-it-became-a-global-favourite,2026-07-22T08:16:44.860386+00:00
K24,The explosion is what I remember: Man nearly sucked out of Ryanair plane recounts ordeal,It is the explosion just before he was nearly sucked out of the aircraft that Ljubisa Karović remembers.,"Tue, 21 Jul 2026 19:23:50 +0000",https://k24.digital/news/the-explosion-is-what-i-remember-man-nearly-sucked-out-of-ryanair-plane-recounts-ordeal,2026-07-22T08:16:44.860407+00:00
K24,Skilled workforce key to fast-tracking Kamariny Stadium construction,"The construction of the proposed Kamariny Stadium in Elgeyo Marakwet County continues to gather momentum, with local skilled","Tue, 21 Jul 2026 19:14:07 +0000",https://k24.digital/sports/skilled-workforce-key-to-fast-tracking-kamariny-stadium-construction,2026-07-22T08:16:44.860445+00:00
K24,World Cup: Enzo Fernandez defends Argentina after final red card and post-match chaos,"Midfielder Enzo Fernandez has claimed Argentina represented their nation &#8220;in the best possible way&#8221; during the World Cup,","Tue, 21 Jul 2026 18:23:32 +0000",https://k24.digital/sports/world-cup/world-cup-enzo-fernandez-defends-argentina-after-final-red-card-and-post-match-chaos,2026-07-22T08:16:44.860479+00:00
K24,Anthony Taylor’s retirement: Top controversies of EPL ref and why Chelsea fans are happy with his exit,"One of the Premier League&#8217;s most outstanding referees, Anthony Taylor, has announced his retirement following the conclusion of","Tue, 21 Jul 2026 18:02:52 +0000",https://k24.digital/sports/epl/anthony-taylors-retirement-top-controversies-of-epl-ref-and-why-chelsea-fans-are-happy-with-his-exit,2026-07-22T08:16:44.860499+00:00
KBC,"CDC calls for urgent action as Ebola cases top 2,400 in DR Congo","<p>The Africa Centers for Disease Control and Prevention (Africa CDC) Director General encouraged urgent action Tuesday to contain the escalating Ebola outbreak in the Democratic Republic of Congo, warning that if countries &#8220;don&#8217;t stop the virus now it will become the worst outbreak the world has ever documented.&#8221; “The Ebola outbreak is escalating at an [&#8230;]</p>
<p>The post <a href=""https://www.kbc.co.ke/cdc-calls-for-urgent-action-as-ebola-cases-top-2400-in-dr-congo/"">CDC calls for urgent action as Ebola cases top 2,400 in DR Congo</a> appeared first on <a href=""https://www.kbc.co.ke"">KBC Digital</a>.</p>","Wed, 22 Jul 2026 07:30:04 +0000",https://www.kbc.co.ke/cdc-calls-for-urgent-action-as-ebola-cases-top-2400-in-dr-congo/,2026-07-22T08:16:48.586901+00:00
KBC,"Carney to intensify trade talks with Trump, warns all options on table","<p>Canadian Prime Minister Mark Carney said he and US President Donald Trump agreed to intensify trade negotiations after speaking on Tuesday, but warned he would consider all ‌options if the tariffs Trump threatened go ahead. Trump on Monday unveiled plans for 50% tariffs on a wide range of imports from Canada in retaliation to what [&#8230;]</p>
<p>The post <a href=""https://www.kbc.co.ke/carney-to-intensify-trade-talks-with-trump-warns-all-options-on-table/"">Carney to intensify trade talks with Trump, warns all options on table</a> appeared first on <a href=""https://www.kbc.co.ke"">KBC Digital</a>.</p>","Wed, 22 Jul 2026 07:01:50 +0000",https://www.kbc.co.ke/carney-to-intensify-trade-talks-with-trump-warns-all-options-on-table/,2026-07-22T08:16:48.586932+00:00
KBC,France passes law banning under-15s from social media,"<p>France&#8217;s parliament has approved a law to ban social media for under-15s from January 2027, making it the first European country to block young people from the platforms. The law will mean everyone in France must verify their age to access social media and comes as the UK and EU are developing their own limits [&#8230;]</p>
<p>The post <a href=""https://www.kbc.co.ke/france-passes-law-banning-under-15s-from-social-media/"">France passes law banning under-15s from social media</a> appeared first on <a href=""https://www.kbc.co.ke"">KBC Digital</a>.</p>","Wed, 22 Jul 2026 06:56:13 +0000",https://www.kbc.co.ke/france-passes-law-banning-under-15s-from-social-media/,2026-07-22T08:16:48.586945+00:00
KBC,"EACC arrests Kangema magistrate, probation officer for bribery","<p>The arrest followed a complaint lodged by a businessman from Murang'a County</p>
<p>The post <a href=""https://www.kbc.co.ke/eacc-arrests-kangema-magistrate-probation-officer-for-bribery/"">EACC arrests Kangema magistrate, probation officer for bribery</a> appeared first on <a href=""https://www.kbc.co.ke"">KBC Digital</a>.</p>","Wed, 22 Jul 2026 06:44:51 +0000",https://www.kbc.co.ke/eacc-arrests-kangema-magistrate-probation-officer-for-bribery/,2026-07-22T08:16:48.586956+00:00
KBC,"African leaders launch health financing dashboard, urge increased investment","<p>African leaders have been urged to strengthen domestic health financing, improve accountability and embrace strategic innovation to build resilient and sustainable healthcare systems across the continent. The call emerged during a High-Level Interactive Policy Dialogue convened by the African Renaissance Trust in partnership with the Jakaya Mrisho Kikwete Foundation (JMKF), under the theme &#8220;Advancing Africa&#8217;s [&#8230;]</p>
<p>The post <a href=""https://www.kbc.co.ke/african-leaders-launch-health-financing-dashboard-urge-increased-investment/"">African leaders launch health financing dashboard, urge increased investment</a> appeared first on <a href=""https://www.kbc.co.ke"">KBC Digital</a>.</p>","Wed, 22 Jul 2026 06:24:51 +0000",https://www.kbc.co.ke/african-leaders-launch-health-financing-dashboard-urge-increased-investment/,2026-07-22T08:16:48.586967+00:00
KBC,Fired caretaker kills two casual workers at Kiambu estate,"<p>The suspect, identified as Moses Kigera, fled the scene after the attack.</p>
<p>The post <a href=""https://www.kbc.co.ke/fired-caretaker-kills-two-casual-workers-at-kiambu-estate/"">Fired caretaker kills two casual workers at Kiambu estate</a> appeared first on <a href=""https://www.kbc.co.ke"">KBC Digital</a>.</p>","Wed, 22 Jul 2026 06:13:50 +0000",https://www.kbc.co.ke/fired-caretaker-kills-two-casual-workers-at-kiambu-estate/,2026-07-22T08:16:48.586978+00:00
KBC,How China’s AI innovation could inspire elderly care in Kenya,"<p>China has developed the Cloud Guardian Home Safety Service, an AI-powered monitoring system designed for vulnerable and elderly people.</p>
<p>The post <a href=""https://www.kbc.co.ke/how-chinas-ai-revolution-could-inspire-elderly-care-in-kenya/"">How China&#8217;s AI innovation could inspire elderly care in Kenya</a> appeared first on <a href=""https://www.kbc.co.ke"">KBC Digital</a>.</p>","Wed, 22 Jul 2026 05:45:57 +0000",https://www.kbc.co.ke/how-chinas-ai-revolution-could-inspire-elderly-care-in-kenya/,2026-07-22T08:16:48.586989+00:00
KBC,Senator Methu claims recent intense by-election campaign led to weight loss,"<p>“Every crown comes at a price. 12 kilos down.” - Methu</p>
<p>The post <a href=""https://www.kbc.co.ke/senator-methu-claims-recent-intense-by-election-campaign-led-to-weight-loss/"">Senator Methu claims recent intense by-election campaign led to weight loss</a> appeared first on <a href=""https://www.kbc.co.ke"">KBC Digital</a>.</p>","Wed, 22 Jul 2026 05:45:56 +0000",https://www.kbc.co.ke/senator-methu-claims-recent-intense-by-election-campaign-led-to-weight-loss/,2026-07-22T08:16:48.587000+00:00
KBC,Godzilla vs Kong actress Kaylee Hottle dies in crash at 18,"<p>Hottle, who was deaf, portrayed a young orphan named Jia in the 2021 blockbuster, and reprised the role in the 2024 sequel ‘Godzilla x Kong: The New Empire’.</p>
<p>The post <a href=""https://www.kbc.co.ke/godzilla-vs-kong-actress-kaylee-hottle-dies-in-crash-at-18/"">Godzilla vs Kong actress Kaylee Hottle dies in crash at 18</a> appeared first on <a href=""https://www.kbc.co.ke"">KBC Digital</a>.</p>","Wed, 22 Jul 2026 04:59:52 +0000",https://www.kbc.co.ke/godzilla-vs-kong-actress-kaylee-hottle-dies-in-crash-at-18/,2026-07-22T08:16:48.587011+00:00
KBC,Albert Ojwang murder trial continues,"<p>Justice Kavedza, during plea taking, indicated her intention to conclude the trial within six months.</p>
<p>The post <a href=""https://www.kbc.co.ke/albert-ojwang-murder-trial-continues/"">Albert Ojwang murder trial continues</a> appeared first on <a href=""https://www.kbc.co.ke"">KBC Digital</a>.</p>","Wed, 22 Jul 2026 04:29:55 +0000",https://www.kbc.co.ke/albert-ojwang-murder-trial-continues/,2026-07-22T08:16:48.587021+00:00
Kenya News Agency,Water hyacinth offers livelihoods to lake communities despite health risks,"Along the shores of Lake Victoria in Kochia, Homa Bay County, the water appears calm, its surface blanketed by thick mats of water hyacinth. To many outsiders, the invasive weed symbolizes environmental degradation. But to the communities living along the lake, it represents something far more complex — a source of livelihood that is increasingly...","Wed, 22 Jul 2026 08:16:28 +0000",https://www.kenyanews.go.ke/water-hyacinth-offers-livelihoods-to-lake-communities-despite-health-risks/,2026-07-22T08:16:51.817122+00:00
Kenya News Agency,Judiciary urge lawyers to drop planned court boycott,"The Kenya Magistrates and Judges Association (KMJA) has urged the Law Society of Kenya (LSK) to reconsider its proposed nationwide and targeted boycott of court proceedings, warning that the move would primarily hurt litigants and undermine access to justice. In a press statement signed by KMJA President, Justice Peter Mulwa, the Association reaffirmed its commitment...","Wed, 22 Jul 2026 08:13:57 +0000",https://www.kenyanews.go.ke/judiciary-urge-lawyers-to-drop-planned-court-boycott/,2026-07-22T08:16:51.817163+00:00
Kenya News Agency,Council of elders want action taken against goons,"Members of the Luo Council of Elders have called on political leaders from the community, to take drastic measures to tame the escalating culture of goonism. The elders asserted that the youths must be engaged constructively to avert chaos during public gatherings. The council expressed concerns over the growing trend, in which hired youths disrupt...","Wed, 22 Jul 2026 08:12:15 +0000",https://www.kenyanews.go.ke/council-of-elders-want-action-taken-against-goons/,2026-07-22T08:16:51.817190+00:00
Kenya News Agency,"6,000 farmers get subsidised fertilizer in Vihiga","Hundreds of smallholder farmers across Vihiga and neighboring Nandi counties are benefiting from the ongoing Presidential Fertilizer Subsidy Programme at the National Cereals and Produce Board (NCPB) Hamisi Depot, Vihiga County, following a steady supply of planting and top-dressing fertilizers for the short rains cropping season. National Cereals and Produce Board Hamisi Depot Manager Dorothy...","Wed, 22 Jul 2026 07:51:51 +0000",https://www.kenyanews.go.ke/6000-farmers-get-subsidised-fertilizer-in-vihiga/,2026-07-22T08:16:51.817210+00:00
Standard - Headlines,"Kangema magistrate, probation officer arrested with Sh150,000 bribe","Senior Principal Magistrate Martin Kinyua Mutegi and Probation Officer Julius Irungu were arrested on Tuesday evening at a restaurant within Kangema Township with a Sh150,000 bribe.","Wed, 22 Jul 2026 10:15:54 +0300",https://www.standardmedia.co.ke/article/2001553434/kangema-magistrate-probation-officer-arrested-with-sh150-000-bribe,2026-07-22T08:21:31.678948+00:00
Standard - Headlines,Charles Owino appointed as Government Spokesperson,"Owino, a former Police Spokesperson, has been appointed the new Government Spokesperson, taking over from Mwaura.","Tue, 21 Jul 2026 19:14:27 +0300",https://www.standardmedia.co.ke/article/2001553410/charles-owino-appointed-as-government-spokesperson,2026-07-22T08:21:31.679032+00:00
Standard - Headlines,"As repression soars, East Africans are finding fragile refuge in Nairobi","Tanzania&#039;s security forces unleashed a ruthless crackdown on protests sparked by alleged rigging of the vote, with rights groups and the opposition saying thousands were killed.","Mon, 20 Jul 2026 14:05:00 +0300",https://www.standardmedia.co.ke/article/2001553281/as-repression-soars-east-africans-are-finding-fragile-refuge-in-nairobi,2026-07-22T08:21:31.679061+00:00
Capital FM Kenya,China Pledges Deeper Security Cooperation With Kenya as Global Tensions Rise,"Chinese Ambassador to Kenya Guo Haiyan said Beijing was ready to expand cooperation with Kenya in peacekeeping, counter-terrorism, maritime security, emergency response and military exchanges.","Wed, 22 Jul 2026 06:35:13 +0000",https://capitalfm.africa/china-pledges-deeper-security-cooperation-with-kenya-as-global-tensions-rise/,2026-07-22T08:21:41.396706+00:00
Capital FM Kenya,Health Unions Begin Daily Protests as Nationwide Strike Enters Third Day,"The demonstrations, themed ""Health Workers United for Dignity, Justice &#038; Respect,"" will begin at Greenpark Terminus in Nairobi from 8:00 a.m., before proceeding to the Nairobi County Assembly and later the Council of Governors headquarters.","Wed, 22 Jul 2026 06:29:53 +0000",https://capitalfm.africa/health-unions-begin-daily-protests-as-nationwide-strike-enters-third-day/,2026-07-22T08:21:41.396765+00:00
Capital FM Kenya,Nairobi County Executive approves Phase I of Mass Rapid Transit System,Phase I will focus on two key components: the construction of an underground transit core within the Central Business District and the Eastlands Line.,"Wed, 22 Jul 2026 06:24:56 +0000",https://capitalfm.africa/nairobi-county-executive-approves-phase-i-of-mass-rapid-transit-system/,2026-07-22T08:21:41.396789+00:00
Capital FM Kenya,Linda Mwananchi campaign raises over half a million in 10 hours,"The campaign recorded an average donation of Sh55. The largest single contribution was Sh5,000, while the smallest amount received was Sh1.","Wed, 22 Jul 2026 06:11:49 +0000",https://capitalfm.africa/linda-mwananchi-campaign-raises-over-half-a-million-in-10-hours/,2026-07-22T08:21:41.396810+00:00
Capital FM Kenya,"Politicians Sponsoring Goons Risk Losing State Security, Coast Police Commander Warns",Nuno said security agencies will not continue providing taxpayer-funded protection to leaders who are found facilitating criminal activities or using hired gangs to disrupt public order.,"Wed, 22 Jul 2026 05:41:16 +0000",https://capitalfm.africa/politicians-sponsoring-goons-risk-losing-state-security-coast-police-commander-warns/,2026-07-22T08:21:41.396829+00:00
Capital FM Kenya,"Witness Says Brother Abandoned Schooling, Medical Care After Embracing Mackenzie Teachings","Julius Charo said the beliefs frequently caused conflict between his brother, Harrison, and his wife before the family relocated to Shakahola.","Wed, 22 Jul 2026 05:34:34 +0000",https://capitalfm.africa/witness-says-brother-abandoned-schooling-medical-care-after-embracing-mackenzie-teachings/,2026-07-22T08:21:41.396849+00:00
Capital FM Kenya,Nairobi-Based Lawyer Arrested Over Alleged Land Fraud Scheme,"The suspect, identified as Abdulahi Hussein, was apprehended by officers from the DCI Headquarters' Land Fraud Investigations Unit (LFIU) following investigations into a complaint lodged by the landowner.","Wed, 22 Jul 2026 05:14:41 +0000",https://capitalfm.africa/nairobi-based-lawyer-arrested-over-alleged-land-fraud-scheme/,2026-07-22T08:21:41.396869+00:00
Capital FM Kenya,Makau Mutua Congratulates Duncan Ojwang on Nomination as IPOA Chairperson,"Mutua described Ojwang as a distinguished legal scholar, saying he is well qualified to head Kenya's premier police oversight institution.","Wed, 22 Jul 2026 05:09:23 +0000",https://capitalfm.africa/makau-mutua-congratulates-duncan-ojwang-on-nomination-as-ipoa-chairperson/,2026-07-22T08:21:41.396888+00:00
Capital FM Kenya,Lawyers Nationwide to Boycott Courts Over Orders Halting JSC Probes of Judges,The boycott comes amid mounting concern within the legal fraternity over court orders that have temporarily barred the JSC from hearing and determining disciplinary cases involving judges accused of misconduct.,"Wed, 22 Jul 2026 04:48:10 +0000",https://capitalfm.africa/lawyers-nationwide-to-boycott-courts-over-orders-halting-jsc-probes-of-judges/,2026-07-22T08:21:41.396909+00:00
Capital FM Kenya,Govt Invests Sh922mn in 14 Modern Markets Across Kisumu,"KISUMU, Kenya Jul 22 &#8211; The national government is investing more than Sh922 million in the construction of 14 modern markets across Kisumu County under the Economic Stimulus Programme (ESP),&#8230;","Wed, 22 Jul 2026 04:31:55 +0000",https://capitalfm.africa/govt-invests-sh922mn-in-14-modern-markets-across-kisumu/,2026-07-22T08:21:41.396929+00:00
Kenya News Agency,Kaburwo elders’ chairman urges peaceful political campaigns,"The Chairman of the Nandi Kaburwo Council of Elders, Mzee Augustine Kisorio, has urged politicians seeking elective positions in next year’s General Election to conduct peaceful campaigns and avoid inflammatory rhetoric that could escalate political tensions and ethnic divisions. Mzee Kisorio said leaders were best placed to unite rather than divide Kenyans, warning that irresponsible...","Wed, 22 Jul 2026 08:20:47 +0000",https://www.kenyanews.go.ke/kaburwo-elders-chairman-urges-peaceful-political-campaigns/,2026-07-22T08:21:58.706897+00:00
